{"version":"0.4","title":"Become a Vendor","type":"page","content":[{"id":"23d8cc7e","settings":{"stretch_section":"section-stretched","background_background":"classic","background_image":{"id":338,"url":"http:\/\/demo2.drfuri.com\/martfury10\/wp-content\/uploads\/sites\/51\/2017\/11\/vender1.jpg"}},"elements":[{"id":"8f23d4a","settings":{"_column_size":100},"elements":[{"id":"131dab8c","settings":{"space":{"unit":"px","size":165,"sizes":[]},"space_tablet":{"unit":"px","size":100,"sizes":[]},"space_mobile":{"unit":"px","size":60,"sizes":[]}},"elements":[],"isInner":false,"widgetType":"spacer","elType":"widget"},{"id":"5bdfb7a2","settings":{"title":"Millions Of Shoppers Can\u2019t Wait To See <br>What You Have In Store","align":"center","title_color":"#ffffff","typography_typography":"custom","typography_font_family":"Work Sans","typography_font_size":{"unit":"px","size":48,"sizes":[]},"typography_font_weight":"600","typography_line_height":{"unit":"px","size":52.8,"sizes":[]},"typography_font_size_tablet":{"unit":"px","size":36,"sizes":[]},"typography_font_size_mobile":{"unit":"px","size":28,"sizes":[]},"typography_line_height_mobile":{"unit":"em","size":1.2,"sizes":[]},"text_shadow_text_shadow_type":"yes"},"elements":[],"isInner":false,"widgetType":"heading","elType":"widget"},{"id":"45c6c251","settings":{"space":{"unit":"px","size":60,"sizes":[]},"space_tablet":{"unit":"px","size":30,"sizes":[]}},"elements":[],"isInner":false,"widgetType":"spacer","elType":"widget"},{"id":"5200dd27","settings":{"text":"Start Selling","align":"center","size":"md","typography_typography":"custom","typography_font_family":"Work Sans","typography_font_size":{"unit":"px","size":24,"sizes":[]},"typography_font_weight":"600","button_text_color":"#000000","background_color":"#fcb800","border_radius":{"unit":"px","top":"0","right":"0","bottom":"0","left":"0","isLinked":true},"text_padding":{"unit":"px","top":"18","right":"40","bottom":"18","left":"40","isLinked":false},"_padding":{"unit":"px","top":"0","right":"0","bottom":"0","left":"0","isLinked":true},"typography_font_size_tablet":{"unit":"px","size":20,"sizes":[]},"text_padding_tablet":{"unit":"px","top":"13","right":"030","bottom":"013","left":"030","isLinked":false}},"elements":[],"isInner":false,"widgetType":"button","elType":"widget"},{"id":"5fa69c94","settings":{"space":{"unit":"px","size":165,"sizes":[]},"space_tablet":{"unit":"px","size":100,"sizes":[]},"space_mobile":{"unit":"px","size":60,"sizes":[]}},"elements":[],"isInner":false,"widgetType":"spacer","elType":"widget"}],"isInner":false,"elType":"column"}],"isInner":false,"elType":"section"},{"id":"42bdda62","settings":[],"elements":[{"id":"29ba6a58","settings":{"_column_size":100},"elements":[{"id":"68f89bc5","settings":{"space":{"unit":"px","size":110,"sizes":[]},"space_tablet":{"unit":"px","size":80,"sizes":[]}},"elements":[],"isInner":false,"widgetType":"spacer","elType":"widget"},{"id":"3daea8de","settings":{"title":"WHY SELL ON MARTFURY","align":"center","title_color":"#666666","typography_typography":"custom","typography_font_family":"Work Sans","typography_font_size":{"unit":"px","size":16,"sizes":[]},"typography_font_weight":"600","typography_line_height":{"unit":"px","size":"","sizes":[]}},"elements":[],"isInner":false,"widgetType":"heading","elType":"widget"},{"id":"706dad92","settings":{"space":{"unit":"px","size":32,"sizes":[]}},"elements":[],"isInner":false,"widgetType":"spacer","elType":"widget"},{"id":"567cd631","settings":{"title":"Join a marketplace where nearly 50 million buyers around <br>the world shop for unique items","align":"center","title_color":"#000000","typography_typography":"custom","typography_font_family":"Work Sans","typography_font_size":{"unit":"px","size":30,"sizes":[]},"typography_font_weight":"400","typography_line_height":{"unit":"px","size":36,"sizes":[]},"typography_font_size_tablet":{"unit":"px","size":30,"sizes":[]},"align_tablet":"center","typography_font_size_mobile":{"unit":"px","size":20,"sizes":[]}},"elements":[],"isInner":false,"widgetType":"heading","elType":"widget"},{"id":"59e36c80","settings":{"space":{"unit":"px","size":105,"sizes":[]},"space_tablet":{"unit":"px","size":70,"sizes":[]}},"elements":[],"isInner":false,"widgetType":"spacer","elType":"widget"}],"isInner":false,"elType":"column"}],"isInner":false,"elType":"section"},{"id":"67b51284","settings":{"structure":"30"},"elements":[{"id":"93a461b","settings":{"_column_size":33,"_inline_size":null},"elements":[{"id":"3f831c1f","settings":{"type":"image","image":{"url":"http:\/\/demo2.drfuri.com\/martfury10\/wp-content\/uploads\/sites\/51\/2017\/11\/icon-box-1.png","id":328},"image_size":"full","title":"Low Fees","desc":"It doesn\u2019t take much to list your items <br> and once you make a sale, Martfury\u2019s <br>transaction fee is just 2.5%.","link_text":"Learn More","icon_position":"center","icon_spacing":{"unit":"px","size":30,"sizes":[]},"title_typography_typography":"custom","title_typography_font_size":{"unit":"px","size":24,"sizes":[]},"title_space":{"unit":"px","size":15,"sizes":[]},"desc_typography_typography":"custom","desc_typography_font_size":{"unit":"px","size":16,"sizes":[]},"icon_height":{"unit":"px","size":130,"sizes":[]}},"elements":[],"isInner":false,"widgetType":"mf-elementor-icon-box","elType":"widget"},{"id":"27358c36","settings":{"space":{"unit":"px","size":30,"sizes":[]},"space_tablet":{"unit":"px","size":70,"sizes":[]}},"elements":[],"isInner":false,"widgetType":"spacer","elType":"widget"}],"isInner":false,"elType":"column"},{"id":"5554c30e","settings":{"_column_size":33,"_inline_size":null},"elements":[{"id":"4491e305","settings":{"type":"image","image":{"url":"http:\/\/demo2.drfuri.com\/martfury10\/wp-content\/uploads\/sites\/51\/2017\/11\/icon-box-2.png","id":329},"image_size":"full","title":"Powerful Tools","desc":"Our tools and services make it easy<br>\nto manage, promote and grow your<br>\nbusiness.","link_text":"Learn More","icon_position":"center","icon_spacing":{"unit":"px","size":30,"sizes":[]},"title_typography_typography":"custom","title_typography_font_size":{"unit":"px","size":24,"sizes":[]},"title_space":{"unit":"px","size":15,"sizes":[]},"desc_typography_typography":"custom","desc_typography_font_size":{"unit":"px","size":16,"sizes":[]}},"elements":[],"isInner":false,"widgetType":"mf-elementor-icon-box","elType":"widget"},{"id":"4011c7fd","settings":{"space":{"unit":"px","size":30,"sizes":[]},"space_tablet":{"unit":"px","size":70,"sizes":[]}},"elements":[],"isInner":false,"widgetType":"spacer","elType":"widget"}],"isInner":false,"elType":"column"},{"id":"554a0098","settings":{"_column_size":33,"_inline_size":null},"elements":[{"id":"4c4a4c5a","settings":{"type":"image","image":{"url":"http:\/\/demo2.drfuri.com\/martfury10\/wp-content\/uploads\/sites\/51\/2017\/11\/icon-box-3.png","id":330},"image_size":"full","title":"Support 24\/7","desc":"Our tools and services make it easy<br>\nto manage, promote and grow your<br>\nbusiness.","link_text":"Learn More","icon_position":"center","icon_spacing":{"unit":"px","size":30,"sizes":[]},"title_typography_typography":"custom","title_typography_font_size":{"unit":"px","size":24,"sizes":[]},"title_space":{"unit":"px","size":15,"sizes":[]},"desc_typography_typography":"custom","desc_typography_font_size":{"unit":"px","size":16,"sizes":[]}},"elements":[],"isInner":false,"widgetType":"mf-elementor-icon-box","elType":"widget"},{"id":"cb4372b","settings":{"space":{"unit":"px","size":30,"sizes":[]},"space_tablet":{"unit":"px","size":70,"sizes":[]}},"elements":[],"isInner":false,"widgetType":"spacer","elType":"widget"}],"isInner":false,"elType":"column"}],"isInner":false,"elType":"section"},{"id":"1c78dae4","settings":[],"elements":[{"id":"179e011b","settings":{"_column_size":100},"elements":[{"id":"4b34dcb4","settings":{"space":{"unit":"px","size":95,"sizes":[]},"space_tablet":{"unit":"px","size":70,"sizes":[]},"space_mobile":{"unit":"px","size":10,"sizes":[]}},"elements":[],"isInner":false,"widgetType":"spacer","elType":"widget"}],"isInner":false,"elType":"column"}],"isInner":false,"elType":"section"},{"id":"77fbbd83","settings":{"stretch_section":"section-stretched","background_background":"classic","background_color":"#f6f6f6"},"elements":[{"id":"405bb076","settings":{"_column_size":100},"elements":[{"id":"1190bc34","settings":{"space":{"unit":"px","size":100,"sizes":[]}},"elements":[],"isInner":false,"widgetType":"spacer","elType":"widget"},{"id":"7a646058","settings":{"process_settings":[{"image":{"id":333,"url":"http:\/\/demo2.drfuri.com\/martfury10\/wp-content\/uploads\/sites\/51\/2017\/11\/process-1.png"},"image_size":"full","image_custom_dimension":{"width":"","height":""},"title":"Register and list your products","desc":"<ul class=\"mf-list\"><li>Register your business for free and create a product catalogue. Get free training on how to run your online business<\/li><li>Our Martfury Advisors will help you at every step and fully assist you in taking your business online<\/li><\/ul>","_id":"a838cc0"},{"image":{"id":334,"url":"http:\/\/demo2.drfuri.com\/martfury10\/wp-content\/uploads\/sites\/51\/2017\/11\/process-2.png"},"image_size":"full","image_custom_dimension":{"width":"","height":""},"title":"Receive orders and sell your product","desc":"<ul class=\"mf-list\"><li>Register your business for free and create a product catalogue. Get free training on how to run your online business<\/li><li>Our Martfury Advisors will help you at every step and fully assist you in taking your business online<\/li><\/ul>","_id":"6f2b408"},{"image":{"id":335,"url":"http:\/\/demo2.drfuri.com\/martfury10\/wp-content\/uploads\/sites\/51\/2017\/11\/process-3.png"},"image_size":"full","image_custom_dimension":{"width":"","height":""},"title":"Package and ship with ease","desc":"<ul class=\"mf-list\"><li>Register your business for free and create a product catalogue. Get free training on how to run your online business<\/li><li>Our Martfury Advisors will help you at every step and fully assist you in taking your business online<\/li><\/ul>","_id":"c37bbc0"},{"image":{"id":336,"url":"http:\/\/demo2.drfuri.com\/martfury10\/wp-content\/uploads\/sites\/51\/2017\/11\/process-4.png"},"image_size":"full","image_custom_dimension":{"width":"","height":""},"title":"Get payments and grow your business","desc":"<ul class=\"mf-list\"><li>Register your business for free and create a product catalogue. Get free training on how to run your online business<\/li><li>Our Martfury Advisors will help you at every step and fully assist you in taking your business online<\/li><\/ul>","_id":"91edd87"}]},"elements":[],"isInner":false,"widgetType":"martfury-process","elType":"widget"},{"id":"1fd43343","settings":{"space_tablet":{"unit":"px","size":10,"sizes":[]},"space_mobile":{"unit":"px","size":10,"sizes":[]}},"elements":[],"isInner":false,"widgetType":"spacer","elType":"widget"}],"isInner":false,"elType":"column"}],"isInner":false,"elType":"section"},{"id":"2116f5c6","settings":[],"elements":[{"id":"2ba4d1bf","settings":{"_column_size":100},"elements":[{"id":"ed62b4b","settings":{"space":{"unit":"px","size":110,"sizes":[]},"space_tablet":{"unit":"px","size":80,"sizes":[]}},"elements":[],"isInner":false,"widgetType":"spacer","elType":"widget"},{"id":"2726c140","settings":{"title":"BEST FEES TO START","align":"center","title_color":"#666666","typography_typography":"custom","typography_font_family":"Work Sans","typography_font_size":{"unit":"px","size":16,"sizes":[]},"typography_font_weight":"600","typography_line_height":{"unit":"px","size":"","sizes":[]}},"elements":[],"isInner":false,"widgetType":"heading","elType":"widget"},{"id":"bf6101d","settings":{"space":{"unit":"px","size":33,"sizes":[]}},"elements":[],"isInner":false,"widgetType":"spacer","elType":"widget"},{"id":"16b17150","settings":{"title":"Affordable, transparent, and secure","align":"center","title_color":"#000000","typography_typography":"custom","typography_font_family":"Work Sans","typography_font_size":{"unit":"px","size":30,"sizes":[]},"typography_font_weight":"400","typography_line_height":{"unit":"px","size":36,"sizes":[]},"typography_font_size_mobile":{"unit":"px","size":24,"sizes":[]},"typography_line_height_mobile":{"unit":"em","size":1,"sizes":[]},"text_shadow_text_shadow_type":"yes","text_shadow_text_shadow":{"horizontal":0,"vertical":0,"blur":0,"color":"rgba(0,0,0,0.3)"}},"elements":[],"isInner":false,"widgetType":"heading","elType":"widget"},{"id":"29949843","settings":{"space":{"unit":"px","size":60,"sizes":[]},"space_tablet":{"unit":"px","size":50,"sizes":[]}},"elements":[],"isInner":false,"widgetType":"spacer","elType":"widget"},{"id":"27d7f07b","settings":{"editor":"It doesn\u2019t cost a thing to list up to 50 items a month, and you only pay after your stuff sells.<br>\nIt\u2019s just a small percent of the money you earn","align":"center","typography_typography":"custom","typography_font_size":{"unit":"px","size":18,"sizes":[]},"typography_letter_spacing":{"unit":"px","size":-1,"sizes":[]},"typography_font_size_mobile":{"unit":"px","size":15,"sizes":[]}},"elements":[],"isInner":false,"widgetType":"text-editor","elType":"widget"},{"id":"338eb598","settings":[],"elements":[],"isInner":false,"widgetType":"spacer","elType":"widget"}],"isInner":false,"elType":"column"}],"isInner":false,"elType":"section"},{"id":"34aba235","settings":{"structure":"33"},"elements":[{"id":"23c68220","settings":{"_column_size":25,"_inline_size":null,"_inline_size_tablet":10},"elements":[],"isInner":false,"elType":"column"},{"id":"6ff26430","settings":{"_column_size":50,"_inline_size":null,"_inline_size_tablet":80},"elements":[{"id":"61e11ae8","settings":{"structure":"20"},"elements":[{"id":"39918e0a","settings":{"_column_size":50,"_inline_size":null},"elements":[{"id":"3b429b21","settings":{"value":"$0","title":"Listing Fee"},"elements":[],"isInner":false,"widgetType":"martfury-bubbles","elType":"widget"},{"id":"1f102fae","settings":{"space":{"unit":"px","size":30,"sizes":[]}},"elements":[],"isInner":false,"widgetType":"spacer","elType":"widget"}],"isInner":true,"elType":"column"},{"id":"29269fd9","settings":{"_column_size":50,"_inline_size":null},"elements":[{"id":"622f8dfa","settings":{"value":"5%","title":"Final Value Fee"},"elements":[],"isInner":false,"widgetType":"martfury-bubbles","elType":"widget"},{"id":"697c25bd","settings":{"space":{"unit":"px","size":30,"sizes":[]}},"elements":[],"isInner":false,"widgetType":"spacer","elType":"widget"}],"isInner":true,"elType":"column"}],"isInner":true,"elType":"section"}],"isInner":false,"elType":"column"},{"id":"4f8ec40f","settings":{"_column_size":25,"_inline_size":null,"_inline_size_tablet":10},"elements":[],"isInner":false,"elType":"column"}],"isInner":false,"elType":"section"},{"id":"403b4d0","settings":{"structure":"33"},"elements":[{"id":"17d45593","settings":{"_column_size":25,"_inline_size":null,"_inline_size_tablet":10},"elements":[],"isInner":false,"elType":"column"},{"id":"27fbabb2","settings":{"_column_size":50,"_inline_size":null,"_inline_size_tablet":80},"elements":[{"id":"7ed71f6f","settings":{"space":{"unit":"px","size":36,"sizes":[]}},"elements":[],"isInner":false,"widgetType":"spacer","elType":"widget"},{"id":"5fa5209e","settings":{"title":"Here's what you get for your fee:","header_size":"h3","align":"center","title_color":"#000000","typography_typography":"custom","typography_font_family":"Work Sans","typography_font_size":{"unit":"px","size":18,"sizes":[]},"typography_font_weight":"600"},"elements":[],"isInner":false,"widgetType":"heading","elType":"widget"},{"id":"6b910181","settings":{"space":{"unit":"px","size":45,"sizes":[]},"space_tablet":{"unit":"px","size":30,"sizes":[]}},"elements":[],"isInner":false,"widgetType":"spacer","elType":"widget"},{"id":"17fe1c87","settings":{"editor":"<ul class=\"mf-list\">\n<li>A worldwide community of more than 160 million shoppers.<\/li>\n<li>Shipping labels you can print at home, with big discounts on postage.<\/li>\n<li>Seller protection and customer support to help you sell your stuff.<\/li>\n<\/ul>"},"elements":[],"isInner":false,"widgetType":"text-editor","elType":"widget"},{"id":"624bca65","settings":{"space":{"unit":"px","size":54,"sizes":[]}},"elements":[],"isInner":false,"widgetType":"spacer","elType":"widget"}],"isInner":false,"elType":"column"},{"id":"5f89ce24","settings":{"_column_size":25,"_inline_size":null,"_inline_size_tablet":10},"elements":[],"isInner":false,"elType":"column"}],"isInner":false,"elType":"section"},{"id":"21655317","settings":{"structure":"34"},"elements":[{"id":"10497361","settings":{"_column_size":16,"_inline_size":null,"_inline_size_tablet":10},"elements":[],"isInner":false,"elType":"column"},{"id":"1e3c1eb3","settings":{"_column_size":66,"_inline_size":null,"content_position":"center","_inline_size_tablet":80},"elements":[{"id":"62a7ec2a","settings":{"structure":"21","content_position":"middle","background_background":"classic","background_color":"#f6f6f6","padding":{"unit":"px","top":"0","right":"45","bottom":"0","left":"0","isLinked":false},"padding_mobile":{"unit":"px","top":"0","right":"0","bottom":"20","left":"0","isLinked":false}},"elements":[{"id":"19ebac18","settings":{"_column_size":33,"_inline_size":null},"elements":[{"id":"7fa8c1b7","settings":{"space":{"unit":"px","size":45,"sizes":[]}},"elements":[],"isInner":false,"widgetType":"spacer","elType":"widget"},{"id":"1580d8c","settings":{"image":{"id":337,"url":"http:\/\/demo2.drfuri.com\/martfury10\/wp-content\/uploads\/sites\/51\/2017\/11\/vender2.png"},"image_size":"full"},"elements":[],"isInner":false,"widgetType":"image","elType":"widget"}],"isInner":true,"elType":"column"},{"id":"552a9a71","settings":{"_column_size":66,"_inline_size":null,"padding_mobile":{"unit":"px","top":"0","right":"30","bottom":"0","left":"30","isLinked":false}},"elements":[{"id":"562da5f1","settings":{"space":{"unit":"px","size":45,"sizes":[]},"space_mobile":{"unit":"px","size":0,"sizes":[]}},"elements":[],"isInner":false,"widgetType":"spacer","elType":"widget"},{"id":"632581f8","settings":{"space":{"unit":"px","size":45,"sizes":[]},"space_mobile":{"unit":"px","size":30,"sizes":[]}},"elements":[],"isInner":false,"widgetType":"spacer","elType":"widget"},{"id":"5819722","settings":{"editor":"<div>We process payments with PayPal, an external payments platform that allows you to process transactions with a variety of payment methods. Funds from PayPal sales on Martfury will be deposited into your PayPal account.<\/div>","text_color":"#000000","typography_typography":"custom","typography_font_family":"Work Sans","typography_font_size":{"unit":"px","size":16,"sizes":[]},"typography_font_weight":"500","_element_width":"inherit","_element_vertical_align":"center","_offset_x":{"unit":"px","size":-16,"sizes":[]}},"elements":[],"isInner":false,"widgetType":"text-editor","elType":"widget"},{"id":"1dd29f44","settings":{"space":{"unit":"px","size":45,"sizes":[]}},"elements":[],"isInner":false,"widgetType":"spacer","elType":"widget"}],"isInner":true,"elType":"column"}],"isInner":true,"elType":"section"}],"isInner":false,"elType":"column"},{"id":"506ffb23","settings":{"_column_size":16,"_inline_size":null,"_inline_size_tablet":10},"elements":[],"isInner":false,"elType":"column"}],"isInner":false,"elType":"section"},{"id":"5e4f3a7d","settings":[],"elements":[{"id":"3b71c970","settings":{"_column_size":100},"elements":[{"id":"7a728e98","settings":{"space_tablet":{"unit":"px","size":40,"sizes":[]}},"elements":[],"isInner":false,"widgetType":"spacer","elType":"widget"},{"id":"2d0ce047","settings":{"editor":"<div>Listing fees are billed for 0.20 USD, so if your bank\u2019s currency is not USD, the amount in<br \/>your currency may vary based on changes in the exchange rate.<\/div>","align":"center"},"elements":[],"isInner":false,"widgetType":"text-editor","elType":"widget"},{"id":"29603253","settings":{"space":{"unit":"px","size":110,"sizes":[]},"space_tablet":{"unit":"px","size":80,"sizes":[]}},"elements":[],"isInner":false,"widgetType":"spacer","elType":"widget"}],"isInner":false,"elType":"column"}],"isInner":false,"elType":"section"},{"id":"14720329","settings":{"background_background":"classic","background_color":"#f6f6f6"},"elements":[{"id":"3772bbd","settings":{"_column_size":100},"elements":[{"id":"18bf6a13","settings":{"space":{"unit":"px","size":110,"sizes":[]},"space_tablet":{"unit":"px","size":80,"sizes":[]}},"elements":[],"isInner":false,"widgetType":"spacer","elType":"widget"},{"id":"51ba7d64","settings":{"title":"SELLER STORIES","align":"center","title_color":"#666666","typography_typography":"custom","typography_font_family":"Work Sans","typography_font_size":{"unit":"px","size":16,"sizes":[]},"typography_font_weight":"600","typography_line_height":{"unit":"px","size":"","sizes":[]}},"elements":[],"isInner":false,"widgetType":"heading","elType":"widget"},{"id":"270f3ded","settings":{"space":{"unit":"px","size":32,"sizes":[]}},"elements":[],"isInner":false,"widgetType":"spacer","elType":"widget"},{"id":"82867b7","settings":{"title":"See Seller share about their successful on Martfury","align":"center","title_color":"#000000","typography_typography":"custom","typography_font_family":"Work Sans","typography_font_size":{"unit":"px","size":30,"sizes":[]},"typography_font_weight":"400","typography_line_height":{"unit":"px","size":36,"sizes":[]},"typography_font_size_tablet":{"unit":"px","size":24,"sizes":[]}},"elements":[],"isInner":false,"widgetType":"heading","elType":"widget"},{"id":"4264d114","settings":{"space":{"unit":"px","size":90,"sizes":[]},"space_tablet":{"unit":"px","size":60,"sizes":[]}},"elements":[],"isInner":false,"widgetType":"spacer","elType":"widget"},{"id":"76eeb7fa","settings":{"title":"","settings":[{"image":{"id":368,"url":"http:\/\/demo2.drfuri.com\/martfury10\/wp-content\/uploads\/sites\/51\/2017\/11\/journey1.png"},"image_size":"full","image_custom_dimension":{"width":"","height":""},"link_text":"PLAY VIDEO","link":{"url":"#","is_external":true,"nofollow":true},"name":"Kanye West \/","job":"CEO at Google INC","desc":"Sed elit quam, iaculis sed semper sit amet udin vitae nibh. at magna akal semperFusce commodo molestie luctus.Lorem ipsum Dolor tusima olatiup.","_id":"be4aae9","link_icon":"icon-play-circle"},{"image":{"id":340,"url":"http:\/\/demo2.drfuri.com\/martfury10\/wp-content\/uploads\/sites\/51\/2017\/11\/testi1.jpg"},"image_size":"full","image_custom_dimension":{"width":"","height":""},"link_text":"PLAY VIDEO","link":{"url":"#","is_external":true,"nofollow":true},"name":"Kanye West \/","job":"CEO at Google INC","desc":"Sed elit quam, iaculis sed semper sit amet udin vitae nibh. at magna akal semperFusce commodo molestie luctus.Lorem ipsum Dolor tusima olatiup.","_id":"90b9cb2","link_icon":"icon-play-circle"},{"image":{"id":341,"url":"http:\/\/demo2.drfuri.com\/martfury10\/wp-content\/uploads\/sites\/51\/2017\/11\/testi2.jpg"},"image_size":"full","image_custom_dimension":{"width":"","height":""},"link_text":"PLAY VIDEO","link":{"url":"#","is_external":true,"nofollow":true},"name":"Kanye West \/","job":"CEO at Google INC","desc":"Sed elit quam, iaculis sed semper sit amet udin vitae nibh. at magna akal semperFusce commodo molestie luctus.Lorem ipsum Dolor tusima olatiup.","_id":"fe4951d","link_icon":"icon-play-circle"}],"dots":"","navigation_tablet":"dots","navigation_mobile":"dots","arrows_position":"center"},"elements":[],"isInner":false,"widgetType":"martfury-testimonial-slides","elType":"widget"},{"id":"51b94df3","settings":{"space":{"unit":"px","size":105,"sizes":[]},"space_tablet":{"unit":"px","size":80,"sizes":[]}},"elements":[],"isInner":false,"widgetType":"spacer","elType":"widget"}],"isInner":false,"elType":"column"}],"isInner":false,"elType":"section"},{"id":"716564d0","settings":[],"elements":[{"id":"76f2441e","settings":{"_column_size":100},"elements":[{"id":"17c2ca68","settings":{"space":{"unit":"px","size":110,"sizes":[]},"space_tablet":{"unit":"px","size":80,"sizes":[]}},"elements":[],"isInner":false,"widgetType":"spacer","elType":"widget"},{"id":"1da59af4","settings":{"title":"FREQUENTLY ASKED QUESTIONS","align":"center","title_color":"#666666","typography_typography":"custom","typography_font_family":"Work Sans","typography_font_size":{"unit":"px","size":16,"sizes":[]},"typography_font_weight":"600","typography_line_height":{"unit":"px","size":"","sizes":[]}},"elements":[],"isInner":false,"widgetType":"heading","elType":"widget"},{"id":"22016089","settings":{"space":{"unit":"px","size":33,"sizes":[]}},"elements":[],"isInner":false,"widgetType":"spacer","elType":"widget"},{"id":"133616ea","settings":{"title":"Here are some common questions about selling on Martfury","align":"center","title_color":"#000000","typography_typography":"custom","typography_font_family":"Work Sans","typography_font_size":{"unit":"px","size":30,"sizes":[]},"typography_font_weight":"400","typography_line_height":{"unit":"px","size":36,"sizes":[]},"typography_font_size_tablet":{"unit":"px","size":24,"sizes":[]}},"elements":[],"isInner":false,"widgetType":"heading","elType":"widget"},{"id":"42067fe3","settings":{"space":{"unit":"px","size":68,"sizes":[]},"space_tablet":{"unit":"px","size":60,"sizes":[]}},"elements":[],"isInner":false,"widgetType":"spacer","elType":"widget"},{"id":"62798416","settings":{"structure":"20"},"elements":[{"id":"58a24d97","settings":{"_column_size":50,"_inline_size":null},"elements":[{"id":"13fdd248","settings":{"title":"How do fees work on Martfury?","header_size":"h3","title_color":"#000000","typography_typography":"custom","typography_font_family":"Work Sans","typography_font_size":{"unit":"px","size":22,"sizes":[]},"typography_font_weight":"600","typography_line_height":{"unit":"px","size":"","sizes":[]}},"elements":[],"isInner":false,"widgetType":"heading","elType":"widget"},{"id":"2ed2a356","settings":{"space":{"unit":"px","size":23,"sizes":[]}},"elements":[],"isInner":false,"widgetType":"spacer","elType":"widget"},{"id":"35b89b12","settings":{"editor":"<p>Joining and starting a shop on Martfury is free. There are three basic selling fees: a listing fee, a transaction fee, and a payment processing fee.<\/p>\n\n<p>It costs USD 0.20 to publish a listing to the marketplace. A listing lasts for four months or until the item is sold. Once an item sells, there is a 3.5% transaction fee on the sale price (not including shipping costs). If you accept payments with PayPal, there is also a payment processing fee based on their fee structure.<\/p>\n\n<p>Listing fees are billed for $0.20 USD, so if your bank\u2019s currency is not USD, the amount may differ based on changes in the exchange rate.<\/p>","typography_typography":"custom","typography_font_family":"Work Sans","typography_font_size":{"unit":"px","size":16,"sizes":[]}},"elements":[],"isInner":false,"widgetType":"text-editor","elType":"widget"},{"id":"14c1c62f","settings":{"space":{"unit":"px","size":26,"sizes":[]}},"elements":[],"isInner":false,"widgetType":"spacer","elType":"widget"},{"id":"6ab10b7b","settings":{"title":"What do I need to do to create a shop?","header_size":"h3","title_color":"#000000","typography_typography":"custom","typography_font_family":"Work Sans","typography_font_size":{"unit":"px","size":22,"sizes":[]},"typography_font_weight":"600","typography_line_height":{"unit":"px","size":"","sizes":[]}},"elements":[],"isInner":false,"widgetType":"heading","elType":"widget"},{"id":"5d0b23a6","settings":{"space":{"unit":"px","size":23,"sizes":[]}},"elements":[],"isInner":false,"widgetType":"spacer","elType":"widget"},{"id":"72896d4f","settings":{"editor":"<p>t\u2019s easy to set up a shop on Martfury. Create an Martfury account (if you don\u2019t already have one), set your shop location and currency, choose a shop name, create a listing, set a payment method (how you want to be paid), and finally set a billing method (how you want to pay your Martfuryfees).<\/p>","typography_typography":"custom","typography_font_family":"Work Sans","typography_font_size":{"unit":"px","size":16,"sizes":[]}},"elements":[],"isInner":false,"widgetType":"text-editor","elType":"widget"}],"isInner":true,"elType":"column"},{"id":"67864da1","settings":{"_column_size":50,"_inline_size":null},"elements":[{"id":"5aa0764b","settings":{"title":"How do I get paid?","header_size":"h3","title_color":"#000000","typography_typography":"custom","typography_font_family":"Work Sans","typography_font_size":{"unit":"px","size":22,"sizes":[]},"typography_font_weight":"600","typography_line_height":{"unit":"px","size":"","sizes":[]}},"elements":[],"isInner":false,"widgetType":"heading","elType":"widget"},{"id":"2d89a76a","settings":{"space":{"unit":"px","size":23,"sizes":[]}},"elements":[],"isInner":false,"widgetType":"spacer","elType":"widget"},{"id":"4488d6ef","settings":{"editor":"<p>If you accept payments with PayPal, funds from PayPal sales on Martfury will be deposited into your PayPal account. We encourage sellers to use a PayPal Business account and not a Personal account, as personal accounts are subject to monthly receiving limits and cannot accept payments from buyers that are funded by a credit card.<\/p>","typography_typography":"custom","typography_font_family":"Work Sans","typography_font_size":{"unit":"px","size":16,"sizes":[]}},"elements":[],"isInner":false,"widgetType":"text-editor","elType":"widget"},{"id":"6da19bb","settings":{"space":{"unit":"px","size":23,"sizes":[]}},"elements":[],"isInner":false,"widgetType":"spacer","elType":"widget"},{"id":"1bb43e13","settings":{"title":"Do I need a credit or debit card to create a shop?","header_size":"h3","title_color":"#000000","typography_typography":"custom","typography_font_family":"Work Sans","typography_font_size":{"unit":"px","size":22,"sizes":[]},"typography_font_weight":"600","typography_line_height":{"unit":"px","size":"","sizes":[]}},"elements":[],"isInner":false,"widgetType":"heading","elType":"widget"},{"id":"1855bff3","settings":{"space":{"unit":"px","size":23,"sizes":[]}},"elements":[],"isInner":false,"widgetType":"spacer","elType":"widget"},{"id":"39e8e700","settings":{"editor":"<p>No, a credit or debit card is not required to create a shop. To be verified as a seller you have the choice to use either a credit card or to register via PayPal. You will not incur any charges until you open your shop and publish your listings.<\/p>","typography_typography":"custom","typography_font_family":"Work Sans","typography_font_size":{"unit":"px","size":16,"sizes":[]}},"elements":[],"isInner":false,"widgetType":"text-editor","elType":"widget"},{"id":"580c33b4","settings":{"space":{"unit":"px","size":23,"sizes":[]}},"elements":[],"isInner":false,"widgetType":"spacer","elType":"widget"},{"id":"51afeda5","settings":{"title":"What can I sell on Martfury?","header_size":"h3","title_color":"#000000","typography_typography":"custom","typography_font_family":"Work Sans","typography_font_size":{"unit":"px","size":22,"sizes":[]},"typography_font_weight":"600","typography_line_height":{"unit":"px","size":"","sizes":[]}},"elements":[],"isInner":false,"widgetType":"heading","elType":"widget"},{"id":"601bc117","settings":{"space":{"unit":"px","size":26,"sizes":[]}},"elements":[],"isInner":false,"widgetType":"spacer","elType":"widget"},{"id":"67fa9de8","settings":{"editor":"<p>Martfury provides a marketplace for crafters, artists and collectors to sell their handmade creations, vintage goods (at least 20 years old), and both handmade and non-handmade crafting supplies.<\/p>","typography_typography":"custom","typography_font_family":"Work Sans","typography_font_size":{"unit":"px","size":16,"sizes":[]}},"elements":[],"isInner":false,"widgetType":"text-editor","elType":"widget"}],"isInner":true,"elType":"column"}],"isInner":true,"elType":"section"},{"id":"1ee83eb0","settings":{"space":{"unit":"px","size":54,"sizes":[]}},"elements":[],"isInner":false,"widgetType":"spacer","elType":"widget"},{"id":"7c18c4e4","settings":{"color":"rgba(51,51,51,0.25)"},"elements":[],"isInner":false,"widgetType":"divider","elType":"widget"},{"id":"64c5bbf9","settings":{"space":{"unit":"px","size":69,"sizes":[]},"space_tablet":{"unit":"px","size":50,"sizes":[]}},"elements":[],"isInner":false,"widgetType":"spacer","elType":"widget"},{"id":"2b4e99a3","settings":{"title":"Still have more questions? Feel free to contact us.","align":"center","title_color":"#000000","typography_typography":"custom","typography_font_family":"Work Sans","typography_font_size":{"unit":"px","size":30,"sizes":[]},"typography_font_weight":"400","typography_line_height":{"unit":"px","size":36,"sizes":[]},"typography_font_size_tablet":{"unit":"px","size":28,"sizes":[]}},"elements":[],"isInner":false,"widgetType":"heading","elType":"widget"},{"id":"234671da","settings":{"space":{"unit":"px","size":56,"sizes":[]},"space_tablet":{"unit":"px","size":30,"sizes":[]}},"elements":[],"isInner":false,"widgetType":"spacer","elType":"widget"},{"id":"117f3f04","settings":{"text":"Contact Us","align":"center","size":"md","typography_typography":"custom","typography_font_family":"Work Sans","typography_font_size":{"unit":"px","size":24,"sizes":[]},"typography_font_weight":"600","button_text_color":"#000000","background_color":"#fcb800","border_radius":{"unit":"px","top":"0","right":"0","bottom":"0","left":"0","isLinked":true},"text_padding":{"unit":"px","top":"18","right":"40","bottom":"18","left":"40","isLinked":false},"_padding":{"unit":"px","top":"0","right":"0","bottom":"0","left":"0","isLinked":true},"typography_font_size_tablet":{"unit":"px","size":20,"sizes":[]},"text_padding_tablet":{"unit":"px","top":"13","right":"30","bottom":"13","left":"30","isLinked":false},"_padding_tablet":{"unit":"px","top":"0","right":"0","bottom":"0","left":"0","isLinked":false}},"elements":[],"isInner":false,"widgetType":"button","elType":"widget"},{"id":"1876da02","settings":{"space":{"unit":"px","size":100,"sizes":[]},"space_tablet":{"unit":"px","size":70,"sizes":[]}},"elements":[],"isInner":false,"widgetType":"spacer","elType":"widget"}],"isInner":false,"elType":"column"}],"isInner":false,"elType":"section"},{"id":"6c830a97","settings":{"stretch_section":"section-stretched","background_background":"classic","background_image":{"id":338,"url":"http:\/\/demo2.drfuri.com\/martfury10\/wp-content\/uploads\/sites\/51\/2017\/11\/vender1.jpg"}},"elements":[{"id":"27d1e1cf","settings":{"_column_size":100},"elements":[{"id":"7810aaf3","settings":{"space":{"unit":"px","size":165,"sizes":[]},"space_tablet":{"unit":"px","size":100,"sizes":[]},"space_mobile":{"unit":"px","size":60,"sizes":[]}},"elements":[],"isInner":false,"widgetType":"spacer","elType":"widget"},{"id":"2ac63c8d","settings":{"title":"It's time to start making money.","align":"center","title_color":"#ffffff","typography_typography":"custom","typography_font_family":"Work Sans","typography_font_size":{"unit":"px","size":48,"sizes":[]},"typography_font_weight":"600","typography_line_height":{"unit":"px","size":52.8,"sizes":[]},"typography_font_size_tablet":{"unit":"px","size":40,"sizes":[]},"typography_font_size_mobile":{"unit":"px","size":28,"sizes":[]},"typography_line_height_mobile":{"unit":"em","size":1.2,"sizes":[]}},"elements":[],"isInner":false,"widgetType":"heading","elType":"widget"},{"id":"255bd20","settings":{"space":{"unit":"px","size":60,"sizes":[]},"space_tablet":{"unit":"px","size":30,"sizes":[]}},"elements":[],"isInner":false,"widgetType":"spacer","elType":"widget"},{"id":"6ed58e60","settings":{"text":"Start Selling","align":"center","size":"md","typography_typography":"custom","typography_font_family":"Work Sans","typography_font_size":{"unit":"px","size":24,"sizes":[]},"typography_font_weight":"600","button_text_color":"#000000","background_color":"#fcb800","border_radius":{"unit":"px","top":"0","right":"0","bottom":"0","left":"0","isLinked":true},"text_padding":{"unit":"px","top":"18","right":"40","bottom":"18","left":"40","isLinked":false},"_padding":{"unit":"px","top":"0","right":"0","bottom":"0","left":"0","isLinked":true},"typography_font_size_tablet":{"unit":"px","size":20,"sizes":[]},"text_padding_tablet":{"unit":"px","top":"13","right":"30","bottom":"13","left":"30","isLinked":false}},"elements":[],"isInner":false,"widgetType":"button","elType":"widget"},{"id":"51a57772","settings":{"space":{"unit":"px","size":165,"sizes":[]},"space_tablet":{"unit":"px","size":100,"sizes":[]},"space_mobile":{"unit":"px","size":60,"sizes":[]}},"elements":[],"isInner":false,"widgetType":"spacer","elType":"widget"}],"isInner":false,"elType":"column"}],"isInner":false,"elType":"section"}]}