{"version":"0.4","title":"Home Technology &#8211; Mobile","type":"page","content":[{"id":"4b59569a","settings":{"stretch_section":"section-stretched","layout":"full_width","gap":"no"},"elements":[{"id":"ed62446","settings":{"_column_size":100},"elements":[{"id":"6b86a1","settings":{"slides":[{"subtitle":"","heading":"Special Offer","description":"<p>MINI HELICOPTER<br \/>DRONE 4 CHANNELS<br \/>SALE <span style=\"font-weight: 600; color: #f04704;\">40% Off <\/span><\/p>","button_text":"Shop Now","background_color":"#f4f5f5","_id":"38b4454","background_image":{"id":2799,"url":"http:\/\/demo2.drfuri.com\/martfury16\/wp-content\/uploads\/sites\/57\/revslider\/home_technology1\/slide1.jpg"},"background_size":"cover","background_ken_burns":"","zoom_direction":"out","background_overlay":"","background_overlay_color":"rgba(0,0,0,0.5)","background_overlay_blend_mode":"","link":{"url":"#","is_external":"","nofollow":""},"link_click":"button","price_box_type":"text","price_box_text":"","price_box_image":{"url":"","id":""},"price_box_image_size":"full","price_box_image_custom_dimension":{"width":"","height":""},"custom_style":"","horizontal_position":"","vertical_position":"","text_align":"","subtitle_custom_color":"","heading_custom_color":"","content_custom_color":"","button_custom_color":"","button_custom_bg_color":"","price_box_custom_color":"","price_box_custom_bg_color":"","background_image_tablet":{"url":"","id":""},"background_image_mobile":{"url":"","id":""},"background_size_tablet":"","background_size_mobile":"","background_position":"","background_position_tablet":"","background_position_mobile":"","background_position_custom":{"unit":"px","top":"","right":"","bottom":"","left":"","isLinked":true},"background_position_custom_tablet":{"unit":"px","top":"","right":"","bottom":"","left":"","isLinked":true},"background_position_custom_mobile":{"unit":"px","top":"","right":"","bottom":"","left":"","isLinked":true}},{"subtitle":"","heading":"Limited Edition ","description":"<p>ILUV AUD MINI<br \/>ULTRA SLIM POCKET-SIZED<br \/>SPEAKER JUST <span style=\"font-weight: 600; color: #669900;\">$599<\/span><\/p>","button_text":"Shop Now","background_color":"#f4f5f5","_id":"aed6e78","background_image":{"id":2800,"url":"http:\/\/demo2.drfuri.com\/martfury16\/wp-content\/uploads\/sites\/57\/revslider\/home_technology1\/slide2.jpg"},"background_size":"cover","background_ken_burns":"","zoom_direction":"out","background_overlay":"","background_overlay_color":"rgba(0,0,0,0.5)","background_overlay_blend_mode":"","link":{"url":"#","is_external":"","nofollow":""},"link_click":"button","price_box_type":"text","price_box_text":"","price_box_image":{"url":"","id":""},"price_box_image_size":"full","price_box_image_custom_dimension":{"width":"","height":""},"custom_style":"","horizontal_position":"","vertical_position":"","text_align":"","subtitle_custom_color":"","heading_custom_color":"","content_custom_color":"","button_custom_color":"","button_custom_bg_color":"","price_box_custom_color":"","price_box_custom_bg_color":"","background_image_tablet":{"url":"","id":""},"background_image_mobile":{"url":"","id":""},"background_size_tablet":"","background_size_mobile":"","background_position":"","background_position_tablet":"","background_position_mobile":"","background_position_custom":{"unit":"px","top":"","right":"","bottom":"","left":"","isLinked":true},"background_position_custom_tablet":{"unit":"px","top":"","right":"","bottom":"","left":"","isLinked":true},"background_position_custom_mobile":{"unit":"px","top":"","right":"","bottom":"","left":"","isLinked":true}}],"slides_height":{"unit":"px","size":358,"sizes":[]},"content_animation":"fadeIn","transition":"fade","content_max_width":{"unit":"px","size":860,"sizes":[]},"slides_padding":{"unit":"%","top":"","right":"","bottom":"","left":"","isLinked":true},"arrows_spacing":{"unit":"px","size":0,"sizes":[]},"navigation":"arrows","navigation_tablet":"dots","navigation_mobile":"dots","autoplay_speed":8000,"transition_speed":800,"content_max_width_tablet":{"unit":"%","size":100,"sizes":[]},"slides_padding_tablet":{"unit":"px","top":"0","right":"0","bottom":"0","left":"30","isLinked":false},"heading_typography_typography":"custom","heading_typography_font_size_tablet":{"unit":"px","size":16,"sizes":[]},"dots_background_color":"#ffffff","dots_hover_background_color":"#ffffff","dots_active_background_color":"#000000","slides_padding_mobile":{"unit":"px","top":"15","right":"15","bottom":"15","left":"15","isLinked":true},"heading_typography_font_size_mobile":{"unit":"px","size":16,"sizes":[]},"heading_color":"#0099cc","heading_typography_font_size":{"unit":"px","size":16,"sizes":[]},"heading_typography_font_weight":"600","description_spacing":{"unit":"px","size":30,"sizes":[]},"description_color":"#000000","description_typography_typography":"custom","description_typography_font_size":{"unit":"px","size":36,"sizes":[]},"description_typography_font_weight":"400","description_typography_line_height":{"unit":"em","size":1.1,"sizes":[]},"button_padding":{"unit":"px","top":"12","right":"20","bottom":"12","left":"20","isLinked":false},"button_text_color":"#ffffff","button_background_color":"#0071df","slides_height_mobile":{"unit":"px","size":320,"sizes":[]},"description_typography_font_size_tablet":{"unit":"px","size":30,"sizes":[]},"description_typography_font_size_mobile":{"unit":"px","size":24,"sizes":[]}},"elements":[],"isInner":false,"widgetType":"martfury-slides","elType":"widget"},{"id":"788074c6","settings":{"space":{"unit":"px","size":5,"sizes":[]}},"elements":[],"isInner":false,"widgetType":"spacer","elType":"widget"}],"isInner":false,"elType":"column"}],"isInner":false,"elType":"section"},{"id":"2b94b09a","settings":{"gap":"no","structure":"20","layout":"full_width"},"elements":[{"id":"76229e25","settings":{"_column_size":50,"_inline_size":null,"_inline_size_mobile":50,"padding":{"unit":"px","top":"0","right":"2.5","bottom":"0","left":"0","isLinked":false}},"elements":[{"id":"56e30ad3","settings":{"layout":"2","image":{"url":"http:\/\/demo2.drfuri.com\/martfury16\/wp-content\/uploads\/sites\/57\/2018\/05\/b10.jpg","id":2752},"title":"Holder\n& Charger","desc":"<p>Just <span style=\"color: #669900; font-weight: 600;\">$159.99<\/span><\/p>","button_text":"","link":{"url":"http:\/\/demo2.drfuri.com\/martfury16\/shop\/iqos-2-4-plus-kit-holder-chargers-white\/","is_external":true,"nofollow":true},"highlight_title":"iQOS 2.4 \n","banner_border_border":"solid","banner_border_width":{"unit":"px","top":"1","right":"1","bottom":"1","left":"1","isLinked":true},"banner_border_color":"rgba(0,0,0,0.15)","button_text_color":"#ffffff","button_background_color":"#0066cc","height_mobile":{"unit":"px","size":141,"sizes":[]},"banner_padding_mobile":{"unit":"px","top":"15","right":"15","bottom":"15","left":"15","isLinked":true},"banner_bg_position_mobile":"center center","heading_spacing":{"unit":"px","size":16,"sizes":[]},"heading_typography_typography":"custom","heading_typography_font_size_mobile":{"unit":"px","size":20,"sizes":[]},"description_typography_typography":"custom","description_typography_font_size_mobile":{"unit":"px","size":14,"sizes":[]}},"elements":[],"isInner":false,"widgetType":"martfury-banner-medium","elType":"widget"}],"isInner":false,"elType":"column"},{"id":"51116069","settings":{"_column_size":50,"_inline_size":null,"_inline_size_mobile":50,"padding":{"unit":"px","top":"0","right":"0","bottom":"0","left":"2.5","isLinked":false}},"elements":[{"id":"42555baa","settings":{"layout":"2","image":{"url":"http:\/\/demo2.drfuri.com\/martfury16\/wp-content\/uploads\/sites\/57\/2018\/05\/b2.jpg","id":2726},"title":"iPhone X \n128GB Retina \nDisplay","desc":"<p><span style=\"color: #f30; font-weight: 600;\">25%<\/span> Off<\/p>","button_text":"","link":{"url":"http:\/\/demo2.drfuri.com\/martfury16\/shop\/apple-iphone-x-256gb-t-mobile-black\/","is_external":true,"nofollow":true},"highlight_title":"","banner_border_border":"solid","banner_border_width":{"unit":"px","top":"1","right":"1","bottom":"1","left":"1","isLinked":true},"banner_border_color":"rgba(0,0,0,0.15)","heading_typography_typography":"custom","button_text_color":"#ffffff","button_background_color":"#0066cc","height_mobile":{"unit":"px","size":141,"sizes":[]},"banner_padding_mobile":{"unit":"px","top":"15","right":"15","bottom":"15","left":"15","isLinked":true},"banner_bg_position_mobile":"left top","heading_spacing":{"unit":"px","size":16,"sizes":[]},"heading_typography_font_size_mobile":{"unit":"px","size":20,"sizes":[]},"description_typography_typography":"custom","description_typography_font_size_mobile":{"unit":"px","size":14,"sizes":[]}},"elements":[],"isInner":false,"widgetType":"martfury-banner-medium","elType":"widget"}],"isInner":false,"elType":"column"}],"isInner":false,"elType":"section"},{"id":"36c63e62","settings":{"gap":"extended"},"elements":[{"id":"3f283a03","settings":{"_column_size":100},"elements":[{"id":"e6f8915","settings":{"space":{"unit":"px","size":40,"sizes":[]}},"elements":[],"isInner":false,"widgetType":"spacer","elType":"widget"}],"isInner":false,"elType":"column"}],"isInner":false,"elType":"section"},{"id":"1edde850","settings":{"gap":"extended"},"elements":[{"id":"f7f04f1","settings":{"_column_size":100},"elements":[{"id":"3262c3bc","settings":{"title":"Deals Of The Day","ends_in":"Ends In","view_all_text":"View All","navigation_tablet":"dots","heading_title_typography_typography":"custom","heading_title_typography_font_size_mobile":{"unit":"px","size":22,"sizes":[]},"show_ends_in_mobile":"none","show_heading_view_all_mobile":"none"},"elements":[],"isInner":false,"widgetType":"martfury-product-deals-carousel","elType":"widget"},{"id":"33020ef5","settings":{"space":{"unit":"px","size":45,"sizes":[]}},"elements":[],"isInner":false,"widgetType":"spacer","elType":"widget"}],"isInner":false,"elType":"column"}],"isInner":false,"elType":"section"},{"id":"5c80dd0c","settings":{"gap":"extended"},"elements":[{"id":"4d6aa4c7","settings":{"_column_size":100},"elements":[{"id":"203a2f5c","settings":{"title":"Top Categories Of The Month","title_color":"#000000","typography_typography":"custom","typography_font_family":"Work Sans","typography_font_size":{"unit":"px","size":20,"sizes":[]},"typography_font_weight":"600","typography_line_height":{"unit":"em","size":1,"sizes":[]},"_margin":{"unit":"px","top":"0","right":"0","bottom":"20","left":"0","isLinked":false}},"elements":[],"isInner":false,"widgetType":"heading","elType":"widget"}],"isInner":false,"elType":"column"}],"isInner":false,"elType":"section"},{"id":"65e60e8e","settings":{"gap":"extended","structure":"60","padding_mobile":{"unit":"px","top":"0","right":"12.5","bottom":"0","left":"12.5","isLinked":false}},"elements":[{"id":"63162b17","settings":{"_column_size":16,"_inline_size":null,"_inline_size_tablet":33.3333,"_inline_size_mobile":33.33,"padding_mobile":{"unit":"px","top":"0","right":"2.5","bottom":"0","left":"2.5","isLinked":false}},"elements":[{"id":"2915e07d","settings":{"style":"2","image":{"url":"http:\/\/demo2.drfuri.com\/martfury16\/wp-content\/uploads\/sites\/57\/2018\/05\/c1.jpg","id":2727},"title":"Smart Phones","enable_subtitles":"","subtitles":[],"image_size":"custom","image_custom_dimension":{"width":"170","height":"170"},"image_position":"top","text_align":"center","heading_title_spacing":{"unit":"px","size":0,"sizes":[]},"min_height_mobile":{"unit":"px","size":176,"sizes":[]},"hover_border_color":"#0071df","title_border_color":"#0071df","title_typography_typography":"custom","title_typography_font_size_mobile":{"unit":"px","size":14,"sizes":[]}},"elements":[],"isInner":false,"widgetType":"martfury-image-box","elType":"widget"},{"id":"5830300d","settings":{"space":{"unit":"px","size":30,"sizes":[]},"space_mobile":{"unit":"px","size":5,"sizes":[]}},"elements":[],"isInner":false,"widgetType":"spacer","elType":"widget"}],"isInner":false,"elType":"column"},{"id":"2f3bae79","settings":{"_column_size":16,"_inline_size":null,"_inline_size_tablet":33.3333,"_inline_size_mobile":33.33,"padding_mobile":{"unit":"px","top":"0","right":"2.5","bottom":"0","left":"2.5","isLinked":false}},"elements":[{"id":"68278702","settings":{"style":"2","image":{"url":"http:\/\/demo2.drfuri.com\/martfury16\/wp-content\/uploads\/sites\/57\/2018\/05\/c2.jpg","id":2728},"title":"Tablets","enable_subtitles":"","subtitles":[],"image_size":"custom","image_custom_dimension":{"width":"170","height":"170"},"image_position":"top","text_align":"center","heading_title_spacing":{"unit":"px","size":0,"sizes":[]},"min_height_mobile":{"unit":"px","size":176,"sizes":[]},"hover_border_color":"#0071df","title_border_color":"#0071df","title_typography_typography":"custom","title_typography_font_size_mobile":{"unit":"px","size":14,"sizes":[]}},"elements":[],"isInner":false,"widgetType":"martfury-image-box","elType":"widget"},{"id":"59bd482","settings":{"space":{"unit":"px","size":30,"sizes":[]},"space_mobile":{"unit":"px","size":5,"sizes":[]}},"elements":[],"isInner":false,"widgetType":"spacer","elType":"widget"}],"isInner":false,"elType":"column"},{"id":"382c4ff5","settings":{"_column_size":16,"_inline_size":null,"_inline_size_tablet":33.3333,"_inline_size_mobile":33.33,"padding_mobile":{"unit":"px","top":"0","right":"2.5","bottom":"0","left":"2.5","isLinked":false}},"elements":[{"id":"3101f347","settings":{"style":"2","image":{"url":"http:\/\/demo2.drfuri.com\/martfury16\/wp-content\/uploads\/sites\/57\/2018\/05\/c3.jpg","id":2729},"title":"Laptops","enable_subtitles":"","subtitles":[],"image_size":"custom","image_custom_dimension":{"width":"170","height":"170"},"image_position":"top","text_align":"center","heading_title_spacing":{"unit":"px","size":0,"sizes":[]},"min_height_mobile":{"unit":"px","size":176,"sizes":[]},"hover_border_color":"#0071df","title_border_color":"#0071df","title_typography_typography":"custom","title_typography_font_size_mobile":{"unit":"px","size":14,"sizes":[]}},"elements":[],"isInner":false,"widgetType":"martfury-image-box","elType":"widget"},{"id":"35be62db","settings":{"space":{"unit":"px","size":30,"sizes":[]},"space_mobile":{"unit":"px","size":5,"sizes":[]}},"elements":[],"isInner":false,"widgetType":"spacer","elType":"widget"}],"isInner":false,"elType":"column"},{"id":"65dea211","settings":{"_column_size":16,"_inline_size":null,"_inline_size_tablet":33.3333,"_inline_size_mobile":33.33,"padding_mobile":{"unit":"px","top":"0","right":"2.5","bottom":"0","left":"2.5","isLinked":false}},"elements":[{"id":"6698c5e2","settings":{"style":"2","image":{"url":"http:\/\/demo2.drfuri.com\/martfury16\/wp-content\/uploads\/sites\/57\/2018\/05\/c4.jpg","id":2730},"title":"Sounds","enable_subtitles":"","subtitles":[],"image_size":"custom","image_custom_dimension":{"width":"170","height":"170"},"image_position":"top","text_align":"center","heading_title_spacing":{"unit":"px","size":0,"sizes":[]},"min_height_mobile":{"unit":"px","size":176,"sizes":[]},"hover_border_color":"#0071df","title_border_color":"#0071df","title_typography_typography":"custom","title_typography_font_size_mobile":{"unit":"px","size":14,"sizes":[]}},"elements":[],"isInner":false,"widgetType":"martfury-image-box","elType":"widget"},{"id":"77c04c52","settings":{"space":{"unit":"px","size":30,"sizes":[]}},"elements":[],"isInner":false,"widgetType":"spacer","elType":"widget"}],"isInner":false,"elType":"column"},{"id":"208d44dd","settings":{"_column_size":16,"_inline_size":null,"_inline_size_tablet":33.3333,"_inline_size_mobile":33.33,"padding_mobile":{"unit":"px","top":"0","right":"2.5","bottom":"0","left":"2.5","isLinked":false}},"elements":[{"id":"70e0c593","settings":{"style":"2","image":{"url":"http:\/\/demo2.drfuri.com\/martfury16\/wp-content\/uploads\/sites\/57\/2018\/05\/c5.jpg","id":2731},"title":"Technology Toys","enable_subtitles":"","subtitles":[],"image_size":"custom","image_custom_dimension":{"width":"170","height":"170"},"image_position":"top","text_align":"center","heading_title_spacing":{"unit":"px","size":0,"sizes":[]},"min_height_mobile":{"unit":"px","size":176,"sizes":[]},"hover_border_color":"#0071df","title_border_color":"#0071df","title_typography_typography":"custom","title_typography_font_size_mobile":{"unit":"px","size":14,"sizes":[]}},"elements":[],"isInner":false,"widgetType":"martfury-image-box","elType":"widget"},{"id":"321aeec3","settings":{"space":{"unit":"px","size":30,"sizes":[]}},"elements":[],"isInner":false,"widgetType":"spacer","elType":"widget"}],"isInner":false,"elType":"column"},{"id":"48444d7a","settings":{"_column_size":16,"_inline_size":null,"_inline_size_tablet":33.3333,"_inline_size_mobile":33.33,"padding_mobile":{"unit":"px","top":"0","right":"2.5","bottom":"0","left":"2.5","isLinked":false}},"elements":[{"id":"60ddaec","settings":{"style":"2","image":{"url":"http:\/\/demo2.drfuri.com\/martfury16\/wp-content\/uploads\/sites\/57\/2018\/05\/c6.jpg","id":2732},"title":"Accessories","enable_subtitles":"","subtitles":[],"image_size":"custom","image_custom_dimension":{"width":"170","height":"170"},"image_position":"top","text_align":"center","heading_title_spacing":{"unit":"px","size":0,"sizes":[]},"min_height_mobile":{"unit":"px","size":176,"sizes":[]},"hover_border_color":"#0071df","title_border_color":"#0071df","title_typography_typography":"custom","title_typography_font_size_mobile":{"unit":"px","size":14,"sizes":[]}},"elements":[],"isInner":false,"widgetType":"martfury-image-box","elType":"widget"},{"id":"405c6d54","settings":{"space":{"unit":"px","size":30,"sizes":[]}},"elements":[],"isInner":false,"widgetType":"spacer","elType":"widget"}],"isInner":false,"elType":"column"}],"isInner":false,"elType":"section"},{"id":"26fc3cf5","settings":{"gap":"extended"},"elements":[{"id":"602c5de0","settings":{"_column_size":100},"elements":[{"id":"7ab754da","settings":{"space_mobile":{"unit":"px","size":30,"sizes":[]}},"elements":[],"isInner":false,"widgetType":"spacer","elType":"widget"},{"id":"47c23a93","settings":{"title":"Popular Smartphones & Tablets","header":"4","link_group":[],"product_cats":["smartphones","tablets"],"view_all_text":"","heading_padding":{"unit":"px","top":"16","right":"20","bottom":"16","left":"20","isLinked":false},"heading_background_color":"#f4f4f4","title_typography_typography":"custom","title_typography_font_size":{"unit":"px","size":20,"sizes":[]},"view_all_link":{"url":"","is_external":true,"nofollow":true},"navigation_tablet":"dots","heading_padding_mobile":{"unit":"px","top":"10","right":"10","bottom":"10","left":"10","isLinked":true},"title_typography_font_size_mobile":{"unit":"px","size":18,"sizes":[]},"show_product_links_mobile":"none","products_dots_active_background":"#0071df"},"elements":[],"isInner":false,"widgetType":"martfury-products-carousel","elType":"widget"},{"id":"441e6a97","settings":{"space":{"unit":"px","size":30,"sizes":[]}},"elements":[],"isInner":false,"widgetType":"spacer","elType":"widget"}],"isInner":false,"elType":"column"}],"isInner":false,"elType":"section"},{"id":"76b8f679","settings":{"gap":"extended"},"elements":[{"id":"6bbf5510","settings":{"_column_size":100},"elements":[{"id":"72b198f2","settings":{"space":{"unit":"px","size":30,"sizes":[]}},"elements":[],"isInner":false,"widgetType":"spacer","elType":"widget"},{"id":"5fb693ff","settings":{"title":"Best Seller Laptops & Sounds","header":"4","link_group":[],"product_cats":["laptops","sounds"],"view_all_text":"","heading_padding":{"unit":"px","top":"16","right":"20","bottom":"16","left":"20","isLinked":false},"heading_background_color":"#f4f4f4","title_typography_typography":"custom","title_typography_font_size":{"unit":"px","size":20,"sizes":[]},"view_all_link":{"url":"","is_external":true,"nofollow":true},"navigation_tablet":"dots","heading_padding_mobile":{"unit":"px","top":"10","right":"10","bottom":"10","left":"10","isLinked":true},"title_typography_font_size_mobile":{"unit":"px","size":18,"sizes":[]},"show_product_links_mobile":"none","products_dots_active_background":"#0071df"},"elements":[],"isInner":false,"widgetType":"martfury-products-carousel","elType":"widget"},{"id":"59b53394","settings":{"space":{"unit":"px","size":30,"sizes":[]}},"elements":[],"isInner":false,"widgetType":"spacer","elType":"widget"}],"isInner":false,"elType":"column"}],"isInner":false,"elType":"section"},{"id":"8a1b51","settings":{"gap":"extended"},"elements":[{"id":"220f5fff","settings":{"_column_size":100},"elements":[{"id":"674950aa","settings":{"space":{"unit":"px","size":30,"sizes":[]}},"elements":[],"isInner":false,"widgetType":"spacer","elType":"widget"},{"id":"297e132f","settings":{"title":"Technology Toys Recommended For You","header":"4","link_group":[],"product_cats":["technology-toys"],"view_all_text":"","heading_padding":{"unit":"px","top":"16","right":"20","bottom":"16","left":"20","isLinked":false},"heading_background_color":"#f4f4f4","title_typography_typography":"custom","title_typography_font_size":{"unit":"px","size":20,"sizes":[]},"view_all_link":{"url":"","is_external":true,"nofollow":true},"navigation_tablet":"dots","heading_padding_mobile":{"unit":"px","top":"10","right":"10","bottom":"10","left":"10","isLinked":true},"title_typography_font_size_mobile":{"unit":"px","size":18,"sizes":[]},"show_product_links_mobile":"none","products_dots_active_background":"#0071df"},"elements":[],"isInner":false,"widgetType":"martfury-products-carousel","elType":"widget"},{"id":"4940ef94","settings":{"space":{"unit":"px","size":30,"sizes":[]}},"elements":[],"isInner":false,"widgetType":"spacer","elType":"widget"}],"isInner":false,"elType":"column"}],"isInner":false,"elType":"section"},{"id":"52d91057","settings":{"gap":"extended"},"elements":[{"id":"3de85853","settings":{"_column_size":100},"elements":[{"id":"1cf0517d","settings":{"space":{"unit":"px","size":30,"sizes":[]}},"elements":[],"isInner":false,"widgetType":"spacer","elType":"widget"},{"id":"544801e6","settings":{"title":"Good Price Accessories","header":"2","link_group":[],"heading_padding":{"unit":"px","top":"16","right":"20","bottom":"16","left":"20","isLinked":false},"heading_space":{"unit":"px","size":"","sizes":[]},"heading_background_color":"#f4f4f4","heading_border_color":"rgb(225,225,225)","title_typography_typography":"custom","title_typography_font_size":{"unit":"px","size":20,"sizes":[]}},"elements":[],"isInner":false,"widgetType":"martfury-products-list","elType":"widget"},{"id":"54654c33","settings":{"space":{"unit":"px","size":30,"sizes":[]}},"elements":[],"isInner":false,"widgetType":"spacer","elType":"widget"}],"isInner":false,"elType":"column"}],"isInner":false,"elType":"section"}]}