{"version":"0.4","title":"Home Technology","type":"page","content":[{"id":"1070e855","settings":{"stretch_section":"section-stretched","layout":"full_width"},"elements":[{"id":"250057ce","settings":{"_column_size":100},"elements":[{"id":"427c84bf","settings":{"slides":[{"subtitle":"","heading":"Special Offer","description":"<p>MINI HELICOPTER<br \/>DRONE 4 CHANNELS<br \/>SALE <span style=\"font-weight: 600; color: #f04704;\">40% Off <\/span><\/p>","button_text":"Shop Now","background_color":"#f4f5f5","_id":"38b4454","background_image":{"id":2799,"url":"http:\/\/demo2.drfuri.com\/martfury16\/wp-content\/uploads\/sites\/57\/revslider\/home_technology1\/slide1.jpg"},"background_size":"cover","background_ken_burns":"","zoom_direction":"out","background_overlay":"","background_overlay_color":"rgba(0,0,0,0.5)","background_overlay_blend_mode":"","link":{"url":"#","is_external":"","nofollow":""},"link_click":"button","price_box_type":"text","price_box_text":"","price_box_image":{"url":"","id":""},"price_box_image_size":"full","price_box_image_custom_dimension":{"width":"","height":""},"custom_style":"","horizontal_position":"","vertical_position":"","text_align":"","subtitle_custom_color":"","heading_custom_color":"","content_custom_color":"","button_custom_color":"","button_custom_bg_color":"","price_box_custom_color":"","price_box_custom_bg_color":"","background_image_tablet":{"url":"","id":""},"background_image_mobile":{"url":"","id":""},"background_size_tablet":"","background_size_mobile":"","background_position":"","background_position_tablet":"","background_position_mobile":"","background_position_custom":{"unit":"px","top":"","right":"","bottom":"","left":"","isLinked":true},"background_position_custom_tablet":{"unit":"px","top":"","right":"","bottom":"","left":"","isLinked":true},"background_position_custom_mobile":{"unit":"px","top":"","right":"","bottom":"","left":"","isLinked":true}},{"subtitle":"","heading":"Limited Edition ","description":"<p>ILUV AUD MINI<br \/>ULTRA SLIM POCKET-SIZED<br \/>SPEAKER JUST <span style=\"font-weight: 600; color: #669900;\">$599<\/span><\/p>","button_text":"Shop Now","background_color":"#f4f5f5","_id":"aed6e78","background_image":{"id":2800,"url":"http:\/\/demo2.drfuri.com\/martfury16\/wp-content\/uploads\/sites\/57\/revslider\/home_technology1\/slide2.jpg"},"background_size":"cover","background_ken_burns":"","zoom_direction":"out","background_overlay":"","background_overlay_color":"rgba(0,0,0,0.5)","background_overlay_blend_mode":"","link":{"url":"#","is_external":"","nofollow":""},"link_click":"button","price_box_type":"text","price_box_text":"","price_box_image":{"url":"","id":""},"price_box_image_size":"full","price_box_image_custom_dimension":{"width":"","height":""},"custom_style":"","horizontal_position":"","vertical_position":"","text_align":"","subtitle_custom_color":"","heading_custom_color":"","content_custom_color":"","button_custom_color":"","button_custom_bg_color":"","price_box_custom_color":"","price_box_custom_bg_color":"","background_image_tablet":{"url":"","id":""},"background_image_mobile":{"url":"","id":""},"background_size_tablet":"","background_size_mobile":"","background_position":"","background_position_tablet":"","background_position_mobile":"","background_position_custom":{"unit":"px","top":"","right":"","bottom":"","left":"","isLinked":true},"background_position_custom_tablet":{"unit":"px","top":"","right":"","bottom":"","left":"","isLinked":true},"background_position_custom_mobile":{"unit":"px","top":"","right":"","bottom":"","left":"","isLinked":true}}],"slides_height":{"unit":"px","size":358,"sizes":[]},"content_animation":"fadeIn","transition":"fade","content_max_width":{"unit":"px","size":860,"sizes":[]},"slides_padding":{"unit":"%","top":"","right":"","bottom":"","left":"","isLinked":true},"arrows_spacing":{"unit":"px","size":0,"sizes":[]},"navigation":"arrows","navigation_tablet":"dots","navigation_mobile":"dots","autoplay_speed":8000,"transition_speed":800,"content_max_width_tablet":{"unit":"%","size":100,"sizes":[]},"slides_padding_tablet":{"unit":"px","top":"0","right":"0","bottom":"0","left":"30","isLinked":false},"heading_typography_typography":"custom","heading_typography_font_size_tablet":{"unit":"px","size":16,"sizes":[]},"dots_background_color":"#ffffff","dots_hover_background_color":"#ffffff","dots_active_background_color":"#000000","slides_padding_mobile":{"unit":"px","top":"15","right":"15","bottom":"15","left":"15","isLinked":true},"heading_typography_font_size_mobile":{"unit":"px","size":16,"sizes":[]},"heading_color":"#0099cc","heading_typography_font_size":{"unit":"px","size":16,"sizes":[]},"heading_typography_font_weight":"600","description_spacing":{"unit":"px","size":30,"sizes":[]},"description_color":"#000000","description_typography_typography":"custom","description_typography_font_size":{"unit":"px","size":36,"sizes":[]},"description_typography_font_weight":"400","description_typography_line_height":{"unit":"em","size":1.1,"sizes":[]},"button_padding":{"unit":"px","top":"12","right":"20","bottom":"12","left":"20","isLinked":false},"button_text_color":"#ffffff","button_background_color":"#0071df","slides_height_mobile":{"unit":"px","size":320,"sizes":[]},"description_typography_font_size_tablet":{"unit":"px","size":30,"sizes":[]},"description_typography_font_size_mobile":{"unit":"px","size":24,"sizes":[]}},"elements":[],"isInner":false,"widgetType":"martfury-slides","elType":"widget"}],"isInner":false,"elType":"column"}],"isInner":false,"elType":"section"},{"id":"cd7a15a","settings":{"gap":"extended"},"elements":[{"id":"5da6272a","settings":{"_column_size":100},"elements":[{"id":"38559cf2","settings":{"space":{"unit":"px","size":45,"sizes":[]}},"elements":[],"isInner":false,"widgetType":"spacer","elType":"widget"},{"id":"2de679f0","settings":{"icons":[{"icon":"icon-rocket","title":"Free Delivery","desc":"For all oders over $99","_id":"f4830d7","link":{"url":"","is_external":true,"nofollow":true}},{"icon":"icon-sync","title":"90 Days Return","desc":"If goods have problems","_id":"bf66e20","link":{"url":"","is_external":true,"nofollow":true}},{"icon":"icon-credit-card","title":"Secure Payment","desc":"100% secure payment","_id":"95f739b","link":{"url":"","is_external":true,"nofollow":true}},{"icon":"icon-bubbles","title":"24\/7 Support","desc":"Dedicated support","_id":"5dbfc2e","link":{"url":"","is_external":true,"nofollow":true}}],"icon_color":"#0071df","columns_tablet":"2","columns_mobile":"1","content_bottom_spacing_tablet":{"unit":"px","size":10,"sizes":[]},"sep_width_mobile":{"unit":"px","size":0,"sizes":[]},"sep_height_mobile":{"unit":"px","size":0,"sizes":[]}},"elements":[],"isInner":false,"widgetType":"martfury-icons-list","elType":"widget"},{"id":"48a59ae9","settings":{"space":{"unit":"px","size":65,"sizes":[]}},"elements":[],"isInner":false,"widgetType":"spacer","elType":"widget"}],"isInner":false,"elType":"column"}],"isInner":false,"elType":"section"},{"id":"1adef86f","settings":{"gap":"extended"},"elements":[{"id":"5fb546ec","settings":{"_column_size":100},"elements":[{"id":"1f0c1776","settings":{"title":"Deals Of The Day","ends_in":"Ends In","view_all_text":"View All","navigation_tablet":"dots","heading_title_typography_typography":"custom","heading_title_typography_font_size_mobile":{"unit":"px","size":22,"sizes":[]},"show_ends_in_mobile":"none","show_heading_view_all_mobile":"none"},"elements":[],"isInner":false,"widgetType":"martfury-product-deals-carousel","elType":"widget"},{"id":"1b372726","settings":{"space":{"unit":"px","size":45,"sizes":[]}},"elements":[],"isInner":false,"widgetType":"spacer","elType":"widget"}],"isInner":false,"elType":"column"}],"isInner":false,"elType":"section"},{"id":"4fc6025a","settings":{"gap":"extended","structure":"20"},"elements":[{"id":"648357c3","settings":{"_column_size":50,"_inline_size":null},"elements":[{"id":"3f6afbcd","settings":{"layout":"2","image":{"url":"http:\/\/demo2.drfuri.com\/martfury16\/wp-content\/uploads\/sites\/57\/2018\/05\/b10.jpg","id":2752},"title":"Holder\n& Charger","desc":"Just <span style=\"color: #669900; font-weight: 600;\">$159.99<\/span>","button_text":"Shop Now","link":{"url":"http:\/\/demo2.drfuri.com\/martfury16\/shop\/iqos-2-4-plus-kit-holder-chargers-white\/","is_external":true,"nofollow":true},"highlight_title":"iQOS 2.4 ","banner_border_border":"solid","banner_border_width":{"unit":"px","top":"1","right":"1","bottom":"1","left":"1","isLinked":true},"banner_border_color":"rgba(0,0,0,0.15)","button_text_color":"#ffffff","button_background_color":"#0066cc"},"elements":[],"isInner":false,"widgetType":"martfury-banner-medium","elType":"widget"},{"id":"4ec9839c","settings":{"space":{"unit":"px","size":30,"sizes":[]}},"elements":[],"isInner":false,"widgetType":"spacer","elType":"widget"}],"isInner":false,"elType":"column"},{"id":"aa49715","settings":{"_column_size":50,"_inline_size":null},"elements":[{"id":"63e500b7","settings":{"layout":"2","image":{"url":"http:\/\/demo2.drfuri.com\/martfury16\/wp-content\/uploads\/sites\/57\/2018\/05\/b2.jpg","id":2726},"title":"iPhone X 128GB\nRetina Display","desc":"<p><span style=\"color: #f30; font-weight: 600;\">25%<\/span> Off<\/p>","button_text":"Shop Now","link":{"url":"http:\/\/demo2.drfuri.com\/martfury16\/shop\/apple-iphone-x-256gb-t-mobile-black\/","is_external":true,"nofollow":true},"highlight_title":"","banner_border_border":"solid","banner_border_width":{"unit":"px","top":"1","right":"1","bottom":"1","left":"1","isLinked":true},"banner_border_color":"rgba(0,0,0,0.15)","heading_typography_typography":"custom","heading_typography_font_size":{"unit":"px","size":24,"sizes":[]},"heading_typography_font_weight":"600","button_text_color":"#ffffff","button_background_color":"#0071df"},"elements":[],"isInner":false,"widgetType":"martfury-banner-medium","elType":"widget"},{"id":"4692f7fe","settings":{"space":{"unit":"px","size":30,"sizes":[]}},"elements":[],"isInner":false,"widgetType":"spacer","elType":"widget"}],"isInner":false,"elType":"column"}],"isInner":false,"elType":"section"},{"id":"77131f68","settings":{"gap":"extended"},"elements":[{"id":"1a206b35","settings":{"_column_size":100},"elements":[{"id":"510a02ec","settings":{"title":"Top Categories Of The Month","title_color":"#000000","typography_typography":"custom","typography_font_family":"Work Sans","typography_font_size":{"unit":"px","size":20,"sizes":[]},"typography_font_weight":"600","typography_line_height":{"unit":"em","size":1,"sizes":[]},"_margin":{"unit":"px","top":"0","right":"0","bottom":"20","left":"0","isLinked":false}},"elements":[],"isInner":false,"widgetType":"heading","elType":"widget"}],"isInner":false,"elType":"column"}],"isInner":false,"elType":"section"},{"id":"3561702c","settings":{"gap":"extended","structure":"60","padding_mobile":{"unit":"px","top":"0","right":"12.5","bottom":"0","left":"12.5","isLinked":false}},"elements":[{"id":"1db87c5b","settings":{"_column_size":16,"_inline_size":null,"_inline_size_tablet":33.3333,"_inline_size_mobile":33.33,"padding_mobile":{"unit":"px","top":"0","right":"2.5","bottom":"0","left":"2.5","isLinked":false}},"elements":[{"id":"4638affb","settings":{"style":"2","image":{"url":"http:\/\/demo2.drfuri.com\/martfury16\/wp-content\/uploads\/sites\/57\/2018\/05\/c1.jpg","id":2727},"title":"Smart Phones","enable_subtitles":"","subtitles":[],"image_size":"custom","image_custom_dimension":{"width":"170","height":"170"},"image_position":"top","text_align":"center","heading_title_spacing":{"unit":"px","size":0,"sizes":[]},"min_height_mobile":{"unit":"px","size":170,"sizes":[]},"hover_border_color":"#0071df","title_border_color":"#0071df","title_typography_typography":"custom","title_typography_font_size_mobile":{"unit":"px","size":14,"sizes":[]}},"elements":[],"isInner":false,"widgetType":"martfury-image-box","elType":"widget"},{"id":"36ddf75d","settings":{"space":{"unit":"px","size":30,"sizes":[]},"space_mobile":{"unit":"px","size":5,"sizes":[]}},"elements":[],"isInner":false,"widgetType":"spacer","elType":"widget"}],"isInner":false,"elType":"column"},{"id":"11cf3fae","settings":{"_column_size":16,"_inline_size":null,"_inline_size_tablet":33.3333,"_inline_size_mobile":33.33,"padding_mobile":{"unit":"px","top":"0","right":"2.5","bottom":"0","left":"2.5","isLinked":false}},"elements":[{"id":"49da6c86","settings":{"style":"2","image":{"url":"http:\/\/demo2.drfuri.com\/martfury16\/wp-content\/uploads\/sites\/57\/2018\/05\/c2.jpg","id":2728},"title":"Tablets","enable_subtitles":"","subtitles":[],"image_size":"custom","image_custom_dimension":{"width":"170","height":"170"},"image_position":"top","text_align":"center","heading_title_spacing":{"unit":"px","size":0,"sizes":[]},"min_height_mobile":{"unit":"px","size":170,"sizes":[]},"hover_border_color":"#0071df","title_border_color":"#0071df","title_typography_typography":"custom","title_typography_font_size_mobile":{"unit":"px","size":14,"sizes":[]}},"elements":[],"isInner":false,"widgetType":"martfury-image-box","elType":"widget"},{"id":"3e286cb8","settings":{"space":{"unit":"px","size":30,"sizes":[]},"space_mobile":{"unit":"px","size":5,"sizes":[]}},"elements":[],"isInner":false,"widgetType":"spacer","elType":"widget"}],"isInner":false,"elType":"column"},{"id":"6db5b673","settings":{"_column_size":16,"_inline_size":null,"_inline_size_tablet":33.3333,"_inline_size_mobile":33.33,"padding_mobile":{"unit":"px","top":"0","right":"2.5","bottom":"0","left":"2.5","isLinked":false}},"elements":[{"id":"614b1cca","settings":{"style":"2","image":{"url":"http:\/\/demo2.drfuri.com\/martfury16\/wp-content\/uploads\/sites\/57\/2018\/05\/c3.jpg","id":2729},"title":"Laptops","enable_subtitles":"","subtitles":[],"image_size":"custom","image_custom_dimension":{"width":"170","height":"170"},"image_position":"top","text_align":"center","heading_title_spacing":{"unit":"px","size":0,"sizes":[]},"min_height_mobile":{"unit":"px","size":170,"sizes":[]},"hover_border_color":"#0071df","title_border_color":"#0071df","title_typography_typography":"custom","title_typography_font_size_mobile":{"unit":"px","size":14,"sizes":[]}},"elements":[],"isInner":false,"widgetType":"martfury-image-box","elType":"widget"},{"id":"5364f6a4","settings":{"space":{"unit":"px","size":30,"sizes":[]},"space_mobile":{"unit":"px","size":5,"sizes":[]}},"elements":[],"isInner":false,"widgetType":"spacer","elType":"widget"}],"isInner":false,"elType":"column"},{"id":"17a22668","settings":{"_column_size":16,"_inline_size":null,"_inline_size_tablet":33.3333,"_inline_size_mobile":33.33,"padding_mobile":{"unit":"px","top":"0","right":"2.5","bottom":"0","left":"2.5","isLinked":false}},"elements":[{"id":"4d223fbc","settings":{"style":"2","image":{"url":"http:\/\/demo2.drfuri.com\/martfury16\/wp-content\/uploads\/sites\/57\/2018\/05\/c4.jpg","id":2730},"title":"Sounds","enable_subtitles":"","subtitles":[],"image_size":"custom","image_custom_dimension":{"width":"170","height":"170"},"image_position":"top","text_align":"center","heading_title_spacing":{"unit":"px","size":0,"sizes":[]},"min_height_mobile":{"unit":"px","size":170,"sizes":[]},"hover_border_color":"#0071df","title_border_color":"#0071df","title_typography_typography":"custom","title_typography_font_size_mobile":{"unit":"px","size":14,"sizes":[]}},"elements":[],"isInner":false,"widgetType":"martfury-image-box","elType":"widget"},{"id":"772e0a95","settings":{"space":{"unit":"px","size":30,"sizes":[]}},"elements":[],"isInner":false,"widgetType":"spacer","elType":"widget"}],"isInner":false,"elType":"column"},{"id":"35bd7517","settings":{"_column_size":16,"_inline_size":null,"_inline_size_tablet":33.3333,"_inline_size_mobile":33.33,"padding_mobile":{"unit":"px","top":"0","right":"2.5","bottom":"0","left":"2.5","isLinked":false}},"elements":[{"id":"1e345c3b","settings":{"style":"2","image":{"url":"http:\/\/demo2.drfuri.com\/martfury16\/wp-content\/uploads\/sites\/57\/2018\/05\/c5.jpg","id":2731},"title":"Technology Toys","enable_subtitles":"","subtitles":[],"image_size":"custom","image_custom_dimension":{"width":"170","height":"170"},"image_position":"top","text_align":"center","heading_title_spacing":{"unit":"px","size":0,"sizes":[]},"min_height_mobile":{"unit":"px","size":170,"sizes":[]},"hover_border_color":"#0071df","title_border_color":"#0071df","title_typography_typography":"custom","title_typography_font_size_mobile":{"unit":"px","size":14,"sizes":[]}},"elements":[],"isInner":false,"widgetType":"martfury-image-box","elType":"widget"},{"id":"2ae3d520","settings":{"space":{"unit":"px","size":30,"sizes":[]}},"elements":[],"isInner":false,"widgetType":"spacer","elType":"widget"}],"isInner":false,"elType":"column"},{"id":"7b6beb67","settings":{"_column_size":16,"_inline_size":null,"_inline_size_tablet":33.3333,"_inline_size_mobile":33.33,"padding_mobile":{"unit":"px","top":"0","right":"2.5","bottom":"0","left":"2.5","isLinked":false}},"elements":[{"id":"1863e8c8","settings":{"style":"2","image":{"url":"http:\/\/demo2.drfuri.com\/martfury16\/wp-content\/uploads\/sites\/57\/2018\/05\/c6.jpg","id":2732},"title":"Accessories","enable_subtitles":"","subtitles":[],"image_size":"custom","image_custom_dimension":{"width":"170","height":"170"},"image_position":"top","text_align":"center","heading_title_spacing":{"unit":"px","size":0,"sizes":[]},"min_height_mobile":{"unit":"px","size":170,"sizes":[]},"hover_border_color":"#0071df","title_border_color":"#0071df","title_typography_typography":"custom","title_typography_font_size_mobile":{"unit":"px","size":14,"sizes":[]}},"elements":[],"isInner":false,"widgetType":"martfury-image-box","elType":"widget"},{"id":"56c83444","settings":{"space":{"unit":"px","size":30,"sizes":[]}},"elements":[],"isInner":false,"widgetType":"spacer","elType":"widget"}],"isInner":false,"elType":"column"}],"isInner":false,"elType":"section"},{"id":"58449772","settings":{"gap":"extended"},"elements":[{"id":"7ef40ca7","settings":{"_column_size":100},"elements":[{"id":"2ae786e8","settings":{"space_mobile":{"unit":"px","size":30,"sizes":[]}},"elements":[],"isInner":false,"widgetType":"spacer","elType":"widget"},{"id":"33cb80dd","settings":{"title":"Popular Smartphones & Tablets","header":"4","link_group":[{"title":" Iphone","link":{"url":"http:\/\/demo2.drfuri.com\/martfury16\/product-category\/smartphones\/mobile-phone\/","is_external":true,"nofollow":true},"_id":"804291b"},{"title":"Samsung","link":{"url":"http:\/\/demo2.drfuri.com\/martfury16\/product-category\/smartphones\/?product_brand=samsung","is_external":true,"nofollow":true},"_id":"055aee1"},{"title":"Sony","link":{"url":"http:\/\/demo2.drfuri.com\/martfury16\/product-category\/smartphones\/?product_brand=sony","is_external":true,"nofollow":true},"_id":"8c36b7e"},{"title":"View All","link":{"url":"#","is_external":true,"nofollow":true},"_id":"d20adb4"}],"product_cats":["smartphones","tablets"],"view_all_text":"","heading_padding":{"unit":"px","top":"16","right":"20","bottom":"16","left":"20","isLinked":false},"heading_background_color":"#f4f4f4","title_typography_typography":"custom","title_typography_font_size":{"unit":"px","size":20,"sizes":[]},"view_all_link":{"url":"","is_external":true,"nofollow":true},"navigation_tablet":"dots","heading_padding_mobile":{"unit":"px","top":"10","right":"10","bottom":"10","left":"10","isLinked":true},"title_typography_font_size_mobile":{"unit":"px","size":18,"sizes":[]},"show_product_links_mobile":"none","products_dots_active_background":"#0071df"},"elements":[],"isInner":false,"widgetType":"martfury-products-carousel","elType":"widget"},{"id":"1bfcd14b","settings":{"space":{"unit":"px","size":30,"sizes":[]}},"elements":[],"isInner":false,"widgetType":"spacer","elType":"widget"}],"isInner":false,"elType":"column"}],"isInner":false,"elType":"section"},{"id":"1313457c","settings":{"gap":"extended"},"elements":[{"id":"7afb3189","settings":{"_column_size":100},"elements":[{"id":"2824b681","settings":{"space":{"unit":"px","size":30,"sizes":[]}},"elements":[],"isInner":false,"widgetType":"spacer","elType":"widget"},{"id":"1f7d1cfc","settings":{"title":"Best Seller Laptops & Sounds","header":"4","link_group":[{"title":"Laptop Apple","link":{"url":"http:\/\/demo2.drfuri.com\/martfury16\/product-category\/laptops\/?product_brand=apple","is_external":true,"nofollow":true},"_id":"804291b"},{"title":"Laptop Asus","link":{"url":"http:\/\/demo2.drfuri.com\/martfury16\/product-category\/sounds\/","is_external":true,"nofollow":true},"_id":"055aee1"},{"title":"Marshall Speaker","link":{"url":"http:\/\/demo2.drfuri.com\/martfury16\/product-category\/smartphones\/?product_brand=sony","is_external":true,"nofollow":true},"_id":"8c36b7e"},{"title":"JBL Speaker","link":{"url":"http:\/\/demo2.drfuri.com\/martfury16\/product-category\/sounds\/","is_external":true,"nofollow":true},"_id":"cb5cc08"},{"title":"View All","link":{"url":"#","is_external":true,"nofollow":true},"_id":"84a46a1"}],"product_cats":["laptops","sounds"],"view_all_text":"","heading_padding":{"unit":"px","top":"16","right":"20","bottom":"16","left":"20","isLinked":false},"heading_background_color":"#f4f4f4","title_typography_typography":"custom","title_typography_font_size":{"unit":"px","size":20,"sizes":[]},"view_all_link":{"url":"","is_external":true,"nofollow":true},"navigation_tablet":"dots","heading_padding_mobile":{"unit":"px","top":"10","right":"10","bottom":"10","left":"10","isLinked":true},"title_typography_font_size_mobile":{"unit":"px","size":18,"sizes":[]},"show_product_links_mobile":"none","products_dots_active_background":"#0071df"},"elements":[],"isInner":false,"widgetType":"martfury-products-carousel","elType":"widget"},{"id":"670b4e76","settings":{"space":{"unit":"px","size":30,"sizes":[]}},"elements":[],"isInner":false,"widgetType":"spacer","elType":"widget"}],"isInner":false,"elType":"column"}],"isInner":false,"elType":"section"},{"id":"24a01974","settings":{"gap":"extended"},"elements":[{"id":"3d7cf183","settings":{"_column_size":100},"elements":[{"id":"1512dffc","settings":{"space":{"unit":"px","size":30,"sizes":[]}},"elements":[],"isInner":false,"widgetType":"spacer","elType":"widget"},{"id":"6a25339c","settings":{"title":"Technology Toys Recommended For You","header":"4","link_group":[{"title":"Micro ","link":{"url":"http:\/\/demo2.drfuri.com\/martfury16\/product-category\/technology-toys\/micro\/","is_external":true,"nofollow":true},"_id":"804291b"},{"title":"Drone\/Flycam ","link":{"url":"http:\/\/demo2.drfuri.com\/martfury16\/product-category\/technology-toys\/drone-flycam\/","is_external":true,"nofollow":true},"_id":"055aee1"},{"title":"Microphone ","link":{"url":"http:\/\/demo2.drfuri.com\/martfury16\/product-category\/technology-toys\/microphone\/","is_external":true,"nofollow":true},"_id":"8c36b7e"},{"title":" iQOS Holder ","link":{"url":"http:\/\/demo2.drfuri.com\/martfury16\/product-category\/technology-toys\/iqos-holder\/","is_external":true,"nofollow":true},"_id":"cb5cc08"},{"title":"View All","link":{"url":"#","is_external":true,"nofollow":true},"_id":"50bfb00"}],"product_cats":["technology-toys"],"view_all_text":"","heading_padding":{"unit":"px","top":"16","right":"20","bottom":"16","left":"20","isLinked":false},"heading_background_color":"#f4f4f4","title_typography_typography":"custom","title_typography_font_size":{"unit":"px","size":20,"sizes":[]},"view_all_link":{"url":"","is_external":true,"nofollow":true},"navigation_tablet":"dots","heading_padding_mobile":{"unit":"px","top":"10","right":"10","bottom":"10","left":"10","isLinked":true},"title_typography_font_size_mobile":{"unit":"px","size":17,"sizes":[]},"show_product_links_mobile":"none","products_dots_active_background":"#0071df"},"elements":[],"isInner":false,"widgetType":"martfury-products-carousel","elType":"widget"},{"id":"3db72202","settings":{"space":{"unit":"px","size":30,"sizes":[]}},"elements":[],"isInner":false,"widgetType":"spacer","elType":"widget"}],"isInner":false,"elType":"column"}],"isInner":false,"elType":"section"},{"id":"2f692836","settings":{"gap":"extended"},"elements":[{"id":"7388c6ea","settings":{"_column_size":100},"elements":[{"id":"40fa7609","settings":{"space":{"unit":"px","size":30,"sizes":[]}},"elements":[],"isInner":false,"widgetType":"spacer","elType":"widget"},{"id":"218e16e2","settings":{"title":"Good Price Accessories","header":"2","link_group":[{"title":"HeadPhone","link":{"url":"http:\/\/demo2.drfuri.com\/martfury16\/product-category\/accessories\/headphone\/","is_external":true,"nofollow":true},"_id":"c0af8d7"},{"title":"Case","link":{"url":"http:\/\/demo2.drfuri.com\/martfury16\/product-category\/accessories\/case\/","is_external":true,"nofollow":true},"_id":"8e46afc"},{"title":"USB - Hard Drive ","link":{"url":"http:\/\/demo2.drfuri.com\/martfury16\/product-category\/accessories\/usb-hard-drive\/","is_external":true,"nofollow":true},"_id":"94ee654"},{"title":"TV Box","link":{"url":"http:\/\/demo2.drfuri.com\/martfury16\/product-category\/accessories\/tv-box\/","is_external":true,"nofollow":true},"_id":"ffe7dfd"},{"title":"Mouse ","link":{"url":"http:\/\/demo2.drfuri.com\/martfury16\/product-category\/accessories\/mouse\/","is_external":true,"nofollow":true},"_id":"c91a83a"},{"title":"View All","link":{"url":"http:\/\/demo2.drfuri.com\/martfury16\/product-category\/accessories\/","is_external":true,"nofollow":true},"_id":"d8df54e"}],"heading_padding":{"unit":"px","top":"16","right":"20","bottom":"16","left":"20","isLinked":false},"heading_space":{"unit":"px","size":"","sizes":[]},"heading_background_color":"#f4f4f4","heading_border_color":"rgb(225,225,225)","title_typography_typography":"custom","title_typography_font_size":{"unit":"px","size":20,"sizes":[]},"show_product_links_mobile":"none"},"elements":[],"isInner":false,"widgetType":"martfury-products-list","elType":"widget"},{"id":"53c4a74b","settings":{"space":{"unit":"px","size":30,"sizes":[]}},"elements":[],"isInner":false,"widgetType":"spacer","elType":"widget"}],"isInner":false,"elType":"column"}],"isInner":false,"elType":"section"}]}