{"version":"0.4","title":"Home Auto Parts","type":"page","content":[{"id":"489f96ea","settings":{"stretch_section":"section-stretched","layout":"full_width","gap":"no"},"elements":[{"id":"5c7fd6f9","settings":{"_column_size":100},"elements":[{"id":"15191a70","settings":{"slides":[{"subtitle":"VERSION 2018","heading":"DUNLOP TIRES<br>\nFASTER ","description":"<p>New version 2018 with many powerful features.<br \/><span style=\"color: #000000; font-size: 16px; font-weight: 600;\">Faster, Friction better &amp; Cheap Price<\/span><\/p>","button_text":"Shop Now","background_color":"#f4f5f5","_id":"38b4454","background_image":{"id":2792,"url":"http:\/\/demo2.drfuri.com\/martfury17\/wp-content\/uploads\/sites\/58\/revslider\/home_auto_parts1\/s4.jpg"},"background_size":"cover","background_ken_burns":"","zoom_direction":"out","background_overlay":"","background_overlay_color":"rgba(0,0,0,0.5)","background_overlay_blend_mode":"","link":{"url":"#","is_external":"","nofollow":""},"link_click":"button","price_box_type":"text","price_box_text":"","price_box_image":{"url":"","id":""},"price_box_image_size":"full","price_box_image_custom_dimension":{"width":"","height":""},"custom_style":"","horizontal_position":"","vertical_position":"","text_align":"","subtitle_custom_color":"","heading_custom_color":"","content_custom_color":"","button_custom_color":"","button_custom_bg_color":"","price_box_custom_color":"","price_box_custom_bg_color":"","background_image_tablet":{"url":"","id":""},"background_image_mobile":{"url":"","id":""},"background_size_tablet":"","background_size_mobile":"","background_position":"","background_position_tablet":"","background_position_mobile":"","background_position_custom":{"unit":"px","top":"","right":"","bottom":"","left":"","isLinked":true},"background_position_custom_tablet":{"unit":"px","top":"","right":"","bottom":"","left":"","isLinked":true},"background_position_custom_mobile":{"unit":"px","top":"","right":"","bottom":"","left":"","isLinked":true}},{"subtitle":"SPECIAL OFFER ","heading":"CASTROL<br>\nMOTOR OILS ","description":"<p>Combo 3 Motor oil bottles with price<br \/>Just <span style=\"color: #df2100; font-size: 16px; font-weight: 600;\">$150.00 <\/span><span style=\"color: #000000; font-size: 16px; font-weight: 600;\">. Limited Offer! <\/span><\/p>","button_text":"Shop Now","background_color":"#f4f5f5","_id":"e7d78e3","background_image":{"id":2793,"url":"http:\/\/demo2.drfuri.com\/martfury17\/wp-content\/uploads\/sites\/58\/revslider\/home_auto_parts1\/s5.jpg"},"background_size":"cover","background_ken_burns":"","zoom_direction":"out","background_overlay":"","background_overlay_color":"rgba(0,0,0,0.5)","background_overlay_blend_mode":"","link":{"url":"#","is_external":"","nofollow":""},"link_click":"button","price_box_type":"text","price_box_text":"","price_box_image":{"url":"","id":""},"price_box_image_size":"full","price_box_image_custom_dimension":{"width":"","height":""},"custom_style":"","horizontal_position":"","vertical_position":"","text_align":"","subtitle_custom_color":"","heading_custom_color":"","content_custom_color":"","button_custom_color":"","button_custom_bg_color":"","price_box_custom_color":"","price_box_custom_bg_color":"","background_image_tablet":{"url":"","id":""},"background_image_mobile":{"url":"","id":""},"background_size_tablet":"","background_size_mobile":"","background_position":"","background_position_tablet":"","background_position_mobile":"","background_position_custom":{"unit":"px","top":"","right":"","bottom":"","left":"","isLinked":true},"background_position_custom_tablet":{"unit":"px","top":"","right":"","bottom":"","left":"","isLinked":true},"background_position_custom_mobile":{"unit":"px","top":"","right":"","bottom":"","left":"","isLinked":true}}],"slides_height":{"unit":"px","size":430,"sizes":[]},"content_animation":"fadeIn","transition":"fade","content_max_width":{"unit":"px","size":700,"sizes":[]},"slides_padding":{"unit":"%","top":"","right":"","bottom":"","left":"","isLinked":true},"arrows_spacing":{"unit":"px","size":0,"sizes":[]},"navigation":"arrows","navigation_tablet":"dots","navigation_mobile":"dots","autoplay_speed":8000,"transition_speed":800,"content_max_width_tablet":{"unit":"%","size":100,"sizes":[]},"slides_padding_tablet":{"unit":"px","top":"0","right":"0","bottom":"0","left":"30","isLinked":false},"heading_typography_typography":"custom","heading_typography_font_size_tablet":{"unit":"px","size":48,"sizes":[]},"dots_background_color":"#ffffff","dots_hover_background_color":"#ffffff","dots_active_background_color":"#000000","slides_padding_mobile":{"unit":"px","top":"15","right":"15","bottom":"15","left":"15","isLinked":true},"heading_typography_font_size_mobile":{"unit":"px","size":28,"sizes":[]},"subtitle_spacing":{"unit":"px","size":10,"sizes":[]},"subtitle_color":"#0098ce","subtitle_typography_typography":"custom","subtitle_typography_font_size":{"unit":"px","size":18,"sizes":[]},"subtitle_typography_font_weight":"600","heading_typography_font_size":{"unit":"px","size":60,"sizes":[]},"heading_typography_font_weight":"600","button_padding":{"unit":"px","top":"12","right":"20","bottom":"12","left":"20","isLinked":false},"button_text_color":"#ffffff","button_background_color":"#df2100"},"elements":[],"isInner":false,"widgetType":"martfury-slides","elType":"widget"}],"isInner":false,"elType":"column"}],"isInner":false,"elType":"section"},{"id":"4e51b264","settings":[],"elements":[{"id":"2aa8bd7f","settings":{"_column_size":100},"elements":[{"id":"75df62e6","settings":{"space":{"unit":"px","size":70,"sizes":[]}},"elements":[],"isInner":false,"widgetType":"spacer","elType":"widget"},{"id":"7919f6f8","settings":{"title":"TOP CATEGORIES OF THE MONTH","title_color":"#000000","typography_typography":"custom","typography_font_family":"Work Sans","typography_font_size":{"unit":"px","size":20,"sizes":[]},"typography_font_weight":"600","typography_line_height":{"unit":"em","size":1,"sizes":[]},"_margin":{"unit":"px","top":"0","right":"0","bottom":"020","left":"0","isLinked":false},"typography_font_size_mobile":{"unit":"px","size":18,"sizes":[]},"text_shadow_text_shadow_type":"yes","text_shadow_text_shadow":{"horizontal":0,"vertical":0,"blur":0,"color":"rgba(0,0,0,0.3)"}},"elements":[],"isInner":false,"widgetType":"heading","elType":"widget"}],"isInner":false,"elType":"column"}],"isInner":false,"elType":"section"},{"id":"3fc65454","settings":{"gap":"extended","structure":"30","padding_mobile":{"unit":"px","top":"0","right":"12.5","bottom":"0","left":"12.5","isLinked":false}},"elements":[{"id":"1216ae27","settings":{"_column_size":33,"_inline_size":null,"_inline_size_mobile":33.33,"padding_mobile":{"unit":"px","top":"0","right":"2.5","bottom":"0","left":"2.5","isLinked":false}},"elements":[{"id":"220197a6","settings":{"image":{"url":"http:\/\/demo2.drfuri.com\/martfury17\/wp-content\/uploads\/sites\/58\/2018\/08\/c1.jpg","id":2655},"title":"INTERIOR","title_style":"2","subtitles":[{"title":"Seats","_id":"657c6ac","title_style":"1","link":{"url":"http:\/\/demo2.drfuri.com\/martfury17\/product-category\/interior\/seats\/","is_external":true,"nofollow":true}},{"title":"Steering Wheels","_id":"1a908b9","title_style":"1","link":{"url":"http:\/\/demo2.drfuri.com\/martfury17\/product-category\/interior\/steering-wheels\/","is_external":true,"nofollow":true}},{"title":"Dash Cover","_id":"f2a4011","title_style":"1","link":{"url":"http:\/\/demo2.drfuri.com\/martfury17\/product-category\/interior\/dash-cover\/","is_external":true,"nofollow":true}},{"title":"Floor Mats","_id":"ba42f0a","title_style":"1","link":{"url":"http:\/\/demo2.drfuri.com\/martfury17\/product-category\/interior\/floor-mats\/","is_external":true,"nofollow":true}}],"image_size":"custom","image_custom_dimension":{"width":"170","height":"170"},"image_position_tablet":"top","show_subtitles_mobile":"none","show_extra_link_mobile":"none","extra_link_text":"More","extra_link_icon":"icon-chevron-right","min_height_mobile":{"unit":"px","size":170,"sizes":[]},"text_align_tablet":"center","heading_title_spacing_mobile":{"unit":"px","size":0,"sizes":[]},"title_typography_typography":"custom","title_typography_font_size_mobile":{"unit":"px","size":12,"sizes":[]},"title_typography_font_weight":"600","extra_link_typography_typography":"custom","extra_link_typography_font_size":{"unit":"px","size":14,"sizes":[]},"extra_link_color":"#1069c9","icon_font_size":{"unit":"px","size":12,"sizes":[]}},"elements":[],"isInner":false,"widgetType":"martfury-image-box","elType":"widget"},{"id":"46c0644d","settings":{"space":{"unit":"px","size":30,"sizes":[]},"space_mobile":{"unit":"px","size":5,"sizes":[]}},"elements":[],"isInner":false,"widgetType":"spacer","elType":"widget"},{"id":"9c0cf16","settings":{"image":{"url":"http:\/\/demo2.drfuri.com\/martfury17\/wp-content\/uploads\/sites\/58\/2018\/08\/c4.jpg","id":2658},"title":"PERFORMANCE","title_style":"2","link":{"url":"http:\/\/demo2.drfuri.com\/martfury17\/product-category\/performance\/","is_external":true,"nofollow":true},"subtitles":[{"title":"Exhausted System","_id":"657c6ac","title_style":"1","link":{"url":"http:\/\/demo2.drfuri.com\/martfury17\/product-category\/performance\/exhausted-system\/","is_external":true,"nofollow":true}},{"title":"Brakes","_id":"1a908b9","title_style":"1","link":{"url":"http:\/\/demo2.drfuri.com\/martfury17\/product-category\/performance\/brakes\/","is_external":true,"nofollow":true}},{"title":"Performance Chips","_id":"f2a4011","title_style":"1","link":{"url":"http:\/\/demo2.drfuri.com\/martfury17\/product-category\/performance\/performance-chips\/","is_external":true,"nofollow":true}},{"title":"Starting & Charging","_id":"ba42f0a","title_style":"1","link":{"url":"http:\/\/demo2.drfuri.com\/martfury17\/product-category\/interior\/floor-mats\/","is_external":true,"nofollow":true}}],"image_size":"custom","image_custom_dimension":{"width":"170","height":"170"},"image_position_tablet":"top","show_subtitles_mobile":"none","show_extra_link_mobile":"none","extra_link_text":"More","extra_link_icon":"icon-chevron-right","min_height_mobile":{"unit":"px","size":170,"sizes":[]},"text_align_tablet":"center","heading_title_spacing_mobile":{"unit":"px","size":0,"sizes":[]},"title_typography_typography":"custom","title_typography_font_size_mobile":{"unit":"px","size":12,"sizes":[]},"title_typography_font_weight":"600","extra_link_typography_typography":"custom","extra_link_typography_font_size":{"unit":"px","size":14,"sizes":[]},"extra_link_color":"#1069c9","icon_font_size":{"unit":"px","size":12,"sizes":[]}},"elements":[],"isInner":false,"widgetType":"martfury-image-box","elType":"widget"},{"id":"74dc5603","settings":{"space":{"unit":"px","size":30,"sizes":[]}},"elements":[],"isInner":false,"widgetType":"spacer","elType":"widget"}],"isInner":false,"elType":"column"},{"id":"2fee0b4a","settings":{"_column_size":33,"_inline_size":null,"_inline_size_mobile":33.33,"padding_mobile":{"unit":"px","top":"0","right":"2.5","bottom":"0","left":"2.5","isLinked":false}},"elements":[{"id":"3e173871","settings":{"image":{"url":"http:\/\/demo2.drfuri.com\/martfury17\/wp-content\/uploads\/sites\/58\/2018\/08\/c2.jpg","id":2656},"title":"EXTERIOR","title_style":"2","link":{"url":"http:\/\/demo2.drfuri.com\/martfury17\/product-category\/exterior\/","is_external":true,"nofollow":true},"subtitles":[{"title":"Running Boards","_id":"657c6ac","title_style":"1","link":{"url":"http:\/\/demo2.drfuri.com\/martfury17\/product-category\/exterior\/running-boards\/","is_external":true,"nofollow":true}},{"title":"Custom Grilles","_id":"1a908b9","title_style":"1","link":{"url":"http:\/\/demo2.drfuri.com\/martfury17\/product-category\/exterior\/running-boards\/","is_external":true,"nofollow":true}},{"title":"Off-Road Bumpers","_id":"f2a4011","title_style":"1","link":{"url":"http:\/\/demo2.drfuri.com\/martfury17\/product-category\/exterior\/off-road-bumpers\/","is_external":true,"nofollow":true}},{"title":"Body Kits","_id":"ba42f0a","title_style":"1","link":{"url":"http:\/\/demo2.drfuri.com\/martfury17\/product-category\/exterior\/body-kits\/","is_external":true,"nofollow":true}}],"image_size":"custom","image_custom_dimension":{"width":"170","height":"170"},"image_position_tablet":"top","show_subtitles_mobile":"none","show_extra_link_mobile":"none","extra_link_text":"More","extra_link_icon":"icon-chevron-right","min_height_mobile":{"unit":"px","size":170,"sizes":[]},"text_align_tablet":"center","heading_title_spacing_mobile":{"unit":"px","size":0,"sizes":[]},"title_typography_typography":"custom","title_typography_font_size_mobile":{"unit":"px","size":12,"sizes":[]},"title_typography_font_weight":"600","extra_link_typography_typography":"custom","extra_link_typography_font_size":{"unit":"px","size":14,"sizes":[]},"extra_link_color":"#1069c9","icon_font_size":{"unit":"px","size":12,"sizes":[]}},"elements":[],"isInner":false,"widgetType":"martfury-image-box","elType":"widget"},{"id":"69a07284","settings":{"space":{"unit":"px","size":30,"sizes":[]},"space_mobile":{"unit":"px","size":5,"sizes":[]}},"elements":[],"isInner":false,"widgetType":"spacer","elType":"widget"},{"id":"245aa2c2","settings":{"image":{"url":"http:\/\/demo2.drfuri.com\/martfury17\/wp-content\/uploads\/sites\/58\/2018\/08\/c5.jpg","id":2659},"title":" BODY PARTS","title_style":"2","link":{"url":"http:\/\/demo2.drfuri.com\/martfury17\/product-category\/body-parts\/","is_external":true,"nofollow":true},"subtitles":[{"title":"Mirrors","_id":"657c6ac","title_style":"1","link":{"url":"http:\/\/demo2.drfuri.com\/martfury17\/product-category\/body-parts\/mirrors\/","is_external":true,"nofollow":true}},{"title":"Hoods","_id":"1a908b9","title_style":"1","link":{"url":"http:\/\/demo2.drfuri.com\/martfury17\/product-category\/performance\/exhausted-system\/","is_external":true,"nofollow":true}},{"title":"Bumpers","_id":"f2a4011","title_style":"1","link":{"url":"http:\/\/demo2.drfuri.com\/martfury17\/product-category\/exterior\/running-boards\/","is_external":true,"nofollow":true}},{"title":"Quater Panels","_id":"ba42f0a","title_style":"1","link":{"url":"http:\/\/demo2.drfuri.com\/martfury17\/product-category\/wheels-tires\/center-caps\/","is_external":true,"nofollow":true}}],"image_size":"custom","image_position_tablet":"top","show_subtitles_mobile":"none","show_extra_link_mobile":"none","extra_link_text":"More","extra_link_icon":"icon-chevron-right","min_height_mobile":{"unit":"px","size":170,"sizes":[]},"text_align_tablet":"center","heading_title_spacing_mobile":{"unit":"px","size":0,"sizes":[]},"title_typography_typography":"custom","title_typography_font_size_mobile":{"unit":"px","size":12,"sizes":[]},"title_typography_font_weight":"600","extra_link_typography_typography":"custom","extra_link_typography_font_size":{"unit":"px","size":14,"sizes":[]},"extra_link_color":"#1069c9","icon_font_size":{"unit":"px","size":12,"sizes":[]}},"elements":[],"isInner":false,"widgetType":"martfury-image-box","elType":"widget"},{"id":"18583652","settings":{"space":{"unit":"px","size":30,"sizes":[]}},"elements":[],"isInner":false,"widgetType":"spacer","elType":"widget"}],"isInner":false,"elType":"column"},{"id":"55619206","settings":{"_column_size":33,"_inline_size":null,"_inline_size_mobile":33.33,"padding_mobile":{"unit":"px","top":"0","right":"2.5","bottom":"0","left":"2.5","isLinked":false}},"elements":[{"id":"7c25afb3","settings":{"image":{"url":"http:\/\/demo2.drfuri.com\/martfury17\/wp-content\/uploads\/sites\/58\/2018\/08\/c3.jpg","id":2657},"title":"WHEELS & TIRES","title_style":"2","link":{"url":"http:\/\/demo2.drfuri.com\/martfury17\/product-category\/wheels-tires\/","is_external":true,"nofollow":true},"subtitles":[{"title":"Custom Wheels","_id":"657c6ac","title_style":"1","link":{"url":"http:\/\/demo2.drfuri.com\/martfury17\/product-category\/wheels-tires\/custom-wheels\/","is_external":true,"nofollow":true}},{"title":"Tires","_id":"1a908b9","title_style":"1","link":{"url":"http:\/\/demo2.drfuri.com\/martfury17\/product-category\/interior\/seats\/","is_external":true,"nofollow":true}},{"title":"Factory Wheels","_id":"f2a4011","title_style":"1","link":{"url":"http:\/\/demo2.drfuri.com\/martfury17\/product-category\/wheels-tires\/factory-wheels\/","is_external":true,"nofollow":true}},{"title":"Center Caps","_id":"ba42f0a","title_style":"1","link":{"url":"http:\/\/demo2.drfuri.com\/martfury17\/product-category\/wheels-tires\/center-caps\/","is_external":true,"nofollow":true}}],"image_size":"custom","image_custom_dimension":{"width":"170","height":"170"},"image_position_tablet":"top","show_subtitles_mobile":"none","show_extra_link_mobile":"none","extra_link_text":"More","extra_link_icon":"icon-chevron-right","min_height_mobile":{"unit":"px","size":170,"sizes":[]},"text_align_tablet":"center","heading_title_spacing_mobile":{"unit":"px","size":0,"sizes":[]},"title_typography_typography":"custom","title_typography_font_size_mobile":{"unit":"px","size":12,"sizes":[]},"title_typography_font_weight":"600","extra_link_typography_typography":"custom","extra_link_typography_font_size":{"unit":"px","size":14,"sizes":[]},"extra_link_color":"#1069c9","icon_font_size":{"unit":"px","size":12,"sizes":[]}},"elements":[],"isInner":false,"widgetType":"martfury-image-box","elType":"widget"},{"id":"495bc1dd","settings":{"space":{"unit":"px","size":30,"sizes":[]},"space_mobile":{"unit":"px","size":5,"sizes":[]}},"elements":[],"isInner":false,"widgetType":"spacer","elType":"widget"},{"id":"1549f323","settings":{"image":{"url":"http:\/\/demo2.drfuri.com\/martfury17\/wp-content\/uploads\/sites\/58\/2018\/08\/c6.jpg","id":2660},"title":"LIGHTING","title_style":"2","link":{"url":"http:\/\/demo2.drfuri.com\/martfury17\/product-category\/lighting\/","is_external":true,"nofollow":true},"subtitles":[{"title":"Headlight","_id":"657c6ac","title_style":"1","link":{"url":"http:\/\/demo2.drfuri.com\/martfury17\/product-category\/lighting\/headlight\/","is_external":true,"nofollow":true}},{"title":"Off-Road Light","_id":"1a908b9","title_style":"1","link":{"url":"http:\/\/demo2.drfuri.com\/martfury17\/product-category\/lighting\/off-road-light\/","is_external":true,"nofollow":true}},{"title":"Singnal Light","_id":"f2a4011","title_style":"1","link":{"url":"http:\/\/demo2.drfuri.com\/martfury17\/product-category\/body-parts\/quater-panels\/","is_external":true,"nofollow":true}},{"title":"Accessories Lighhting","_id":"ba42f0a","title_style":"1","link":{"url":"http:\/\/demo2.drfuri.com\/martfury17\/product-category\/lighting\/accessories-lighhting\/","is_external":true,"nofollow":true}}],"image_size":"custom","image_custom_dimension":{"width":"170","height":"170"},"image_position_tablet":"top","show_subtitles_mobile":"none","show_extra_link_mobile":"none","extra_link_text":"More","extra_link_icon":"icon-chevron-right","min_height_mobile":{"unit":"px","size":170,"sizes":[]},"text_align_tablet":"center","heading_title_spacing_mobile":{"unit":"px","size":0,"sizes":[]},"title_typography_typography":"custom","title_typography_font_size_mobile":{"unit":"px","size":12,"sizes":[]},"title_typography_font_weight":"600","extra_link_typography_typography":"custom","extra_link_typography_font_size":{"unit":"px","size":14,"sizes":[]},"extra_link_color":"#1069c9","icon_font_size":{"unit":"px","size":12,"sizes":[]}},"elements":[],"isInner":false,"widgetType":"martfury-image-box","elType":"widget"},{"id":"979e0e","settings":{"space":{"unit":"px","size":30,"sizes":[]}},"elements":[],"isInner":false,"widgetType":"spacer","elType":"widget"}],"isInner":false,"elType":"column"}],"isInner":false,"elType":"section"},{"id":"6259d698","settings":[],"elements":[{"id":"63fcf63d","settings":{"_column_size":100},"elements":[{"id":"3d70077b","settings":{"space":{"unit":"px","size":40,"sizes":[]}},"elements":[],"isInner":false,"widgetType":"spacer","elType":"widget"}],"isInner":false,"elType":"column"}],"isInner":false,"elType":"section"},{"id":"1d26127b","settings":{"gap":"extended","structure":"20"},"elements":[{"id":"f49c71f","settings":{"_column_size":50,"_inline_size":null},"elements":[{"id":"639d4b22","settings":{"layout":"2","image":{"url":"http:\/\/demo2.drfuri.com\/martfury17\/wp-content\/uploads\/sites\/58\/2018\/08\/s7.jpg","id":2663},"title":"MAZDA TAIL LIGHTS\nVERSION 2018","desc":"<p>Just <span style=\"color: #669900; font-weight: 600;\">$159.99<\/span><\/p>","button_text":"Shop Now","link":{"url":"http:\/\/demo2.drfuri.com\/martfury17\/shop\/lg-electrolux-500l-inverte-washing-machine\/","is_external":true,"nofollow":true},"highlight_title":"","heading_typography_typography":"custom","heading_typography_font_size":{"unit":"px","size":24,"sizes":[]},"heading_typography_font_weight":"600","button_text_color":"#ffffff","button_background_color":"#dd2400","banner_padding_mobile":{"unit":"px","top":"20","right":"20","bottom":"20","left":"20","isLinked":true},"banner_bg_position_custom_mobile":{"unit":"%","top":"0","right":0,"bottom":0,"left":"40","isLinked":false},"heading_typography_font_size_mobile":{"unit":"px","size":22,"sizes":[]}},"elements":[],"isInner":false,"widgetType":"martfury-banner-medium","elType":"widget"},{"id":"7cf04e2c","settings":{"space":{"unit":"px","size":30,"sizes":[]}},"elements":[],"isInner":false,"widgetType":"spacer","elType":"widget"}],"isInner":false,"elType":"column"},{"id":"75e648fb","settings":{"_column_size":50,"_inline_size":null},"elements":[{"id":"3c71d0d8","settings":{"layout":"2","image":{"url":"http:\/\/demo2.drfuri.com\/martfury17\/wp-content\/uploads\/sites\/58\/2018\/08\/s6.jpg","id":2664},"title":"FIRESTONE\nWHEELS & TIRES","desc":"<p>Discount <span style=\"color: #ff3300; font-weight: 600;\">25%<\/span> Off<\/p>","button_text":"Shop Now","link":{"url":"http:\/\/demo2.drfuri.com\/martfury17\/shop\/lg-electrolux-500l-inverte-washing-machine\/","is_external":true,"nofollow":true},"highlight_title":"","heading_typography_typography":"custom","heading_typography_font_size":{"unit":"px","size":24,"sizes":[]},"heading_typography_font_weight":"600","button_text_color":"#ffffff","button_background_color":"#dd2400","banner_bg_position_custom_mobile":{"unit":"%","top":"0","right":0,"bottom":0,"left":"38","isLinked":false},"heading_typography_font_size_mobile":{"unit":"px","size":21,"sizes":[]}},"elements":[],"isInner":false,"widgetType":"martfury-banner-medium","elType":"widget"},{"id":"36c0c74","settings":{"space":{"unit":"px","size":30,"sizes":[]}},"elements":[],"isInner":false,"widgetType":"spacer","elType":"widget"}],"isInner":false,"elType":"column"}],"isInner":false,"elType":"section"},{"id":"c43ef78","settings":[],"elements":[{"id":"5cf6859f","settings":{"_column_size":100},"elements":[{"id":"6b393a5c","settings":{"space":{"unit":"px","size":45,"sizes":[]}},"elements":[],"isInner":false,"widgetType":"spacer","elType":"widget"}],"isInner":false,"elType":"column"}],"isInner":false,"elType":"section"},{"id":"258e5984","settings":{"gap":"no","structure":"22"},"elements":[{"id":"6a76940e","settings":{"_column_size":66,"_inline_size":75,"_inline_size_tablet":100,"padding_mobile":{"unit":"px","top":"0","right":"15","bottom":"0","left":"15","isLinked":false}},"elements":[{"id":"40bdcfeb","settings":{"title":"Deals Of The Day"},"elements":[],"isInner":false,"widgetType":"martfury-product-deals-carousel-2","elType":"widget"},{"id":"42d10eb1","settings":{"space":{"unit":"px","size":30,"sizes":[]},"space_tablet":{"unit":"px","size":30,"sizes":[]}},"elements":[],"isInner":false,"widgetType":"spacer","elType":"widget"}],"isInner":false,"elType":"column"},{"id":"29b2285a","settings":{"_column_size":33,"_inline_size":24.332,"padding":{"unit":"px","top":"0","right":"0","bottom":"0","left":"15","isLinked":false},"_inline_size_tablet":100,"padding_tablet":{"unit":"px","top":"0","right":"0","bottom":"0","left":"0","isLinked":false},"padding_mobile":{"unit":"px","top":"0","right":"15","bottom":"0","left":"15","isLinked":false}},"elements":[{"id":"521925e1","settings":{"title":"Top 20 Best Seller","product_items_space":{"unit":"px","size":16,"sizes":[]},"sliders_dots_active_background":"#dd2400"},"elements":[],"isInner":false,"widgetType":"martfury-products-list-carousel","elType":"widget"}],"isInner":false,"elType":"column"}],"isInner":false,"elType":"section"},{"id":"b4b1cce","settings":[],"elements":[{"id":"89d0abf","settings":{"_column_size":100},"elements":[{"id":"506c449e","settings":{"space":{"unit":"px","size":20,"sizes":[]},"space_tablet":{"unit":"px","size":50,"sizes":[]}},"elements":[],"isInner":false,"widgetType":"spacer","elType":"widget"},{"id":"299e94f9","settings":{"title":"RECOMMENDED FOR YOU","special_products_tabs":[{"title":"New Arrivals","tab_products":"recent","_id":"4b996c9","tab_orderby":"","tab_order":""},{"title":"Best Seller","tab_products":"best_selling","_id":"9fd45c9","tab_orderby":"","tab_order":""},{"title":"Top Rated","tab_products":"top_rated","_id":"e600326","tab_orderby":"","tab_order":""},{"title":"Trending Products","tab_products":"featured","_id":"5fc6923","tab_orderby":"","tab_order":""}],"view_all_text":"","navigation_tablet":"dots","heading_background_color":"#ffffff","show_product_tabs_mobile":"none","product_tabs_dots_active_background":"#df2100","all_link":{"url":"","is_external":true,"nofollow":true}},"elements":[],"isInner":false,"widgetType":"martfury-product-tabs-carousel","elType":"widget"}],"isInner":false,"elType":"column"}],"isInner":false,"elType":"section"},{"id":"5a74ba9a","settings":[],"elements":[{"id":"45efcaf","settings":{"_column_size":100},"elements":[{"id":"449bd148","settings":{"space":{"unit":"px","size":20,"sizes":[]}},"elements":[],"isInner":false,"widgetType":"spacer","elType":"widget"},{"id":"335021e0","settings":{"layout":"2","image":{"url":"http:\/\/demo2.drfuri.com\/martfury17\/wp-content\/uploads\/sites\/58\/2018\/08\/s8.jpg","id":2669},"title":"Live connect. Drive connected\n","desc":"<p>Universal 10\" Champion Series 1200W<br \/>4-ohm DVC Subwoofer by Pioneer<\/p>","price":"$259.05","sale_price":"$360.50","button_text":"Shop Now","button_link":{"url":"http:\/\/demo2.drfuri.com\/martfury17\/shop\/sound-intone-i65-earphone-white-version\/","is_external":true,"nofollow":true},"highlight_title":"PIONEER SPEAKER","regular_price":"$219.05","height_mobile":{"unit":"px","size":195,"sizes":[]},"banner_padding_tablet":{"unit":"px","top":"30","right":"30","bottom":"30","left":"30","isLinked":true},"banner_bg_position_mobile":"center center","heading_spacing":{"unit":"px","size":30,"sizes":[]},"heading_typography_typography":"custom","heading_typography_font_size":{"unit":"px","size":18,"sizes":[]},"heading_typography_font_size_mobile":{"unit":"px","size":16,"sizes":[]},"heading_typography_font_weight":"600","heading_typography_line_height":{"unit":"em","size":1.5,"sizes":[]},"highlight_title_color":"#000000","highlight_title_typography_typography":"custom","highlight_title_typography_font_size":{"unit":"px","size":30,"sizes":[]},"highlight_title_typography_font_size_mobile":{"unit":"px","size":24,"sizes":[]},"highlight_title_typography_line_height_mobile":{"unit":"em","size":1.2,"sizes":[]},"description_spacing_mobile":{"unit":"px","size":0,"sizes":[]},"description_typography_typography":"custom","description_typography_font_size_mobile":{"unit":"px","size":0,"sizes":[]},"show_button_mobile":"none","button_text_color":"#ffffff","button_background_color":"#dd2400","banner_bg_position_custom_tablet":{"unit":"%","top":"0","right":0,"bottom":0,"left":"42","isLinked":false},"banner_bg_position_custom_mobile":{"unit":"%","top":"0","right":0,"bottom":0,"left":"61","isLinked":false}},"elements":[],"isInner":false,"widgetType":"martfury-banner-large","elType":"widget"}],"isInner":false,"elType":"column"}],"isInner":false,"elType":"section"},{"id":"231d3b9c","settings":[],"elements":[{"id":"fc4011d","settings":{"_column_size":100},"elements":[{"id":"11bc81b6","settings":{"space":{"unit":"px","size":70,"sizes":[]}},"elements":[],"isInner":false,"widgetType":"spacer","elType":"widget"},{"id":"78f03b91","settings":{"title":"BEST SELLER BRANDS","title_color":"#000000","typography_typography":"custom","typography_font_size":{"unit":"px","size":20,"sizes":[]}},"elements":[],"isInner":false,"widgetType":"heading","elType":"widget"},{"id":"502bf3c7","settings":{"space":{"unit":"px","size":20,"sizes":[]}},"elements":[],"isInner":false,"widgetType":"spacer","elType":"widget"},{"id":"bbba7e0","settings":{"title":"BEST SELLER BRANDS","group_setting":[{"image":{"url":"http:\/\/demo2.drfuri.com\/martfury17\/wp-content\/uploads\/sites\/58\/2018\/08\/b13.jpg","id":2670},"_id":"857bb55","link":{"url":"http:\/\/demo2.drfuri.com\/martfury17\/product-brand\/honda\/","is_external":true,"nofollow":true}},{"image":{"url":"http:\/\/demo2.drfuri.com\/martfury17\/wp-content\/uploads\/sites\/58\/2018\/08\/b14-150x82.jpg","id":2671},"_id":"4b72d33","link":{"url":"http:\/\/demo2.drfuri.com\/martfury17\/product-brand\/mercedes-benz\/","is_external":true,"nofollow":true}},{"image":{"url":"http:\/\/demo2.drfuri.com\/martfury17\/wp-content\/uploads\/sites\/58\/2018\/08\/b15.jpg","id":2672},"_id":"bd5c94e","link":{"url":"http:\/\/demo2.drfuri.com\/martfury17\/product-brand\/nissan\/","is_external":true,"nofollow":true}},{"image":{"url":"http:\/\/demo2.drfuri.com\/martfury17\/wp-content\/uploads\/sites\/58\/2018\/08\/b16.jpg","id":2673},"_id":"077425e","link":{"url":"http:\/\/demo2.drfuri.com\/martfury17\/product-brand\/chevrolet\/","is_external":true,"nofollow":true}},{"image":{"url":"http:\/\/demo2.drfuri.com\/martfury17\/wp-content\/uploads\/sites\/58\/2018\/08\/b17.jpg","id":2674},"_id":"9337605","link":{"url":"http:\/\/demo2.drfuri.com\/martfury17\/product-brand\/lexus\/","is_external":true,"nofollow":true}},{"image":{"url":"http:\/\/demo2.drfuri.com\/martfury17\/wp-content\/uploads\/sites\/58\/2018\/08\/b18.jpg","id":2675},"_id":"dc9629f","link":{"url":"http:\/\/demo2.drfuri.com\/martfury17\/product-brand\/bentley\/","is_external":true,"nofollow":true}},{"image":{"url":"http:\/\/demo2.drfuri.com\/martfury17\/wp-content\/uploads\/sites\/58\/2018\/08\/b19.jpg","id":2676},"_id":"207feeb","link":{"url":"http:\/\/demo2.drfuri.com\/martfury17\/product-brand\/ford\/","is_external":true,"nofollow":true}},{"image":{"url":"http:\/\/demo2.drfuri.com\/martfury17\/wp-content\/uploads\/sites\/58\/2018\/08\/b20.jpg","id":2677},"_id":"0400825","link":{"url":"http:\/\/demo2.drfuri.com\/martfury17\/product-brand\/honda\/","is_external":true,"nofollow":true}},{"image":{"url":"http:\/\/demo2.drfuri.com\/martfury17\/wp-content\/uploads\/sites\/58\/2018\/08\/b21-1.jpg","id":2678},"_id":"7cbc497","link":{"url":"http:\/\/demo2.drfuri.com\/martfury17\/product-brand\/chevrolet\/","is_external":true,"nofollow":true}},{"image":{"url":"http:\/\/demo2.drfuri.com\/martfury17\/wp-content\/uploads\/sites\/58\/2018\/08\/b22.jpg","id":2680},"_id":"512bdb8","link":{"url":"http:\/\/demo2.drfuri.com\/martfury17\/product-brand\/nissan\/","is_external":true,"nofollow":true}}],"columns_tablet":"5","columns_mobile":"2","item_border_style":"solid"},"elements":[],"isInner":false,"widgetType":"martfury-images-grid","elType":"widget"},{"id":"848b352","settings":{"space":{"unit":"px","size":80,"sizes":[]}},"elements":[],"isInner":false,"widgetType":"spacer","elType":"widget"}],"isInner":false,"elType":"column"}],"isInner":false,"elType":"section"},{"id":"21297eb6","settings":{"background_background":"classic","background_color":"#f5f5f5"},"elements":[{"id":"3f1abd4","settings":{"_column_size":100},"elements":[{"id":"56ff4313","settings":{"space":{"unit":"px","size":70,"sizes":[]}},"elements":[],"isInner":false,"widgetType":"spacer","elType":"widget"},{"id":"2e0dcadb","settings":{"title":"WHAT CLIENT SAY","settings":[{"image":{"url":"http:\/\/demo2.drfuri.com\/martfury17\/wp-content\/uploads\/sites\/58\/2019\/05\/testi1.jpg","id":2988},"link_text":"","link":{"url":"","is_external":true,"nofollow":true},"name":"Kanye West ","job":"Head Chef at BBQ Restaurant","desc":"Sed elit quam, iaculis sed semper sit amet udin vitae nibh. \nat magna akal semperFusce commodo molestie luctus.Lorem ipsum\nDolor tusima olatiup.","_id":"de22172","image_size":"full","image_custom_dimension":{"width":"","height":""},"link_icon":""},{"image":{"url":"http:\/\/demo2.drfuri.com\/martfury17\/wp-content\/uploads\/sites\/58\/2019\/05\/testi2.jpg","id":2989},"link_text":"","link":{"url":"","is_external":true,"nofollow":true},"name":"Anabella Kleva ","job":"Boss at TocoToco","desc":"Sed elit quam, iaculis sed semper sit amet udin vitae nibh. \nat magna akal semperFusce commodo molestie luctus.Lorem ipsum\nDolor tusima olatiup.","_id":"03b40ae","image_size":"full","image_custom_dimension":{"width":"","height":""},"link_icon":""},{"image":{"url":"http:\/\/demo2.drfuri.com\/martfury17\/wp-content\/uploads\/sites\/58\/2019\/05\/journey1.png","id":2961},"link_text":"","link":{"url":"","is_external":true,"nofollow":true},"name":"Kanye West ","job":"Head Chef at BBQ Restaurant","desc":"Sed elit quam, iaculis sed semper sit amet udin vitae nibh. \nat magna akal semperFusce commodo molestie luctus.Lorem ipsum\nDolor tusima olatiup.","_id":"a4db56f","image_size":"custom","image_custom_dimension":{"width":"92","height":"92"},"link_icon":""}],"arrows_style":"2","content_border_style":"none","quote_color":"#dd2400"},"elements":[],"isInner":false,"widgetType":"martfury-testimonial-slides","elType":"widget"},{"id":"518559f9","settings":{"space":{"unit":"px","size":70,"sizes":[]}},"elements":[],"isInner":false,"widgetType":"spacer","elType":"widget"}],"isInner":false,"elType":"column"}],"isInner":false,"elType":"section"}]}