<?xml version="1.0" encoding="UTF-8" ?>
<!-- This is a WordPress eXtended RSS file generated by WordPress as an export of your site. -->
<!-- It contains information about your site's posts, pages, comments, categories, and other content. -->
<!-- You may use this file to transfer that content from one site to another. -->
<!-- This file is not intended to serve as a complete backup of your site. -->

<!-- To import this information into a WordPress site follow these steps: -->
<!-- 1. Log in to that site as an administrator. -->
<!-- 2. Go to Tools: Import in the WordPress admin panel. -->
<!-- 3. Install the "WordPress" importer from the list. -->
<!-- 4. Activate & Run Importer. -->
<!-- 5. Upload this file using the form provided on that page. -->
<!-- 6. You will first be asked to map the authors in this export file to users -->
<!--    on the site. For each author, you may choose to map to an -->
<!--    existing user on the site or to create a new user. -->
<!-- 7. WordPress will then import each of the posts, pages, comments, categories, etc. -->
<!--    contained in this file into your site. -->

<!-- generator="WordPress/4.8" created="2017-07-26 07:45" -->
<rss version="2.0"
	xmlns:excerpt="http://wordpress.org/export/1.2/excerpt/"
	xmlns:content="http://purl.org/rss/1.0/modules/content/"
	xmlns:wfw="http://wellformedweb.org/CommentAPI/"
	xmlns:dc="http://purl.org/dc/elements/1.1/"
	xmlns:wp="http://wordpress.org/export/1.2/"
>

<channel>
	<title>Naix - Creative &#38; High Performance Portfolio Theme</title>
	<link>http://demo2.drfuri.com/naix</link>
	<description>Just another Drfurion Sites site</description>
	<pubDate>Wed, 26 Jul 2017 07:45:25 +0000</pubDate>
	<language>en-US</language>
	<wp:wxr_version>1.2</wp:wxr_version>
	<wp:base_site_url>http://demo2.drfuri.com/</wp:base_site_url>
	<wp:base_blog_url>http://demo2.drfuri.com/naix</wp:base_blog_url>

	<wp:author><wp:author_id>1</wp:author_id><wp:author_login><![CDATA[drfurion]]></wp:author_login><wp:author_email><![CDATA[drfurion@gmail.com]]></wp:author_email><wp:author_display_name><![CDATA[drfurion]]></wp:author_display_name><wp:author_first_name><![CDATA[]]></wp:author_first_name><wp:author_last_name><![CDATA[]]></wp:author_last_name></wp:author>


	<generator>https://wordpress.org/?v=4.8</generator>

	<item>
		<title>Contact Us</title>
		<link>http://demo2.drfuri.com/naix/?post_type=wpcf7_contact_form&#038;p=2735</link>
		<pubDate>Fri, 17 Mar 2017 07:16:30 +0000</pubDate>
		<dc:creator><![CDATA[drfurion]]></dc:creator>
		<guid isPermaLink="false">http://demo2.drfuri.com/unero/?post_type=wpcf7_contact_form&#038;p=4</guid>
		<description></description>
		<content:encoded><![CDATA[<div class="row">
<div class="col-md-4 col-sm-4 col-xs-12">
[text* your-name placeholder "Enter your name"]
</div>
<div class="col-md-4 col-sm-4 col-xs-12">
[email* your-email placeholder "Enter your email"]
</div>
<div class="col-md-4 col-sm-4 col-xs-12">
[text your-subject placeholder "Subject"]
</div>
<div class="col-md-12 col-sm-12 col-xs-12">
[textarea your-message  placeholder "Message"]
</div>
</div>
<div class="text-center">
[submit "Send Message"]
</div>
1
Unero - Home Full Width "[your-subject]"
[your-name] 
drfurion@gmail.com
From: [your-name] 
Subject: [your-subject]

Message Body:
[your-message]

--
This e-mail was sent from a contact form on Unero - Home Full Width (http://demo2.drfuri.com/unero)
Reply-To: [your-email]




Unero - Home Full Width "[your-subject]"
Unero - Home Full Width 
[your-email]
Message Body:
[your-message]

--
This e-mail was sent from a contact form on Unero - Home Full Width (http://demo2.drfuri.com/unero)
Reply-To: drfurion@gmail.com



Thank you for your message. It has been sent.
There was an error trying to send your message. Please try again later.
One or more fields have an error. Please check and try again.
There was an error trying to send your message. Please try again later.
You must accept the terms and conditions before sending your message.
The field is required.
The field is too long.
The field is too short.
The date format is incorrect.
The date is before the earliest one allowed.
The date is after the latest one allowed.
There was an unknown error uploading the file.
You are not allowed to upload files of this type.
The file is too big.
There was an error uploading the file.
The number format is invalid.
The number is smaller than the minimum allowed.
The number is larger than the maximum allowed.
The answer to the quiz is incorrect.
Your entered code is incorrect.
The e-mail address entered is invalid.
The URL is invalid.
The telephone number is invalid.]]></content:encoded>
		<excerpt:encoded><![CDATA[]]></excerpt:encoded>
		<wp:post_id>2735</wp:post_id>
		<wp:post_date><![CDATA[2017-03-17 07:16:30]]></wp:post_date>
		<wp:post_date_gmt><![CDATA[2017-03-17 07:16:30]]></wp:post_date_gmt>
		<wp:comment_status><![CDATA[closed]]></wp:comment_status>
		<wp:ping_status><![CDATA[closed]]></wp:ping_status>
		<wp:post_name><![CDATA[contact-form-1-2-2]]></wp:post_name>
		<wp:status><![CDATA[publish]]></wp:status>
		<wp:post_parent>0</wp:post_parent>
		<wp:menu_order>0</wp:menu_order>
		<wp:post_type><![CDATA[wpcf7_contact_form]]></wp:post_type>
		<wp:post_password><![CDATA[]]></wp:post_password>
		<wp:is_sticky>0</wp:is_sticky>
		<wp:postmeta>
			<wp:meta_key><![CDATA[_vc_post_settings]]></wp:meta_key>
			<wp:meta_value><![CDATA[a:1:{s:10:"vc_grid_id";a:0:{}}]]></wp:meta_value>
		</wp:postmeta>
		<wp:postmeta>
			<wp:meta_key><![CDATA[_vc_post_settings]]></wp:meta_key>
			<wp:meta_value><![CDATA[a:1:{s:10:"vc_grid_id";a:0:{}}]]></wp:meta_value>
		</wp:postmeta>
		<wp:postmeta>
			<wp:meta_key><![CDATA[_form]]></wp:meta_key>
			<wp:meta_value><![CDATA[<div class="row">
<div class="col-md-4 col-sm-4 col-xs-12">
[text* your-name placeholder "Enter your name"]
</div>
<div class="col-md-4 col-sm-4 col-xs-12">
[email* your-email placeholder "Enter your email"]
</div>
<div class="col-md-4 col-sm-4 col-xs-12">
[text your-subject placeholder "Subject"]
</div>
<div class="col-md-12 col-sm-12 col-xs-12">
[textarea your-message  placeholder "Message"]
</div>
</div>
<div class="text-center">
[submit "Send Message"]
</div>]]></wp:meta_value>
		</wp:postmeta>
		<wp:postmeta>
			<wp:meta_key><![CDATA[_mail]]></wp:meta_key>
			<wp:meta_value><![CDATA[]]></wp:meta_value>
		</wp:postmeta>
		<wp:postmeta>
			<wp:meta_key><![CDATA[_mail_2]]></wp:meta_key>
			<wp:meta_value><![CDATA[]]></wp:meta_value>
		</wp:postmeta>
		<wp:postmeta>
			<wp:meta_key><![CDATA[_messages]]></wp:meta_key>
			<wp:meta_value><![CDATA[a:23:{s:12:"mail_sent_ok";s:45:"Thank you for your message. It has been sent.";s:12:"mail_sent_ng";s:71:"There was an error trying to send your message. Please try again later.";s:16:"validation_error";s:61:"One or more fields have an error. Please check and try again.";s:4:"spam";s:71:"There was an error trying to send your message. Please try again later.";s:12:"accept_terms";s:69:"You must accept the terms and conditions before sending your message.";s:16:"invalid_required";s:22:"The field is required.";s:16:"invalid_too_long";s:22:"The field is too long.";s:17:"invalid_too_short";s:23:"The field is too short.";s:12:"invalid_date";s:29:"The date format is incorrect.";s:14:"date_too_early";s:44:"The date is before the earliest one allowed.";s:13:"date_too_late";s:41:"The date is after the latest one allowed.";s:13:"upload_failed";s:46:"There was an unknown error uploading the file.";s:24:"upload_file_type_invalid";s:49:"You are not allowed to upload files of this type.";s:21:"upload_file_too_large";s:20:"The file is too big.";s:23:"upload_failed_php_error";s:38:"There was an error uploading the file.";s:14:"invalid_number";s:29:"The number format is invalid.";s:16:"number_too_small";s:47:"The number is smaller than the minimum allowed.";s:16:"number_too_large";s:46:"The number is larger than the maximum allowed.";s:23:"quiz_answer_not_correct";s:36:"The answer to the quiz is incorrect.";s:17:"captcha_not_match";s:31:"Your entered code is incorrect.";s:13:"invalid_email";s:38:"The e-mail address entered is invalid.";s:11:"invalid_url";s:19:"The URL is invalid.";s:11:"invalid_tel";s:32:"The telephone number is invalid.";}]]></wp:meta_value>
		</wp:postmeta>
		<wp:postmeta>
			<wp:meta_key><![CDATA[_locale]]></wp:meta_key>
			<wp:meta_value><![CDATA[en_US]]></wp:meta_value>
		</wp:postmeta>
		<wp:postmeta>
			<wp:meta_key><![CDATA[_wxr_import_user_slug]]></wp:meta_key>
			<wp:meta_value><![CDATA[drfurion]]></wp:meta_value>
		</wp:postmeta>
		<wp:postmeta>
			<wp:meta_key><![CDATA[_additional_settings]]></wp:meta_key>
			<wp:meta_value><![CDATA[]]></wp:meta_value>
		</wp:postmeta>
	</item>
	<item>
		<title>Contact Portfolio</title>
		<link>http://demo2.drfuri.com/naix/?post_type=wpcf7_contact_form&#038;p=3164</link>
		<pubDate>Mon, 26 Jun 2017 08:20:55 +0000</pubDate>
		<dc:creator><![CDATA[drfurion]]></dc:creator>
		<guid isPermaLink="false">http://localhost/naix/?post_type=wpcf7_contact_form&#038;p=3164</guid>
		<description></description>
		<content:encoded><![CDATA[[text* your-name placeholder "Name"]

    [email* your-email placeholder "Email"]

[select menu-38 "You want us to do" "item1" "item2"]

    [textarea your-message placeholder "Project Detail"]

[submit "Send Request"]
1
Contact Via Naix

drfuri@gmail.com
Hello













Thank you for your message. It has been sent.
There was an error trying to send your message. Please try again later.
One or more fields have an error. Please check and try again.
There was an error trying to send your message. Please try again later.
You must accept the terms and conditions before sending your message.
The field is required.
The field is too long.
The field is too short.
The date format is incorrect.
The date is before the earliest one allowed.
The date is after the latest one allowed.
There was an unknown error uploading the file.
You are not allowed to upload files of this type.
The file is too big.
There was an error uploading the file.
The number format is invalid.
The number is smaller than the minimum allowed.
The number is larger than the maximum allowed.
The answer to the quiz is incorrect.
Your entered code is incorrect.
The e-mail address entered is invalid.
The URL is invalid.
The telephone number is invalid.]]></content:encoded>
		<excerpt:encoded><![CDATA[]]></excerpt:encoded>
		<wp:post_id>3164</wp:post_id>
		<wp:post_date><![CDATA[2017-06-26 08:20:55]]></wp:post_date>
		<wp:post_date_gmt><![CDATA[2017-06-26 08:20:55]]></wp:post_date_gmt>
		<wp:comment_status><![CDATA[closed]]></wp:comment_status>
		<wp:ping_status><![CDATA[closed]]></wp:ping_status>
		<wp:post_name><![CDATA[contactt-form-2]]></wp:post_name>
		<wp:status><![CDATA[publish]]></wp:status>
		<wp:post_parent>0</wp:post_parent>
		<wp:menu_order>0</wp:menu_order>
		<wp:post_type><![CDATA[wpcf7_contact_form]]></wp:post_type>
		<wp:post_password><![CDATA[]]></wp:post_password>
		<wp:is_sticky>0</wp:is_sticky>
		<wp:postmeta>
			<wp:meta_key><![CDATA[_vc_post_settings]]></wp:meta_key>
			<wp:meta_value><![CDATA[a:1:{s:10:"vc_grid_id";a:0:{}}]]></wp:meta_value>
		</wp:postmeta>
		<wp:postmeta>
			<wp:meta_key><![CDATA[_vc_post_settings]]></wp:meta_key>
			<wp:meta_value><![CDATA[a:1:{s:10:"vc_grid_id";a:0:{}}]]></wp:meta_value>
		</wp:postmeta>
		<wp:postmeta>
			<wp:meta_key><![CDATA[_form]]></wp:meta_key>
			<wp:meta_value><![CDATA[[text* your-name placeholder "Name"]

    [email* your-email placeholder "Email"]

[select menu-38 "You want us to do" "item1" "item2"]

    [textarea your-message placeholder "Project Detail"]

[submit "Send Request"]]]></wp:meta_value>
		</wp:postmeta>
		<wp:postmeta>
			<wp:meta_key><![CDATA[_mail]]></wp:meta_key>
			<wp:meta_value><![CDATA[a:9:{s:6:"active";b:1;s:7:"subject";s:16:"Contact Via Naix";s:6:"sender";s:0:"";s:9:"recipient";s:16:"drfuri@gmail.com";s:4:"body";s:5:"Hello";s:18:"additional_headers";s:0:"";s:11:"attachments";s:0:"";s:8:"use_html";b:0;s:13:"exclude_blank";b:0;}]]></wp:meta_value>
		</wp:postmeta>
		<wp:postmeta>
			<wp:meta_key><![CDATA[_mail_2]]></wp:meta_key>
			<wp:meta_value><![CDATA[a:9:{s:6:"active";b:0;s:7:"subject";s:0:"";s:6:"sender";s:0:"";s:9:"recipient";s:0:"";s:4:"body";s:0:"";s:18:"additional_headers";s:0:"";s:11:"attachments";s:0:"";s:8:"use_html";b:0;s:13:"exclude_blank";b:0;}]]></wp:meta_value>
		</wp:postmeta>
		<wp:postmeta>
			<wp:meta_key><![CDATA[_messages]]></wp:meta_key>
			<wp:meta_value><![CDATA[a:23:{s:12:"mail_sent_ok";s:45:"Thank you for your message. It has been sent.";s:12:"mail_sent_ng";s:71:"There was an error trying to send your message. Please try again later.";s:16:"validation_error";s:61:"One or more fields have an error. Please check and try again.";s:4:"spam";s:71:"There was an error trying to send your message. Please try again later.";s:12:"accept_terms";s:69:"You must accept the terms and conditions before sending your message.";s:16:"invalid_required";s:22:"The field is required.";s:16:"invalid_too_long";s:22:"The field is too long.";s:17:"invalid_too_short";s:23:"The field is too short.";s:12:"invalid_date";s:29:"The date format is incorrect.";s:14:"date_too_early";s:44:"The date is before the earliest one allowed.";s:13:"date_too_late";s:41:"The date is after the latest one allowed.";s:13:"upload_failed";s:46:"There was an unknown error uploading the file.";s:24:"upload_file_type_invalid";s:49:"You are not allowed to upload files of this type.";s:21:"upload_file_too_large";s:20:"The file is too big.";s:23:"upload_failed_php_error";s:38:"There was an error uploading the file.";s:14:"invalid_number";s:29:"The number format is invalid.";s:16:"number_too_small";s:47:"The number is smaller than the minimum allowed.";s:16:"number_too_large";s:46:"The number is larger than the maximum allowed.";s:23:"quiz_answer_not_correct";s:36:"The answer to the quiz is incorrect.";s:17:"captcha_not_match";s:31:"Your entered code is incorrect.";s:13:"invalid_email";s:38:"The e-mail address entered is invalid.";s:11:"invalid_url";s:19:"The URL is invalid.";s:11:"invalid_tel";s:32:"The telephone number is invalid.";}]]></wp:meta_value>
		</wp:postmeta>
		<wp:postmeta>
			<wp:meta_key><![CDATA[_additional_settings]]></wp:meta_key>
			<wp:meta_value><![CDATA[]]></wp:meta_value>
		</wp:postmeta>
		<wp:postmeta>
			<wp:meta_key><![CDATA[_locale]]></wp:meta_key>
			<wp:meta_value><![CDATA[en_US]]></wp:meta_value>
		</wp:postmeta>
		<wp:postmeta>
			<wp:meta_key><![CDATA[_config_errors]]></wp:meta_key>
			<wp:meta_value><![CDATA[a:1:{s:11:"mail.sender";a:1:{i:0;a:2:{s:4:"code";i:102;s:4:"args";a:3:{s:7:"message";s:0:"";s:6:"params";a:0:{}s:4:"link";s:68:"https://contactform7.com/configuration-errors/invalid-mailbox-syntax";}}}}]]></wp:meta_value>
		</wp:postmeta>
	</item>
</channel>
</rss>
