{"version":"0.4","title":"About Us","type":"page","content":[{"id":"3754cb7","settings":{"layout":"full_width","stretch_section":"section-stretched","gap":"no"},"elements":[{"id":"20e5473c","settings":{"_column_size":100},"elements":[{"id":"7543705a","settings":{"image":{"id":1946,"url":"http:\/\/demo2.drfuri.com\/martfury10\/wp-content\/uploads\/sites\/51\/2017\/12\/a1.jpg"},"image_size":"full"},"elements":[],"isInner":false,"widgetType":"image","elType":"widget"},{"id":"7bf19928","settings":{"space":{"unit":"px","size":105,"sizes":[]},"space_tablet":{"unit":"px","size":70,"sizes":[]}},"elements":[],"isInner":false,"widgetType":"spacer","elType":"widget"}],"isInner":false,"elType":"column"}],"isInner":false,"elType":"section"},{"id":"70591e71","settings":{"structure":"30","gap":"extended"},"elements":[{"id":"78f488c4","settings":{"_column_size":33,"_inline_size":16.66666667},"elements":[],"isInner":false,"elType":"column"},{"id":"233179a5","settings":{"_column_size":33,"_inline_size":66.66666667},"elements":[{"id":"212c663e","settings":{"title":"Welcome to Martfury","header_size":"h3","align":"left","title_color":"#000000","typography_typography":"custom"},"elements":[],"isInner":false,"widgetType":"heading","elType":"widget"},{"id":"6ba8b5fb","settings":{"space":{"unit":"px","size":90,"sizes":[]},"space_tablet":{"unit":"px","size":70,"sizes":[]},"space_mobile":{"unit":"px","size":30,"sizes":[]}},"elements":[],"isInner":false,"widgetType":"spacer","elType":"widget"},{"id":"68e73d9b","settings":{"title":"We connect millions of buyers and sellers around the world, empowering people & creating economic opportunity for all.","align":"left","title_color":"#000000","typography_typography":"custom","typography_font_weight":"400","typography_font_size":{"unit":"px","size":36,"sizes":[]},"typography_font_size_tablet":{"unit":"px","size":28,"sizes":[]},"typography_font_size_mobile":{"unit":"px","size":18,"sizes":[]},"typography_line_height_mobile":{"unit":"em","size":1.2,"sizes":[]}},"elements":[],"isInner":false,"widgetType":"heading","elType":"widget"},{"id":"5a16c7bb","settings":{"space_tablet":{"unit":"px","size":30,"sizes":[]}},"elements":[],"isInner":false,"widgetType":"spacer","elType":"widget"},{"id":"5cee6c79","settings":{"editor":"<p>Within our markets, millions of people around the world connect, both online and offline, to make, sell and buy unique goods. We also offer a wide range of Seller Services and tools that help creative entrepreneurs start, manage and scale their businesses. Our mission is to reimagine commerce in ways that build a more fulfilling and lasting world, and we\u2019re committed to using the power of business to strengthen communities and empower people.<\/p>","typography_typography":"custom","typography_font_size":{"unit":"px","size":18,"sizes":[]},"typography_font_size_mobile":{"unit":"px","size":14,"sizes":[]}},"elements":[],"isInner":false,"widgetType":"text-editor","elType":"widget"},{"id":"7260b8f9","settings":{"space":{"unit":"px","size":73,"sizes":[]},"space_tablet":{"unit":"px","size":40,"sizes":[]},"space_mobile":{"unit":"px","size":30,"sizes":[]}},"elements":[],"isInner":false,"widgetType":"spacer","elType":"widget"}],"isInner":false,"elType":"column"},{"id":"5841839c","settings":{"_column_size":33,"_inline_size":16.33},"elements":[],"isInner":false,"elType":"column"}],"isInner":false,"elType":"section"},{"id":"47f45be9","settings":[],"elements":[{"id":"1e22a711","settings":{"_column_size":100},"elements":[{"id":"683668e4","settings":{"color":"rgba(0,0,0,0.15)"},"elements":[],"isInner":false,"widgetType":"divider","elType":"widget"},{"id":"1164663b","settings":{"space":{"unit":"px","size":84,"sizes":[]},"space_tablet":{"unit":"px","size":60,"sizes":[]}},"elements":[],"isInner":false,"widgetType":"spacer","elType":"widget"}],"isInner":false,"elType":"column"}],"isInner":false,"elType":"section"},{"id":"6f86cfcf","settings":{"structure":"40","gap":"extended"},"elements":[{"id":"205ffbae","settings":{"_column_size":25,"_inline_size":null},"elements":[{"id":"1956b6d6","settings":{"value":"45","unit_after":"M","title":"Products for sale","icon":"fa fa-cube"},"elements":[],"isInner":false,"widgetType":"martfury-counter","elType":"widget"},{"id":"11f550d9","settings":{"space":{"unit":"px","size":30,"sizes":[]},"space_tablet":{"unit":"px","size":40,"sizes":[]}},"elements":[],"isInner":false,"widgetType":"spacer","elType":"widget"}],"isInner":false,"elType":"column"},{"id":"38fc9d33","settings":{"_column_size":25,"_inline_size":null},"elements":[{"id":"1efdca9e","settings":{"icon":"icon-store","value":"1.8","unit_after":"M","title":"Sellers Active on Martfury"},"elements":[],"isInner":false,"widgetType":"martfury-counter","elType":"widget"},{"id":"1426b0d1","settings":{"space":{"unit":"px","size":30,"sizes":[]},"space_tablet":{"unit":"px","size":40,"sizes":[]}},"elements":[],"isInner":false,"widgetType":"spacer","elType":"widget"}],"isInner":false,"elType":"column"},{"id":"1e30b90d","settings":{"_column_size":25,"_inline_size":null},"elements":[{"id":"1d150d4a","settings":{"icon":"icon-bag2","value":"30.6","unit_after":"M","title":"Buyers Activie on Martfury"},"elements":[],"isInner":false,"widgetType":"martfury-counter","elType":"widget"},{"id":"3bdbdd85","settings":{"space":{"unit":"px","size":30,"sizes":[]},"space_tablet":{"unit":"px","size":40,"sizes":[]}},"elements":[],"isInner":false,"widgetType":"spacer","elType":"widget"}],"isInner":false,"elType":"column"},{"id":"2ed9c5c8","settings":{"_column_size":25,"_inline_size":null},"elements":[{"id":"3c35ae68","settings":{"icon":"icon-cash-dollar","value":"2.64","unit_before":"$","unit_after":"M","title":"Annual gross merchandise sales"},"elements":[],"isInner":false,"widgetType":"martfury-counter","elType":"widget"},{"id":"8d81983","settings":{"space":{"unit":"px","size":30,"sizes":[]},"space_tablet":{"unit":"px","size":40,"sizes":[]}},"elements":[],"isInner":false,"widgetType":"spacer","elType":"widget"}],"isInner":false,"elType":"column"}],"isInner":false,"elType":"section"},{"id":"4dcef211","settings":[],"elements":[{"id":"708496f1","settings":{"_column_size":100},"elements":[{"id":"61c2a5c2","settings":{"space":{"unit":"px","size":70,"sizes":[]},"_title":"Spacer","space_tablet":{"unit":"px","size":60,"sizes":[]},"space_mobile":{"unit":"px","size":30,"sizes":[]}},"elements":[],"isInner":false,"widgetType":"spacer","elType":"widget"}],"isInner":false,"elType":"column"}],"isInner":false,"elType":"section"},{"id":"5c37fca0","settings":{"background_background":"classic","background_color":"#efefef","gap":"extended"},"elements":[{"id":"15fd9291","settings":{"_column_size":100,"_inline_size":null},"elements":[{"id":"72d4e32e","settings":{"space":{"unit":"px","size":120,"sizes":[]},"_title":"Spacer","space_tablet":{"unit":"px","size":80,"sizes":[]}},"elements":[],"isInner":false,"widgetType":"spacer","elType":"widget"},{"id":"1288c3db","settings":{"structure":"30","gap":"extended"},"elements":[{"id":"4810753","settings":{"_column_size":33,"_inline_size":16.66666667},"elements":[],"isInner":true,"elType":"column"},{"id":"724119c9","settings":{"_column_size":33,"_inline_size":65.998},"elements":[{"id":"48c2fef0","settings":{"title":"Discover Martfury\u2019s Journey\u200b","align":"left","title_color":"#000000","typography_typography":"custom","typography_font_weight":"400","typography_font_size":{"unit":"px","size":36,"sizes":[]},"typography_font_size_tablet":{"unit":"px","size":28,"sizes":[]},"typography_font_size_mobile":{"unit":"px","size":29,"sizes":[]}},"elements":[],"isInner":false,"widgetType":"heading","elType":"widget"},{"id":"2cc01c5b","settings":{"space":{"unit":"px","size":100,"sizes":[]},"_title":"Spacer","space_tablet":{"unit":"px","size":60,"sizes":[]}},"elements":[],"isInner":false,"widgetType":"spacer","elType":"widget"}],"isInner":true,"elType":"column"},{"id":"76d86322","settings":{"_column_size":33,"_inline_size":16.66666667},"elements":[],"isInner":true,"elType":"column"}],"isInner":true,"elType":"section"},{"id":"4a0df11b","settings":{"gap":"extended"},"elements":[{"id":"47c13a41","settings":{"_column_size":100,"_inline_size":null},"elements":[{"id":"23f10da2","settings":{"settings":[{"year":"2004","image":{"id":368,"url":"http:\/\/demo2.drfuri.com\/martfury10\/wp-content\/uploads\/sites\/51\/2017\/11\/journey1.png"},"image_size":"shop_thumbnail","image_custom_dimension":{"width":"","height":""},"title":"January 2004","desc":"Gets launched as online martketplace merchant by Martin Garrix in United States.","reverse":"","_id":"309035d"},{"year":"2006","image":{"id":350,"url":"http:\/\/demo2.drfuri.com\/martfury10\/wp-content\/uploads\/sites\/51\/2017\/11\/team-7.jpg"},"image_size":"shop_thumbnail","image_custom_dimension":{"width":"","height":""},"title":"May 2006","desc":"Attracts first investor, Herba Beauty Care, and receives $10 million investment","reverse":"","_id":"0ac069a"},{"year":"2008","image":{"id":349,"url":"http:\/\/demo2.drfuri.com\/martfury10\/wp-content\/uploads\/sites\/51\/2017\/11\/team-6.jpg"},"image_size":"shop_thumbnail","image_custom_dimension":{"width":"","height":""},"title":"December 2008","desc":"Gets $45 million more as Bison Coporation Partners jumps on the investment bandwagon","reverse":"","_id":"2ee7cf5"},{"year":"2012","image":{"id":348,"url":"http:\/\/demo2.drfuri.com\/martfury10\/wp-content\/uploads\/sites\/51\/2017\/11\/team-5.jpg"},"image_size":"shop_thumbnail","image_custom_dimension":{"width":"","height":""},"title":"February 2012","desc":"Gets launched as online martketplace merchant by Martin Garrix in United States.","reverse":"","_id":"7e23167"},{"year":"2015","image":{"id":347,"url":"http:\/\/demo2.drfuri.com\/martfury10\/wp-content\/uploads\/sites\/51\/2017\/11\/team-4.jpg"},"image_size":"shop_thumbnail","image_custom_dimension":{"width":"","height":""},"title":"September 2015","desc":"Gets launched as online martketplace merchant by Martin Garrix in United States.","reverse":"","_id":"b78df09"},{"year":"2017","image":{"id":346,"url":"http:\/\/demo2.drfuri.com\/martfury10\/wp-content\/uploads\/sites\/51\/2017\/11\/team-3.jpg"},"image_size":"shop_thumbnail","image_custom_dimension":{"width":"","height":""},"title":"July 2015","desc":"Gets launched as online martketplace merchant by Martin Garrix in United States.","reverse":"yes","_id":"9f4ce12"}]},"elements":[],"isInner":false,"widgetType":"martfury-journey","elType":"widget"},{"id":"6e834975","settings":{"space":{"unit":"px","size":150,"sizes":[]},"_title":"Spacer","space_tablet":{"unit":"px","size":80,"sizes":[]},"space_mobile":{"unit":"px","size":60,"sizes":[]}},"elements":[],"isInner":false,"widgetType":"spacer","elType":"widget"}],"isInner":true,"elType":"column"}],"isInner":true,"elType":"section"}],"isInner":false,"elType":"column"}],"isInner":false,"elType":"section"},{"id":"699f8845","settings":{"gap":"extended"},"elements":[{"id":"6df3d92c","settings":{"_column_size":100},"elements":[{"id":"138533d","settings":{"space":{"unit":"px","size":120,"sizes":[]},"_title":"Spacer","space_tablet":{"unit":"px","size":80,"sizes":[]},"space_mobile":{"unit":"px","size":60,"sizes":[]}},"elements":[],"isInner":false,"widgetType":"spacer","elType":"widget"},{"id":"671177e4","settings":{"structure":"30","gap":"extended"},"elements":[{"id":"72a7896","settings":{"_column_size":33,"_inline_size":16.66666667},"elements":[],"isInner":true,"elType":"column"},{"id":"75aee86","settings":{"_column_size":33,"_inline_size":65.998},"elements":[{"id":"3188e8d0","settings":{"title":"Meet Our Leaders","align":"left","title_color":"#000000","typography_typography":"custom","typography_font_weight":"400","typography_font_size":{"unit":"px","size":36,"sizes":[]},"typography_font_size_mobile":{"unit":"px","size":29,"sizes":[]}},"elements":[],"isInner":false,"widgetType":"heading","elType":"widget"}],"isInner":true,"elType":"column"},{"id":"3d7d5cb3","settings":{"_column_size":33,"_inline_size":16.66666667},"elements":[],"isInner":true,"elType":"column"}],"isInner":true,"elType":"section"},{"id":"1a6a19f7","settings":{"space":{"unit":"px","size":100,"sizes":[]},"_title":"Spacer","space_tablet":{"unit":"px","size":60,"sizes":[]},"space_mobile":{"unit":"px","size":30,"sizes":[]}},"elements":[],"isInner":false,"widgetType":"spacer","elType":"widget"},{"id":"7ec3043c","settings":{"gap":"extended","structure":"40"},"elements":[{"id":"5320dd2","settings":{"_column_size":25,"_inline_size":null},"elements":[{"id":"46327a6e","settings":{"image":{"id":344,"url":"http:\/\/demo2.drfuri.com\/martfury10\/wp-content\/uploads\/sites\/51\/2017\/11\/team-1.jpg"},"image_size":"full","name":"Robert Downey Jr","job":"CEO Founder","socials":[{"icon":"fa fa-twitter","link":{"url":"","is_external":true,"nofollow":true},"_id":"af6b228"},{"icon":"fa fa-facebook","link":{"url":"","is_external":true,"nofollow":true},"_id":"ebddc6f"},{"icon":"fa fa-linkedin-square","link":{"url":"","is_external":true,"nofollow":true},"_id":"d5f9613"}]},"elements":[],"isInner":false,"widgetType":"martfury-member","elType":"widget"},{"id":"55b333fa","settings":{"space":{"unit":"px","size":30,"sizes":[]}},"elements":[],"isInner":false,"widgetType":"spacer","elType":"widget"}],"isInner":true,"elType":"column"},{"id":"17c9ce7e","settings":{"_column_size":25,"_inline_size":null},"elements":[{"id":"622cc1de","settings":{"image":{"id":345,"url":"http:\/\/demo2.drfuri.com\/martfury10\/wp-content\/uploads\/sites\/51\/2017\/11\/team-2.jpg"},"image_size":"full","name":"Robert Downey Jr","job":"CEO Founder","socials":[{"icon":"fa fa-twitter","link":{"url":"","is_external":true,"nofollow":true},"_id":"af6b228"},{"icon":"fa fa-facebook","link":{"url":"","is_external":true,"nofollow":true},"_id":"ebddc6f"},{"icon":"fa fa-linkedin-square","link":{"url":"","is_external":true,"nofollow":true},"_id":"d5f9613"}]},"elements":[],"isInner":false,"widgetType":"martfury-member","elType":"widget"},{"id":"2b10c45","settings":{"space":{"unit":"px","size":30,"sizes":[]}},"elements":[],"isInner":false,"widgetType":"spacer","elType":"widget"}],"isInner":true,"elType":"column"},{"id":"7e956058","settings":{"_column_size":25,"_inline_size":null},"elements":[{"id":"7a5639d5","settings":{"image":{"id":346,"url":"http:\/\/demo2.drfuri.com\/martfury10\/wp-content\/uploads\/sites\/51\/2017\/11\/team-3.jpg"},"image_size":"full","name":"Robert Downey Jr","job":"CEO Founder","socials":[{"icon":"fa fa-twitter","link":{"url":"","is_external":true,"nofollow":true},"_id":"af6b228"},{"icon":"fa fa-facebook","link":{"url":"","is_external":true,"nofollow":true},"_id":"ebddc6f"},{"icon":"fa fa-linkedin-square","link":{"url":"","is_external":true,"nofollow":true},"_id":"d5f9613"}]},"elements":[],"isInner":false,"widgetType":"martfury-member","elType":"widget"},{"id":"54b7a1fc","settings":{"space":{"unit":"px","size":30,"sizes":[]}},"elements":[],"isInner":false,"widgetType":"spacer","elType":"widget"}],"isInner":true,"elType":"column"},{"id":"536aa8a6","settings":{"_column_size":25,"_inline_size":null},"elements":[{"id":"56a2adce","settings":{"image":{"id":347,"url":"http:\/\/demo2.drfuri.com\/martfury10\/wp-content\/uploads\/sites\/51\/2017\/11\/team-4.jpg"},"image_size":"full","name":"Robert Downey Jr","job":"CEO Founder","socials":[{"icon":"fa fa-twitter","link":{"url":"","is_external":true,"nofollow":true},"_id":"af6b228"},{"icon":"fa fa-facebook","link":{"url":"","is_external":true,"nofollow":true},"_id":"ebddc6f"},{"icon":"fa fa-linkedin-square","link":{"url":"","is_external":true,"nofollow":true},"_id":"d5f9613"}]},"elements":[],"isInner":false,"widgetType":"martfury-member","elType":"widget"},{"id":"4527404b","settings":{"space":{"unit":"px","size":30,"sizes":[]}},"elements":[],"isInner":false,"widgetType":"spacer","elType":"widget"}],"isInner":true,"elType":"column"}],"isInner":true,"elType":"section"},{"id":"6ead9026","settings":{"gap":"extended","structure":"40"},"elements":[{"id":"46141e98","settings":{"_column_size":25,"_inline_size":null},"elements":[{"id":"112b9e97","settings":{"image":{"id":348,"url":"http:\/\/demo2.drfuri.com\/martfury10\/wp-content\/uploads\/sites\/51\/2017\/11\/team-5.jpg"},"image_size":"full","name":"Robert Downey Jr","job":"CEO Founder","socials":[{"icon":"fa fa-twitter","link":{"url":"","is_external":true,"nofollow":true},"_id":"af6b228"},{"icon":"fa fa-facebook","link":{"url":"","is_external":true,"nofollow":true},"_id":"ebddc6f"},{"icon":"fa fa-linkedin-square","link":{"url":"","is_external":true,"nofollow":true},"_id":"d5f9613"}]},"elements":[],"isInner":false,"widgetType":"martfury-member","elType":"widget"},{"id":"33b729c","settings":{"space":{"unit":"px","size":30,"sizes":[]}},"elements":[],"isInner":false,"widgetType":"spacer","elType":"widget"}],"isInner":true,"elType":"column"},{"id":"41d494ba","settings":{"_column_size":25,"_inline_size":null},"elements":[{"id":"4912574d","settings":{"image":{"id":349,"url":"http:\/\/demo2.drfuri.com\/martfury10\/wp-content\/uploads\/sites\/51\/2017\/11\/team-6.jpg"},"image_size":"full","name":"Robert Downey Jr","job":"CEO Founder","socials":[{"icon":"fa fa-twitter","link":{"url":"","is_external":true,"nofollow":true},"_id":"af6b228"},{"icon":"fa fa-facebook","link":{"url":"","is_external":true,"nofollow":true},"_id":"ebddc6f"},{"icon":"fa fa-linkedin-square","link":{"url":"","is_external":true,"nofollow":true},"_id":"d5f9613"}]},"elements":[],"isInner":false,"widgetType":"martfury-member","elType":"widget"},{"id":"293a574c","settings":{"space":{"unit":"px","size":30,"sizes":[]}},"elements":[],"isInner":false,"widgetType":"spacer","elType":"widget"}],"isInner":true,"elType":"column"},{"id":"64345086","settings":{"_column_size":25,"_inline_size":null},"elements":[{"id":"7ee9e526","settings":{"image":{"id":350,"url":"http:\/\/demo2.drfuri.com\/martfury10\/wp-content\/uploads\/sites\/51\/2017\/11\/team-7.jpg"},"image_size":"full","name":"Robert Downey Jr","job":"CEO Founder","socials":[{"icon":"fa fa-twitter","link":{"url":"","is_external":true,"nofollow":true},"_id":"af6b228"},{"icon":"fa fa-facebook","link":{"url":"","is_external":true,"nofollow":true},"_id":"ebddc6f"},{"icon":"fa fa-linkedin-square","link":{"url":"","is_external":true,"nofollow":true},"_id":"d5f9613"}]},"elements":[],"isInner":false,"widgetType":"martfury-member","elType":"widget"},{"id":"50b8a62e","settings":{"space":{"unit":"px","size":30,"sizes":[]}},"elements":[],"isInner":false,"widgetType":"spacer","elType":"widget"}],"isInner":true,"elType":"column"},{"id":"2720ca3f","settings":{"_column_size":25,"_inline_size":null,"content_position":"center"},"elements":[{"id":"752a64d2","settings":{"title":"BECOME<br>\nMEMBER IN<br>\nTEAM","link":{"url":"#","is_external":"","nofollow":""},"header_size":"h4","align":"center","title_color":"#000000","align_mobile":"left"},"elements":[],"isInner":false,"widgetType":"heading","elType":"widget"}],"isInner":true,"elType":"column"}],"isInner":true,"elType":"section"},{"id":"3811723","settings":[],"elements":[{"id":"13a58729","settings":{"_column_size":100,"_inline_size":null},"elements":[{"id":"7767eb76","settings":{"space":{"unit":"px","size":85,"sizes":[]},"_title":"Spacer","space_tablet":{"unit":"px","size":80,"sizes":[]},"space_mobile":{"unit":"px","size":60,"sizes":[]}},"elements":[],"isInner":false,"widgetType":"spacer","elType":"widget"}],"isInner":true,"elType":"column"}],"isInner":true,"elType":"section"}],"isInner":false,"elType":"column"}],"isInner":false,"elType":"section"},{"id":"1644d245","settings":{"background_background":"classic","background_color":"#f5f5f5","gap":"extended"},"elements":[{"id":"229e78ae","settings":{"_column_size":100},"elements":[{"id":"6c932c07","settings":{"structure":"30","gap":"extended"},"elements":[{"id":"1236630e","settings":{"_column_size":33,"_inline_size":16.66666667},"elements":[],"isInner":true,"elType":"column"},{"id":"449174a3","settings":{"_column_size":33,"_inline_size":65.998},"elements":[{"id":"37a74097","settings":{"space":{"unit":"px","size":120,"sizes":[]},"space_tablet":{"unit":"px","size":80,"sizes":[]}},"elements":[],"isInner":false,"widgetType":"spacer","elType":"widget"},{"id":"2e6c13f5","settings":{"title":"Awards & Recognition","align":"left","title_color":"#000000","typography_typography":"custom","typography_font_weight":"400","typography_font_size":{"unit":"px","size":36,"sizes":[]},"typography_font_size_mobile":{"unit":"px","size":29,"sizes":[]},"text_shadow_text_shadow_type":"yes","text_shadow_text_shadow":{"horizontal":0,"vertical":0,"blur":0,"color":"rgba(0,0,0,0.3)"}},"elements":[],"isInner":false,"widgetType":"heading","elType":"widget"},{"id":"33a9e90f","settings":{"space":{"unit":"px","size":55,"sizes":[]},"space_mobile":{"unit":"px","size":30,"sizes":[]}},"elements":[],"isInner":false,"widgetType":"spacer","elType":"widget"},{"id":"303798e1","settings":{"editor":"Industry leaders and influencers recognize Overstock as one of the most trust worthy retail companies in the U.S., ranking high for both customer and employee satisfaction.","typography_typography":"custom","typography_font_size":{"unit":"px","size":18,"sizes":[]},"typography_font_size_mobile":{"unit":"px","size":14,"sizes":[]}},"elements":[],"isInner":false,"widgetType":"text-editor","elType":"widget"},{"id":"234805d4","settings":{"space":{"unit":"px","size":80,"sizes":[]},"space_tablet":{"unit":"px","size":70,"sizes":[]},"space_mobile":{"unit":"px","size":40,"sizes":[]}},"elements":[],"isInner":false,"widgetType":"spacer","elType":"widget"}],"isInner":true,"elType":"column"},{"id":"44fdfcf","settings":{"_column_size":33,"_inline_size":16.66666667},"elements":[],"isInner":true,"elType":"column"}],"isInner":true,"elType":"section"},{"id":"72b1f16","settings":{"gap":"extended"},"elements":[{"id":"253e7c45","settings":{"_column_size":100,"_inline_size":null},"elements":[{"id":"70fcb1e3","settings":{"columns_mobile":"3","group_setting":[{"image":{"url":"http:\/\/demo2.drfuri.com\/martfury10\/wp-content\/uploads\/sites\/51\/2017\/11\/partner-1.png","id":362},"_id":"a5bad1a","link":{"url":"","is_external":true,"nofollow":true}},{"image":{"url":"http:\/\/demo2.drfuri.com\/martfury10\/wp-content\/uploads\/sites\/51\/2017\/11\/partner-2.png","id":363},"_id":"e450160","link":{"url":"","is_external":true,"nofollow":true}},{"image":{"url":"http:\/\/demo2.drfuri.com\/martfury10\/wp-content\/uploads\/sites\/51\/2017\/11\/partner-3.png","id":364},"_id":"4bd9221","link":{"url":"","is_external":true,"nofollow":true}},{"image":{"url":"http:\/\/demo2.drfuri.com\/martfury10\/wp-content\/uploads\/sites\/51\/2017\/11\/partner-4.png","id":365},"_id":"20acfb1","link":{"url":"","is_external":true,"nofollow":true}},{"image":{"url":"http:\/\/demo2.drfuri.com\/martfury10\/wp-content\/uploads\/sites\/51\/2017\/11\/partner-5.png","id":366},"_id":"4d35804","link":{"url":"","is_external":true,"nofollow":true}}],"border_style":"none","columns_tablet":"3","item_height":{"unit":"px","size":100,"sizes":[]}},"elements":[],"isInner":false,"widgetType":"martfury-images-grid","elType":"widget"},{"id":"605d89b0","settings":{"space":{"unit":"px","size":115,"sizes":[]},"space_tablet":{"unit":"px","size":70,"sizes":[]},"space_mobile":{"unit":"px","size":40,"sizes":[]}},"elements":[],"isInner":false,"widgetType":"spacer","elType":"widget"}],"isInner":true,"elType":"column"}],"isInner":true,"elType":"section"}],"isInner":false,"elType":"column"}],"isInner":false,"elType":"section"}]}