{"version":"0.4","title":"Home Organic","type":"page","content":[{"id":"aadaa81","settings":{"stretch_section":"section-stretched","gap":"no","layout":"full_width"},"elements":[{"id":"1a3d2ad0","settings":{"_column_size":100},"elements":[{"id":"70f234a0","settings":{"slides":[{"subtitle":"Weekend Promotions","heading":"Happy Summer<br>\ncombo super discount<br>\nup to <span style=\"color: rgb(240, 71, 4); font-weight: 600\">40% Off<\/span>","description":"","button_text":"Shop Now","background_color":"#f4f5f5","_id":"38b4454","background_image":{"id":2656,"url":"http:\/\/demo2.drfuri.com\/martfury15\/wp-content\/uploads\/sites\/56\/revslider\/home_organic1\/rvslider1.jpg"},"background_size":"cover","background_ken_burns":"","zoom_direction":"out","background_overlay":"","background_overlay_color":"rgba(0,0,0,0.5)","background_overlay_blend_mode":"","link":{"url":"#","is_external":"","nofollow":""},"link_click":"button","price_box_type":"text","price_box_text":"","price_box_image":{"url":"","id":""},"price_box_image_size":"full","price_box_image_custom_dimension":{"width":"","height":""},"custom_style":"","horizontal_position":"","vertical_position":"","text_align":"","subtitle_custom_color":"","heading_custom_color":"","content_custom_color":"","button_custom_color":"","button_custom_bg_color":"","price_box_custom_color":"","price_box_custom_bg_color":"","background_image_tablet":{"url":"","id":""},"background_image_mobile":{"url":"","id":""},"background_size_tablet":"","background_size_mobile":"","background_position":"","background_position_tablet":"","background_position_mobile":"","background_position_custom":{"unit":"px","top":"","right":"","bottom":"","left":"","isLinked":true},"background_position_custom_tablet":{"unit":"px","top":"","right":"","bottom":"","left":"","isLinked":true},"background_position_custom_mobile":{"unit":"px","top":"","right":"","bottom":"","left":"","isLinked":true}},{"subtitle":"DON\u2019T MISS OUT ! ","heading":"Fresh vegetables &<br>\nfruits basket ","description":"<p>Discount<br \/><strong style=\"font-size: 24px; font-weight: 600;\">30% Off<\/strong><\/p>","button_text":"Shop Now","background_color":"#f4f5f5","_id":"a70508f","background_image":{"id":2657,"url":"http:\/\/demo2.drfuri.com\/martfury15\/wp-content\/uploads\/sites\/56\/revslider\/home_organic1\/rvslider2.jpg"},"background_size":"cover","background_ken_burns":"","zoom_direction":"in","background_overlay":"","background_overlay_color":"rgba(0,0,0,0.5)","background_overlay_blend_mode":"","link":{"url":"#","is_external":"","nofollow":""},"link_click":"button","price_box_type":"text","price_box_text":"","price_box_image":{"url":"","id":""},"price_box_image_size":"full","price_box_image_custom_dimension":{"width":"","height":""},"custom_style":"yes","horizontal_position":"","vertical_position":"","text_align":"","subtitle_custom_color":"#ffffff","heading_custom_color":"#ffffff","content_custom_color":"#ffffff","button_custom_color":"","button_custom_bg_color":"","price_box_custom_color":"","price_box_custom_bg_color":"","background_image_tablet":{"url":"","id":""},"background_image_mobile":{"url":"","id":""},"background_size_tablet":"","background_size_mobile":"","background_position":"","background_position_tablet":"","background_position_mobile":"","background_position_custom":{"unit":"px","top":"","right":"","bottom":"","left":"","isLinked":true},"background_position_custom_tablet":{"unit":"px","top":"","right":"","bottom":"","left":"","isLinked":true},"background_position_custom_mobile":{"unit":"px","top":"","right":"","bottom":"","left":"","isLinked":true}}],"slides_height":{"unit":"px","size":375,"sizes":[]},"content_animation":"fadeIn","transition":"fade","content_max_width":{"unit":"px","size":570,"sizes":[]},"slides_padding":{"unit":"%","top":"","right":"","bottom":"","left":"","isLinked":true},"arrows_spacing":{"unit":"px","size":0,"sizes":[]},"navigation":"arrows","navigation_tablet":"dots","navigation_mobile":"dots","autoplay_speed":8000,"transition_speed":800,"content_max_width_tablet":{"unit":"%","size":100,"sizes":[]},"slides_padding_tablet":{"unit":"px","top":"0","right":"0","bottom":"0","left":"30","isLinked":false},"heading_typography_typography":"custom","heading_typography_font_size_tablet":{"unit":"px","size":30,"sizes":[]},"dots_background_color":"#ffffff","dots_hover_background_color":"#ffffff","dots_active_background_color":"#000000","slides_padding_mobile":{"unit":"px","top":"15","right":"15","bottom":"15","left":"15","isLinked":true},"heading_typography_font_size_mobile":{"unit":"px","size":28,"sizes":[]},"subtitle_color":"#0099cc","subtitle_typography_typography":"custom","subtitle_typography_font_size":{"unit":"px","size":16,"sizes":[]},"subtitle_typography_font_weight":"600","heading_spacing":{"unit":"px","size":20,"sizes":[]},"heading_color":"#000000","heading_typography_font_size":{"unit":"px","size":36,"sizes":[]},"heading_typography_font_weight":"600","button_text_color":"#ffffff","button_background_color":"#5fa30f"},"elements":[],"isInner":false,"widgetType":"martfury-slides","elType":"widget"}],"isInner":false,"elType":"column"}],"isInner":false,"elType":"section"},{"id":"31098d69","settings":{"gap":"extended"},"elements":[{"id":"3334ff68","settings":{"_column_size":100},"elements":[{"id":"39fbda21","settings":{"space":{"unit":"px","size":45,"sizes":[]}},"elements":[],"isInner":false,"widgetType":"spacer","elType":"widget"},{"id":"6383c584","settings":{"icons":[{"icon":"icon-rocket","title":"Free Delivery","desc":"For all oders over $99","_id":"434d583","link":{"url":"","is_external":true,"nofollow":true}},{"icon":"icon-sync","title":"90 Days Return","desc":"If goods have problems","_id":"58633d0","link":{"url":"","is_external":true,"nofollow":true}},{"icon":"icon-credit-card","title":"Secure Payment","desc":"100% secure payment","_id":"739f58d","link":{"url":"","is_external":true,"nofollow":true}},{"icon":"icon-bubbles","title":"24\/7 Support","desc":"Dedicated support","_id":"8fe4574","link":{"url":"","is_external":true,"nofollow":true}}],"icon_color":"#5fa30f","columns_tablet":"2","content_bottom_spacing_mobile":{"unit":"px","size":10,"sizes":[]},"sep_width_mobile":{"unit":"px","size":0,"sizes":[]},"sep_height_mobile":{"unit":"px","size":0,"sizes":[]}},"elements":[],"isInner":false,"widgetType":"martfury-icons-list","elType":"widget"},{"id":"634a3e7e","settings":{"space":{"unit":"px","size":45,"sizes":[]}},"elements":[],"isInner":false,"widgetType":"spacer","elType":"widget"}],"isInner":false,"elType":"column"}],"isInner":false,"elType":"section"},{"id":"2f3ae5ab","settings":{"gap":"extended"},"elements":[{"id":"7786cc9f","settings":{"_column_size":100},"elements":[{"id":"291c5dd","settings":{"title":"Top Categories Of The Month","title_color":"#000000","typography_typography":"custom","typography_font_family":"Work Sans","typography_font_size":{"unit":"px","size":20,"sizes":[]},"typography_font_weight":"600","typography_line_height":{"unit":"em","size":1,"sizes":[]},"_margin":{"unit":"px","top":"0","right":"0","bottom":"20","left":"0","isLinked":false}},"elements":[],"isInner":false,"widgetType":"heading","elType":"widget"}],"isInner":false,"elType":"column"}],"isInner":false,"elType":"section"},{"id":"3f54ddfd","settings":{"gap":"extended","structure":"60","padding_mobile":{"unit":"px","top":"0","right":"12.5","bottom":"0","left":"12.5","isLinked":false}},"elements":[{"id":"1f026514","settings":{"_column_size":16,"_inline_size":null,"_inline_size_tablet":33.3333,"_inline_size_mobile":33.33,"padding_mobile":{"unit":"px","top":"0","right":"2.5","bottom":"0","left":"2.5","isLinked":false}},"elements":[{"id":"20add93e","settings":{"style":"2","image":{"url":"http:\/\/demo2.drfuri.com\/martfury15\/wp-content\/uploads\/sites\/56\/2018\/05\/c1.jpg","id":2612},"title":"Milks & Creams","enable_subtitles":"","subtitles":[],"image_size":"custom","image_custom_dimension":{"width":"170","height":"170"},"image_position":"top","show_subtitles":"none","text_align":"center","heading_title_spacing":{"unit":"px","size":0,"sizes":[]},"min_height_mobile":{"unit":"px","size":176,"sizes":[]},"title_typography_typography":"custom","title_typography_font_size_mobile":{"unit":"px","size":14,"sizes":[]}},"elements":[],"isInner":false,"widgetType":"martfury-image-box","elType":"widget"},{"id":"2a9d98ea","settings":{"space":{"unit":"px","size":30,"sizes":[]},"space_mobile":{"unit":"px","size":5,"sizes":[]}},"elements":[],"isInner":false,"widgetType":"spacer","elType":"widget"}],"isInner":false,"elType":"column"},{"id":"23b34f1c","settings":{"_column_size":16,"_inline_size":null,"_inline_size_tablet":33.3333,"_inline_size_mobile":33.33,"padding_mobile":{"unit":"px","top":"0","right":"2.5","bottom":"0","left":"2.5","isLinked":false}},"elements":[{"id":"451cdf70","settings":{"style":"2","image":{"url":"http:\/\/demo2.drfuri.com\/martfury15\/wp-content\/uploads\/sites\/56\/2018\/05\/c2.jpg","id":2613},"title":"Fruits","enable_subtitles":"","subtitles":[],"image_size":"custom","image_custom_dimension":{"width":"170","height":"170"},"image_position":"top","text_align":"center","heading_title_spacing":{"unit":"px","size":0,"sizes":[]},"min_height_mobile":{"unit":"px","size":176,"sizes":[]},"title_typography_typography":"custom","title_typography_font_size_mobile":{"unit":"px","size":14,"sizes":[]}},"elements":[],"isInner":false,"widgetType":"martfury-image-box","elType":"widget"}],"isInner":false,"elType":"column"},{"id":"746c728","settings":{"_column_size":16,"_inline_size":null,"_inline_size_tablet":33.3333,"_inline_size_mobile":33.33,"padding_mobile":{"unit":"px","top":"0","right":"2.5","bottom":"0","left":"2.5","isLinked":false}},"elements":[{"id":"7dd880c2","settings":{"style":"2","image":{"url":"http:\/\/demo2.drfuri.com\/martfury15\/wp-content\/uploads\/sites\/56\/2018\/05\/c3.jpg","id":2614},"title":"Vegetables","enable_subtitles":"","subtitles":[],"image_size":"custom","image_custom_dimension":{"width":"170","height":"170"},"image_position":"top","text_align":"center","heading_title_spacing":{"unit":"px","size":0,"sizes":[]},"min_height_mobile":{"unit":"px","size":176,"sizes":[]},"title_typography_typography":"custom","title_typography_font_size_mobile":{"unit":"px","size":14,"sizes":[]}},"elements":[],"isInner":false,"widgetType":"martfury-image-box","elType":"widget"},{"id":"340bbb9f","settings":{"space":{"unit":"px","size":30,"sizes":[]},"space_mobile":{"unit":"px","size":5,"sizes":[]}},"elements":[],"isInner":false,"widgetType":"spacer","elType":"widget"}],"isInner":false,"elType":"column"},{"id":"46facdc7","settings":{"_column_size":16,"_inline_size":null,"_inline_size_tablet":33.3333,"_inline_size_mobile":33.33,"padding_mobile":{"unit":"px","top":"0","right":"2.5","bottom":"0","left":"2.5","isLinked":false}},"elements":[{"id":"70b4f88d","settings":{"style":"2","image":{"url":"http:\/\/demo2.drfuri.com\/martfury15\/wp-content\/uploads\/sites\/56\/2018\/05\/c4.jpg","id":2615},"title":"Ocean Foods","enable_subtitles":"","subtitles":[],"image_size":"custom","image_custom_dimension":{"width":"170","height":"170"},"image_position":"top","text_align":"center","heading_title_spacing":{"unit":"px","size":0,"sizes":[]},"min_height_mobile":{"unit":"px","size":176,"sizes":[]},"title_typography_typography":"custom","title_typography_font_size_mobile":{"unit":"px","size":14,"sizes":[]}},"elements":[],"isInner":false,"widgetType":"martfury-image-box","elType":"widget"},{"id":"49b5abf5","settings":{"space":{"unit":"px","size":30,"sizes":[]}},"elements":[],"isInner":false,"widgetType":"spacer","elType":"widget"}],"isInner":false,"elType":"column"},{"id":"229cd407","settings":{"_column_size":16,"_inline_size":null,"_inline_size_tablet":33.3333,"_inline_size_mobile":33.33,"padding_mobile":{"unit":"px","top":"0","right":"2.5","bottom":"0","left":"2.5","isLinked":false}},"elements":[{"id":"1d5ccb1c","settings":{"style":"2","image":{"url":"http:\/\/demo2.drfuri.com\/martfury15\/wp-content\/uploads\/sites\/56\/2018\/05\/c5.jpg","id":2616},"title":"Butters & Eggs","enable_subtitles":"","subtitles":[],"image_size":"custom","image_custom_dimension":{"width":"170","height":"170"},"image_position":"top","text_align":"center","heading_title_spacing":{"unit":"px","size":0,"sizes":[]},"min_height_mobile":{"unit":"px","size":176,"sizes":[]},"title_typography_typography":"custom","title_typography_font_size_mobile":{"unit":"px","size":14,"sizes":[]}},"elements":[],"isInner":false,"widgetType":"martfury-image-box","elType":"widget"},{"id":"3c0bb73a","settings":{"space":{"unit":"px","size":30,"sizes":[]},"space_mobile":{"unit":"px","size":5,"sizes":[]}},"elements":[],"isInner":false,"widgetType":"spacer","elType":"widget"},{"id":"4b93e985","settings":{"space":{"unit":"px","size":30,"sizes":[]},"space_mobile":{"unit":"px","size":0,"sizes":[]}},"elements":[],"isInner":false,"widgetType":"spacer","elType":"widget"}],"isInner":false,"elType":"column"},{"id":"4c4d7971","settings":{"_column_size":16,"_inline_size":null,"_inline_size_tablet":33.3333,"_inline_size_mobile":33.33,"padding_mobile":{"unit":"px","top":"0","right":"2.5","bottom":"0","left":"2.5","isLinked":false}},"elements":[{"id":"4f9eab41","settings":{"style":"2","image":{"url":"http:\/\/demo2.drfuri.com\/martfury15\/wp-content\/uploads\/sites\/56\/2018\/05\/c6.jpg","id":2617},"title":"Fresh Meats","enable_subtitles":"","subtitles":[],"image_size":"custom","image_custom_dimension":{"width":"170","height":"170"},"image_position":"top","text_align":"center","heading_title_spacing":{"unit":"px","size":0,"sizes":[]},"min_height_mobile":{"unit":"px","size":176,"sizes":[]},"title_typography_typography":"custom","title_typography_font_size_mobile":{"unit":"px","size":14,"sizes":[]}},"elements":[],"isInner":false,"widgetType":"martfury-image-box","elType":"widget"},{"id":"5cd344f3","settings":{"space":{"unit":"px","size":30,"sizes":[]}},"elements":[],"isInner":false,"widgetType":"spacer","elType":"widget"}],"isInner":false,"elType":"column"}],"isInner":false,"elType":"section"},{"id":"de9ae8b","settings":[],"elements":[{"id":"7c3c7b22","settings":{"_column_size":100},"elements":[{"id":"6628f703","settings":{"space":{"unit":"px","size":30,"sizes":[]},"space_mobile":{"unit":"px","size":0,"sizes":[]}},"elements":[],"isInner":false,"widgetType":"spacer","elType":"widget"}],"isInner":false,"elType":"column"}],"isInner":false,"elType":"section"},{"id":"4e298dfa","settings":{"gap":"extended","structure":"20"},"elements":[{"id":"53e5472e","settings":{"_column_size":50,"_inline_size":null},"elements":[{"id":"7aec5af4","settings":{"layout":"2","image":{"url":"http:\/\/demo2.drfuri.com\/martfury15\/wp-content\/uploads\/sites\/56\/2018\/05\/b1.jpg","id":2618},"subtitle":"","title":"Fresh Summer With\nPineapple Juice","desc":"Just <span style=\"color: #ff3300; font-weight: 600;\">$159.99<\/span>","button_text":"Shop Now","link":{"url":"http:\/\/demo2.drfuri.com\/martfury15\/shop\/pineapple-tropical-gold\/","is_external":true,"nofollow":true},"highlight_title":"","button_link":{"url":"#","is_external":true,"nofollow":true},"heading_typography_typography":"custom","heading_typography_font_size":{"unit":"px","size":24,"sizes":[]},"heading_typography_font_weight":"600","description_typography_typography":"custom","description_typography_font_size":{"unit":"px","size":16,"sizes":[]},"button_text_color":"#ffffff","button_background_color":"#5fa30f"},"elements":[],"isInner":false,"widgetType":"martfury-banner-medium","elType":"widget"},{"id":"2fe38ecb","settings":{"space":{"unit":"px","size":30,"sizes":[]}},"elements":[],"isInner":false,"widgetType":"spacer","elType":"widget"}],"isInner":false,"elType":"column"},{"id":"326eb607","settings":{"_column_size":50,"_inline_size":null},"elements":[{"id":"55df7dc0","settings":{"layout":"2","image":{"url":"http:\/\/demo2.drfuri.com\/martfury15\/wp-content\/uploads\/sites\/56\/2018\/05\/b2.jpg","id":2619},"subtitle":"","title":"Raw Fish Seabass\nWith Spices","desc":"<p><span style=\"color: #ff3300; font-weight: 600;\">25%<\/span> Off<\/p>","button_text":"Shop Now","link":{"url":"http:\/\/demo2.drfuri.com\/martfury15\/shop\/tesco-eat-fresh-frozen-lamb-bone-in-cube\/","is_external":true,"nofollow":true},"highlight_title":"","button_link":{"url":"#","is_external":true,"nofollow":true},"heading_typography_typography":"custom","heading_typography_font_size":{"unit":"px","size":24,"sizes":[]},"heading_typography_font_weight":"600","description_typography_typography":"custom","description_typography_font_size":{"unit":"px","size":16,"sizes":[]},"button_text_color":"#ffffff","button_background_color":"#5fa30f"},"elements":[],"isInner":false,"widgetType":"martfury-banner-medium","elType":"widget"},{"id":"58b92ca","settings":{"space":{"unit":"px","size":30,"sizes":[]}},"elements":[],"isInner":false,"widgetType":"spacer","elType":"widget"}],"isInner":false,"elType":"column"}],"isInner":false,"elType":"section"},{"id":"4ac6e04d","settings":[],"elements":[{"id":"51cc5b3f","settings":{"_column_size":100},"elements":[{"id":"5970b422","settings":{"space":{"unit":"px","size":30,"sizes":[]}},"elements":[],"isInner":false,"widgetType":"spacer","elType":"widget"}],"isInner":false,"elType":"column"}],"isInner":false,"elType":"section"},{"id":"4bc9dfcd","settings":{"gap":"no","structure":"22"},"elements":[{"id":"c3855bb","settings":{"_column_size":66,"_inline_size":75,"_inline_size_tablet":100,"padding_mobile":{"unit":"px","top":"0","right":"15","bottom":"0","left":"15","isLinked":false}},"elements":[{"id":"32857138","settings":{"title":"Deals Of The Day","product_type":"day","per_page":2},"elements":[],"isInner":false,"widgetType":"martfury-product-deals-carousel-2","elType":"widget"},{"id":"387a9ad2","settings":{"space":{"unit":"px","size":30,"sizes":[]}},"elements":[],"isInner":false,"widgetType":"spacer","elType":"widget"}],"isInner":false,"elType":"column"},{"id":"6eabee3e","settings":{"_column_size":33,"_inline_size":24.332,"padding":{"unit":"px","top":"0","right":"0","bottom":"0","left":"15","isLinked":false},"_inline_size_tablet":100,"padding_tablet":{"unit":"px","top":"0","right":"0","bottom":"0","left":"0","isLinked":false},"padding_mobile":{"unit":"px","top":"0","right":"15","bottom":"0","left":"15","isLinked":false}},"elements":[{"id":"3dded317","settings":{"title":"Top 20 Best Seller","sliders_dots_space":{"unit":"px","size":0,"sizes":[]},"sliders_dots_active_background":"#5fa30f","product_items_space":{"unit":"px","size":26,"sizes":[]}},"elements":[],"isInner":false,"widgetType":"martfury-products-list-carousel","elType":"widget"}],"isInner":false,"elType":"column"}],"isInner":false,"elType":"section"},{"id":"7c513dc9","settings":{"gap":"extended"},"elements":[{"id":"3c946c50","settings":{"_column_size":100},"elements":[{"id":"8c47100","settings":{"space":{"unit":"px","size":40,"sizes":[]}},"elements":[],"isInner":false,"widgetType":"spacer","elType":"widget"},{"id":"7c59bafd","settings":{"title":"New Arrivals","product_cats":[],"view_all_text":"View All","view_all_link":{"url":"http:\/\/demo2.drfuri.com\/martfury15\/shop\/","is_external":true,"nofollow":true},"link_group":[{"title":"Milks & Creams","link":{"url":"#","is_external":true,"nofollow":true},"_id":"af5810c"},{"title":"Fruits","link":{"url":"#","is_external":true,"nofollow":true},"_id":"853556f"},{"title":"Vegetables","link":{"url":"#","is_external":true,"nofollow":true},"_id":"6d2e428"},{"title":"Ocean Foods","link":{"url":"#","is_external":true,"nofollow":true},"_id":"d548b30"},{"title":"Fresh Meats","link":{"url":"#","is_external":true,"nofollow":true},"_id":"26b0369"}],"link":{"url":"#","is_external":true,"nofollow":true},"show_product_links_mobile":"none"},"elements":[],"isInner":false,"widgetType":"martfury-products-grid","elType":"widget"},{"id":"73277f02","settings":{"space":{"unit":"px","size":45,"sizes":[]}},"elements":[],"isInner":false,"widgetType":"spacer","elType":"widget"}],"isInner":false,"elType":"column"}],"isInner":false,"elType":"section"},{"id":"5073caf6","settings":{"stretch_section":"section-stretched","gap":"extended","background_background":"classic","background_image":{"url":"http:\/\/demo2.drfuri.com\/martfury15\/wp-content\/uploads\/sites\/56\/2018\/05\/b3.jpg","id":2622}},"elements":[{"id":"7223bd7a","settings":{"_column_size":100},"elements":[{"id":"528ca53c","settings":{"space":{"unit":"px","size":70,"sizes":[]}},"elements":[],"isInner":false,"widgetType":"spacer","elType":"widget"},{"id":"4676ed9","settings":{"title":"What Client Say","settings":[{"image":{"url":"http:\/\/demo2.drfuri.com\/martfury15\/wp-content\/uploads\/sites\/56\/2017\/11\/testi1.jpg","id":340},"link_text":"","link":{"url":"","is_external":true,"nofollow":true},"name":"Kanye West ","job":"Head Chef at BBQ Restaurant","desc":"Sed elit quam, iaculis sed semper sit amet udin vitae nibh. \nat magna akal semperFusce commodo molestie luctus.Lorem ipsum\nDolor tusima olatiup.","_id":"af12120","image_size":"full","image_custom_dimension":{"width":"","height":""},"link_icon":"icon-play-circle"},{"image":{"url":"http:\/\/demo2.drfuri.com\/martfury15\/wp-content\/uploads\/sites\/56\/2017\/11\/testi2.jpg","id":341},"link_text":"","link":{"url":"","is_external":true,"nofollow":true},"name":"Anabella Kleva ","job":"Boss at TocoToco","desc":"Sed elit quam, iaculis sed semper sit amet udin vitae nibh. \nat magna akal semperFusce commodo molestie luctus.Lorem ipsum\nDolor tusima olatiup.","_id":"6d3d396","image_size":"full","image_custom_dimension":{"width":"","height":""},"link_icon":""},{"image":{"url":"http:\/\/demo2.drfuri.com\/martfury15\/wp-content\/uploads\/sites\/56\/2017\/11\/journey1.png","id":368},"link_text":"","link":{"url":"","is_external":true,"nofollow":true},"name":"Kanye West ","job":"Head Chef at BBQ Restaurant","desc":"Sed elit quam, iaculis sed semper sit amet udin vitae nibh. \nat magna akal semperFusce commodo molestie luctus.Lorem ipsum\nDolor tusima olatiup.","_id":"b5b7a0e","image_size":"full","image_custom_dimension":{"width":"","height":""},"link_icon":""}],"arrows_style":"2","content_border_style":"none","quote_color":"#5fa30f"},"elements":[],"isInner":false,"widgetType":"martfury-testimonial-slides","elType":"widget"},{"id":"1170171d","settings":{"space":{"unit":"px","size":70,"sizes":[]}},"elements":[],"isInner":false,"widgetType":"spacer","elType":"widget"}],"isInner":false,"elType":"column"}],"isInner":false,"elType":"section"},{"id":"4e3b612b","settings":{"gap":"extended"},"elements":[{"id":"5ce91a95","settings":{"_column_size":100},"elements":[{"id":"de3d299","settings":{"space":{"unit":"px","size":75,"sizes":[]}},"elements":[],"isInner":false,"widgetType":"spacer","elType":"widget"},{"id":"652cef8d","settings":{"title":"News","link_group":[{"title":"News","link":{"url":"http:\/\/demo2.drfuri.com\/martfury15\/category\/news\/","is_external":true,"nofollow":true},"_id":"e7b6865"},{"title":"Review Products","link":{"url":"http:\/\/demo2.drfuri.com\/martfury15\/category\/review-product\/","is_external":true,"nofollow":true},"_id":"d21935e"},{"title":"Tips & Tricks ","link":{"url":"http:\/\/demo2.drfuri.com\/martfury15\/category\/tips-tricks\/","is_external":true,"nofollow":true},"_id":"9e35112"},{"title":"Promotions","link":{"url":"http:\/\/demo2.drfuri.com\/martfury15\/category\/promotions\/","is_external":true,"nofollow":true},"_id":"58b90c9"},{"title":" Videos  ","link":{"url":"http:\/\/demo2.drfuri.com\/martfury15\/category\/videos\/","is_external":true,"nofollow":true},"_id":"51b3218"},{"title":"See All","link":{"url":"http:\/\/demo2.drfuri.com\/martfury15\/blog\/","is_external":true,"nofollow":true},"_id":"449acee"}],"links_group":[{"title":"News","link":{"url":"#","is_external":true,"nofollow":true},"_id":"64df971"},{"title":"Review ","link":{"url":"#","is_external":true,"nofollow":true},"_id":"0834eaf"},{"title":"Products Tips & Tricks","link":{"url":"#","is_external":true,"nofollow":true},"_id":"2b85730"},{"title":" Promotions ","link":{"url":"#","is_external":true,"nofollow":true},"_id":"e7cf4d8"},{"title":"Videos","link":{"url":"#","is_external":true,"nofollow":true},"_id":"8681d09"}],"view_all_text":"View All","show_post_links_mobile":"none"},"elements":[],"isInner":false,"widgetType":"martfury-post-grid","elType":"widget"},{"id":"6665a8c9","settings":{"space":{"unit":"px","size":30,"sizes":[]}},"elements":[],"isInner":false,"widgetType":"spacer","elType":"widget"}],"isInner":false,"elType":"column"}],"isInner":false,"elType":"section"}]}