{"version":"0.4","title":"Home Organic &#8211; Mobile","type":"page","content":[{"id":"5dade8bc","settings":{"stretch_section":"section-stretched","gap":"no","layout":"full_width"},"elements":[{"id":"4617fe8d","settings":{"_column_size":100},"elements":[{"id":"45228e49","settings":{"slides":[{"subtitle":"Weekend Promotions","heading":"Happy Summer<br>\ncombo super discount<br>\nup to <span style=\"color: rgb(240, 71, 4); font-weight: 600\">40% Off<\/span>","description":"","button_text":"Shop Now","background_color":"#f4f5f5","_id":"38b4454","background_image":{"id":2656,"url":"http:\/\/demo2.drfuri.com\/martfury15\/wp-content\/uploads\/sites\/56\/revslider\/home_organic1\/rvslider1.jpg"},"background_size":"cover","background_ken_burns":"","zoom_direction":"out","background_overlay":"","background_overlay_color":"rgba(0,0,0,0.5)","background_overlay_blend_mode":"","link":{"url":"#","is_external":"","nofollow":""},"link_click":"button","price_box_type":"text","price_box_text":"","price_box_image":{"url":"","id":""},"price_box_image_size":"full","price_box_image_custom_dimension":{"width":"","height":""},"custom_style":"","horizontal_position":"","vertical_position":"","text_align":"","subtitle_custom_color":"","heading_custom_color":"","content_custom_color":"","button_custom_color":"","button_custom_bg_color":"","price_box_custom_color":"","price_box_custom_bg_color":"","background_image_tablet":{"url":"","id":""},"background_image_mobile":{"url":"","id":""},"background_size_tablet":"","background_size_mobile":"","background_position":"","background_position_tablet":"","background_position_mobile":"","background_position_custom":{"unit":"px","top":"","right":"","bottom":"","left":"","isLinked":true},"background_position_custom_tablet":{"unit":"px","top":"","right":"","bottom":"","left":"","isLinked":true},"background_position_custom_mobile":{"unit":"px","top":"","right":"","bottom":"","left":"","isLinked":true}},{"subtitle":"DON\u2019T MISS OUT ! ","heading":"Fresh vegetables &<br>\nfruits basket ","description":"<p>Discount<br \/><strong style=\"font-size: 24px; font-weight: 600;\">30% Off<\/strong><\/p>","button_text":"Shop Now","background_color":"#f4f5f5","_id":"a70508f","background_image":{"id":2657,"url":"http:\/\/demo2.drfuri.com\/martfury15\/wp-content\/uploads\/sites\/56\/revslider\/home_organic1\/rvslider2.jpg"},"background_size":"cover","background_ken_burns":"","zoom_direction":"in","background_overlay":"","background_overlay_color":"rgba(0,0,0,0.5)","background_overlay_blend_mode":"","link":{"url":"#","is_external":"","nofollow":""},"link_click":"button","price_box_type":"text","price_box_text":"","price_box_image":{"url":"","id":""},"price_box_image_size":"full","price_box_image_custom_dimension":{"width":"","height":""},"custom_style":"yes","horizontal_position":"","vertical_position":"","text_align":"","subtitle_custom_color":"#ffffff","heading_custom_color":"#ffffff","content_custom_color":"#ffffff","button_custom_color":"","button_custom_bg_color":"","price_box_custom_color":"","price_box_custom_bg_color":"","background_image_tablet":{"url":"","id":""},"background_image_mobile":{"url":"","id":""},"background_size_tablet":"","background_size_mobile":"","background_position":"","background_position_tablet":"","background_position_mobile":"","background_position_custom":{"unit":"px","top":"","right":"","bottom":"","left":"","isLinked":true},"background_position_custom_tablet":{"unit":"px","top":"","right":"","bottom":"","left":"","isLinked":true},"background_position_custom_mobile":{"unit":"px","top":"","right":"","bottom":"","left":"","isLinked":true}}],"slides_height":{"unit":"px","size":375,"sizes":[]},"content_animation":"fadeIn","transition":"fade","content_max_width":{"unit":"px","size":570,"sizes":[]},"slides_padding":{"unit":"%","top":"","right":"","bottom":"","left":"","isLinked":true},"arrows_spacing":{"unit":"px","size":0,"sizes":[]},"navigation":"arrows","navigation_tablet":"dots","navigation_mobile":"dots","autoplay_speed":8000,"transition_speed":800,"content_max_width_tablet":{"unit":"%","size":100,"sizes":[]},"slides_padding_tablet":{"unit":"px","top":"0","right":"0","bottom":"0","left":"30","isLinked":false},"heading_typography_typography":"custom","heading_typography_font_size_tablet":{"unit":"px","size":30,"sizes":[]},"dots_background_color":"#ffffff","dots_hover_background_color":"#ffffff","dots_active_background_color":"#000000","slides_padding_mobile":{"unit":"px","top":"15","right":"15","bottom":"15","left":"15","isLinked":true},"heading_typography_font_size_mobile":{"unit":"px","size":28,"sizes":[]},"subtitle_color":"#0099cc","subtitle_typography_typography":"custom","subtitle_typography_font_size":{"unit":"px","size":16,"sizes":[]},"subtitle_typography_font_weight":"600","heading_spacing":{"unit":"px","size":20,"sizes":[]},"heading_color":"#000000","heading_typography_font_size":{"unit":"px","size":36,"sizes":[]},"heading_typography_font_weight":"600","button_text_color":"#ffffff","button_background_color":"#5fa30f"},"elements":[],"isInner":false,"widgetType":"martfury-slides","elType":"widget"},{"id":"7d6c0a23","settings":{"space":{"unit":"px","size":30,"sizes":[]},"space_mobile":{"unit":"px","size":5,"sizes":[]}},"elements":[],"isInner":false,"widgetType":"spacer","elType":"widget"}],"isInner":false,"elType":"column"}],"isInner":false,"elType":"section"},{"id":"114df72e","settings":{"gap":"no","structure":"20","layout":"full_width"},"elements":[{"id":"3ee19d","settings":{"_column_size":50,"_inline_size":null,"_inline_size_mobile":50,"padding_mobile":{"unit":"px","top":"0","right":"2.5","bottom":"0","left":"0","isLinked":false}},"elements":[{"id":"541be7e","settings":{"layout":"2","image":{"url":"http:\/\/demo2.drfuri.com\/martfury15\/wp-content\/uploads\/sites\/56\/2018\/05\/b1.jpg","id":2618},"subtitle":"","title":"Fresh Summer \nWith Pineapple\nJuice","desc":"Just <span style=\"color: #ff3300; font-weight: 600;\">$159.99<\/span>","button_text":"","link":{"url":"http:\/\/demo2.drfuri.com\/martfury15\/shop\/pineapple-tropical-gold\/","is_external":true,"nofollow":true},"highlight_title":"","button_link":{"url":"#","is_external":true,"nofollow":true},"heading_typography_typography":"custom","heading_typography_font_size":{"unit":"px","size":24,"sizes":[]},"heading_typography_font_weight":"600","description_typography_typography":"custom","description_typography_font_size":{"unit":"px","size":16,"sizes":[]},"button_text_color":"#ffffff","button_background_color":"#5fa30f","height_mobile":{"unit":"px","size":141,"sizes":[]},"banner_padding_mobile":{"unit":"px","top":"15","right":"15","bottom":"15","left":"15","isLinked":true},"banner_bg_position_mobile":"center center","heading_spacing":{"unit":"px","size":25,"sizes":[]},"heading_typography_font_size_mobile":{"unit":"px","size":16,"sizes":[]},"description_typography_font_size_mobile":{"unit":"px","size":14,"sizes":[]},"banner_bg_position_custom_mobile":{"unit":"%","top":"0","right":0,"bottom":0,"left":"41","isLinked":false}},"elements":[],"isInner":false,"widgetType":"martfury-banner-medium","elType":"widget"}],"isInner":false,"elType":"column"},{"id":"15f38f19","settings":{"_column_size":50,"_inline_size":null,"_inline_size_mobile":50,"padding_mobile":{"unit":"px","top":"0","right":"0","bottom":"0","left":"2.5","isLinked":false}},"elements":[{"id":"aa956ba","settings":{"layout":"2","image":{"url":"http:\/\/demo2.drfuri.com\/martfury15\/wp-content\/uploads\/sites\/56\/2018\/05\/b2.jpg","id":2619},"subtitle":"","title":"Raw Fish\nSeabass With \nSpices","desc":"<p><span style=\"color: #ff3300; font-weight: 600;\">25%<\/span> Off<\/p>","button_text":"","link":{"url":"http:\/\/demo2.drfuri.com\/martfury15\/shop\/tesco-eat-fresh-frozen-lamb-bone-in-cube\/","is_external":true,"nofollow":true},"highlight_title":"","button_link":{"url":"#","is_external":true,"nofollow":true},"heading_typography_typography":"custom","heading_typography_font_size":{"unit":"px","size":24,"sizes":[]},"heading_typography_font_weight":"600","description_typography_typography":"custom","description_typography_font_size":{"unit":"px","size":16,"sizes":[]},"button_text_color":"#ffffff","button_background_color":"#5fa30f","height_mobile":{"unit":"px","size":141,"sizes":[]},"banner_padding_mobile":{"unit":"px","top":"15","right":"15","bottom":"15","left":"15","isLinked":true},"banner_bg_position_mobile":"center center","heading_spacing":{"unit":"px","size":25,"sizes":[]},"heading_typography_font_size_mobile":{"unit":"px","size":16,"sizes":[]},"description_typography_font_size_mobile":{"unit":"px","size":14,"sizes":[]},"banner_bg_position_custom_mobile":{"unit":"%","top":"0","right":0,"bottom":0,"left":"45","isLinked":false}},"elements":[],"isInner":false,"widgetType":"martfury-banner-medium","elType":"widget"}],"isInner":false,"elType":"column"}],"isInner":false,"elType":"section"},{"id":"362a76f0","settings":[],"elements":[{"id":"bf02136","settings":{"_column_size":100},"elements":[{"id":"3186f736","settings":{"space":{"unit":"px","size":30,"sizes":[]},"space_mobile":{"unit":"px","size":0,"sizes":[]}},"elements":[],"isInner":false,"widgetType":"spacer","elType":"widget"}],"isInner":false,"elType":"column"}],"isInner":false,"elType":"section"},{"id":"2d824082","settings":{"gap":"extended"},"elements":[{"id":"f5d669f","settings":{"_column_size":100},"elements":[{"id":"75f7fd0","settings":{"title":"Top Categories Of The Month","title_color":"#000000","typography_typography":"custom","typography_font_family":"Work Sans","typography_font_size":{"unit":"px","size":20,"sizes":[]},"typography_font_weight":"600","typography_line_height":{"unit":"em","size":1,"sizes":[]},"_margin":{"unit":"px","top":"0","right":"0","bottom":"20","left":"0","isLinked":false}},"elements":[],"isInner":false,"widgetType":"heading","elType":"widget"}],"isInner":false,"elType":"column"}],"isInner":false,"elType":"section"},{"id":"322e69c1","settings":{"gap":"extended","structure":"60","padding_mobile":{"unit":"px","top":"0","right":"12.5","bottom":"0","left":"12.5","isLinked":false}},"elements":[{"id":"1d1fe11e","settings":{"_column_size":16,"_inline_size":null,"_inline_size_tablet":33.3333,"_inline_size_mobile":33.33,"padding_mobile":{"unit":"px","top":"0","right":"2.5","bottom":"0","left":"2.5","isLinked":false}},"elements":[{"id":"283a2915","settings":{"style":"2","image":{"url":"http:\/\/demo2.drfuri.com\/martfury15\/wp-content\/uploads\/sites\/56\/2018\/05\/c1.jpg","id":2612},"title":"Milks & Creams","enable_subtitles":"","subtitles":[],"image_size":"custom","image_custom_dimension":{"width":"170","height":"170"},"image_position":"top","show_subtitles":"none","text_align":"center","heading_title_spacing":{"unit":"px","size":0,"sizes":[]},"min_height_mobile":{"unit":"px","size":176,"sizes":[]},"title_typography_typography":"custom","title_typography_font_size_mobile":{"unit":"px","size":14,"sizes":[]}},"elements":[],"isInner":false,"widgetType":"martfury-image-box","elType":"widget"},{"id":"6509e0e","settings":{"space":{"unit":"px","size":30,"sizes":[]},"space_mobile":{"unit":"px","size":5,"sizes":[]}},"elements":[],"isInner":false,"widgetType":"spacer","elType":"widget"}],"isInner":false,"elType":"column"},{"id":"3a9eaeca","settings":{"_column_size":16,"_inline_size":null,"_inline_size_tablet":33.3333,"_inline_size_mobile":33.33,"padding_mobile":{"unit":"px","top":"0","right":"2.5","bottom":"0","left":"2.5","isLinked":false}},"elements":[{"id":"519d3a38","settings":{"style":"2","image":{"url":"http:\/\/demo2.drfuri.com\/martfury15\/wp-content\/uploads\/sites\/56\/2018\/05\/c2.jpg","id":2613},"title":"Fruits","enable_subtitles":"","subtitles":[],"image_size":"custom","image_custom_dimension":{"width":"170","height":"170"},"image_position":"top","text_align":"center","heading_title_spacing":{"unit":"px","size":0,"sizes":[]},"min_height_mobile":{"unit":"px","size":176,"sizes":[]},"title_typography_typography":"custom","title_typography_font_size_mobile":{"unit":"px","size":14,"sizes":[]}},"elements":[],"isInner":false,"widgetType":"martfury-image-box","elType":"widget"}],"isInner":false,"elType":"column"},{"id":"4e720fb4","settings":{"_column_size":16,"_inline_size":null,"_inline_size_tablet":33.3333,"_inline_size_mobile":33.33,"padding_mobile":{"unit":"px","top":"0","right":"2.5","bottom":"0","left":"2.5","isLinked":false}},"elements":[{"id":"69bcc1c3","settings":{"style":"2","image":{"url":"http:\/\/demo2.drfuri.com\/martfury15\/wp-content\/uploads\/sites\/56\/2018\/05\/c3.jpg","id":2614},"title":"Vegetables","enable_subtitles":"","subtitles":[],"image_size":"custom","image_custom_dimension":{"width":"170","height":"170"},"image_position":"top","text_align":"center","heading_title_spacing":{"unit":"px","size":0,"sizes":[]},"min_height_mobile":{"unit":"px","size":176,"sizes":[]},"title_typography_typography":"custom","title_typography_font_size_mobile":{"unit":"px","size":14,"sizes":[]}},"elements":[],"isInner":false,"widgetType":"martfury-image-box","elType":"widget"},{"id":"35e46eb7","settings":{"space":{"unit":"px","size":30,"sizes":[]},"space_mobile":{"unit":"px","size":5,"sizes":[]}},"elements":[],"isInner":false,"widgetType":"spacer","elType":"widget"}],"isInner":false,"elType":"column"},{"id":"3df94cd9","settings":{"_column_size":16,"_inline_size":null,"_inline_size_tablet":33.3333,"_inline_size_mobile":33.33,"padding_mobile":{"unit":"px","top":"0","right":"2.5","bottom":"0","left":"2.5","isLinked":false}},"elements":[{"id":"15bbb305","settings":{"style":"2","image":{"url":"http:\/\/demo2.drfuri.com\/martfury15\/wp-content\/uploads\/sites\/56\/2018\/05\/c4.jpg","id":2615},"title":"Ocean Foods","enable_subtitles":"","subtitles":[],"image_size":"custom","image_custom_dimension":{"width":"170","height":"170"},"image_position":"top","text_align":"center","heading_title_spacing":{"unit":"px","size":0,"sizes":[]},"min_height_mobile":{"unit":"px","size":176,"sizes":[]},"title_typography_typography":"custom","title_typography_font_size_mobile":{"unit":"px","size":14,"sizes":[]}},"elements":[],"isInner":false,"widgetType":"martfury-image-box","elType":"widget"},{"id":"47a79453","settings":{"space":{"unit":"px","size":30,"sizes":[]}},"elements":[],"isInner":false,"widgetType":"spacer","elType":"widget"}],"isInner":false,"elType":"column"},{"id":"4af51af5","settings":{"_column_size":16,"_inline_size":null,"_inline_size_tablet":33.3333,"_inline_size_mobile":33.33,"padding_mobile":{"unit":"px","top":"0","right":"2.5","bottom":"0","left":"2.5","isLinked":false}},"elements":[{"id":"1d1d0d64","settings":{"style":"2","image":{"url":"http:\/\/demo2.drfuri.com\/martfury15\/wp-content\/uploads\/sites\/56\/2018\/05\/c5.jpg","id":2616},"title":"Butters & Eggs","enable_subtitles":"","subtitles":[],"image_size":"custom","image_custom_dimension":{"width":"170","height":"170"},"image_position":"top","text_align":"center","heading_title_spacing":{"unit":"px","size":0,"sizes":[]},"min_height_mobile":{"unit":"px","size":176,"sizes":[]},"title_typography_typography":"custom","title_typography_font_size_mobile":{"unit":"px","size":14,"sizes":[]}},"elements":[],"isInner":false,"widgetType":"martfury-image-box","elType":"widget"},{"id":"5b42c9c9","settings":{"space":{"unit":"px","size":30,"sizes":[]},"space_mobile":{"unit":"px","size":5,"sizes":[]}},"elements":[],"isInner":false,"widgetType":"spacer","elType":"widget"}],"isInner":false,"elType":"column"},{"id":"544bbfa8","settings":{"_column_size":16,"_inline_size":null,"_inline_size_tablet":33.3333,"_inline_size_mobile":33.33,"padding_mobile":{"unit":"px","top":"0","right":"2.5","bottom":"0","left":"2.5","isLinked":false}},"elements":[{"id":"3c80aa9b","settings":{"style":"2","image":{"url":"http:\/\/demo2.drfuri.com\/martfury15\/wp-content\/uploads\/sites\/56\/2018\/05\/c6.jpg","id":2617},"title":"Fresh Meats","enable_subtitles":"","subtitles":[],"image_size":"custom","image_custom_dimension":{"width":"170","height":"170"},"image_position":"top","text_align":"center","heading_title_spacing":{"unit":"px","size":0,"sizes":[]},"min_height_mobile":{"unit":"px","size":176,"sizes":[]},"title_typography_typography":"custom","title_typography_font_size_mobile":{"unit":"px","size":14,"sizes":[]}},"elements":[],"isInner":false,"widgetType":"martfury-image-box","elType":"widget"},{"id":"4a403266","settings":{"space":{"unit":"px","size":30,"sizes":[]}},"elements":[],"isInner":false,"widgetType":"spacer","elType":"widget"}],"isInner":false,"elType":"column"}],"isInner":false,"elType":"section"},{"id":"37fd5e72","settings":[],"elements":[{"id":"416604fe","settings":{"_column_size":100},"elements":[{"id":"44c24828","settings":{"space":{"unit":"px","size":30,"sizes":[]}},"elements":[],"isInner":false,"widgetType":"spacer","elType":"widget"}],"isInner":false,"elType":"column"}],"isInner":false,"elType":"section"},{"id":"3115228f","settings":{"gap":"no","structure":"22"},"elements":[{"id":"10ff13d5","settings":{"_column_size":66,"_inline_size":75,"_inline_size_tablet":100,"padding_mobile":{"unit":"px","top":"0","right":"15","bottom":"0","left":"15","isLinked":false}},"elements":[{"id":"6e237247","settings":{"title":"Deals Of The Day","product_type":"day","per_page":2},"elements":[],"isInner":false,"widgetType":"martfury-product-deals-carousel-2","elType":"widget"},{"id":"f185031","settings":{"space":{"unit":"px","size":30,"sizes":[]}},"elements":[],"isInner":false,"widgetType":"spacer","elType":"widget"}],"isInner":false,"elType":"column"},{"id":"562a6d3f","settings":{"_column_size":33,"_inline_size":24.332,"padding":{"unit":"px","top":"0","right":"0","bottom":"0","left":"15","isLinked":false},"_inline_size_tablet":100,"padding_tablet":{"unit":"px","top":"0","right":"0","bottom":"0","left":"0","isLinked":false},"padding_mobile":{"unit":"px","top":"0","right":"15","bottom":"0","left":"15","isLinked":false}},"elements":[{"id":"35d1354e","settings":{"title":"Top 20 Best Seller","sliders_dots_space":{"unit":"px","size":0,"sizes":[]},"sliders_dots_active_background":"#5fa30f","product_items_space":{"unit":"px","size":26,"sizes":[]}},"elements":[],"isInner":false,"widgetType":"martfury-products-list-carousel","elType":"widget"}],"isInner":false,"elType":"column"}],"isInner":false,"elType":"section"},{"id":"33878e64","settings":{"gap":"extended"},"elements":[{"id":"4cb9acb","settings":{"_column_size":100},"elements":[{"id":"488a46c3","settings":{"space":{"unit":"px","size":40,"sizes":[]}},"elements":[],"isInner":false,"widgetType":"spacer","elType":"widget"},{"id":"2d81c01b","settings":{"title":"New Arrivals","product_cats":[],"view_all_text":"View All","view_all_link":{"url":"http:\/\/demo2.drfuri.com\/martfury15\/shop\/","is_external":true,"nofollow":true},"link_group":[],"link":{"url":"#","is_external":true,"nofollow":true},"show_product_links_mobile":"none"},"elements":[],"isInner":false,"widgetType":"martfury-products-grid","elType":"widget"},{"id":"16a3f30e","settings":{"space":{"unit":"px","size":45,"sizes":[]}},"elements":[],"isInner":false,"widgetType":"spacer","elType":"widget"}],"isInner":false,"elType":"column"}],"isInner":false,"elType":"section"},{"id":"540d80e1","settings":{"stretch_section":"section-stretched","gap":"extended","background_background":"classic","background_image":{"url":"http:\/\/demo2.drfuri.com\/martfury15\/wp-content\/uploads\/sites\/56\/2018\/05\/b3.jpg","id":2622}},"elements":[{"id":"1aa9877f","settings":{"_column_size":100},"elements":[{"id":"658fc593","settings":{"space":{"unit":"px","size":70,"sizes":[]},"space_mobile":{"unit":"px","size":20,"sizes":[]}},"elements":[],"isInner":false,"widgetType":"spacer","elType":"widget"},{"id":"4abb8d95","settings":{"title":"What Client Say","settings":[{"image":{"url":"http:\/\/demo2.drfuri.com\/martfury15\/wp-content\/uploads\/sites\/56\/2017\/11\/testi1.jpg","id":340},"link_text":"","link":{"url":"","is_external":true,"nofollow":true},"name":"Kanye West ","job":"Head Chef at BBQ Restaurant","desc":"Sed elit quam, iaculis sed semper sit amet udin vitae nibh. \nat magna akal semperFusce commodo molestie luctus.Lorem ipsum\nDolor tusima olatiup.","_id":"af12120","image_size":"full","image_custom_dimension":{"width":"","height":""},"link_icon":"icon-play-circle"},{"image":{"url":"http:\/\/demo2.drfuri.com\/martfury15\/wp-content\/uploads\/sites\/56\/2017\/11\/testi2.jpg","id":341},"link_text":"","link":{"url":"","is_external":true,"nofollow":true},"name":"Anabella Kleva ","job":"Boss at TocoToco","desc":"Sed elit quam, iaculis sed semper sit amet udin vitae nibh. \nat magna akal semperFusce commodo molestie luctus.Lorem ipsum\nDolor tusima olatiup.","_id":"6d3d396","image_size":"full","image_custom_dimension":{"width":"","height":""},"link_icon":""},{"image":{"url":"http:\/\/demo2.drfuri.com\/martfury15\/wp-content\/uploads\/sites\/56\/2017\/11\/journey1.png","id":368},"link_text":"","link":{"url":"","is_external":true,"nofollow":true},"name":"Kanye West ","job":"Head Chef at BBQ Restaurant","desc":"Sed elit quam, iaculis sed semper sit amet udin vitae nibh. \nat magna akal semperFusce commodo molestie luctus.Lorem ipsum\nDolor tusima olatiup.","_id":"b5b7a0e","image_size":"full","image_custom_dimension":{"width":"","height":""},"link_icon":""}],"arrows_style":"2","content_border_style":"none","quote_color":"#5fa30f"},"elements":[],"isInner":false,"widgetType":"martfury-testimonial-slides","elType":"widget"},{"id":"5fa08908","settings":{"space":{"unit":"px","size":70,"sizes":[]},"space_mobile":{"unit":"px","size":20,"sizes":[]}},"elements":[],"isInner":false,"widgetType":"spacer","elType":"widget"}],"isInner":false,"elType":"column"}],"isInner":false,"elType":"section"},{"id":"7e984c7d","settings":{"gap":"extended"},"elements":[{"id":"4757cefa","settings":{"_column_size":100},"elements":[{"id":"6aa9d390","settings":{"space":{"unit":"px","size":75,"sizes":[]},"space_mobile":{"unit":"px","size":40,"sizes":[]}},"elements":[],"isInner":false,"widgetType":"spacer","elType":"widget"},{"id":"3b3bdb4f","settings":{"title":"News","link_group":[{"title":"News","link":{"url":"http:\/\/demo2.drfuri.com\/martfury15\/category\/news\/","is_external":true,"nofollow":true},"_id":"e7b6865"},{"title":"Review Products","link":{"url":"http:\/\/demo2.drfuri.com\/martfury15\/category\/review-product\/","is_external":true,"nofollow":true},"_id":"d21935e"},{"title":"Tips & Tricks ","link":{"url":"http:\/\/demo2.drfuri.com\/martfury15\/category\/tips-tricks\/","is_external":true,"nofollow":true},"_id":"9e35112"},{"title":"Promotions","link":{"url":"http:\/\/demo2.drfuri.com\/martfury15\/category\/promotions\/","is_external":true,"nofollow":true},"_id":"58b90c9"},{"title":" Videos  ","link":{"url":"http:\/\/demo2.drfuri.com\/martfury15\/category\/videos\/","is_external":true,"nofollow":true},"_id":"51b3218"},{"title":"See All","link":{"url":"http:\/\/demo2.drfuri.com\/martfury15\/blog\/","is_external":true,"nofollow":true},"_id":"449acee"}],"links_group":[],"view_all_text":"View All","show_post_links_mobile":"none"},"elements":[],"isInner":false,"widgetType":"martfury-post-grid","elType":"widget"},{"id":"2648c7c1","settings":{"space":{"unit":"px","size":30,"sizes":[]}},"elements":[],"isInner":false,"widgetType":"spacer","elType":"widget"}],"isInner":false,"elType":"column"}],"isInner":false,"elType":"section"}]}