{"version":"0.4","title":"Single Post v3","type":"page","content":[{"id":"15ad9031","settings":{"gap":"no"},"elements":[{"id":"1ee5d0ed","settings":{"_column_size":100},"elements":[{"id":"65f00b14","settings":{"title":"On the off chance that you have an escalated stop, mull over a short taking a gander at outing. This especially is shrewd in urban areas with brilliant open transportation decisions.","title_color":"#000000","typography_typography":"custom","typography_font_family":"Work Sans","typography_font_size":{"unit":"px","size":24,"sizes":[]}},"elements":[],"isInner":false,"widgetType":"heading","elType":"widget"},{"id":"5510e1f6","settings":[],"elements":[],"isInner":false,"widgetType":"spacer","elType":"widget"},{"id":"3bd7db79","settings":{"editor":"<p><img class=\"alignleft wp-image-1878 size-full\" style=\"margin-bottom: 20px; margin-right: 30px;\" src=\"http:\/\/demo2.drfuri.com\/martfury\/wp-content\/uploads\/sites\/29\/2013\/12\/b10.jpg\" alt=\"\" width=\"170\" height=\"170\" \/>Today most people get on average 4 to 6 hours of exercise every day, and make sure that everything they put in their mouths is not filled with sugars or preservatives, but they pay no attention to their mental health, no vacations, not even the occasional long weekend. All of this for hopes of one day getting that big promotion.This response is important for our ability to learn from mistakes, but it also gives rise to self-criticism, because it is part of the threat-protection system. In other words, what keeps us safe can go too far, and keep us too safe. In fact, it can trigger self-censoring. Coven try is a city with a thousand years of history that has plenty to offer the visiting tourist. Located in the heart of Warwickshire. One morning, when Gregor Samsa woke from troubled dreams, he found himself transformed in his bed into a horrible vermin. He lay on his armour-like back, and if he lifted his head a little he could see his brown belly, slightly domed and divided by arches into stiff sections.<\/p>\n\n<p>The bedding was hardly able to cover it and seemed ready to slide off any moment. His many legs, pitifully thin compared with the size of the rest of him, waved about helplessly as he looked.<\/p>"},"elements":[],"isInner":false,"widgetType":"text-editor","elType":"widget"},{"id":"24574293","settings":{"editor":"<blockquote>\u201cWhen you think \u2018I know\u2019 and \u2018it is,\u2019 you have the illusion of knowing, the illusion of certainty, and then you\u2019re mindless\u201d <cite>Jelly Cristiana<\/cite><\/blockquote>"},"elements":[],"isInner":false,"widgetType":"text-editor","elType":"widget"},{"id":"1e5f5caa","settings":[],"elements":[],"isInner":false,"widgetType":"spacer","elType":"widget"},{"id":"524a75e6","settings":{"editor":"<div>That immediately brought to mind one of my fondest memories, involving my daughter when she was just a toddler of one: taking her with me on the short walk to check the mail. I live in a small enclave of homes in which all the mailboxes are together in a central location, less than a minute\u2019s walk from my front door<\/div>"},"elements":[],"isInner":false,"widgetType":"text-editor","elType":"widget"}],"isInner":false,"elType":"column"}],"isInner":false,"elType":"section"},{"id":"4b54dee3","settings":{"gap":"no"},"elements":[{"id":"410a0dc9","settings":{"_column_size":100},"elements":[{"id":"6673ede6","settings":[],"elements":[],"isInner":false,"widgetType":"spacer","elType":"widget"},{"id":"164e572f","settings":{"title":"Defaulting to Mindfulness: The Third Person Effect","header_size":"h3","title_color":"#000000","typography_typography":"custom","typography_font_size":{"unit":"px","size":20,"sizes":[]},"typography_font_weight":"600"},"elements":[],"isInner":false,"widgetType":"heading","elType":"widget"},{"id":"6579b4c1","settings":{"space":{"unit":"px","size":30,"sizes":[]}},"elements":[],"isInner":false,"widgetType":"spacer","elType":"widget"},{"id":"6b269ecc","settings":{"editor":"<div>Cray post-ironic plaid, Helvetica keffiyeh tousled Carles banjo before they sold out blog photo booth Marfa semiotics Truffaut. Mustache Schlitz next level blog Williamsburg, deep v typewriter tote bag Banksy +1 literally.<\/div>"},"elements":[],"isInner":false,"widgetType":"text-editor","elType":"widget"},{"id":"62ed3b75","settings":{"space":{"unit":"px","size":30,"sizes":[]}},"elements":[],"isInner":false,"widgetType":"spacer","elType":"widget"},{"id":"6851e057","settings":{"editor":"<ul>\n<li>Welsh novelist Sarah Waters sums it up eloquently<\/li>\n<li>In their classic book, Creativity in Business, based on a popular course they co-taught<\/li><li>Novelist and screenwriter Steven Pressfield<\/li>\n<li>A possible off-the-wall idea or solution appears like a blip and disappears without us even realizing<\/li>\n<\/ul>"},"elements":[],"isInner":false,"widgetType":"text-editor","elType":"widget"},{"id":"5ff48102","settings":{"space":{"unit":"px","size":30,"sizes":[]}},"elements":[],"isInner":false,"widgetType":"spacer","elType":"widget"},{"id":"2f98819b","settings":{"editor":"<div>The short answer is yes. <strong>According to Kross<\/strong>, when you think of yourself as another person, it allows you give yourself more objective, helpful feedback.<\/div>"},"elements":[],"isInner":false,"widgetType":"text-editor","elType":"widget"}],"isInner":false,"elType":"column"}],"isInner":false,"elType":"section"}]}