{"version":"0.4","title":"Coming Soon","type":"page","content":[{"id":"1ce28c06","settings":[],"elements":[{"id":"2ef457c5","settings":{"_column_size":100},"elements":[{"id":"26180711","settings":{"title":"Coming Soon","title_color":"#000000","typography_typography":"custom","typography_font_family":"Work Sans","typography_font_size":{"unit":"px","size":36,"sizes":[]}},"elements":[],"isInner":false,"widgetType":"heading","elType":"widget"},{"id":"a400b28","settings":{"space":{"unit":"px","size":25,"sizes":[]}},"elements":[],"isInner":false,"widgetType":"spacer","elType":"widget"},{"id":"113b6ea7","settings":{"editor":"<div>Condimentum ipsum a adipiscing hac dolor set consectetur urna commodo elit parturient<br>\na molestie ut nisl partu convallier ullamcorpe.<\/div>"},"elements":[],"isInner":false,"widgetType":"text-editor","elType":"widget"},{"id":"1a2b0f5d","settings":{"space":{"unit":"px","size":40,"sizes":[]}},"elements":[],"isInner":false,"widgetType":"spacer","elType":"widget"},{"id":"29e4a2e5","settings":{"image":{"url":"http:\/\/demo2.drfuri.com\/martfury10\/wp-content\/uploads\/sites\/51\/2017\/11\/coming-soon.jpg","id":370},"image_size":"full"},"elements":[],"isInner":false,"widgetType":"image","elType":"widget"},{"id":"4dca21da","settings":{"space":{"unit":"px","size":70,"sizes":[]}},"elements":[],"isInner":false,"widgetType":"spacer","elType":"widget"},{"id":"38dce3f4","settings":{"title":"NEW STORE WE BE LAUNCHED IN:","header_size":"h4","title_color":"#000000","typography_typography":"custom","typography_font_family":"Work Sans","typography_font_size":{"unit":"px","size":16,"sizes":[]}},"elements":[],"isInner":false,"widgetType":"heading","elType":"widget"},{"id":"25d80c9c","settings":{"space":{"unit":"px","size":35,"sizes":[]}},"elements":[],"isInner":false,"widgetType":"spacer","elType":"widget"},{"id":"56caff89","settings":{"due_date":"2019-06-30 12:00"},"elements":[],"isInner":false,"widgetType":"martfury-countdown","elType":"widget"}],"isInner":false,"elType":"column"}],"isInner":false,"elType":"section"}]}