{"version":"0.4","title":"Home Marketplace 2","type":"page","content":[{"id":"1d8227d","settings":[],"elements":[{"id":"6d8cd560","settings":{"_column_size":100},"elements":[{"id":"33239327","settings":{"space":{"unit":"px","size":30,"sizes":[]}},"elements":[],"isInner":false,"widgetType":"spacer","elType":"widget"}],"isInner":false,"elType":"column"}],"isInner":false,"elType":"section"},{"id":"393a52b0","settings":{"gap":"extended","structure":"22"},"elements":[{"id":"4a4fa293","settings":{"_column_size":66,"_inline_size":null,"_inline_size_tablet":100},"elements":[{"id":"13e18b58","settings":{"slides":[{"subtitle":"","heading":"WOODEN<br>\nMINIMALISTIC<br>\nCHAIRS<br>","description":"<p><span style=\"color: #000000; font-weight: 600;\">SALE UP TO<\/span><br \/><span style=\"color: #669900; font-size: 24px;\">40% Off<\/span><\/p>","button_text":"Shop Now","background_color":"#f4f5f5","_id":"38b4454","background_image":{"id":394,"url":"http:\/\/demo2.drfuri.com\/martfury11\/wp-content\/uploads\/sites\/52\/2017\/12\/s4-1b.jpg"},"background_size":"auto","background_ken_burns":"","zoom_direction":"out","background_overlay":"","background_overlay_color":"rgba(0,0,0,0.5)","background_overlay_blend_mode":"","link":{"url":"#","is_external":"","nofollow":""},"link_click":"button","price_box_type":"text","price_box_text":"","price_box_image":{"url":"","id":""},"price_box_image_size":"full","price_box_image_custom_dimension":{"width":"","height":""},"custom_style":"","horizontal_position":"","vertical_position":"","text_align":"","subtitle_custom_color":"","heading_custom_color":"","content_custom_color":"","button_custom_color":"","button_custom_bg_color":"","price_box_custom_color":"","price_box_custom_bg_color":"","background_image_tablet":{"url":"","id":""},"background_image_mobile":{"url":"","id":""}},{"subtitle":"","heading":"HAPPY SUMMER<br>\nCOMBO SUPER COOL<br>\nUP TO <strong style=\"color: red\">40% OFF<\/strong>","description":"<p><span style=\"font-weight: 600;\">Promotion will ends<\/span> on<br \/><span style=\"color: #000000; font-weight: 600;\">30th July, 2017<\/span>. HURRY UP!<\/p>","button_text":"Shop Now","background_color":"#f4f5f5","_id":"f47b074","background_image":{"id":3254,"url":"http:\/\/demo2.drfuri.com\/martfury11\/wp-content\/uploads\/sites\/52\/2019\/06\/slider2.jpg"},"background_size":"auto","background_ken_burns":"","zoom_direction":"in","background_overlay":"","background_overlay_color":"rgba(0,0,0,0.5)","background_overlay_blend_mode":"","link":{"url":"#","is_external":"","nofollow":""},"link_click":"button","price_box_type":"text","price_box_text":"","price_box_image":{"url":"","id":""},"price_box_image_size":"full","price_box_image_custom_dimension":{"width":"","height":""},"custom_style":"","horizontal_position":"","vertical_position":"","text_align":"","subtitle_custom_color":"","heading_custom_color":"","content_custom_color":"","button_custom_color":"","button_custom_bg_color":"","price_box_custom_color":"","price_box_custom_bg_color":"","background_image_tablet":{"url":"","id":""},"background_image_mobile":{"url":"","id":""}},{"subtitle":"","heading":"EXPERIENCE GREAT<br>SOUND WITH<br>MARSHALL SPEAKER","description":"<p><span style=\"color: #669900; font-size: 24px;\">$205.00<\/span> <del>$225.00<\/del><\/p>","button_text":"Shop Now","background_color":"#f4f5f5","_id":"83a1a14","background_image":{"id":3255,"url":"http:\/\/demo2.drfuri.com\/martfury11\/wp-content\/uploads\/sites\/52\/2019\/06\/slider3.jpg"},"background_size":"auto","background_ken_burns":"","zoom_direction":"in","background_overlay":"","background_overlay_color":"rgba(0,0,0,0.5)","background_overlay_blend_mode":"","link":{"url":"#","is_external":"","nofollow":""},"link_click":"button","price_box_type":"text","price_box_text":"","price_box_image":{"url":"","id":""},"price_box_image_size":"full","price_box_image_custom_dimension":{"width":"","height":""},"custom_style":"","horizontal_position":"","vertical_position":"","text_align":"","subtitle_custom_color":"","heading_custom_color":"","content_custom_color":"","button_custom_color":"","button_custom_bg_color":"","price_box_custom_color":"","price_box_custom_bg_color":"","background_image_tablet":{"url":"","id":""},"background_image_mobile":{"url":"","id":""}}],"slides_height":{"unit":"px","size":339,"sizes":[]},"content_animation":"fadeIn","transition":"fade","content_max_width":{"unit":"px","size":575,"sizes":[]},"slides_padding":{"unit":"%","top":"","right":"","bottom":"","left":"","isLinked":true},"arrows_spacing":{"unit":"px","size":20,"sizes":[]},"navigation_tablet":"dots","navigation_mobile":"dots","autoplay_speed":8000,"transition_speed":800,"content_max_width_tablet":{"unit":"%","size":100,"sizes":[]},"slides_padding_tablet":{"unit":"px","top":"0","right":"0","bottom":"0","left":"30","isLinked":false},"heading_typography_typography":"custom","heading_typography_font_size_tablet":{"unit":"px","size":30,"sizes":[]},"dots_background_color":"#cccccc","dots_hover_background_color":"#cccccc","dots_active_background_color":"#000000","slides_padding_mobile":{"unit":"px","top":"15","right":"15","bottom":"15","left":"15","isLinked":true},"heading_typography_font_size_mobile":{"unit":"px","size":22,"sizes":[]},"heading_typography_font_size":{"unit":"px","size":24,"sizes":[]},"description_color":"#666666","button_padding":{"unit":"px","top":"12","right":"20","bottom":"12","left":"20","isLinked":false},"arrows_background_color":"#cccccc","arrows_hover_color":"#ffffff","arrows_hover_background_color":"#282828","banner_border_border":"solid","banner_border_width":{"unit":"px","top":"1","right":"1","bottom":"1","left":"1","isLinked":true},"banner_border_color":"#cccccc","description_typography_typography":"custom","description_typography_font_size_mobile":{"unit":"px","size":14,"sizes":[]}},"elements":[],"isInner":false,"widgetType":"martfury-slides","elType":"widget"},{"id":"166734e4","settings":{"space":{"unit":"px","size":30,"sizes":[]}},"elements":[],"isInner":false,"widgetType":"spacer","elType":"widget"}],"isInner":false,"elType":"column"},{"id":"7fdf2f","settings":{"_column_size":33,"_inline_size":null,"_inline_size_tablet":100},"elements":[{"id":"b0b42b1","settings":{"image":{"url":"http:\/\/demo2.drfuri.com\/martfury11\/wp-content\/uploads\/sites\/52\/2019\/06\/b-medium.jpg","id":3265},"subtitle":"Giordano","title":"PACK 5 T-SHIRTS FOR <br>SUMMER","button_text":"","highlight_title":"Giordano","desc":"<p>Starting at <span style=\"color: #ff3300;\">$99.99<\/span><\/p>","height":{"unit":"px","size":341,"sizes":[]},"banner_padding":{"unit":"px","top":"20","right":"20","bottom":"20","left":"20","isLinked":true},"banner_text_align":"center","banner_bg_position":"center center","banner_bg_size":"auto","banner_border_border":"solid","banner_border_width":{"unit":"px","top":"1","right":"1","bottom":"1","left":"1","isLinked":true},"banner_border_color":"#cccccc","highlight_title_position":"above","highlight_title_spacing":{"unit":"px","size":12,"sizes":[]},"highlight_title_typography_typography":"custom","highlight_title_typography_font_size":{"unit":"px","size":16,"sizes":[]},"heading_typography_typography":"custom","heading_typography_font_size":{"unit":"px","size":26,"sizes":[]},"heading_typography_font_weight":"300","heading_typography_line_height":{"unit":"em","size":1,"sizes":[]},"description_color":"#000000","description_typography_typography":"custom","description_typography_font_weight":"600"},"elements":[],"isInner":false,"widgetType":"martfury-banner-medium","elType":"widget"},{"id":"69eab9f2","settings":{"space":{"unit":"px","size":30,"sizes":[]}},"elements":[],"isInner":false,"widgetType":"spacer","elType":"widget"}],"isInner":false,"elType":"column"}],"isInner":false,"elType":"section"},{"id":"20f2201f","settings":[],"elements":[{"id":"5467ae48","settings":{"_column_size":100},"elements":[{"id":"d678628","settings":{"space":{"unit":"px","size":20,"sizes":[]}},"elements":[],"isInner":false,"widgetType":"spacer","elType":"widget"}],"isInner":false,"elType":"column"}],"isInner":false,"elType":"section"},{"id":"75b6bb1a","settings":[],"elements":[{"id":"1cd3b13e","settings":{"_column_size":100},"elements":[{"id":"1b644643","settings":{"title":"Deals Of The Day","ends_in":"Ends In","view_all_text":"View All","navigation_tablet":"dots","navigation_mobile":"dots","show_ends_in_mobile":"none","show_heading_view_all_mobile":"none"},"elements":[],"isInner":false,"widgetType":"martfury-product-deals-carousel","elType":"widget"},{"id":"7dcfeb1e","settings":{"space":{"unit":"px","size":60,"sizes":[]}},"elements":[],"isInner":false,"widgetType":"spacer","elType":"widget"},{"id":"5620b065","settings":{"title":"Top Categories Of The Month","title_color":"#000000","typography_typography":"custom","typography_font_family":"Work Sans","typography_font_size":{"unit":"px","size":24,"sizes":[]},"typography_font_weight":"400","typography_line_height":{"unit":"em","size":1,"sizes":[]},"_margin":{"unit":"px","top":"0","right":"0","bottom":"35","left":"0","isLinked":false},"_padding":{"unit":"px","top":"0","right":"0","bottom":"15","left":"0","isLinked":false},"_border_border":"solid","_border_width":{"unit":"px","top":"0","right":"0","bottom":"1","left":"0","isLinked":false},"_border_color":"#e1e1e1","typography_font_size_mobile":{"unit":"px","size":22,"sizes":[]}},"elements":[],"isInner":false,"widgetType":"heading","elType":"widget"}],"isInner":false,"elType":"column"}],"isInner":false,"elType":"section"},{"id":"2edbe2da","settings":{"gap":"extended","structure":"30","padding_mobile":{"unit":"px","top":"0","right":"12.5","bottom":"0","left":"12.5","isLinked":false}},"elements":[{"id":"7dff5b36","settings":{"_column_size":33,"_inline_size":null,"_inline_size_tablet":33.33,"_inline_size_mobile":33.33,"padding_mobile":{"unit":"px","top":"0","right":"2.5","bottom":"0","left":"2.5","isLinked":false}},"elements":[{"id":"58c92e37","settings":{"image":{"url":"http:\/\/demo2.drfuri.com\/martfury11\/wp-content\/uploads\/sites\/52\/2017\/12\/1.jpg","id":534},"image_size":"custom","image_custom_dimension":{"width":"170","height":"170"},"title":"Electronics","subtitles":[{"title":"TV Televisions","_id":"c7ae630","title_style":"1","link":{"url":"#","is_external":true,"nofollow":true}},{"title":"Air Conditioners","_id":"e186f47","title_style":"1","link":{"url":"#","is_external":true,"nofollow":true}},{"title":"Washing Machines","_id":"8473c38","title_style":"1","link":{"url":"#","is_external":true,"nofollow":true}},{"title":"Audio & Theaters","_id":"e8099c9","title_style":"1","link":{"url":"#","is_external":true,"nofollow":true}},{"title":"Office Electronics","_id":"b5cd64a","title_style":"1","link":{"url":"#","is_external":true,"nofollow":true}}],"image_position_tablet":"top","image_position_mobile":"left","show_subtitles_tablet":"block","show_subtitles_mobile":"none","text_align_tablet":"center","heading_title_spacing_mobile":{"unit":"px","size":0,"sizes":[]},"title_typography_typography":"custom","title_typography_font_size_mobile":{"unit":"px","size":14,"sizes":[]}},"elements":[],"isInner":false,"widgetType":"martfury-image-box","elType":"widget"},{"id":"188dc41b","settings":{"space":{"unit":"px","size":30,"sizes":[]},"space_mobile":{"unit":"px","size":5,"sizes":[]}},"elements":[],"isInner":false,"widgetType":"spacer","elType":"widget"},{"id":"1f38c62e","settings":{"image":{"url":"http:\/\/demo2.drfuri.com\/martfury11\/wp-content\/uploads\/sites\/52\/2013\/06\/27a.jpg","id":276},"image_size":"custom","image_custom_dimension":{"width":"170","height":"170"},"title":"Home & Kitchen","subtitles":[{"title":"Funitures","_id":"c7ae630","title_style":"1","link":{"url":"#","is_external":true,"nofollow":true}},{"title":"Decor","_id":"e186f47","title_style":"1","link":{"url":"#","is_external":true,"nofollow":true}},{"title":"Cookwares","_id":"8473c38","title_style":"1","link":{"url":"#","is_external":true,"nofollow":true}},{"title":"Utensil & Gadgets","_id":"e8099c9","title_style":"1","link":{"url":"","is_external":true,"nofollow":true}},{"title":"Garden Tools","_id":"b5cd64a","title_style":"1","link":{"url":"#","is_external":true,"nofollow":true}}],"image_position_tablet":"top","show_subtitles_tablet":"block","show_subtitles_mobile":"none","text_align_tablet":"center","heading_title_spacing_mobile":{"unit":"px","size":0,"sizes":[]},"title_typography_typography":"custom","title_typography_font_size_mobile":{"unit":"px","size":14,"sizes":[]}},"elements":[],"isInner":false,"widgetType":"martfury-image-box","elType":"widget"},{"id":"3313aef4","settings":{"space":{"unit":"px","size":30,"sizes":[]}},"elements":[],"isInner":false,"widgetType":"spacer","elType":"widget"}],"isInner":false,"elType":"column"},{"id":"f6cf826","settings":{"_column_size":33,"_inline_size":null,"_inline_size_tablet":33.33,"_inline_size_mobile":33.33,"padding_mobile":{"unit":"px","top":"0","right":"2.5","bottom":"0","left":"2.5","isLinked":false}},"elements":[{"id":"48fa4ad9","settings":{"image":{"url":"http:\/\/demo2.drfuri.com\/martfury11\/wp-content\/uploads\/sites\/52\/2013\/06\/8a.jpg","id":199},"image_size":"custom","image_custom_dimension":{"width":"170","height":"170"},"title":"Clothings","subtitles":[{"title":"Womens","_id":"c7ae630","title_style":"1","link":{"url":"#","is_external":true,"nofollow":true}},{"title":"Mens","_id":"e186f47","title_style":"1","link":{"url":"#","is_external":true,"nofollow":true}},{"title":"Bags & Backpacks","_id":"8473c38","title_style":"1","link":{"url":"","is_external":true,"nofollow":true}},{"title":"Accessories","_id":"e8099c9","title_style":"1","link":{"url":"#","is_external":true,"nofollow":true}}],"image_position_tablet":"top","show_subtitles_tablet":"block","show_subtitles_mobile":"none","min_height_tablet":{"unit":"px","size":342,"sizes":[]},"min_height_mobile":{"unit":"px","size":100,"sizes":[]},"text_align_tablet":"center","heading_title_spacing_mobile":{"unit":"px","size":0,"sizes":[]},"title_typography_typography":"custom","title_typography_font_size_mobile":{"unit":"px","size":14,"sizes":[]}},"elements":[],"isInner":false,"widgetType":"martfury-image-box","elType":"widget"},{"id":"3ba7096e","settings":{"space":{"unit":"px","size":30,"sizes":[]},"space_mobile":{"unit":"px","size":5,"sizes":[]}},"elements":[],"isInner":false,"widgetType":"spacer","elType":"widget"},{"id":"209da81b","settings":{"image":{"url":"http:\/\/demo2.drfuri.com\/martfury11\/wp-content\/uploads\/sites\/52\/2017\/11\/34a.jpg","id":310},"image_size":"custom","image_custom_dimension":{"width":"170","height":"170"},"title":"Healthy & Beauty","subtitles":[{"title":"Makeup","_id":"c7ae630","title_style":"1","link":{"url":"#","is_external":true,"nofollow":true}},{"title":"Skin Care","_id":"e186f47","title_style":"1","link":{"url":"#","is_external":true,"nofollow":true}},{"title":"Hair Care","_id":"8473c38","title_style":"1","link":{"url":"#","is_external":true,"nofollow":true}},{"title":"Tools & Equipments","_id":"e8099c9","title_style":"1","link":{"url":"#","is_external":true,"nofollow":true}},{"title":"Perfurmes","_id":"b5cd64a","title_style":"1","link":{"url":"#","is_external":true,"nofollow":true}}],"image_position_tablet":"top","show_subtitles_tablet":"block","show_subtitles_mobile":"none","text_align_tablet":"center","heading_title_spacing_mobile":{"unit":"px","size":0,"sizes":[]},"title_typography_typography":"custom","title_typography_font_size_mobile":{"unit":"px","size":14,"sizes":[]}},"elements":[],"isInner":false,"widgetType":"martfury-image-box","elType":"widget"},{"id":"e9b457c","settings":{"space":{"unit":"px","size":30,"sizes":[]}},"elements":[],"isInner":false,"widgetType":"spacer","elType":"widget"}],"isInner":false,"elType":"column"},{"id":"9f44868","settings":{"_column_size":33,"_inline_size":null,"_inline_size_tablet":33.33,"_inline_size_mobile":33.33,"padding_mobile":{"unit":"px","top":"0","right":"2.5","bottom":"0","left":"2.5","isLinked":false}},"elements":[{"id":"1b5021af","settings":{"image":{"url":"http:\/\/demo2.drfuri.com\/martfury11\/wp-content\/uploads\/sites\/52\/2013\/06\/14a.jpg","id":224},"image_size":"custom","image_custom_dimension":{"width":"170","height":"170"},"title":" Computers","subtitles":[{"title":"Desktop PC","_id":"c7ae630","title_style":"1","link":{"url":"#","is_external":true,"nofollow":true}},{"title":"Laptop","_id":"e186f47","title_style":"1","link":{"url":"#","is_external":true,"nofollow":true}},{"title":"PC Gaming","_id":"8473c38","title_style":"1","link":{"url":"#","is_external":true,"nofollow":true}},{"title":"Storage & Memory","_id":"e8099c9","title_style":"1","link":{"url":"#","is_external":true,"nofollow":true}},{"title":"PC Components","_id":"b5cd64a","title_style":"1","link":{"url":"#","is_external":true,"nofollow":true}}],"image_position_tablet":"top","show_subtitles_tablet":"block","show_subtitles_mobile":"none","text_align_tablet":"center","heading_title_spacing_mobile":{"unit":"px","size":0,"sizes":[]},"title_typography_typography":"custom","title_typography_font_size_mobile":{"unit":"px","size":14,"sizes":[]}},"elements":[],"isInner":false,"widgetType":"martfury-image-box","elType":"widget"},{"id":"4f67bb5f","settings":{"space":{"unit":"px","size":30,"sizes":[]},"space_mobile":{"unit":"px","size":5,"sizes":[]}},"elements":[],"isInner":false,"widgetType":"spacer","elType":"widget"},{"id":"19d4ebde","settings":{"image":{"url":"http:\/\/demo2.drfuri.com\/martfury11\/wp-content\/uploads\/sites\/52\/2013\/06\/11a.jpg","id":210},"image_size":"custom","image_custom_dimension":{"width":"170","height":"170"},"title":"Jewelry & Watch","subtitles":[{"title":"Pendant","_id":"c7ae630","title_style":"1","link":{"url":"#","is_external":true,"nofollow":true}},{"title":"Necklace","_id":"e186f47","title_style":"1","link":{"url":"#","is_external":true,"nofollow":true}},{"title":"Watch","_id":"8473c38","title_style":"1","link":{"url":"#","is_external":true,"nofollow":true}},{"title":"Bracelets","_id":"e8099c9","title_style":"1","link":{"url":"#","is_external":true,"nofollow":true}},{"title":"Accessories","_id":"b5cd64a","title_style":"1","link":{"url":"#","is_external":true,"nofollow":true}}],"image_position_tablet":"top","show_subtitles_tablet":"block","show_subtitles_mobile":"none","text_align_tablet":"center","heading_title_spacing_mobile":{"unit":"px","size":0,"sizes":[]},"title_typography_typography":"custom","title_typography_font_size_mobile":{"unit":"px","size":14,"sizes":[]}},"elements":[],"isInner":false,"widgetType":"martfury-image-box","elType":"widget"},{"id":"436727dc","settings":{"space":{"unit":"px","size":30,"sizes":[]}},"elements":[],"isInner":false,"widgetType":"spacer","elType":"widget"}],"isInner":false,"elType":"column"}],"isInner":false,"elType":"section"},{"id":"23144dd","settings":[],"elements":[{"id":"70b1c8bb","settings":{"_column_size":100},"elements":[{"id":"73c678d2","settings":{"space":{"unit":"px","size":20,"sizes":[]}},"elements":[],"isInner":false,"widgetType":"spacer","elType":"widget"},{"id":"3c9509ae","settings":{"image":{"url":"http:\/\/demo2.drfuri.com\/martfury11\/wp-content\/uploads\/sites\/52\/2019\/06\/b-large.jpg","id":3268},"title":"Bose Bluetooth<br>Wireless Headphones","desc":"<p>Crisp powerful sound from the best sounding wireless<br \/>headphone in its class<\/p>","button_text":"Shop Now","highlight_title":"","regular_price":"$219.05","sale_price":"$260.50","banner_border_border":"solid","banner_border_width":{"unit":"px","top":"1","right":"1","bottom":"1","left":"1","isLinked":true},"banner_border_color":"#cccccc","height_mobile":{"unit":"px","size":215,"sizes":[]},"banner_padding_tablet":{"unit":"px","top":"0","right":"0","bottom":"0","left":"30","isLinked":false},"banner_padding_mobile":{"unit":"px","top":"30","right":"0","bottom":"0","left":"15","isLinked":false},"banner_bg_position_mobile":"center center","heading_typography_typography":"custom","heading_typography_font_size_mobile":{"unit":"px","size":20,"sizes":[]},"heading_typography_font_weight":"500","description_spacing_mobile":{"unit":"px","size":0,"sizes":[]},"description_typography_typography":"custom","description_typography_font_size_mobile":{"unit":"px","size":0,"sizes":[]},"regular_price_typography_typography":"custom","regular_price_typography_font_size_mobile":{"unit":"px","size":16,"sizes":[]},"sale_price_typography_typography":"custom","sale_price_typography_font_size_mobile":{"unit":"px","size":14,"sizes":[]}},"elements":[],"isInner":false,"widgetType":"martfury-banner-large","elType":"widget"},{"id":"65713bc4","settings":{"space":{"unit":"px","size":60,"sizes":[]}},"elements":[],"isInner":false,"widgetType":"spacer","elType":"widget"}],"isInner":false,"elType":"column"}],"isInner":false,"elType":"section"},{"id":"4e9000d0","settings":[],"elements":[{"id":"71ce9466","settings":{"_column_size":100},"elements":[{"id":"56ee4aa0","settings":{"title":"Consumer Electronics","special_products_tabs":[{"title":"New Arrivals","tab_products":"recent","_id":"a703a91","tab_orderby":"","tab_order":""},{"title":"Best Seller","tab_products":"best_selling","_id":"ca1999c","tab_orderby":"","tab_order":""},{"title":"Most Popular","tab_products":"sale","_id":"cf120d4","tab_orderby":"","tab_order":""}],"view_all_text":"View All","product_cats":["consumer-electrics"],"per_page":10,"navigation_tablet":"dots","navigation_mobile":"dots","heading_padding":{"unit":"px","top":"16","right":"20","bottom":"16","left":"20","isLinked":false},"heading_background_color":"#f4f4f4","title_typography_typography":"custom","title_typography_font_size_mobile":{"unit":"px","size":17,"sizes":[]},"show_product_tabs_mobile":"none"},"elements":[],"isInner":false,"widgetType":"martfury-product-tabs-carousel","elType":"widget"},{"id":"3ee59b65","settings":{"space":{"unit":"px","size":55,"sizes":[]}},"elements":[],"isInner":false,"widgetType":"spacer","elType":"widget"},{"id":"20363645","settings":{"title":"Apparels & Clothings","special_products_tabs":[{"title":"New Arrivals","tab_products":"recent","_id":"a703a91","tab_orderby":"","tab_order":""},{"title":"Best Seller","tab_products":"best_selling","_id":"ca1999c","tab_orderby":"","tab_order":""},{"title":"Most Popular","tab_products":"sale","_id":"cf120d4","tab_orderby":"","tab_order":""}],"view_all_text":"View All","product_cats":["clothing-apparel"],"per_page":10,"navigation_tablet":"dots","navigation_mobile":"dots","heading_padding":{"unit":"px","top":"16","right":"20","bottom":"16","left":"20","isLinked":false},"heading_background_color":"#f4f4f4","title_typography_typography":"custom","title_typography_font_size_mobile":{"unit":"px","size":17,"sizes":[]},"show_product_tabs_mobile":"none"},"elements":[],"isInner":false,"widgetType":"martfury-product-tabs-carousel","elType":"widget"},{"id":"ca65f4d","settings":{"space":{"unit":"px","size":55,"sizes":[]}},"elements":[],"isInner":false,"widgetType":"spacer","elType":"widget"},{"id":"189d2bbf","settings":{"title":"Computers & Technologies","special_products_tabs":[{"title":"New Arrivals","tab_products":"recent","_id":"a703a91","tab_orderby":"","tab_order":""},{"title":"Best Seller","tab_products":"best_selling","_id":"ca1999c","tab_orderby":"","tab_order":""},{"title":"Most Popular","tab_products":"sale","_id":"cf120d4","tab_orderby":"","tab_order":""}],"view_all_text":"View All","product_cats":["computers-technologies"],"per_page":10,"navigation_tablet":"dots","navigation_mobile":"dots","heading_padding":{"unit":"px","top":"16","right":"20","bottom":"16","left":"20","isLinked":false},"heading_background_color":"#f4f4f4","title_typography_typography":"custom","title_typography_font_size_mobile":{"unit":"px","size":16,"sizes":[]},"show_product_tabs_mobile":"none"},"elements":[],"isInner":false,"widgetType":"martfury-product-tabs-carousel","elType":"widget"},{"id":"1ddf7488","settings":{"space":{"unit":"px","size":55,"sizes":[]}},"elements":[],"isInner":false,"widgetType":"spacer","elType":"widget"},{"id":"636ecb64","settings":{"title":"Garden & Kitchen","special_products_tabs":[{"title":"New Arrivals","tab_products":"recent","_id":"a703a91","tab_orderby":"","tab_order":""},{"title":"Best Seller","tab_products":"best_selling","_id":"ca1999c","tab_orderby":"","tab_order":""},{"title":"Most Popular","tab_products":"sale","_id":"cf120d4","tab_orderby":"","tab_order":""}],"view_all_text":"View All","product_cats":["garden-kitchen"],"per_page":10,"navigation_tablet":"dots","navigation_mobile":"dots","heading_padding":{"unit":"px","top":"16","right":"20","bottom":"16","left":"20","isLinked":false},"heading_background_color":"#f4f4f4","title_typography_typography":"custom","title_typography_font_size_mobile":{"unit":"px","size":17,"sizes":[]},"show_product_tabs_mobile":"none"},"elements":[],"isInner":false,"widgetType":"martfury-product-tabs-carousel","elType":"widget"},{"id":"161776a8","settings":{"space":{"unit":"px","size":55,"sizes":[]}},"elements":[],"isInner":false,"widgetType":"spacer","elType":"widget"},{"id":"692db6ae","settings":{"title":"Healthy & Beauty","special_products_tabs":[{"title":"New Arrivals","tab_products":"recent","_id":"a703a91","tab_orderby":"","tab_order":""},{"title":"Best Seller","tab_products":"best_selling","_id":"ca1999c","tab_orderby":"","tab_order":""},{"title":"Most Popular","tab_products":"sale","_id":"cf120d4","tab_orderby":"","tab_order":""}],"view_all_text":"View All","product_cats":["health-beauty"],"per_page":10,"navigation_tablet":"dots","navigation_mobile":"dots","heading_padding":{"unit":"px","top":"16","right":"20","bottom":"16","left":"20","isLinked":false},"heading_background_color":"#f4f4f4","title_typography_typography":"custom","title_typography_font_size_mobile":{"unit":"px","size":17,"sizes":[]},"show_product_tabs_mobile":"none"},"elements":[],"isInner":false,"widgetType":"martfury-product-tabs-carousel","elType":"widget"},{"id":"6536d019","settings":{"space":{"unit":"px","size":55,"sizes":[]}},"elements":[],"isInner":false,"widgetType":"spacer","elType":"widget"}],"isInner":false,"elType":"column"}],"isInner":false,"elType":"section"},{"id":"14bd5b11","settings":[],"elements":[{"id":"2c3b9593","settings":{"_column_size":100},"elements":[{"id":"564f8616","settings":{"image":{"url":"http:\/\/demo2.drfuri.com\/martfury11\/wp-content\/uploads\/sites\/52\/2017\/12\/b3.png","id":518},"form":"436","title":"Download Martfury App Now!","desc":"Shopping fastly and easily more with our app. Get a link to\ndownload the app on your phone","btn_setting":[{"btn_image":{"url":"http:\/\/demo2.drfuri.com\/martfury11\/wp-content\/uploads\/sites\/52\/2017\/12\/t1.png","id":515},"button_link":{"url":"#"},"_id":"7d1dd38"},{"btn_image":{"url":"http:\/\/demo2.drfuri.com\/martfury11\/wp-content\/uploads\/sites\/52\/2017\/12\/t2.png","id":516},"button_link":{"url":"#"},"_id":"dace212"}],"border":"yes","newsletter_border_border":"solid","newsletter_border_width":{"unit":"px","top":"1","right":"1","bottom":"1","left":"1","isLinked":true},"newsletter_border_color":"#cccccc"},"elements":[],"isInner":false,"widgetType":"martfury-newsletter","elType":"widget"},{"id":"6d12c565","settings":{"space":{"unit":"px","size":90,"sizes":[]}},"elements":[],"isInner":false,"widgetType":"spacer","elType":"widget"}],"isInner":false,"elType":"column"}],"isInner":false,"elType":"section"}]}