{"version":"0.4","title":"Home Marketplace 2 &#8211; Mobile","type":"page","content":[{"id":"49d2be11","settings":{"gap":"no","layout":"full_width"},"elements":[{"id":"77c0a9ee","settings":{"_column_size":100,"_inline_size":null,"_inline_size_tablet":100},"elements":[{"id":"14030aee","settings":{"slides":[{"subtitle":"","heading":"WOODEN<br>\nMINIMALISTIC<br>\nCHAIRS<br>","description":"<p><span style=\"color: #000000; font-weight: 600;\">SALE UP TO<\/span><br \/><span style=\"color: #669900; font-size: 24px;\">40% Off<\/span><\/p>","button_text":"Shop Now","background_color":"#f4f5f5","_id":"38b4454","background_image":{"id":394,"url":"http:\/\/demo2.drfuri.com\/martfury11\/wp-content\/uploads\/sites\/52\/2017\/12\/s4-1b.jpg"},"background_size":"auto","background_ken_burns":"","zoom_direction":"out","background_overlay":"","background_overlay_color":"rgba(0,0,0,0.5)","background_overlay_blend_mode":"","link":{"url":"#","is_external":"","nofollow":""},"link_click":"button","price_box_type":"text","price_box_text":"","price_box_image":{"url":"","id":""},"price_box_image_size":"full","price_box_image_custom_dimension":{"width":"","height":""},"custom_style":"","horizontal_position":"","vertical_position":"","text_align":"","subtitle_custom_color":"","heading_custom_color":"","content_custom_color":"","button_custom_color":"","button_custom_bg_color":"","price_box_custom_color":"","price_box_custom_bg_color":"","background_image_tablet":{"url":"","id":""},"background_image_mobile":{"url":"","id":""}},{"subtitle":"","heading":"HAPPY SUMMER<br>\nCOMBO SUPER COOL<br>\nUP TO <strong style=\"color: red\">40% OFF<\/strong>","description":"<p><span style=\"font-weight: 600;\">Promotion will ends<\/span> on<br \/><span style=\"color: #000000; font-weight: 600;\">30th July, 2017<\/span>. HURRY UP!<\/p>","button_text":"Shop Now","background_color":"#f4f5f5","_id":"f47b074","background_image":{"id":3254,"url":"http:\/\/demo2.drfuri.com\/martfury11\/wp-content\/uploads\/sites\/52\/2019\/06\/slider2.jpg"},"background_size":"auto","background_ken_burns":"","zoom_direction":"in","background_overlay":"","background_overlay_color":"rgba(0,0,0,0.5)","background_overlay_blend_mode":"","link":{"url":"#","is_external":"","nofollow":""},"link_click":"button","price_box_type":"text","price_box_text":"","price_box_image":{"url":"","id":""},"price_box_image_size":"full","price_box_image_custom_dimension":{"width":"","height":""},"custom_style":"","horizontal_position":"","vertical_position":"","text_align":"","subtitle_custom_color":"","heading_custom_color":"","content_custom_color":"","button_custom_color":"","button_custom_bg_color":"","price_box_custom_color":"","price_box_custom_bg_color":"","background_image_tablet":{"url":"","id":""},"background_image_mobile":{"url":"","id":""}},{"subtitle":"","heading":"EXPERIENCE GREAT<br>SOUND WITH<br>MARSHALL SPEAKER","description":"<p><span style=\"color: #669900; font-size: 24px;\">$205.00<\/span> <del>$225.00<\/del><\/p>","button_text":"Shop Now","background_color":"#f4f5f5","_id":"83a1a14","background_image":{"id":3255,"url":"http:\/\/demo2.drfuri.com\/martfury11\/wp-content\/uploads\/sites\/52\/2019\/06\/slider3.jpg"},"background_size":"auto","background_ken_burns":"","zoom_direction":"in","background_overlay":"","background_overlay_color":"rgba(0,0,0,0.5)","background_overlay_blend_mode":"","link":{"url":"#","is_external":"","nofollow":""},"link_click":"button","price_box_type":"text","price_box_text":"","price_box_image":{"url":"","id":""},"price_box_image_size":"full","price_box_image_custom_dimension":{"width":"","height":""},"custom_style":"","horizontal_position":"","vertical_position":"","text_align":"","subtitle_custom_color":"","heading_custom_color":"","content_custom_color":"","button_custom_color":"","button_custom_bg_color":"","price_box_custom_color":"","price_box_custom_bg_color":"","background_image_tablet":{"url":"","id":""},"background_image_mobile":{"url":"","id":""}}],"slides_height":{"unit":"px","size":339,"sizes":[]},"content_animation":"fadeIn","transition":"fade","content_max_width":{"unit":"px","size":575,"sizes":[]},"slides_padding":{"unit":"%","top":"","right":"","bottom":"","left":"","isLinked":true},"arrows_spacing":{"unit":"px","size":20,"sizes":[]},"navigation_tablet":"dots","navigation_mobile":"dots","autoplay_speed":8000,"transition_speed":800,"content_max_width_tablet":{"unit":"%","size":100,"sizes":[]},"slides_padding_tablet":{"unit":"px","top":"0","right":"0","bottom":"0","left":"30","isLinked":false},"heading_typography_typography":"custom","heading_typography_font_size_tablet":{"unit":"px","size":30,"sizes":[]},"dots_background_color":"#cccccc","dots_hover_background_color":"#cccccc","dots_active_background_color":"#000000","slides_padding_mobile":{"unit":"px","top":"15","right":"15","bottom":"15","left":"15","isLinked":true},"heading_typography_font_size_mobile":{"unit":"px","size":22,"sizes":[]},"heading_typography_font_size":{"unit":"px","size":24,"sizes":[]},"description_color":"#666666","button_padding":{"unit":"px","top":"12","right":"20","bottom":"12","left":"20","isLinked":false},"arrows_background_color":"#cccccc","arrows_hover_color":"#ffffff","arrows_hover_background_color":"#282828","banner_border_width":{"unit":"px","top":"1","right":"1","bottom":"1","left":"1","isLinked":true},"banner_border_color":"#cccccc","description_typography_typography":"custom","description_typography_font_size_mobile":{"unit":"px","size":14,"sizes":[]}},"elements":[],"isInner":false,"widgetType":"martfury-slides","elType":"widget"}],"isInner":false,"elType":"column"}],"isInner":false,"elType":"section"},{"id":"7911073f","settings":[],"elements":[{"id":"3d9b4895","settings":{"_column_size":100},"elements":[{"id":"2997a611","settings":{"space":{"unit":"px","size":20,"sizes":[]}},"elements":[],"isInner":false,"widgetType":"spacer","elType":"widget"}],"isInner":false,"elType":"column"}],"isInner":false,"elType":"section"},{"id":"561e9a82","settings":[],"elements":[{"id":"6d87261a","settings":{"_column_size":100},"elements":[{"id":"5fc7da6f","settings":{"title":"Deals Of The Day","ends_in":"Ends In","view_all_text":"View All","navigation_tablet":"dots","navigation_mobile":"dots","show_ends_in_mobile":"none","show_heading_view_all_mobile":"none","heading_title_typography_typography":"custom","heading_title_typography_font_size_mobile":{"unit":"px","size":22,"sizes":[]}},"elements":[],"isInner":false,"widgetType":"martfury-product-deals-carousel","elType":"widget"},{"id":"572e1ef4","settings":{"space":{"unit":"px","size":60,"sizes":[]}},"elements":[],"isInner":false,"widgetType":"spacer","elType":"widget"},{"id":"1acbba39","settings":{"title":"Top Categories Of The Month","title_color":"#000000","typography_typography":"custom","typography_font_family":"Work Sans","typography_font_size":{"unit":"px","size":24,"sizes":[]},"typography_font_weight":"400","typography_line_height":{"unit":"em","size":1,"sizes":[]},"_margin":{"unit":"px","top":"0","right":"0","bottom":"35","left":"0","isLinked":false},"_padding":{"unit":"px","top":"0","right":"0","bottom":"15","left":"0","isLinked":false},"_border_border":"solid","_border_width":{"unit":"px","top":"0","right":"0","bottom":"1","left":"0","isLinked":false},"_border_color":"#e1e1e1","typography_font_size_mobile":{"unit":"px","size":20,"sizes":[]}},"elements":[],"isInner":false,"widgetType":"heading","elType":"widget"}],"isInner":false,"elType":"column"}],"isInner":false,"elType":"section"},{"id":"27d4aebf","settings":{"gap":"extended","structure":"30","padding_mobile":{"unit":"px","top":"0","right":"12.5","bottom":"0","left":"12.5","isLinked":false}},"elements":[{"id":"6bcf725","settings":{"_column_size":33,"_inline_size":null,"_inline_size_tablet":33.33,"_inline_size_mobile":33.33,"padding_mobile":{"unit":"px","top":"0","right":"2.5","bottom":"0","left":"2.5","isLinked":false}},"elements":[{"id":"5595fcfa","settings":{"image":{"url":"http:\/\/demo2.drfuri.com\/martfury11\/wp-content\/uploads\/sites\/52\/2017\/12\/1.jpg","id":534},"image_size":"custom","image_custom_dimension":{"width":"170","height":"170"},"title":"Electronics","subtitles":[{"title":"TV Televisions","_id":"c7ae630","title_style":"1","link":{"url":"#","is_external":true,"nofollow":true}},{"title":"Air Conditioners","_id":"e186f47","title_style":"1","link":{"url":"#","is_external":true,"nofollow":true}},{"title":"Washing Machines","_id":"8473c38","title_style":"1","link":{"url":"#","is_external":true,"nofollow":true}},{"title":"Audio & Theaters","_id":"e8099c9","title_style":"1","link":{"url":"#","is_external":true,"nofollow":true}},{"title":"Office Electronics","_id":"b5cd64a","title_style":"1","link":{"url":"#","is_external":true,"nofollow":true}}],"image_position_tablet":"top","image_position_mobile":"top","show_subtitles_tablet":"block","show_subtitles_mobile":"none","text_align_tablet":"center","heading_title_spacing_mobile":{"unit":"px","size":0,"sizes":[]},"title_typography_typography":"custom","title_typography_font_size_mobile":{"unit":"px","size":14,"sizes":[]}},"elements":[],"isInner":false,"widgetType":"martfury-image-box","elType":"widget"},{"id":"2f1ddda7","settings":{"space":{"unit":"px","size":30,"sizes":[]},"space_mobile":{"unit":"px","size":5,"sizes":[]}},"elements":[],"isInner":false,"widgetType":"spacer","elType":"widget"},{"id":"5ffc29b9","settings":{"image":{"url":"http:\/\/demo2.drfuri.com\/martfury11\/wp-content\/uploads\/sites\/52\/2013\/06\/27a.jpg","id":276},"image_size":"custom","image_custom_dimension":{"width":"170","height":"170"},"title":"Home & Kitchen","subtitles":[{"title":"Funitures","_id":"c7ae630","title_style":"1","link":{"url":"#","is_external":true,"nofollow":true}},{"title":"Decor","_id":"e186f47","title_style":"1","link":{"url":"#","is_external":true,"nofollow":true}},{"title":"Cookwares","_id":"8473c38","title_style":"1","link":{"url":"#","is_external":true,"nofollow":true}},{"title":"Utensil & Gadgets","_id":"e8099c9","title_style":"1","link":{"url":"","is_external":true,"nofollow":true}},{"title":"Garden Tools","_id":"b5cd64a","title_style":"1","link":{"url":"#","is_external":true,"nofollow":true}}],"image_position_tablet":"top","show_subtitles_tablet":"block","show_subtitles_mobile":"none","text_align_tablet":"center","heading_title_spacing_mobile":{"unit":"px","size":0,"sizes":[]},"title_typography_typography":"custom","title_typography_font_size_mobile":{"unit":"px","size":14,"sizes":[]}},"elements":[],"isInner":false,"widgetType":"martfury-image-box","elType":"widget"},{"id":"285ed8a1","settings":{"space":{"unit":"px","size":30,"sizes":[]}},"elements":[],"isInner":false,"widgetType":"spacer","elType":"widget"}],"isInner":false,"elType":"column"},{"id":"2dc31cd8","settings":{"_column_size":33,"_inline_size":null,"_inline_size_tablet":33.33,"_inline_size_mobile":33.33,"padding_mobile":{"unit":"px","top":"0","right":"2.5","bottom":"0","left":"2.5","isLinked":false}},"elements":[{"id":"68f24379","settings":{"image":{"url":"http:\/\/demo2.drfuri.com\/martfury11\/wp-content\/uploads\/sites\/52\/2013\/06\/8a.jpg","id":199},"image_size":"custom","image_custom_dimension":{"width":"170","height":"170"},"title":"Clothings","subtitles":[{"title":"Womens","_id":"c7ae630","title_style":"1","link":{"url":"#","is_external":true,"nofollow":true}},{"title":"Mens","_id":"e186f47","title_style":"1","link":{"url":"#","is_external":true,"nofollow":true}},{"title":"Bags & Backpacks","_id":"8473c38","title_style":"1","link":{"url":"","is_external":true,"nofollow":true}},{"title":"Accessories","_id":"e8099c9","title_style":"1","link":{"url":"#","is_external":true,"nofollow":true}}],"image_position_tablet":"top","show_subtitles_tablet":"block","show_subtitles_mobile":"none","min_height_tablet":{"unit":"px","size":342,"sizes":[]},"min_height_mobile":{"unit":"px","size":100,"sizes":[]},"text_align_tablet":"center","heading_title_spacing_mobile":{"unit":"px","size":0,"sizes":[]},"title_typography_typography":"custom","title_typography_font_size_mobile":{"unit":"px","size":14,"sizes":[]}},"elements":[],"isInner":false,"widgetType":"martfury-image-box","elType":"widget"},{"id":"5a5960f8","settings":{"space":{"unit":"px","size":30,"sizes":[]},"space_mobile":{"unit":"px","size":5,"sizes":[]}},"elements":[],"isInner":false,"widgetType":"spacer","elType":"widget"},{"id":"2ba25b40","settings":{"image":{"url":"http:\/\/demo2.drfuri.com\/martfury11\/wp-content\/uploads\/sites\/52\/2017\/11\/34a.jpg","id":310},"image_size":"custom","image_custom_dimension":{"width":"170","height":"170"},"title":"Healthy & Beauty","subtitles":[{"title":"Makeup","_id":"c7ae630","title_style":"1","link":{"url":"#","is_external":true,"nofollow":true}},{"title":"Skin Care","_id":"e186f47","title_style":"1","link":{"url":"#","is_external":true,"nofollow":true}},{"title":"Hair Care","_id":"8473c38","title_style":"1","link":{"url":"#","is_external":true,"nofollow":true}},{"title":"Tools & Equipments","_id":"e8099c9","title_style":"1","link":{"url":"#","is_external":true,"nofollow":true}},{"title":"Perfurmes","_id":"b5cd64a","title_style":"1","link":{"url":"#","is_external":true,"nofollow":true}}],"image_position_tablet":"top","show_subtitles_tablet":"block","show_subtitles_mobile":"none","text_align_tablet":"center","heading_title_spacing_mobile":{"unit":"px","size":0,"sizes":[]},"title_typography_typography":"custom","title_typography_font_size_mobile":{"unit":"px","size":14,"sizes":[]}},"elements":[],"isInner":false,"widgetType":"martfury-image-box","elType":"widget"},{"id":"37c15e17","settings":{"space":{"unit":"px","size":30,"sizes":[]}},"elements":[],"isInner":false,"widgetType":"spacer","elType":"widget"}],"isInner":false,"elType":"column"},{"id":"650e6d11","settings":{"_column_size":33,"_inline_size":null,"_inline_size_tablet":33.33,"_inline_size_mobile":33.33,"padding_mobile":{"unit":"px","top":"0","right":"2.5","bottom":"0","left":"2.5","isLinked":false}},"elements":[{"id":"64524823","settings":{"image":{"url":"http:\/\/demo2.drfuri.com\/martfury11\/wp-content\/uploads\/sites\/52\/2013\/06\/14a.jpg","id":224},"image_size":"custom","image_custom_dimension":{"width":"170","height":"170"},"title":" Computers","subtitles":[{"title":"Desktop PC","_id":"c7ae630","title_style":"1","link":{"url":"#","is_external":true,"nofollow":true}},{"title":"Laptop","_id":"e186f47","title_style":"1","link":{"url":"#","is_external":true,"nofollow":true}},{"title":"PC Gaming","_id":"8473c38","title_style":"1","link":{"url":"#","is_external":true,"nofollow":true}},{"title":"Storage & Memory","_id":"e8099c9","title_style":"1","link":{"url":"#","is_external":true,"nofollow":true}},{"title":"PC Components","_id":"b5cd64a","title_style":"1","link":{"url":"#","is_external":true,"nofollow":true}}],"image_position_tablet":"top","show_subtitles_tablet":"block","show_subtitles_mobile":"none","text_align_tablet":"center","heading_title_spacing_mobile":{"unit":"px","size":0,"sizes":[]},"title_typography_typography":"custom","title_typography_font_size_mobile":{"unit":"px","size":14,"sizes":[]}},"elements":[],"isInner":false,"widgetType":"martfury-image-box","elType":"widget"},{"id":"3d922a8c","settings":{"space":{"unit":"px","size":30,"sizes":[]},"space_mobile":{"unit":"px","size":5,"sizes":[]}},"elements":[],"isInner":false,"widgetType":"spacer","elType":"widget"},{"id":"49bd1cc0","settings":{"image":{"url":"http:\/\/demo2.drfuri.com\/martfury11\/wp-content\/uploads\/sites\/52\/2013\/06\/11a.jpg","id":210},"image_size":"custom","image_custom_dimension":{"width":"170","height":"170"},"title":"Jewelry & Watch","subtitles":[{"title":"Pendant","_id":"c7ae630","title_style":"1","link":{"url":"#","is_external":true,"nofollow":true}},{"title":"Necklace","_id":"e186f47","title_style":"1","link":{"url":"#","is_external":true,"nofollow":true}},{"title":"Watch","_id":"8473c38","title_style":"1","link":{"url":"#","is_external":true,"nofollow":true}},{"title":"Bracelets","_id":"e8099c9","title_style":"1","link":{"url":"#","is_external":true,"nofollow":true}},{"title":"Accessories","_id":"b5cd64a","title_style":"1","link":{"url":"#","is_external":true,"nofollow":true}}],"image_position_tablet":"top","show_subtitles_tablet":"block","show_subtitles_mobile":"none","text_align_tablet":"center","heading_title_spacing_mobile":{"unit":"px","size":0,"sizes":[]},"title_typography_typography":"custom","title_typography_font_size_mobile":{"unit":"px","size":14,"sizes":[]}},"elements":[],"isInner":false,"widgetType":"martfury-image-box","elType":"widget"},{"id":"49a477bb","settings":{"space":{"unit":"px","size":30,"sizes":[]}},"elements":[],"isInner":false,"widgetType":"spacer","elType":"widget"}],"isInner":false,"elType":"column"}],"isInner":false,"elType":"section"},{"id":"53968a55","settings":[],"elements":[{"id":"75f0389","settings":{"_column_size":100},"elements":[{"id":"17806136","settings":{"space":{"unit":"px","size":20,"sizes":[]}},"elements":[],"isInner":false,"widgetType":"spacer","elType":"widget"},{"id":"39b9d028","settings":{"image":{"url":"http:\/\/demo2.drfuri.com\/martfury11\/wp-content\/uploads\/sites\/52\/2019\/06\/b-large.jpg","id":3268},"title":"Bose Bluetooth<br>Wireless Headphones","desc":"<p>Crisp powerful sound from the best sounding wireless<br \/>headphone in its class<\/p>","button_text":"Shop Now","highlight_title":"","regular_price":"$219.05","sale_price":"$260.50","banner_border_border":"solid","banner_border_width":{"unit":"px","top":"1","right":"1","bottom":"1","left":"1","isLinked":true},"banner_border_color":"#cccccc","height_mobile":{"unit":"px","size":215,"sizes":[]},"banner_padding_tablet":{"unit":"px","top":"0","right":"0","bottom":"0","left":"30","isLinked":false},"banner_padding_mobile":{"unit":"px","top":"30","right":"0","bottom":"0","left":"15","isLinked":false},"banner_bg_position_mobile":"center center","heading_typography_typography":"custom","heading_typography_font_size_mobile":{"unit":"px","size":20,"sizes":[]},"heading_typography_font_weight":"500","description_spacing_mobile":{"unit":"px","size":0,"sizes":[]},"description_typography_typography":"custom","description_typography_font_size_mobile":{"unit":"px","size":0,"sizes":[]},"regular_price_typography_typography":"custom","regular_price_typography_font_size_mobile":{"unit":"px","size":16,"sizes":[]},"sale_price_typography_typography":"custom","sale_price_typography_font_size_mobile":{"unit":"px","size":14,"sizes":[]}},"elements":[],"isInner":false,"widgetType":"martfury-banner-large","elType":"widget"},{"id":"4711b155","settings":{"space":{"unit":"px","size":60,"sizes":[]}},"elements":[],"isInner":false,"widgetType":"spacer","elType":"widget"}],"isInner":false,"elType":"column"}],"isInner":false,"elType":"section"},{"id":"4c7d1f1","settings":[],"elements":[{"id":"516da7f6","settings":{"_column_size":100},"elements":[{"id":"25706fdb","settings":{"title":"Consumer Electronics","special_products_tabs":[{"title":"New Arrivals","tab_products":"recent","_id":"a703a91","tab_orderby":"","tab_order":""},{"title":"Best Seller","tab_products":"best_selling","_id":"ca1999c","tab_orderby":"","tab_order":""},{"title":"Most Popular","tab_products":"sale","_id":"cf120d4","tab_orderby":"","tab_order":""}],"view_all_text":"View All","product_cats":["consumer-electrics"],"per_page":10,"navigation_tablet":"dots","navigation_mobile":"dots","heading_padding":{"unit":"px","top":"16","right":"20","bottom":"16","left":"20","isLinked":false},"heading_background_color":"#f4f4f4","title_typography_typography":"custom","title_typography_font_size_mobile":{"unit":"px","size":17,"sizes":[]},"show_product_tabs_mobile":"none"},"elements":[],"isInner":false,"widgetType":"martfury-product-tabs-carousel","elType":"widget"},{"id":"7da54bd2","settings":{"space":{"unit":"px","size":55,"sizes":[]}},"elements":[],"isInner":false,"widgetType":"spacer","elType":"widget"},{"id":"28d268a8","settings":{"title":"Apparels & Clothings","special_products_tabs":[{"title":"New Arrivals","tab_products":"recent","_id":"a703a91","tab_orderby":"","tab_order":""},{"title":"Best Seller","tab_products":"best_selling","_id":"ca1999c","tab_orderby":"","tab_order":""},{"title":"Most Popular","tab_products":"sale","_id":"cf120d4","tab_orderby":"","tab_order":""}],"view_all_text":"View All","product_cats":["clothing-apparel"],"per_page":10,"navigation_tablet":"dots","navigation_mobile":"dots","heading_padding":{"unit":"px","top":"16","right":"20","bottom":"16","left":"20","isLinked":false},"heading_background_color":"#f4f4f4","title_typography_typography":"custom","title_typography_font_size_mobile":{"unit":"px","size":17,"sizes":[]},"show_product_tabs_mobile":"none"},"elements":[],"isInner":false,"widgetType":"martfury-product-tabs-carousel","elType":"widget"},{"id":"18251025","settings":{"space":{"unit":"px","size":55,"sizes":[]}},"elements":[],"isInner":false,"widgetType":"spacer","elType":"widget"},{"id":"13737097","settings":{"title":"Computers & Technologies","special_products_tabs":[{"title":"New Arrivals","tab_products":"recent","_id":"a703a91","tab_orderby":"","tab_order":""},{"title":"Best Seller","tab_products":"best_selling","_id":"ca1999c","tab_orderby":"","tab_order":""},{"title":"Most Popular","tab_products":"sale","_id":"cf120d4","tab_orderby":"","tab_order":""}],"view_all_text":"View All","product_cats":["computers-technologies"],"per_page":10,"navigation_tablet":"dots","navigation_mobile":"dots","heading_padding":{"unit":"px","top":"16","right":"20","bottom":"16","left":"20","isLinked":false},"heading_background_color":"#f4f4f4","title_typography_typography":"custom","title_typography_font_size_mobile":{"unit":"px","size":16,"sizes":[]},"show_product_tabs_mobile":"none"},"elements":[],"isInner":false,"widgetType":"martfury-product-tabs-carousel","elType":"widget"},{"id":"64f08a66","settings":{"space":{"unit":"px","size":55,"sizes":[]}},"elements":[],"isInner":false,"widgetType":"spacer","elType":"widget"},{"id":"7ecc5986","settings":{"title":"Garden & Kitchen","special_products_tabs":[{"title":"New Arrivals","tab_products":"recent","_id":"a703a91","tab_orderby":"","tab_order":""},{"title":"Best Seller","tab_products":"best_selling","_id":"ca1999c","tab_orderby":"","tab_order":""},{"title":"Most Popular","tab_products":"sale","_id":"cf120d4","tab_orderby":"","tab_order":""}],"view_all_text":"View All","product_cats":["garden-kitchen"],"per_page":10,"navigation_tablet":"dots","navigation_mobile":"dots","heading_padding":{"unit":"px","top":"16","right":"20","bottom":"16","left":"20","isLinked":false},"heading_background_color":"#f4f4f4","title_typography_typography":"custom","title_typography_font_size_mobile":{"unit":"px","size":17,"sizes":[]},"show_product_tabs_mobile":"none"},"elements":[],"isInner":false,"widgetType":"martfury-product-tabs-carousel","elType":"widget"},{"id":"7b3c3d4","settings":{"space":{"unit":"px","size":55,"sizes":[]}},"elements":[],"isInner":false,"widgetType":"spacer","elType":"widget"},{"id":"5d02c1b","settings":{"title":"Healthy & Beauty","special_products_tabs":[{"title":"New Arrivals","tab_products":"recent","_id":"a703a91","tab_orderby":"","tab_order":""},{"title":"Best Seller","tab_products":"best_selling","_id":"ca1999c","tab_orderby":"","tab_order":""},{"title":"Most Popular","tab_products":"sale","_id":"cf120d4","tab_orderby":"","tab_order":""}],"view_all_text":"View All","product_cats":["health-beauty"],"per_page":10,"navigation_tablet":"dots","navigation_mobile":"dots","heading_padding":{"unit":"px","top":"16","right":"20","bottom":"16","left":"20","isLinked":false},"heading_background_color":"#f4f4f4","title_typography_typography":"custom","title_typography_font_size_mobile":{"unit":"px","size":17,"sizes":[]},"show_product_tabs_mobile":"none"},"elements":[],"isInner":false,"widgetType":"martfury-product-tabs-carousel","elType":"widget"},{"id":"36782284","settings":{"space":{"unit":"px","size":55,"sizes":[]}},"elements":[],"isInner":false,"widgetType":"spacer","elType":"widget"}],"isInner":false,"elType":"column"}],"isInner":false,"elType":"section"}]}