{"content":[{"id":"561d1a14","settings":{"flex_direction":"column"},"elements":[{"id":"4cfdba26","settings":{"content_width":"full","title":"Button Types","title_size":"h5","align":"center","_margin":{"unit":"px","top":"0","right":"0","bottom":"40","left":"0","isLinked":false}},"elements":[],"isInner":false,"widgetType":"ecomus-heading","elType":"widget"}],"isInner":false,"elType":"container"},{"id":"1410fce2","settings":{"flex_direction":"row","flex_gap":{"unit":"px","size":50,"column":"50","row":"0"},"flex_justify_content":"center","flex_align_items":"center","border_border":"solid","border_width":{"unit":"px","top":"0","right":"0","bottom":"1","left":"0","isLinked":false},"border_color":"#EBEBEB","margin":{"unit":"px","top":"0","right":"0","bottom":"60","left":"0","isLinked":false},"padding":{"unit":"px","top":"0","right":"0","bottom":"60","left":"0","isLinked":false},"flex_gap_mobile":{"column":"50","row":"50","isLinked":true,"unit":"px","size":50}},"elements":[{"id":"1aa80e0c","settings":{"content_width":"full","button_text":"Button Solid"},"elements":[],"isInner":false,"widgetType":"ecomus-button","elType":"widget"},{"id":"6384670f","settings":{"content_width":"full","button_text":"Button Outline ","button_style":"outline-dark"},"elements":[],"isInner":false,"widgetType":"ecomus-button","elType":"widget"},{"id":"4c06e3b5","settings":{"content_width":"full","button_text":"Button Underline","button_style":"subtle"},"elements":[],"isInner":false,"widgetType":"ecomus-button","elType":"widget"},{"id":"2008d7b","settings":{"content_width":"full","button_text":"Button Text","button_style":"text"},"elements":[],"isInner":false,"widgetType":"ecomus-button","elType":"widget"}],"isInner":false,"elType":"container"},{"id":"74430f41","settings":{"flex_direction":"column"},"elements":[{"id":"92cc611","settings":{"content_width":"full","title":"Button Shapes","title_size":"h5","align":"center","_margin":{"unit":"px","top":"0","right":"0","bottom":"40","left":"0","isLinked":false}},"elements":[],"isInner":false,"widgetType":"ecomus-heading","elType":"widget"}],"isInner":false,"elType":"container"},{"id":"46e0a5f6","settings":{"flex_direction":"row","flex_gap":{"unit":"px","size":50,"column":"50","row":"0"},"flex_justify_content":"center","flex_align_items":"center","border_border":"solid","border_width":{"unit":"px","top":"0","right":"0","bottom":"1","left":"0","isLinked":false},"border_color":"#EBEBEB","margin":{"unit":"px","top":"0","right":"0","bottom":"60","left":"0","isLinked":false},"padding":{"unit":"px","top":"0","right":"0","bottom":"60","left":"0","isLinked":false},"flex_gap_mobile":{"column":"20","row":"20","isLinked":true,"unit":"px","size":20}},"elements":[{"id":"31053bfa","settings":{"content_width":"full","button_text":"Button Square","button_border_radius":{"unit":"px","top":"0","right":"0","bottom":"0","left":"0","isLinked":true}},"elements":[],"isInner":false,"widgetType":"ecomus-button","elType":"widget"},{"id":"3955013","settings":{"content_width":"full","button_text":"Button Round","button_border_radius":{"unit":"px","top":"10","right":"10","bottom":"10","left":"10","isLinked":true}},"elements":[],"isInner":false,"widgetType":"ecomus-button","elType":"widget"},{"id":"51461054","settings":{"content_width":"full","button_text":"Button Cricle","button_border_radius":{"unit":"px","top":"30","right":"30","bottom":"30","left":"30","isLinked":true}},"elements":[],"isInner":false,"widgetType":"ecomus-button","elType":"widget"}],"isInner":false,"elType":"container"},{"id":"70014a63","settings":{"flex_direction":"column"},"elements":[{"id":"15493103","settings":{"content_width":"full","title":"Button Icons","title_size":"h5","align":"center","_margin":{"unit":"px","top":"0","right":"0","bottom":"40","left":"0","isLinked":false}},"elements":[],"isInner":false,"widgetType":"ecomus-heading","elType":"widget"}],"isInner":false,"elType":"container"},{"id":"1f6fb4","settings":{"flex_direction":"row","flex_gap":{"unit":"px","size":50,"column":"50","row":"0"},"flex_justify_content":"center","flex_align_items":"center","border_border":"solid","border_width":{"unit":"px","top":"0","right":"0","bottom":"1","left":"0","isLinked":false},"border_color":"#EBEBEB","margin":{"unit":"px","top":"0","right":"0","bottom":"60","left":"0","isLinked":false},"padding":{"unit":"px","top":"0","right":"0","bottom":"60","left":"0","isLinked":false}},"elements":[{"id":"23354dc8","settings":{"content_width":"full","button_text":"","button_link":{"url":"","is_external":"","nofollow":"","custom_attributes":""},"show_button_icon":"alway","button_icon":{"value":{"url":"https:\/\/wpecomus.com\/fashion\/wp-content\/uploads\/sites\/2\/2024\/06\/arrow-top-right.svg","id":1340},"library":"svg"},"button_min_width":{"unit":"px","size":50,"sizes":[]},"button_min_height":{"unit":"px","size":50,"sizes":[]},"button_icon_indent":{"unit":"px","size":0,"sizes":[]},"button_icon_size":{"unit":"px","size":12,"sizes":[]}},"elements":[],"isInner":false,"widgetType":"ecomus-button","elType":"widget"},{"id":"c9bd80f","settings":{"content_width":"full","button_text":"","button_link":{"url":"","is_external":"","nofollow":"","custom_attributes":""},"show_button_icon":"alway","button_icon":{"value":{"url":"https:\/\/wpecomus.com\/fashion\/wp-content\/uploads\/sites\/2\/2024\/06\/arrow-top-right.svg","id":1340},"library":"svg"},"button_style":"outline-dark","button_min_width":{"unit":"px","size":50,"sizes":[]},"button_min_height":{"unit":"px","size":50,"sizes":[]},"button_icon_indent":{"unit":"px","size":0,"sizes":[]},"button_icon_size":{"unit":"px","size":12,"sizes":[]}},"elements":[],"isInner":false,"widgetType":"ecomus-button","elType":"widget"},{"id":"7b765f1a","settings":{"content_width":"full","button_text":"","button_link":{"url":"","is_external":"","nofollow":"","custom_attributes":""},"show_button_icon":"alway","button_icon":{"value":{"url":"https:\/\/wpecomus.com\/fashion\/wp-content\/uploads\/sites\/2\/2024\/06\/arrow-top-right.svg","id":1340},"library":"svg"},"button_style":"subtle","button_min_width":{"unit":"px","size":50,"sizes":[]},"button_min_height":{"unit":"px","size":50,"sizes":[]},"button_icon_indent":{"unit":"px","size":0,"sizes":[]},"button_icon_size":{"unit":"px","size":12,"sizes":[]}},"elements":[],"isInner":false,"widgetType":"ecomus-button","elType":"widget"},{"id":"79de55de","settings":{"content_width":"full","button_text":"","button_link":{"url":"","is_external":"","nofollow":"","custom_attributes":""},"show_button_icon":"alway","button_icon":{"value":{"url":"https:\/\/wpecomus.com\/fashion\/wp-content\/uploads\/sites\/2\/2024\/06\/arrow-top-right.svg","id":1340},"library":"svg"},"button_style":"text","button_min_width":{"unit":"px","size":50,"sizes":[]},"button_min_height":{"unit":"px","size":50,"sizes":[]},"button_icon_indent":{"unit":"px","size":0,"sizes":[]},"button_icon_size":{"unit":"px","size":12,"sizes":[]}},"elements":[],"isInner":false,"widgetType":"ecomus-button","elType":"widget"}],"isInner":false,"elType":"container"},{"id":"2d07383b","settings":{"flex_direction":"column"},"elements":[{"id":"5a047718","settings":{"content_width":"full","title":"Buttons with Carousel","title_size":"h5","align":"center","_margin":{"unit":"px","top":"0","right":"0","bottom":"40","left":"0","isLinked":false}},"elements":[],"isInner":false,"widgetType":"ecomus-heading","elType":"widget"}],"isInner":false,"elType":"container"},{"id":"7d095529","settings":{"flex_direction":"row","flex_gap":{"unit":"px","size":0,"column":"0","row":"0"}},"elements":[{"id":"31600c6b","settings":{"flex_direction":"column","content_width":"full","width":{"unit":"%","size":"25"}},"elements":[],"isInner":true,"elType":"container"},{"id":"58d2c33f","settings":{"flex_direction":"column","content_width":"full","width":{"unit":"%","size":"50"}},"elements":[{"id":"24e50304","settings":{"content_width":"full","buttons":[{"button_text":"Button 1","button_link":{"url":"#"},"_id":"f9eb269"},{"button_text":"Button 2","button_link":{"url":"#"},"_id":"81e57f5"},{"button_text":"Button 3","button_link":{"url":"#"},"_id":"f88f6f0"},{"button_text":"Button 4","button_link":{"url":"#"},"_id":"d79b1f5"},{"button_text":"Button 5","button_link":{"url":"#"},"_id":"fc1105a"},{"button_text":"Button 6","button_link":{"url":"#"},"_id":"b52d4c3"}]},"elements":[],"isInner":false,"widgetType":"ecomus-button-carousel","elType":"widget"}],"isInner":true,"elType":"container"},{"id":"70997e04","settings":{"flex_direction":"column","content_width":"full","width":{"unit":"%","size":"25"}},"elements":[],"isInner":true,"elType":"container"}],"isInner":false,"elType":"container"}],"page_settings":[],"version":"0.4","title":"Buttons","type":"page"}