{"content":[{"id":"87b4cbd","settings":{"border_border":"solid","border_width":{"unit":"px","top":"0","right":"0","bottom":"1","left":"0","isLinked":false},"border_color":"#EBEBEB","margin":{"unit":"px","top":"0","right":"0","bottom":"60","left":"0","isLinked":false},"padding":{"unit":"px","top":"0","right":"0","bottom":"60","left":"0","isLinked":false}},"elements":[{"id":"11597762","settings":{"content_width":"full","title":"Icons Box Carousel with Icon Top","title_size":"h5","align":"center","_margin":{"unit":"px","top":"0","right":"0","bottom":"30","left":"0","isLinked":false}},"elements":[],"isInner":false,"widgetType":"ecomus-heading","elType":"widget"},{"id":"c9551d1","settings":{"content_width":"full","icons_box":[{"icon":{"value":{"url":"http:\/\/localhost:3000\/dev\/ecomus\/wp-content\/uploads\/sites\/28\/2024\/06\/box.svg","id":1397},"library":"svg"},"title":"Free Shipping","description":"You will love at great low prices","_id":"82d6a6a"},{"icon":{"value":{"url":"http:\/\/localhost:3000\/dev\/ecomus\/wp-content\/uploads\/sites\/28\/2024\/06\/card.svg","id":1398},"library":"svg"},"title":"Flexible Payment","description":"Pay with Multiple Credit Cards","_id":"a15fb08"},{"icon":{"value":{"url":"http:\/\/localhost:3000\/dev\/ecomus\/wp-content\/uploads\/sites\/28\/2024\/06\/return.svg","id":1399},"library":"svg"},"title":"14 Day Returns","description":"Within 30 days for an exchange","_id":"edf6df9"},{"_id":"1e7f2a4","icon":{"value":{"url":"http:\/\/localhost:3000\/dev\/ecomus\/wp-content\/uploads\/sites\/28\/2024\/06\/support.svg","id":1400},"library":"svg"},"title":"Premium Support","description":"Outstanding premium support"}],"navigation_classes_tablet":"dots","navigation_classes_mobile":"dots","content_padding":{"unit":"px","top":"26","right":"20","bottom":"26","left":"20","isLinked":false},"content_border_border":"solid","content_border_width":{"unit":"px","top":"1","right":"1","bottom":"1","left":"1","isLinked":true},"content_border_color":"#EBEBEB","content_border_radius":{"unit":"px","top":"10","right":"10","bottom":"10","left":"10","isLinked":true},"title_typography_typography":"custom","title_typography_font_size":{"unit":"px","size":18,"sizes":[]},"title_typography_font_weight":"500","description_color":"#080808","icon_color":"#000000","icon_size":{"unit":"px","size":30,"sizes":[]},"alignment":"center","icon_spacing":{"unit":"px","size":30,"sizes":[]},"arrows_type":"outline","slides_to_show_tablet":2,"slides_to_show_mobile":1,"slides_to_scroll_tablet":2,"slides_to_scroll_mobile":1},"elements":[],"isInner":false,"widgetType":"ecomus-icon-box-carousel","elType":"widget"}],"isInner":false,"elType":"container"},{"id":"2434f032","settings":{"border_width":{"unit":"px","top":"0","right":"0","bottom":"1","left":"0","isLinked":false},"border_color":"#EBEBEB"},"elements":[{"id":"ea3d5a","settings":{"content_width":"full","title":"Icons Box Carousel with Icon Left","title_size":"h5","align":"center","_margin":{"unit":"px","top":"0","right":"0","bottom":"30","left":"0","isLinked":false}},"elements":[],"isInner":false,"widgetType":"ecomus-heading","elType":"widget"},{"id":"2a4bfafe","settings":{"content_width":"full","icons_box":[{"icon":{"value":{"url":"http:\/\/localhost:3000\/dev\/ecomus\/wp-content\/uploads\/sites\/28\/2024\/06\/box.svg","id":1397},"library":"svg"},"title":"Free Shipping","description":"You will love at great low prices","_id":"82d6a6a"},{"icon":{"value":{"url":"http:\/\/localhost:3000\/dev\/ecomus\/wp-content\/uploads\/sites\/28\/2024\/06\/card.svg","id":1398},"library":"svg"},"title":"Flexible Payment","description":"Pay with Multiple Credit Cards","_id":"a15fb08"},{"icon":{"value":{"url":"http:\/\/localhost:3000\/dev\/ecomus\/wp-content\/uploads\/sites\/28\/2024\/06\/return.svg","id":1399},"library":"svg"},"title":"14 Day Returns","description":"Within 30 days for an exchange","_id":"edf6df9"},{"_id":"1e7f2a4","icon":{"value":{"url":"http:\/\/localhost:3000\/dev\/ecomus\/wp-content\/uploads\/sites\/28\/2024\/06\/support.svg","id":1400},"library":"svg"},"title":"Premium Support","description":"Outstanding premium support"}],"navigation_classes_tablet":"dots","navigation_classes_mobile":"dots","content_padding":{"unit":"px","top":"26","right":"20","bottom":"26","left":"20","isLinked":false},"content_border_border":"solid","content_border_width":{"unit":"px","top":"1","right":"1","bottom":"1","left":"1","isLinked":true},"content_border_color":"#EBEBEB","content_border_radius":{"unit":"px","top":"10","right":"10","bottom":"10","left":"10","isLinked":true},"title_typography_typography":"custom","title_typography_font_size":{"unit":"px","size":18,"sizes":[]},"title_typography_font_weight":"500","description_color":"#080808","icon_color":"#000000","icon_size":{"unit":"px","size":30,"sizes":[]},"alignment":"left","icon_spacing":{"unit":"px","size":30,"sizes":[]},"arrows_type":"outline","position":"left","vertical_alignment":"middle","icon_border_border":"solid","icon_border_width":{"unit":"px","top":"1","right":"1","bottom":"1","left":"1","isLinked":true},"icon_border_color":"#EBEBEB","border_radius":{"unit":"px","top":"30","right":"30","bottom":"30","left":"30","isLinked":true},"icon_padding":{"unit":"px","top":"15","right":"15","bottom":"15","left":"15","isLinked":true},"navigation_classes":"dots","slides_to_show_tablet":2,"slides_to_show_mobile":1,"slides_to_scroll_tablet":2,"slides_to_scroll_mobile":1},"elements":[],"isInner":false,"widgetType":"ecomus-icon-box-carousel","elType":"widget"}],"isInner":false,"elType":"container"}],"page_settings":[],"version":"0.4","title":"Icon Box","type":"page"}