{"content":[{"id":"2a6a265b","settings":{"flex_direction":"row","flex_gap":{"unit":"px","size":0,"column":"0","row":"0"}},"elements":[{"id":"2ce82e39","settings":{"flex_direction":"column","content_width":"full","width":{"unit":"%","size":33.33}},"elements":[{"id":"15806734","settings":{"content_width":"full","title":"Recent Products","title_size":"h6"},"elements":[],"isInner":false,"widgetType":"ecomus-heading","elType":"widget"},{"id":"66b82d56","settings":{"content_width":"full","limit":3,"scrollbar":""},"elements":[],"isInner":false,"widgetType":"ecomus-product-list","elType":"widget"}],"isInner":true,"elType":"container"},{"id":"31369895","settings":{"flex_direction":"column","content_width":"full","width":{"unit":"%","size":33.33}},"elements":[{"id":"24d3fdc7","settings":{"content_width":"full","title":"Featured Products","title_size":"h6"},"elements":[],"isInner":false,"widgetType":"ecomus-heading","elType":"widget"},{"id":"571875ea","settings":{"content_width":"full","limit":3,"products":"top_rated_products","scrollbar":""},"elements":[],"isInner":false,"widgetType":"ecomus-product-list","elType":"widget"}],"isInner":true,"elType":"container"},{"id":"4ba707e0","settings":{"content_width":"full","width":{"unit":"%","size":33.33,"sizes":[]}},"elements":[{"id":"124ab2c0","settings":{"content_width":"full","title":"On Sale","title_size":"h6"},"elements":[],"isInner":false,"widgetType":"ecomus-heading","elType":"widget"},{"id":"67a4b712","settings":{"content_width":"full","limit":3,"products":"sale_products","scrollbar":""},"elements":[],"isInner":false,"widgetType":"ecomus-product-list","elType":"widget"}],"isInner":true,"elType":"container"}],"isInner":false,"elType":"container"}],"page_settings":[],"version":"0.4","title":"Products Listing","type":"page"}