{"content":[{"id":"24635027","settings":[],"elements":[{"id":"329858dc","settings":{"content_width":"full","stores":[{"heading":"Hongkong","image":{"id":1709,"url":"https:\/\/wpecomus.com\/fashion\/wp-content\/uploads\/sites\/2\/2024\/06\/homev2_store3.webp","alt":"","source":"library","size":""},"title":"Hongkong Store","_id":"0d558ab","description":"<p>301 Front St WToronto,<br \/>Ecomus@support.com<br \/>(08) 8942 1299<\/p><p>Mon - Fri, 8:30am - 10:30pm<br \/>Saturday, 8:30am - 10:30pm<br \/>Sunday Closed<\/p>"},{"heading":"London","image":{"id":1708,"url":"https:\/\/wpecomus.com\/fashion\/wp-content\/uploads\/sites\/2\/2024\/06\/homev2_store2.webp","alt":"","source":"library","size":""},"title":"London Store","_id":"5e73fd6","description":"<p>301 Front St WToronto,<br \/>LondonEcomus@ecom.com<br \/>(08) 8942 1299<\/p><p>Mon - Fri, 8:30am - 10:30pm<br \/>Saturday, 8:30am - 10:30pm<br \/>Sunday Closed<\/p>"},{"heading":"Paris","image":{"id":1707,"url":"https:\/\/wpecomus.com\/fashion\/wp-content\/uploads\/sites\/2\/2024\/06\/homev2_store1.webp","alt":"","source":"library","size":""},"title":"Paris Store","_id":"c844313","description":"<p>301 Front St WToronto,<br \/>ParisEcomus@email.com<br \/>(08) 8942 1299<\/p><p>Mon - Fri, 8:30am - 10:30pm<br \/>Saturday, 8:30am - 10:30pm<br \/>Sunday Closed<\/p>"}]},"elements":[],"isInner":false,"widgetType":"ecomus-stores-tab","elType":"widget"}],"isInner":false,"elType":"container"}],"page_settings":[],"version":"0.4","title":"Store Tabs","type":"page"}