{"content":[{"id":"2e698d14","settings":{"flex_gap":{"column":"50","row":"50","isLinked":true,"unit":"px","size":50},"border_border":"solid","border_width":{"unit":"px","top":"0","right":"0","bottom":"1","left":"0","isLinked":false},"border_color":"#EBEBEB","margin":{"unit":"px","top":"0","right":"0","bottom":"60","left":"0","isLinked":false},"padding":{"unit":"px","top":"0","right":"0","bottom":"60","left":"0","isLinked":false}},"elements":[{"id":"16d0e6be","settings":{"content_width":"full","title":"Testimonial Image Left","title_size":"h5","align":"center"},"elements":[],"isInner":false,"widgetType":"ecomus-heading","elType":"widget"},{"id":"79bd8e31","settings":{"testimonials":[{"testimonial_name":"Jenifer Unix","testimonial_company":"Oversized Printed T-shirt","_id":"4936ada","testimonial_title":"","testimonial_content":"I have been shopping with this web fashion site for over a year nowand I can confidently say it is the best online fashion site out there.","testimonial_image":{"id":1837,"url":"https:\/\/wpecomus.com\/fashion\/wp-content\/uploads\/sites\/2\/2024\/06\/homev3_teti1.webp","alt":"","source":"library","size":""},"testimonial_link":{"url":"#","is_external":"","nofollow":"","custom_attributes":""},"testimonial_quote":{"value":{"url":"https:\/\/raw.githubusercontent.com\/drfuri\/demo-content\/main\/ecomus\/fashion\/images\/quoter.svg","id":1839},"library":"svg"}},{"testimonial_name":"Robert smith","testimonial_company":"The Scot Collar Mint","_id":"a92c56e","testimonial_title":"","testimonial_content":"Fashion website is impressive! The user-friendly interface and excellent customer service make shopping a breeze.<br\/>Highly recommended !","testimonial_image":{"id":1838,"url":"https:\/\/wpecomus.com\/fashion\/wp-content\/uploads\/sites\/2\/2024\/06\/homev3_teti2.webp","alt":"","source":"library","size":""},"testimonial_link":{"url":"#","is_external":"","nofollow":"","custom_attributes":""},"testimonial_quote":{"value":{"url":"https:\/\/raw.githubusercontent.com\/drfuri\/demo-content\/main\/ecomus\/fashion\/images\/quoter.svg","id":1839},"library":"svg"}}],"image_item_position":"left","navigation_position":"center","testimonial_width":{"unit":"%","size":46,"sizes":[]},"testimonial_width_tablet":{"unit":"%","size":"","sizes":[]},"testimonial_width_mobile":{"unit":"%","size":"","sizes":[]},"item_padding":{"unit":"px","top":"0","right":"150","bottom":"0","left":"150","isLinked":false},"content_item_content_typo_typography":"custom","content_item_content_typo_font_weight":"500","show_divider":"yes","item_padding_tablet":{"unit":"px","top":"0","right":"80","bottom":"0","left":"80","isLinked":false},"item_padding_mobile":{"unit":"px","top":"0","right":"0","bottom":"0","left":"0","isLinked":true},"thumbnail_spacing":{"unit":"px","size":84,"sizes":[]},"thumbnail_spacing_tablet":{"unit":"px","size":40,"sizes":[]},"quoter_item_color":"#0C0C0C","navigation_classes_tablet":"arrows","navigation_classes_mobile":"dots"},"elements":[],"isInner":false,"widgetType":"ecomus-testimonial-carousel","elType":"widget"}],"isInner":false,"elType":"container"},{"id":"44071d34","settings":{"flex_gap":{"column":"50","row":"50","isLinked":true,"unit":"px","size":50},"border_border":"solid","border_width":{"unit":"px","top":"0","right":"0","bottom":"1","left":"0","isLinked":false},"border_color":"#EBEBEB","margin":{"unit":"px","top":"0","right":"0","bottom":"60","left":"0","isLinked":false},"padding":{"unit":"px","top":"0","right":"0","bottom":"60","left":"0","isLinked":false}},"elements":[{"id":"319d8738","settings":{"content_width":"full","title":"Testimonials with Image Left","title_size":"h5","align":"center"},"elements":[],"isInner":false,"widgetType":"ecomus-heading","elType":"widget"},{"id":"6cb89637","settings":{"testimonials":[{"testimonial_name":"Robert smith","testimonial_company":"Patterned scarf","_id":"711aecc","testimonial_title":"","testimonial_subtitle":"OUR CUSTOMER'S RAVE REVIEWS","testimonial_content":"\"I have been shopping with this web fashion site for over a year now<br class=\"hidden-xs hidden-sm\"\/>and I can confidently say it is the best online fashion site out there.The shipping is always fast and the customer service team is friendly and helpful. I highly recommend this site to anyone looking for affordable clothing.\"","testimonial_image":{"id":4003,"url":"https:\/\/wpecomus.com\/fashion\/wp-content\/uploads\/sites\/2\/2024\/07\/homev4_testi1.webp","alt":"","source":"library","size":""},"testimonial_link":{"url":"#","is_external":"","nofollow":"","custom_attributes":""}},{"testimonial_name":"Robert smith","testimonial_company":"Sweetheart-neckline Top","testimonial_title":"","testimonial_subtitle":"OUR CUSTOMER'S RAVE REVIEWS","testimonial_content":"\"I have been shopping with this web fashion site for over a year now<br class=\"hidden-xs hidden-sm\"\/>and I can confidently say it is the best online fashion site out there.The shipping is always fast and the customer service team is friendly and helpful. I highly recommend this site to anyone looking for affordable clothing.\"","testimonial_image":{"id":4004,"url":"https:\/\/wpecomus.com\/fashion\/wp-content\/uploads\/sites\/2\/2024\/07\/homev4_testi2.webp","alt":"","source":"library","size":""},"testimonial_link":{"url":"#","is_external":"","nofollow":"","custom_attributes":""},"_id":"65636fd"}],"thumbnail_width":{"unit":"%","size":"","sizes":[]},"thumbnail_width_tablet":{"unit":"%","size":"","sizes":[]},"thumbnail_width_mobile":{"unit":"%","size":"","sizes":[]},"content_width_tablet":{"unit":"%","size":"","sizes":[]},"content_width_mobile":{"unit":"%","size":100,"sizes":[]},"navigation_classes_tablet":"arrows","navigation_classes_mobile":"arrows"},"elements":[],"isInner":false,"widgetType":"ecomus-testimonial-carousel","elType":"widget"}],"isInner":false,"elType":"container"},{"id":"8062b04","settings":{"flex_gap":{"column":"50","row":"50","isLinked":true,"unit":"px","size":50},"border_border":"solid","border_width":{"unit":"px","top":"0","right":"0","bottom":"1","left":"0","isLinked":false},"border_color":"#EBEBEB","margin":{"unit":"px","top":"0","right":"0","bottom":"60","left":"0","isLinked":false},"padding":{"unit":"px","top":"0","right":"0","bottom":"60","left":"0","isLinked":false}},"elements":[{"id":"4e83b42f","settings":{"content_width":"full","title":"Testimonials with Product","title_size":"h5","align":"center"},"elements":[],"isInner":false,"widgetType":"ecomus-heading","elType":"widget"},{"id":"5f51861c","settings":{"testimonials":[{"testimonial_name":"Robert smith","_id":"060ec67","testimonial_title":"Best Online Fashion Site","testimonial_content":"\u201cI always find something stylish and affordable on this web fashion site\u201d","testimonial_text":"Customer from USA","testimonial_product_id":666},{"testimonial_name":"Allen Lyn","testimonial_title":"Great Selection and Quality","testimonial_content":"\"I love the variety of styles and the high-quality clothing on this web fashion site.\"","testimonial_text":"Customer from Fance","testimonial_product_id":871,"_id":"ecea334"},{"testimonial_name":"Peter Rope","testimonial_title":"Best Customer Service","testimonial_content":"\"I finally found a web fashion site with stylish and flattering options in my size.\"","testimonial_text":"Customer from USA","testimonial_product_id":782,"_id":"19e023e"},{"testimonial_name":"Hellen Ase","_id":"4c7dbb3","testimonial_title":"Great Selection and Quality","testimonial_content":"\"I love the variety of styles and the high-quality clothing on this web fashion site.\"","testimonial_text":"Customer from Japan","testimonial_product_id":798}],"navigation_classes_tablet":"none","navigation_classes_mobile":"dots","text_typography_font_size":{"unit":"px","size":103,"sizes":[]},"image_spacing_custom_mobile":15,"content_width":"full","slides_to_show_tablet":2,"slides_to_show_mobile":1,"slides_to_scroll_tablet":2,"slides_to_scroll_mobile":1},"elements":[],"isInner":false,"widgetType":"ecomus-testimonial-carousel-2","elType":"widget"}],"isInner":false,"elType":"container"},{"id":"eacebfa","settings":{"flex_gap":{"column":"50","row":"50","isLinked":true,"unit":"px","size":50},"border_width":{"unit":"px","top":"0","right":"0","bottom":"1","left":"0","isLinked":false},"border_color":"#EBEBEB"},"elements":[{"id":"75fbd802","settings":{"content_width":"full","title":"Testimonials with Columns","title_size":"h5","align":"center"},"elements":[],"isInner":false,"widgetType":"ecomus-heading","elType":"widget"},{"id":"21ee8c39","settings":{"content_width":"full","testimonials":[{"testimonial_name":"Robert smith","_id":"2e6ef06","testimonial_text":"Verify customer","testimonial_title":"Best Online Fashion Site","testimonial_content":"\u201cI always find something stylish and affordable on this web fashion site\u201d"},{"testimonial_name":"Allen Lyn","_id":"a859d79","testimonial_text":"Verify customer","testimonial_title":"Great Selection and Quality","testimonial_content":"\"I love the variety of styles and the high-quality clothing on this web fashion site.\""},{"testimonial_name":"Peter Rope","_id":"87663a0","testimonial_text":"Verify customer","testimonial_title":"Best Customer Service","testimonial_content":"\"I finally found a web fashion site with stylish and flattering options in my size.\""},{"testimonial_name":"Hellen Ase","_id":"7f3f88a","testimonial_text":"Verify customer","testimonial_title":"Great Selection and Quality","testimonial_content":"\"I love the variety of styles and the high-quality clothing on this web fashion site.\""},{"testimonial_name":"Robert smith","testimonial_text":"Verify customer","testimonial_title":"Best Online Fashion Site","testimonial_content":"\u201cI always find something stylish and affordable on this web fashion site\u201d","_id":"311456c"}],"navigation_classes":"dots"},"elements":[],"isInner":false,"widgetType":"ecomus-testimonial-carousel-3","elType":"widget"}],"isInner":false,"elType":"container"}],"page_settings":[],"version":"0.4","title":"Testimonials","type":"page"}