{"version":"0.4","title":"Home Full Width","type":"page","content":[{"id":"7dd325c7","settings":[],"elements":[{"id":"13f652a8","settings":{"_column_size":100},"elements":[{"id":"650da0f1","settings":{"space":{"unit":"px","size":30,"sizes":[]},"space_mobile":{"unit":"px","size":15,"sizes":[]}},"elements":[],"isInner":false,"widgetType":"spacer","elType":"widget"}],"isInner":false,"elType":"column"}],"isInner":false,"elType":"section"},{"id":"9158fca","settings":{"layout":"full_width","gap":"extended","structure":"20"},"elements":[{"id":"5b5ca04f","settings":{"_column_size":50,"_inline_size":75,"_inline_size_tablet":100},"elements":[{"id":"a6d9e39","settings":{"slides":[{"subtitle":"Limited Edition ","heading":"","description":"<p>SCADINAVIAN<br \/>COLLECTION FOR YOUR<br \/>BEDROOM JUST <strong style=\"font-size: 30px; color: #669900;\">$599<br \/><\/strong><\/p>","button_text":"Shop Now","background_color":"#f4f5f5","_id":"38b4454","background_image":{"id":2805,"url":"http:\/\/demo2.drfuri.com\/martfury12\/wp-content\/uploads\/sites\/53\/revslider\/home_full_width1\/s1-1.jpg"},"background_size":"cover","background_ken_burns":"","zoom_direction":"out","background_overlay":"","background_overlay_color":"rgba(0,0,0,0.5)","background_overlay_blend_mode":"","link":{"url":"#","is_external":"","nofollow":""},"link_click":"button","price_box_type":"text","price_box_text":"","price_box_image":{"url":"","id":""},"price_box_image_size":"full","price_box_image_custom_dimension":{"width":"","height":""},"custom_style":"","horizontal_position":"","vertical_position":"","text_align":"","subtitle_custom_color":"","heading_custom_color":"","content_custom_color":"","button_custom_color":"","button_custom_bg_color":"","price_box_custom_color":"","price_box_custom_bg_color":"","background_image_tablet":{"url":"","id":""},"background_image_mobile":{"url":"","id":""},"background_size_tablet":"","background_size_mobile":"","background_position":"","background_position_tablet":"","background_position_mobile":"","background_position_custom":{"unit":"px","top":"","right":"","bottom":"","left":"","isLinked":true},"background_position_custom_tablet":{"unit":"px","top":"","right":"","bottom":"","left":"","isLinked":true},"background_position_custom_mobile":{"unit":"px","top":"","right":"","bottom":"","left":"","isLinked":true}},{"subtitle":"Limited Edition","heading":"","description":"<p>EXPERIENCE FEEL<br \/>GREATEST WITH VITURAL<br \/>REALITY JUST <strong style=\"font-size: 30px; color: #669900;\">$599<br \/><\/strong><\/p>","button_text":"Shop Now","background_color":"#f4f5f5","_id":"a70508f","background_image":{"id":2806,"url":"http:\/\/demo2.drfuri.com\/martfury12\/wp-content\/uploads\/sites\/53\/revslider\/home_full_width1\/s2-2.jpg"},"background_size":"cover","background_ken_burns":"","zoom_direction":"in","background_overlay":"","background_overlay_color":"rgba(0,0,0,0.5)","background_overlay_blend_mode":"","link":{"url":"#","is_external":"","nofollow":""},"link_click":"button","price_box_type":"text","price_box_text":"","price_box_image":{"url":"","id":""},"price_box_image_size":"full","price_box_image_custom_dimension":{"width":"","height":""},"custom_style":"","horizontal_position":"","vertical_position":"","text_align":"","subtitle_custom_color":"","heading_custom_color":"","content_custom_color":"","button_custom_color":"","button_custom_bg_color":"","price_box_custom_color":"","price_box_custom_bg_color":"","background_image_tablet":{"url":"","id":""},"background_image_mobile":{"url":"","id":""},"background_size_tablet":"","background_size_mobile":"","background_position":"","background_position_tablet":"","background_position_mobile":"","background_position_custom":{"unit":"px","top":"","right":"","bottom":"","left":"","isLinked":true},"background_position_custom_tablet":{"unit":"px","top":"","right":"","bottom":"","left":"","isLinked":true},"background_position_custom_mobile":{"unit":"px","top":"","right":"","bottom":"","left":"","isLinked":true}},{"subtitle":"Weekend Promotions ","heading":"","description":"<p>HAPPY SUMMER<br \/>COMBO SUPER COOL<br \/>UP TO <strong style=\"font-size: 30px; color: #f04704;\">40% OFF<br \/><\/strong><\/p>","button_text":"Shop Now","background_color":"#f4f5f5","_id":"c116830","background_image":{"id":2808,"url":"http:\/\/demo2.drfuri.com\/martfury12\/wp-content\/uploads\/sites\/53\/revslider\/home_full_width1\/s3-2.jpg"},"background_size":"cover","background_ken_burns":"","zoom_direction":"in","background_overlay":"","background_overlay_color":"rgba(0,0,0,0.5)","background_overlay_blend_mode":"","link":{"url":"#","is_external":"","nofollow":""},"link_click":"button","price_box_type":"text","price_box_text":"","price_box_image":{"url":"","id":""},"price_box_image_size":"full","price_box_image_custom_dimension":{"width":"","height":""},"custom_style":"","horizontal_position":"","vertical_position":"","text_align":"","subtitle_custom_color":"","heading_custom_color":"","content_custom_color":"","button_custom_color":"","button_custom_bg_color":"","price_box_custom_color":"","price_box_custom_bg_color":"","background_image_tablet":{"url":"","id":""},"background_image_mobile":{"url":"","id":""},"background_size_tablet":"","background_size_mobile":"","background_position":"","background_position_tablet":"","background_position_mobile":"","background_position_custom":{"unit":"px","top":"","right":"","bottom":"","left":"","isLinked":true},"background_position_custom_tablet":{"unit":"px","top":"","right":"","bottom":"","left":"","isLinked":true},"background_position_custom_mobile":{"unit":"px","top":"","right":"","bottom":"","left":"","isLinked":true}}],"slides_height":{"unit":"px","size":420,"sizes":[]},"content_animation":"fadeIn","transition":"fade","content_max_width":{"unit":"px","size":690,"sizes":[]},"slides_padding":{"unit":"%","top":"","right":"","bottom":"","left":"","isLinked":true},"arrows_spacing":{"unit":"px","size":0,"sizes":[]},"navigation":"arrows","navigation_tablet":"dots","navigation_mobile":"dots","autoplay_speed":8000,"transition_speed":800,"content_max_width_tablet":{"unit":"%","size":100,"sizes":[]},"slides_padding_tablet":{"unit":"px","top":"0","right":"0","bottom":"0","left":"30","isLinked":false},"heading_typography_typography":"custom","heading_typography_font_size_tablet":{"unit":"px","size":30,"sizes":[]},"dots_background_color":"#ffffff","dots_hover_background_color":"#fcb800","dots_active_background_color":"#fcb800","slides_padding_mobile":{"unit":"px","top":"15","right":"15","bottom":"15","left":"15","isLinked":true},"heading_typography_font_size_mobile":{"unit":"px","size":28,"sizes":[]},"subtitle_spacing":{"unit":"px","size":25,"sizes":[]},"subtitle_color":"#0099cc","subtitle_typography_typography":"custom","subtitle_typography_font_size":{"unit":"px","size":16,"sizes":[]},"description_spacing":{"unit":"px","size":35,"sizes":[]},"description_color":"#000000","description_typography_typography":"custom","description_typography_font_size":{"unit":"px","size":33,"sizes":[]},"description_typography_font_weight":"500","description_typography_line_height":{"unit":"em","size":1.1,"sizes":[]},"button_padding":{"unit":"px","top":"13","right":"20","bottom":"13","left":"20","isLinked":false},"arrows_color":"#ffffff","arrows_background_color":"rgba(0,0,0,0.3)","arrows_hover_color":"#ffffff","arrows_hover_background_color":"#000000","arrows_position":"outside","slides_height_mobile":{"unit":"px","size":320,"sizes":[]},"description_typography_font_size_mobile":{"unit":"px","size":24,"sizes":[]}},"elements":[],"isInner":false,"widgetType":"martfury-slides","elType":"widget"},{"id":"63b46e92","settings":{"space":{"unit":"px","size":30,"sizes":[]},"space_mobile":{"unit":"px","size":15,"sizes":[]}},"elements":[],"isInner":false,"widgetType":"spacer","elType":"widget"}],"isInner":false,"elType":"column"},{"id":"62f17737","settings":{"_column_size":50,"_inline_size":25,"_inline_size_tablet":100},"elements":[{"id":"3b38090","settings":{"image":{"url":"http:\/\/demo2.drfuri.com\/martfury12\/wp-content\/uploads\/sites\/53\/2018\/08\/b1.jpg","id":2543},"title":"Unio\r\nLeather\r\nBags","desc":"<p>100% leather<br \/>handmade<\/p>","price":"20% OFF","border":"","price_position":"2","_element_custom_width_tablet":{"unit":"%","size":50,"sizes":[]},"height":{"unit":"px","size":195,"sizes":[]},"price_position_top":{"unit":"%","size":24,"sizes":[]},"background_color":"#f1f1f3","banner_bg_position_tablet":"right center","banner_bg_size_tablet":"auto"},"elements":[],"isInner":false,"widgetType":"martfury-banner-small","elType":"widget"},{"id":"3288ba06","settings":{"space":{"unit":"px","size":30,"sizes":[]},"space_mobile":{"unit":"px","size":15,"sizes":[]}},"elements":[],"isInner":false,"widgetType":"spacer","elType":"widget"},{"id":"45e2d0e2","settings":{"image":{"url":"http:\/\/demo2.drfuri.com\/martfury12\/wp-content\/uploads\/sites\/53\/2018\/08\/b2.jpg","id":2544},"title":"iPhone 6+\n32Gb","desc":"<p>Experience with<br \/>best smartphone<br \/>on the world<\/p>","border":"","_element_custom_width_tablet":{"unit":"%","size":50,"sizes":[]},"price":"40% OFF","height":{"unit":"px","size":195,"sizes":[]},"background_color":"#f7f9f9","banner_bg_position_tablet":"right center","banner_bg_size_tablet":"auto"},"elements":[],"isInner":false,"widgetType":"martfury-banner-small","elType":"widget"},{"id":"71e3fff5","settings":{"space":{"unit":"px","size":30,"sizes":[]}},"elements":[],"isInner":false,"widgetType":"spacer","elType":"widget"}],"isInner":false,"elType":"column"}],"isInner":false,"elType":"section"},{"id":"4a315e4c","settings":{"layout":"full_width","gap":"extended"},"elements":[{"id":"ebde1eb","settings":{"_column_size":100},"elements":[{"id":"2bf3ff5c","settings":{"style":"3","icons":[{"icon":"icon-rocket","title":"Free Delivery","desc":"For all oders over $99","_id":"a051fe9","link":{"url":"","is_external":true,"nofollow":true},"icon_type":"icons","custom_icon":{"value":"fas fa-star","library":"fa-solid"}},{"icon":"icon-sync","title":"90 Days Return","desc":"If goods have problems","_id":"4435678","link":{"url":"","is_external":true,"nofollow":true},"icon_type":"icons","custom_icon":{"value":"fas fa-star","library":"fa-solid"}},{"icon":"icon-credit-card","title":"Secure Payment","desc":"100% secure payment","_id":"7c9d6b3","link":{"url":"","is_external":true,"nofollow":true},"icon_type":"icons","custom_icon":{"value":"fas fa-star","library":"fa-solid"}},{"icon":"icon-bubbles","title":"24\/7 Support","desc":"Dedicated support","_id":"a9cb132","link":{"url":"","is_external":true,"nofollow":true},"icon_type":"icons","custom_icon":{"value":"fas fa-star","library":"fa-solid"}},{"icon":"icon-gift","title":"Gift Service","desc":"Support gift service","_id":"744b841","link":{"url":"","is_external":true,"nofollow":true},"icon_type":"icons","custom_icon":{"value":"fas fa-star","library":"fa-solid"}}],"columns":"5","columns_tablet":"2","padding":{"unit":"px","top":"20","right":"30","bottom":"20","left":"30","isLinked":false},"border_border":"solid","border_width":{"unit":"px","top":"1","right":"1","bottom":"1","left":"1","isLinked":true},"border_color":"#d9d9d9","content_bottom_spacing_mobile":{"unit":"px","size":10,"sizes":[]},"sep_width_mobile":{"unit":"px","size":0,"sizes":[]},"sep_height_mobile":{"unit":"px","size":0,"sizes":[]}},"elements":[],"isInner":false,"widgetType":"martfury-icons-list","elType":"widget"}],"isInner":false,"elType":"column"}],"isInner":false,"elType":"section"},{"id":"79655eec","settings":{"layout":"full_width","gap":"extended"},"elements":[{"id":"38d6c183","settings":{"_column_size":100},"elements":[{"id":"1f3059ff","settings":{"space":{"unit":"px","size":85,"sizes":[]},"space_mobile":{"unit":"px","size":40,"sizes":[]}},"elements":[],"isInner":false,"widgetType":"spacer","elType":"widget"},{"id":"197656cd","settings":{"title":"Deals Of The Day","ends_in":"Ends In","view_all_text":"View All","navigation_tablet":"dots","navigation_mobile":"dots","slidesToShow":"6","slidesToScroll":"6","heading_title_typography_typography":"custom","heading_title_typography_font_size_mobile":{"unit":"px","size":23,"sizes":[]},"show_ends_in_mobile":"none","show_heading_view_all_mobile":"none"},"elements":[],"isInner":false,"widgetType":"martfury-product-deals-carousel","elType":"widget"},{"id":"5caf1161","settings":{"space":{"unit":"px","size":75,"sizes":[]},"space_tablet":{"unit":"px","size":30,"sizes":[]}},"elements":[],"isInner":false,"widgetType":"spacer","elType":"widget"}],"isInner":false,"elType":"column"}],"isInner":false,"elType":"section"},{"id":"17548abb","settings":{"layout":"full_width","gap":"extended","structure":"30"},"elements":[{"id":"61669237","settings":{"_column_size":33,"_inline_size":null,"_inline_size_tablet":100},"elements":[{"id":"64a35d3b","settings":{"layout":"5","image":{"url":"http:\/\/demo2.drfuri.com\/martfury12\/wp-content\/uploads\/sites\/53\/2018\/08\/b3.jpg","id":2548},"title":"Minimal\nSpeaker","desc":"<p>Discount<br \/><strong style=\"font-size: 24px; color: #67981a; font-weight: 600;\">$159.99 <\/strong><del><span class=\"sale\">$298.60<\/span><\/del><\/p>","button_text":"Shop Now","border":"","bg_color":"#ffffff","highlight_title":"Acher Fluence ","button_link":{"url":"#","is_external":true,"nofollow":true},"height":{"unit":"px","size":285,"sizes":[]},"heading_spacing":{"unit":"px","size":15,"sizes":[]},"heading_typography_typography":"custom","heading_typography_font_size":{"unit":"px","size":26,"sizes":[]},"description_spacing":{"unit":"px","size":29,"sizes":[]},"description_color":"#666666","description_typography_typography":"custom","description_typography_font_size":{"unit":"px","size":16,"sizes":[]},"background_color":"#f5f7f8","height_mobile":{"unit":"px","size":250,"sizes":[]},"banner_padding_mobile":{"unit":"px","top":"20","right":"20","bottom":"20","left":"20","isLinked":true},"banner_bg_position_tablet":"right center","banner_bg_position_mobile":"center top","banner_bg_size_tablet":"auto","banner_bg_size_mobile":"auto","heading_typography_font_size_mobile":{"unit":"px","size":24,"sizes":[]},"show_button_mobile":"block"},"elements":[],"isInner":false,"widgetType":"martfury-banner-medium","elType":"widget"},{"id":"15cbf008","settings":{"space":{"unit":"px","size":30,"sizes":[]}},"elements":[],"isInner":false,"widgetType":"spacer","elType":"widget"}],"isInner":false,"elType":"column"},{"id":"78d1e340","settings":{"_column_size":33,"_inline_size":null,"_inline_size_tablet":100},"elements":[{"id":"2dcd693","settings":{"layout":"5","image":{"url":"http:\/\/demo2.drfuri.com\/martfury12\/wp-content\/uploads\/sites\/53\/2018\/08\/b4.jpg","id":2547},"title":"WOODEN\r\nMINIMALISTIC\r\nCHAIRS","desc":"<p>SALE UP<br \/><span style=\"font-size: 24px; color: #67981a;\">40% OFF<\/span><\/p>","button_text":"Shop Now","border":"","bg_color":"#ffffff","highlight_title":"","button_link":{"url":"#","is_external":true,"nofollow":true},"height":{"unit":"px","size":285,"sizes":[]},"heading_spacing":{"unit":"px","size":15,"sizes":[]},"heading_typography_typography":"custom","heading_typography_font_size":{"unit":"px","size":26,"sizes":[]},"heading_typography_font_weight":"300","description_spacing":{"unit":"px","size":35,"sizes":[]},"description_color":"#000000","description_typography_typography":"custom","description_typography_font_size":{"unit":"px","size":12,"sizes":[]},"description_typography_font_weight":"600","background_color":"#f5f7f8","banner_bg_position_tablet":"right center","banner_bg_size_tablet":"auto","banner_bg_position_mobile":"left center","banner_bg_size_mobile":"auto","heading_typography_font_size_mobile":{"unit":"px","size":25,"sizes":[]}},"elements":[],"isInner":false,"widgetType":"martfury-banner-medium","elType":"widget"},{"id":"7e9b5a5a","settings":{"space":{"unit":"px","size":30,"sizes":[]}},"elements":[],"isInner":false,"widgetType":"spacer","elType":"widget"}],"isInner":false,"elType":"column"},{"id":"5e7d6237","settings":{"_column_size":33,"_inline_size":null,"_inline_size_tablet":100},"elements":[{"id":"7d7d6163","settings":{"layout":"5","image":{"url":"http:\/\/demo2.drfuri.com\/martfury12\/wp-content\/uploads\/sites\/53\/2018\/08\/b5.jpg","id":2549},"title":"Holder &amp;\nCharger","desc":"<p>PRICE JUST<br \/><strong style=\"font-size: 24px; color: #67981a; font-weight: 600;\">$105.50 <\/strong><\/p>","button_text":"Shop Now","border":"","bg_color":"#ffffff","highlight_title":"iQOS 2.4 ","highlight_title_position":"above","button_link":{"url":"#","is_external":true,"nofollow":true},"height":{"unit":"px","size":285,"sizes":[]},"highlight_title_typography_typography":"custom","heading_typography_typography":"custom","heading_typography_font_size":{"unit":"px","size":26,"sizes":[]},"description_spacing":{"unit":"px","size":20,"sizes":[]},"description_color":"#000000","description_typography_typography":"custom","description_typography_font_size":{"unit":"px","size":12,"sizes":[]},"description_typography_font_weight":"600","banner_bg_position_tablet":"right center","banner_bg_position_mobile":"center center","banner_bg_size_mobile":"auto","heading_spacing":{"unit":"px","size":20,"sizes":[]},"heading_typography_font_size_mobile":{"unit":"px","size":28,"sizes":[]}},"elements":[],"isInner":false,"widgetType":"martfury-banner-medium","elType":"widget"}],"isInner":false,"elType":"column"}],"isInner":false,"elType":"section"},{"id":"2a2e20f3","settings":{"layout":"full_width","gap":"extended"},"elements":[{"id":"5acf451a","settings":{"_column_size":100},"elements":[{"id":"41084b08","settings":{"space":{"unit":"px","size":45,"sizes":[]}},"elements":[],"isInner":false,"widgetType":"spacer","elType":"widget"},{"id":"e3a0d6d","settings":{"title":"Top Categories Of The Month","header_size":"h3","title_color":"#000000","typography_typography":"custom","typography_font_size":{"unit":"px","size":20,"sizes":[]},"typography_font_weight":"600"},"elements":[],"isInner":false,"widgetType":"heading","elType":"widget"},{"id":"1155f846","settings":{"space":{"unit":"px","size":20,"sizes":[]}},"elements":[],"isInner":false,"widgetType":"spacer","elType":"widget"}],"isInner":false,"elType":"column"}],"isInner":false,"elType":"section"},{"id":"c5a1d72","settings":{"layout":"full_width","gap":"extended","structure":"80"},"elements":[{"id":"19227e59","settings":{"_column_size":12,"_inline_size":null,"_inline_size_tablet":25,"_inline_size_mobile":50},"elements":[{"id":"301725e6","settings":{"style":"2","image":{"url":"http:\/\/demo2.drfuri.com\/martfury12\/wp-content\/uploads\/sites\/53\/2017\/12\/1.jpg","id":534},"image_size":"custom","image_custom_dimension":{"width":"180","height":"180"},"title":"Electronics","enable_subtitles":"","subtitles":[],"image_position":"top","text_align":"center","heading_title_spacing":{"unit":"px","size":0,"sizes":[]},"title_typography_typography":"custom","title_typography_font_size_tablet":{"unit":"px","size":14,"sizes":[]}},"elements":[],"isInner":false,"widgetType":"martfury-image-box","elType":"widget"},{"id":"4f151653","settings":{"space":{"unit":"px","size":30,"sizes":[]}},"elements":[],"isInner":false,"widgetType":"spacer","elType":"widget"}],"isInner":false,"elType":"column"},{"id":"5b104169","settings":{"_column_size":12,"_inline_size":null,"_inline_size_tablet":25,"_inline_size_mobile":50},"elements":[{"id":"1f8a59cc","settings":{"style":"2","image":{"url":"http:\/\/demo2.drfuri.com\/martfury12\/wp-content\/uploads\/sites\/53\/2013\/06\/9a.jpg","id":202},"image_size":"custom","image_custom_dimension":{"width":"180","height":"180"},"title":"Clothings","enable_subtitles":"","subtitles":[],"image_position":"top","text_align":"center","heading_title_spacing":{"unit":"px","size":0,"sizes":[]},"title_typography_typography":"custom","title_typography_font_size_tablet":{"unit":"px","size":14,"sizes":[]}},"elements":[],"isInner":false,"widgetType":"martfury-image-box","elType":"widget"},{"id":"5f20a89d","settings":{"space":{"unit":"px","size":30,"sizes":[]}},"elements":[],"isInner":false,"widgetType":"spacer","elType":"widget"}],"isInner":false,"elType":"column"},{"id":"32a31e7b","settings":{"_column_size":12,"_inline_size":null,"_inline_size_tablet":25,"_inline_size_mobile":50},"elements":[{"id":"6f6fad87","settings":{"style":"2","image":{"url":"http:\/\/demo2.drfuri.com\/martfury12\/wp-content\/uploads\/sites\/53\/2013\/06\/14a.jpg","id":224},"image_size":"custom","image_custom_dimension":{"width":"180","height":"180"},"title":"Computers","enable_subtitles":"","subtitles":[],"image_position":"top","text_align":"center","heading_title_spacing":{"unit":"px","size":0,"sizes":[]},"title_typography_typography":"custom","title_typography_font_size_tablet":{"unit":"px","size":14,"sizes":[]}},"elements":[],"isInner":false,"widgetType":"martfury-image-box","elType":"widget"},{"id":"597fe478","settings":{"space":{"unit":"px","size":30,"sizes":[]}},"elements":[],"isInner":false,"widgetType":"spacer","elType":"widget"}],"isInner":false,"elType":"column"},{"id":"3f143744","settings":{"_column_size":12,"_inline_size":null,"_inline_size_tablet":25,"_inline_size_mobile":50},"elements":[{"id":"4b4cfddc","settings":{"style":"2","image":{"url":"http:\/\/demo2.drfuri.com\/martfury12\/wp-content\/uploads\/sites\/53\/2017\/12\/2.jpg","id":541},"image_size":"custom","image_custom_dimension":{"width":"180","height":"180"},"title":"Home & Kitchen","enable_subtitles":"","subtitles":[],"image_position":"top","text_align":"center","heading_title_spacing":{"unit":"px","size":0,"sizes":[]},"title_typography_typography":"custom","title_typography_font_size_tablet":{"unit":"px","size":14,"sizes":[]}},"elements":[],"isInner":false,"widgetType":"martfury-image-box","elType":"widget"},{"id":"2f2431b3","settings":{"space":{"unit":"px","size":30,"sizes":[]}},"elements":[],"isInner":false,"widgetType":"spacer","elType":"widget"}],"isInner":false,"elType":"column"},{"id":"6c14d5f8","settings":{"_column_size":12,"_inline_size":null,"_inline_size_tablet":25,"_inline_size_mobile":50},"elements":[{"id":"3ead7842","settings":{"style":"2","image":{"url":"http:\/\/demo2.drfuri.com\/martfury12\/wp-content\/uploads\/sites\/53\/2017\/11\/34a.jpg","id":310},"image_size":"custom","image_custom_dimension":{"width":"180","height":"180"},"title":"Health & Beauty","enable_subtitles":"","subtitles":[],"image_position":"top","text_align":"center","heading_title_spacing":{"unit":"px","size":0,"sizes":[]},"title_typography_typography":"custom","title_typography_font_size_tablet":{"unit":"px","size":14,"sizes":[]}},"elements":[],"isInner":false,"widgetType":"martfury-image-box","elType":"widget"},{"id":"271cc666","settings":{"space":{"unit":"px","size":30,"sizes":[]}},"elements":[],"isInner":false,"widgetType":"spacer","elType":"widget"}],"isInner":false,"elType":"column"},{"id":"6a94bfe8","settings":{"_column_size":12,"_inline_size":null,"_inline_size_tablet":25,"_inline_size_mobile":50},"elements":[{"id":"5a31433b","settings":{"style":"2","image":{"url":"http:\/\/demo2.drfuri.com\/martfury12\/wp-content\/uploads\/sites\/53\/2013\/06\/11a.jpg","id":210},"image_size":"custom","image_custom_dimension":{"width":"180","height":"180"},"title":"Jewelry & Watch","enable_subtitles":"","subtitles":[],"image_position":"top","text_align":"center","heading_title_spacing":{"unit":"px","size":0,"sizes":[]},"title_typography_typography":"custom","title_typography_font_size_tablet":{"unit":"px","size":14,"sizes":[]}},"elements":[],"isInner":false,"widgetType":"martfury-image-box","elType":"widget"},{"id":"339556b3","settings":{"space":{"unit":"px","size":30,"sizes":[]}},"elements":[],"isInner":false,"widgetType":"spacer","elType":"widget"}],"isInner":false,"elType":"column"},{"id":"6206685a","settings":{"_column_size":12,"_inline_size":null,"_inline_size_tablet":25,"_inline_size_mobile":50},"elements":[{"id":"1257a0c6","settings":{"style":"2","image":{"url":"http:\/\/demo2.drfuri.com\/martfury12\/wp-content\/uploads\/sites\/53\/2013\/06\/24a.jpg","id":260},"image_size":"custom","image_custom_dimension":{"width":"180","height":"180"},"title":"Technology Toys","enable_subtitles":"","subtitles":[],"image_position":"top","text_align":"center","heading_title_spacing":{"unit":"px","size":0,"sizes":[]},"title_typography_typography":"custom","title_typography_font_size_tablet":{"unit":"px","size":14,"sizes":[]}},"elements":[],"isInner":false,"widgetType":"martfury-image-box","elType":"widget"},{"id":"50f27483","settings":{"space":{"unit":"px","size":30,"sizes":[]}},"elements":[],"isInner":false,"widgetType":"spacer","elType":"widget"}],"isInner":false,"elType":"column"},{"id":"31043114","settings":{"_column_size":12,"_inline_size":null,"_inline_size_tablet":25,"_inline_size_mobile":50},"elements":[{"id":"18f0c4e9","settings":{"style":"2","image":{"url":"http:\/\/demo2.drfuri.com\/martfury12\/wp-content\/uploads\/sites\/53\/2013\/06\/16a.jpg","id":233},"image_size":"custom","image_custom_dimension":{"width":"180","height":"180"},"title":"Smartphones","enable_subtitles":"","subtitles":[],"image_position":"top","text_align":"center","heading_title_spacing":{"unit":"px","size":0,"sizes":[]},"title_typography_typography":"custom","title_typography_font_size_tablet":{"unit":"px","size":14,"sizes":[]}},"elements":[],"isInner":false,"widgetType":"martfury-image-box","elType":"widget"},{"id":"7b31fcad","settings":{"space":{"unit":"px","size":10,"sizes":[]},"space_tablet":{"unit":"px","size":30,"sizes":[]}},"elements":[],"isInner":false,"widgetType":"spacer","elType":"widget"}],"isInner":false,"elType":"column"}],"isInner":false,"elType":"section"},{"id":"76adc5d6","settings":{"layout":"full_width","gap":"extended"},"elements":[{"id":"237878f1","settings":{"_column_size":100},"elements":[{"id":"5ad31728","settings":{"space":{"unit":"px","size":20,"sizes":[]}},"elements":[],"isInner":false,"widgetType":"spacer","elType":"widget"},{"id":"1fe1c962","settings":{"title":"Consumer Electronics","special_products_tabs":[{"title":"New Arrivals","tab_products":"recent","_id":"d09994a","tab_orderby":"","tab_order":""},{"title":"Best Seller","tab_products":"best_selling","_id":"c8a5cbb","tab_orderby":"","tab_order":""},{"title":"Most Popular","tab_products":"sale","_id":"ffb13fc","tab_orderby":"","tab_order":""}],"view_all_text":"View All","product_cats":["consumer-electrics"],"navigation_tablet":"dots","columns":"7","slidesToScroll":"7","heading_padding":{"unit":"px","top":"16","right":"20","bottom":"16","left":"20","isLinked":false},"heading_background_color":"#f4f4f4","show_product_tabs_mobile":"none","tabs_item_spacing_mobile":{"unit":"px","size":10,"sizes":[]}},"elements":[],"isInner":false,"widgetType":"martfury-product-tabs-carousel","elType":"widget"}],"isInner":false,"elType":"column"}],"isInner":false,"elType":"section"},{"id":"6e359e05","settings":{"layout":"full_width","gap":"extended"},"elements":[{"id":"31809e45","settings":{"_column_size":100},"elements":[{"id":"112192fe","settings":[],"elements":[],"isInner":false,"widgetType":"spacer","elType":"widget"},{"id":"791cf69e","settings":{"title":"Apparels & Clothings","special_products_tabs":[{"title":"New Arrivals","tab_products":"recent","_id":"d09994a","tab_orderby":"","tab_order":""},{"title":"Best Seller","tab_products":"best_selling","_id":"c8a5cbb","tab_orderby":"","tab_order":""},{"title":"Most Popular","tab_products":"sale","_id":"ffb13fc","tab_orderby":"","tab_order":""}],"view_all_text":"View All","product_cats":["clothing-apparel"],"navigation_tablet":"dots","columns":"7","slidesToScroll":"7","heading_padding":{"unit":"px","top":"16","right":"20","bottom":"16","left":"20","isLinked":false},"heading_background_color":"#f4f4f4","show_product_tabs_mobile":"none"},"elements":[],"isInner":false,"widgetType":"martfury-product-tabs-carousel","elType":"widget"}],"isInner":false,"elType":"column"}],"isInner":false,"elType":"section"},{"id":"411fbfa4","settings":{"layout":"full_width","gap":"extended"},"elements":[{"id":"4be2a02c","settings":{"_column_size":100},"elements":[{"id":"38ba56fb","settings":[],"elements":[],"isInner":false,"widgetType":"spacer","elType":"widget"},{"id":"7b6718d4","settings":{"title":"Garden & Kitchen","special_products_tabs":[{"title":"New Arrivals","tab_products":"recent","_id":"d09994a","tab_orderby":"","tab_order":""},{"title":"Best Seller","tab_products":"best_selling","_id":"c8a5cbb","tab_orderby":"","tab_order":""},{"title":"Most Popular","tab_products":"sale","_id":"ffb13fc","tab_orderby":"","tab_order":""}],"view_all_text":"View All","product_cats":["garden-kitchen"],"navigation_tablet":"dots","columns":"7","slidesToScroll":"7","heading_padding":{"unit":"px","top":"16","right":"20","bottom":"16","left":"20","isLinked":false},"heading_background_color":"#f4f4f4","show_product_tabs_mobile":"none","navigation_mobile":"dots"},"elements":[],"isInner":false,"widgetType":"martfury-product-tabs-carousel","elType":"widget"},{"id":"197e3960","settings":{"space":{"unit":"px","size":40,"sizes":[]}},"elements":[],"isInner":false,"widgetType":"spacer","elType":"widget"}],"isInner":false,"elType":"column"}],"isInner":false,"elType":"section"},{"id":"17572b80","settings":{"layout":"full_width","gap":"extended","structure":"20"},"elements":[{"id":"2f3cd008","settings":{"_column_size":50,"_inline_size":66.66666667,"_inline_size_tablet":100},"elements":[{"id":"7f21df20","settings":{"layout":"2","image":{"url":"http:\/\/demo2.drfuri.com\/martfury12\/wp-content\/uploads\/sites\/53\/2018\/08\/b7.jpg","id":2552},"title":"FABRIC BED\nDISCOUNT ","desc":"<p>Strong mattress support with 10 wood<br \/>prevents sagging and increases mattress<\/p>","button_text":"Shop Now","highlight_title":"25% OFF","regular_price":"$219.05","sale_price":"$260.50","button_link":{"url":"#","is_external":true,"nofollow":true},"height":{"unit":"px","size":244,"sizes":[]},"banner_padding_tablet":{"unit":"px","top":"20","right":"30","bottom":"20","left":"30","isLinked":false},"banner_bg_position_mobile":"center center","heading_spacing":{"unit":"px","size":55,"sizes":[]},"heading_typography_typography":"custom","heading_typography_font_size":{"unit":"px","size":30,"sizes":[]},"heading_typography_font_size_mobile":{"unit":"px","size":26,"sizes":[]},"description_spacing_mobile":{"unit":"px","size":0,"sizes":[]},"description_typography_typography":"custom","description_typography_font_size_mobile":{"unit":"px","size":0,"sizes":[]},"show_button_mobile":"none"},"elements":[],"isInner":false,"widgetType":"martfury-banner-large","elType":"widget"},{"id":"12b49b6a","settings":{"space":{"unit":"px","size":30,"sizes":[]}},"elements":[],"isInner":false,"widgetType":"spacer","elType":"widget"}],"isInner":false,"elType":"column"},{"id":"300c0606","settings":{"_column_size":50,"_inline_size":33.333,"_inline_size_tablet":100},"elements":[{"id":"359ba1af","settings":{"layout":"5","image":{"url":"http:\/\/demo2.drfuri.com\/martfury12\/wp-content\/uploads\/sites\/53\/2018\/08\/b6.jpg","id":2553},"title":"Retina Display","desc":"<p>Discount <span style=\"color: #ff3300;\"><strong class=\"r-price\">25%<\/strong><\/span> Off<\/p>","button_text":"Shop Now","bg_color":"#ffffff","highlight_title":"iPhone X 128GB","highlight_title_position":"above","background_color":"#f8f3f3","height":{"unit":"px","size":244,"sizes":[]},"banner_bg_position_tablet":"right center","banner_bg_size_tablet":"auto","heading_spacing":{"unit":"px","size":15,"sizes":[]},"heading_typography_typography":"custom","heading_typography_font_size":{"unit":"px","size":24,"sizes":[]},"description_spacing":{"unit":"px","size":43,"sizes":[]},"banner_bg_position_mobile":"left center","heading_typography_font_size_mobile":{"unit":"px","size":24,"sizes":[]}},"elements":[],"isInner":false,"widgetType":"martfury-banner-medium","elType":"widget"}],"isInner":false,"elType":"column"}],"isInner":false,"elType":"section"},{"id":"63aca596","settings":{"layout":"full_width","gap":"extended"},"elements":[{"id":"12eb8523","settings":{"_column_size":100},"elements":[{"id":"bde7958","settings":{"space":{"unit":"px","size":40,"sizes":[]}},"elements":[],"isInner":false,"widgetType":"spacer","elType":"widget"},{"id":"398fa8da","settings":{"image":{"url":"http:\/\/demo2.drfuri.com\/martfury12\/wp-content\/uploads\/sites\/53\/2018\/08\/b3.png","id":2554},"form":"436","title":"Download Martfury App Now!","desc":"Shopping fastly and easily more with our app. Get a link to\ndownload the app on your phone","btn_setting":[{"btn_image":{"url":"http:\/\/demo2.drfuri.com\/martfury12\/wp-content\/uploads\/sites\/53\/2018\/08\/t1.png","id":2557},"button_link":{"url":"#"},"_id":"2a7fef9"},{"btn_image":{"url":"http:\/\/demo2.drfuri.com\/martfury12\/wp-content\/uploads\/sites\/53\/2018\/08\/t2.png","id":2558},"button_link":{"url":"#"},"_id":"69fbb3f"}],"newsletter_border_style":"none"},"elements":[],"isInner":false,"widgetType":"martfury-newsletter","elType":"widget"},{"id":"2518ebd4","settings":{"space":{"unit":"px","size":70,"sizes":[]}},"elements":[],"isInner":false,"widgetType":"spacer","elType":"widget"},{"id":"733b9272","settings":{"title":"Hot New Arrivals","header":"2","link_group":[{"title":"Technologies","link":{"url":"#","is_external":true,"nofollow":true},"_id":"866e8c4"},{"title":"Electronic","link":{"url":"#","is_external":true,"nofollow":true},"_id":"0bc840f"},{"title":"Furnitures","link":{"url":"#","is_external":true,"nofollow":true},"_id":"10686d3"},{"title":"Health & Beauty","link":{"url":"#","is_external":true,"nofollow":true},"_id":"883fbd9"},{"title":"View All","link":{"url":"#","is_external":true,"nofollow":true},"_id":"c95f622"}],"per_page":8,"columns":"4","heading_padding":{"unit":"px","top":"13","right":"20","bottom":"13","left":"20","isLinked":false},"heading_background_color":"#f4f4f4","title_typography_typography":"custom","title_typography_font_size":{"unit":"px","size":20,"sizes":[]},"show_product_links_mobile":"none"},"elements":[],"isInner":false,"widgetType":"martfury-products-list","elType":"widget"},{"id":"302b923c","settings":{"space":{"unit":"px","size":55,"sizes":[]}},"elements":[],"isInner":false,"widgetType":"spacer","elType":"widget"}],"isInner":false,"elType":"column"}],"isInner":false,"elType":"section"}]}