{"version":"0.4","title":"Home Full Width &#8211; Mobile","type":"page","content":[{"id":"3d3e907b","settings":{"layout":"full_width","gap":"no"},"elements":[{"id":"2f74e36","settings":{"_column_size":100,"_inline_size":null,"_inline_size_tablet":100},"elements":[{"id":"1096fb48","settings":{"slides":[{"subtitle":"Limited Edition ","heading":"","description":"<p>SCADINAVIAN<br \/>COLLECTION FOR YOUR<br \/>BEDROOM JUST <strong style=\"font-size: 24px; color: #669900;\">$599<br \/><\/strong><\/p>","button_text":"Shop Now","background_color":"#f4f5f5","_id":"38b4454","background_image":{"id":2805,"url":"http:\/\/demo2.drfuri.com\/martfury12\/wp-content\/uploads\/sites\/53\/revslider\/home_full_width1\/s1-1.jpg"},"background_size":"cover","background_ken_burns":"","zoom_direction":"out","background_overlay":"","background_overlay_color":"rgba(0,0,0,0.5)","background_overlay_blend_mode":"","link":{"url":"#","is_external":"","nofollow":""},"link_click":"button","price_box_type":"text","price_box_text":"","price_box_image":{"url":"","id":""},"price_box_image_size":"full","price_box_image_custom_dimension":{"width":"","height":""},"custom_style":"","horizontal_position":"","vertical_position":"","text_align":"","subtitle_custom_color":"","heading_custom_color":"","content_custom_color":"","button_custom_color":"","button_custom_bg_color":"","price_box_custom_color":"","price_box_custom_bg_color":"","background_image_tablet":{"url":"","id":""},"background_image_mobile":{"url":"","id":""}},{"subtitle":"Limited Edition","heading":"","description":"<p>EXPERIENCE FEEL<br \/>GREATEST WITH VITURAL<br \/>REALITY JUST <strong style=\"font-size: 24px; color: #669900;\">$599<br \/><\/strong><\/p>","button_text":"Shop Now","background_color":"#f4f5f5","_id":"a70508f","background_image":{"id":2806,"url":"http:\/\/demo2.drfuri.com\/martfury12\/wp-content\/uploads\/sites\/53\/revslider\/home_full_width1\/s2-2.jpg"},"background_size":"cover","background_ken_burns":"","zoom_direction":"in","background_overlay":"","background_overlay_color":"rgba(0,0,0,0.5)","background_overlay_blend_mode":"","link":{"url":"#","is_external":"","nofollow":""},"link_click":"button","price_box_type":"text","price_box_text":"","price_box_image":{"url":"","id":""},"price_box_image_size":"full","price_box_image_custom_dimension":{"width":"","height":""},"custom_style":"","horizontal_position":"","vertical_position":"","text_align":"","subtitle_custom_color":"","heading_custom_color":"","content_custom_color":"","button_custom_color":"","button_custom_bg_color":"","price_box_custom_color":"","price_box_custom_bg_color":"","background_image_tablet":{"url":"","id":""},"background_image_mobile":{"url":"","id":""}},{"subtitle":"Weekend Promotions ","heading":"","description":"<p>HAPPY SUMMER<br \/>COMBO SUPER COOL<br \/>UP TO <strong style=\"font-size: 24px; color: #f04704;\">40% OFF<br \/><\/strong><\/p>","button_text":"Shop Now","background_color":"#f4f5f5","_id":"c116830","background_image":{"id":2808,"url":"http:\/\/demo2.drfuri.com\/martfury12\/wp-content\/uploads\/sites\/53\/revslider\/home_full_width1\/s3-2.jpg"},"background_size":"cover","background_ken_burns":"","zoom_direction":"in","background_overlay":"","background_overlay_color":"rgba(0,0,0,0.5)","background_overlay_blend_mode":"","link":{"url":"#","is_external":"","nofollow":""},"link_click":"button","price_box_type":"text","price_box_text":"","price_box_image":{"url":"","id":""},"price_box_image_size":"full","price_box_image_custom_dimension":{"width":"","height":""},"custom_style":"","horizontal_position":"","vertical_position":"","text_align":"","subtitle_custom_color":"","heading_custom_color":"","content_custom_color":"","button_custom_color":"","button_custom_bg_color":"","price_box_custom_color":"","price_box_custom_bg_color":"","background_image_tablet":{"url":"","id":""},"background_image_mobile":{"url":"","id":""}}],"slides_height":{"unit":"px","size":420,"sizes":[]},"content_animation":"fadeIn","transition":"fade","content_max_width":{"unit":"px","size":690,"sizes":[]},"slides_padding":{"unit":"%","top":"","right":"","bottom":"","left":"","isLinked":true},"arrows_spacing":{"unit":"px","size":0,"sizes":[]},"navigation":"arrows","navigation_tablet":"dots","navigation_mobile":"dots","autoplay_speed":8000,"transition_speed":800,"content_max_width_tablet":{"unit":"%","size":100,"sizes":[]},"slides_padding_tablet":{"unit":"px","top":"0","right":"0","bottom":"0","left":"30","isLinked":false},"heading_typography_typography":"custom","heading_typography_font_size_tablet":{"unit":"px","size":30,"sizes":[]},"dots_background_color":"#ffffff","dots_hover_background_color":"#fcb800","dots_active_background_color":"#fcb800","slides_padding_mobile":{"unit":"px","top":"15","right":"15","bottom":"15","left":"15","isLinked":true},"heading_typography_font_size_mobile":{"unit":"px","size":28,"sizes":[]},"subtitle_spacing":{"unit":"px","size":25,"sizes":[]},"subtitle_color":"#0099cc","subtitle_typography_typography":"custom","subtitle_typography_font_size":{"unit":"px","size":16,"sizes":[]},"description_spacing":{"unit":"px","size":35,"sizes":[]},"description_color":"#000000","description_typography_typography":"custom","description_typography_font_size":{"unit":"px","size":33,"sizes":[]},"description_typography_font_weight":"500","description_typography_line_height":{"unit":"em","size":1.1,"sizes":[]},"button_padding":{"unit":"px","top":"13","right":"20","bottom":"13","left":"20","isLinked":false},"arrows_color":"#ffffff","arrows_background_color":"rgba(0,0,0,0.3)","arrows_hover_color":"#ffffff","arrows_hover_background_color":"#000000","slides_height_mobile":{"unit":"px","size":320,"sizes":[]},"description_typography_font_size_mobile":{"unit":"px","size":24,"sizes":[]}},"elements":[],"isInner":false,"widgetType":"martfury-slides","elType":"widget"},{"id":"3773d0d","settings":{"space":{"unit":"px","size":5,"sizes":[]},"space_mobile":{"unit":"px","size":5,"sizes":[]}},"elements":[],"isInner":false,"widgetType":"spacer","elType":"widget"}],"isInner":false,"elType":"column"}],"isInner":false,"elType":"section"},{"id":"60e5256a","settings":{"layout":"full_width","gap":"no","structure":"20"},"elements":[{"id":"1d558db","settings":{"_column_size":50,"_inline_size":50,"_inline_size_tablet":50,"_inline_size_mobile":50,"padding":{"unit":"px","top":"0","right":"2.5","bottom":"0","left":"0","isLinked":false}},"elements":[{"id":"37c86a02","settings":{"image":{"url":"http:\/\/demo2.drfuri.com\/martfury12\/wp-content\/uploads\/sites\/53\/2018\/08\/b1.jpg","id":2543},"title":"Unio\r\nLeather\r\nBags","desc":"<p>Shop Now<\/p>","price":"20% OFF","border":"","price_position":"2","_element_custom_width_tablet":{"unit":"%","size":50,"sizes":[]},"height":{"unit":"px","size":195,"sizes":[]},"price_position_top":{"unit":"%","size":24,"sizes":[]},"background_color":"#f1f1f3","banner_bg_position_tablet":"right center","banner_bg_size_tablet":"auto","height_mobile":{"unit":"px","size":127,"sizes":[]},"banner_padding_mobile":{"unit":"px","top":"15","right":"15","bottom":"15","left":"15","isLinked":true},"banner_bg_position_mobile":"center center","heading_typography_typography":"custom","heading_typography_font_size_mobile":{"unit":"px","size":18,"sizes":[]},"banner_border_border":"solid","banner_border_width_mobile":{"unit":"px","top":"1","right":"1","bottom":"1","left":"1","isLinked":true},"banner_border_color":"#d9d9d9","description_typography_typography":"custom","description_typography_font_size_mobile":{"unit":"px","size":12,"sizes":[]},"description_typography_font_weight":"600","price_position_top_mobile":{"unit":"px","size":21,"sizes":[]},"price_position_left_mobile":{"unit":"%","size":59,"sizes":[]},"price_width_mobile":{"unit":"px","size":43,"sizes":[]},"price_typography_typography":"custom","price_typography_font_size_mobile":{"unit":"px","size":12,"sizes":[]}},"elements":[],"isInner":false,"widgetType":"martfury-banner-small","elType":"widget"}],"isInner":false,"elType":"column"},{"id":"43acd881","settings":{"_column_size":50,"_inline_size":50,"_inline_size_tablet":50,"_inline_size_mobile":50,"padding":{"unit":"px","top":"0","right":"0","bottom":"0","left":"2.5","isLinked":false}},"elements":[{"id":"2d412d43","settings":{"image":{"url":"http:\/\/demo2.drfuri.com\/martfury12\/wp-content\/uploads\/sites\/53\/2018\/08\/b2.jpg","id":2544},"title":"iPhone 6+\n32Gb","desc":"<p>Shop Now<\/p>","border":"","_element_custom_width_tablet":{"unit":"%","size":50,"sizes":[]},"price":"40% OFF","height":{"unit":"px","size":195,"sizes":[]},"background_color":"#f7f9f9","banner_bg_position_tablet":"right center","banner_bg_size_tablet":"auto","height_mobile":{"unit":"px","size":127,"sizes":[]},"banner_padding_mobile":{"unit":"px","top":"15","right":"15","bottom":"15","left":"15","isLinked":true},"banner_bg_position_mobile":"center center","banner_bg_size_mobile":"auto","heading_typography_typography":"custom","heading_typography_font_size_mobile":{"unit":"px","size":18,"sizes":[]},"banner_border_border":"solid","banner_border_width_mobile":{"unit":"px","top":"1","right":"1","bottom":"1","left":"1","isLinked":true},"banner_border_color":"#d9d9d9","description_color":"#666666","description_typography_typography":"custom","description_typography_font_size_mobile":{"unit":"px","size":12,"sizes":[]},"description_typography_font_weight":"600","price_position_top_mobile":{"unit":"px","size":78,"sizes":[]},"price_position_left_mobile":{"unit":"%","size":60,"sizes":[]},"price_width_mobile":{"unit":"px","size":43,"sizes":[]},"price_typography_typography":"custom","price_typography_font_size_mobile":{"unit":"px","size":12,"sizes":[]}},"elements":[],"isInner":false,"widgetType":"martfury-banner-small","elType":"widget"}],"isInner":false,"elType":"column"}],"isInner":false,"elType":"section"},{"id":"7e698409","settings":{"layout":"full_width","gap":"extended"},"elements":[{"id":"5c3353","settings":{"_column_size":100},"elements":[{"id":"367587a8","settings":{"space":{"unit":"px","size":30,"sizes":[]},"space_mobile":{"unit":"px","size":40,"sizes":[]}},"elements":[],"isInner":false,"widgetType":"spacer","elType":"widget"},{"id":"48107458","settings":{"title":"Deals Of The Day","ends_in":"Ends In","view_all_text":"View All","navigation_tablet":"dots","navigation_mobile":"dots","slidesToShow":"6","slidesToScroll":"6","heading_title_typography_typography":"custom","heading_title_typography_font_size_mobile":{"unit":"px","size":23,"sizes":[]},"show_ends_in_mobile":"none","show_heading_view_all_mobile":"none"},"elements":[],"isInner":false,"widgetType":"martfury-product-deals-carousel","elType":"widget"}],"isInner":false,"elType":"column"}],"isInner":false,"elType":"section"},{"id":"51da9d5d","settings":{"layout":"full_width","gap":"extended"},"elements":[{"id":"48b49b9b","settings":{"_column_size":100},"elements":[{"id":"12420265","settings":{"space":{"unit":"px","size":45,"sizes":[]},"space_mobile":{"unit":"px","size":30,"sizes":[]}},"elements":[],"isInner":false,"widgetType":"spacer","elType":"widget"},{"id":"2a2b223d","settings":{"title":"Top Categories Of The Month","header_size":"h3","title_color":"#000000","typography_typography":"custom","typography_font_size":{"unit":"px","size":20,"sizes":[]},"typography_font_weight":"600"},"elements":[],"isInner":false,"widgetType":"heading","elType":"widget"},{"id":"1b6ffd55","settings":{"space":{"unit":"px","size":20,"sizes":[]}},"elements":[],"isInner":false,"widgetType":"spacer","elType":"widget"}],"isInner":false,"elType":"column"}],"isInner":false,"elType":"section"},{"id":"39f57965","settings":{"layout":"full_width","gap":"extended","structure":"20"},"elements":[{"id":"48f8abc4","settings":{"_column_size":50,"_inline_size":null,"_inline_size_tablet":25,"_inline_size_mobile":50,"padding_mobile":{"unit":"px","top":"0","right":"7.5","bottom":"0","left":"15","isLinked":false}},"elements":[{"id":"506e2709","settings":{"style":"2","image":{"url":"http:\/\/demo2.drfuri.com\/martfury12\/wp-content\/uploads\/sites\/53\/2017\/12\/1.jpg","id":534},"image_size":"custom","image_custom_dimension":{"width":"180","height":"180"},"title":"Electronics","enable_subtitles":"","subtitles":[],"image_position":"top","text_align":"center","heading_title_spacing":{"unit":"px","size":0,"sizes":[]},"title_typography_typography":"custom"},"elements":[],"isInner":false,"widgetType":"martfury-image-box","elType":"widget"},{"id":"60cd4648","settings":{"space":{"unit":"px","size":30,"sizes":[]},"space_mobile":{"unit":"px","size":15,"sizes":[]}},"elements":[],"isInner":false,"widgetType":"spacer","elType":"widget"},{"id":"7a1416ec","settings":{"style":"2","image":{"url":"http:\/\/demo2.drfuri.com\/martfury12\/wp-content\/uploads\/sites\/53\/2013\/06\/14a.jpg","id":224},"image_size":"custom","image_custom_dimension":{"width":"180","height":"180"},"title":"Computers","enable_subtitles":"","subtitles":[],"image_position":"top","text_align":"center","heading_title_spacing":{"unit":"px","size":0,"sizes":[]},"title_typography_typography":"custom"},"elements":[],"isInner":false,"widgetType":"martfury-image-box","elType":"widget"},{"id":"548a0547","settings":{"space":{"unit":"px","size":30,"sizes":[]},"space_mobile":{"unit":"px","size":15,"sizes":[]}},"elements":[],"isInner":false,"widgetType":"spacer","elType":"widget"},{"id":"4b26113d","settings":{"style":"2","image":{"url":"http:\/\/demo2.drfuri.com\/martfury12\/wp-content\/uploads\/sites\/53\/2017\/11\/34a.jpg","id":310},"image_size":"custom","image_custom_dimension":{"width":"180","height":"180"},"title":"Health & Beauty","enable_subtitles":"","subtitles":[],"image_position":"top","text_align":"center","heading_title_spacing":{"unit":"px","size":0,"sizes":[]},"title_typography_typography":"custom"},"elements":[],"isInner":false,"widgetType":"martfury-image-box","elType":"widget"},{"id":"2091ebf8","settings":{"space":{"unit":"px","size":30,"sizes":[]},"space_mobile":{"unit":"px","size":15,"sizes":[]}},"elements":[],"isInner":false,"widgetType":"spacer","elType":"widget"},{"id":"4968e64f","settings":{"style":"2","image":{"url":"http:\/\/demo2.drfuri.com\/martfury12\/wp-content\/uploads\/sites\/53\/2013\/06\/24a.jpg","id":260},"image_size":"custom","image_custom_dimension":{"width":"180","height":"180"},"title":"Technology Toys","enable_subtitles":"","subtitles":[],"image_position":"top","text_align":"center","heading_title_spacing":{"unit":"px","size":0,"sizes":[]},"title_typography_typography":"custom"},"elements":[],"isInner":false,"widgetType":"martfury-image-box","elType":"widget"}],"isInner":false,"elType":"column"},{"id":"38057ff9","settings":{"_column_size":50,"_inline_size":null,"_inline_size_tablet":25,"_inline_size_mobile":50,"padding_mobile":{"unit":"px","top":"0","right":"15","bottom":"0","left":"7.5","isLinked":false}},"elements":[{"id":"20e82c86","settings":{"style":"2","image":{"url":"http:\/\/demo2.drfuri.com\/martfury12\/wp-content\/uploads\/sites\/53\/2013\/06\/9a.jpg","id":202},"image_size":"custom","image_custom_dimension":{"width":"180","height":"180"},"title":"Clothings","enable_subtitles":"","subtitles":[],"image_position":"top","text_align":"center","heading_title_spacing":{"unit":"px","size":0,"sizes":[]},"title_typography_typography":"custom"},"elements":[],"isInner":false,"widgetType":"martfury-image-box","elType":"widget"},{"id":"59881f7f","settings":{"space":{"unit":"px","size":30,"sizes":[]},"space_mobile":{"unit":"px","size":15,"sizes":[]}},"elements":[],"isInner":false,"widgetType":"spacer","elType":"widget"},{"id":"ed9f6de","settings":{"style":"2","image":{"url":"http:\/\/demo2.drfuri.com\/martfury12\/wp-content\/uploads\/sites\/53\/2017\/12\/2.jpg","id":541},"image_size":"custom","image_custom_dimension":{"width":"180","height":"180"},"title":"Home & Kitchen","enable_subtitles":"","subtitles":[],"image_position":"top","text_align":"center","heading_title_spacing":{"unit":"px","size":0,"sizes":[]},"title_typography_typography":"custom"},"elements":[],"isInner":false,"widgetType":"martfury-image-box","elType":"widget"},{"id":"3189adf","settings":{"space":{"unit":"px","size":30,"sizes":[]},"space_mobile":{"unit":"px","size":15,"sizes":[]}},"elements":[],"isInner":false,"widgetType":"spacer","elType":"widget"},{"id":"220eb248","settings":{"style":"2","image":{"url":"http:\/\/demo2.drfuri.com\/martfury12\/wp-content\/uploads\/sites\/53\/2013\/06\/11a.jpg","id":210},"image_size":"custom","image_custom_dimension":{"width":"180","height":"180"},"title":"Jewelry & Watch","enable_subtitles":"","subtitles":[],"image_position":"top","text_align":"center","heading_title_spacing":{"unit":"px","size":0,"sizes":[]},"title_typography_typography":"custom"},"elements":[],"isInner":false,"widgetType":"martfury-image-box","elType":"widget"},{"id":"660b7c93","settings":{"space":{"unit":"px","size":30,"sizes":[]},"space_mobile":{"unit":"px","size":15,"sizes":[]}},"elements":[],"isInner":false,"widgetType":"spacer","elType":"widget"},{"id":"6703c50b","settings":{"style":"2","image":{"url":"http:\/\/demo2.drfuri.com\/martfury12\/wp-content\/uploads\/sites\/53\/2013\/06\/16a.jpg","id":233},"image_size":"custom","image_custom_dimension":{"width":"180","height":"180"},"title":"Smartphones","enable_subtitles":"","subtitles":[],"image_position":"top","text_align":"center","heading_title_spacing":{"unit":"px","size":0,"sizes":[]},"title_typography_typography":"custom"},"elements":[],"isInner":false,"widgetType":"martfury-image-box","elType":"widget"}],"isInner":false,"elType":"column"}],"isInner":false,"elType":"section"},{"id":"5e1bccd3","settings":{"layout":"full_width","gap":"extended"},"elements":[{"id":"13a5a7a2","settings":{"_column_size":100},"elements":[{"id":"20d59723","settings":{"space":{"unit":"px","size":20,"sizes":[]},"space_mobile":{"unit":"px","size":40,"sizes":[]}},"elements":[],"isInner":false,"widgetType":"spacer","elType":"widget"},{"id":"75461967","settings":{"title":"Consumer Electronics","link_group":[],"view_all_text":"View All","product_cats":["consumer-electrics"],"per_page":10,"navigation":"dots","title_typography_typography":"custom","title_typography_font_size":{"unit":"px","size":20,"sizes":[]}},"elements":[],"isInner":false,"widgetType":"martfury-products-carousel","elType":"widget"},{"id":"66aa9413","settings":{"space":{"unit":"px","size":20,"sizes":[]},"space_mobile":{"unit":"px","size":30,"sizes":[]}},"elements":[],"isInner":false,"widgetType":"spacer","elType":"widget"},{"id":"34c0373f","settings":{"title":"Apparels & Clothings","link_group":[],"view_all_text":"View All","product_cats":["clothing-apparel"],"per_page":10,"navigation":"dots","title_typography_typography":"custom","title_typography_font_size":{"unit":"px","size":20,"sizes":[]}},"elements":[],"isInner":false,"widgetType":"martfury-products-carousel","elType":"widget"},{"id":"5390ad4a","settings":{"space":{"unit":"px","size":20,"sizes":[]},"space_mobile":{"unit":"px","size":30,"sizes":[]}},"elements":[],"isInner":false,"widgetType":"spacer","elType":"widget"},{"id":"1d04e61b","settings":{"title":"Garden & Kitchen","link_group":[],"view_all_text":"View All","product_cats":["garden-kitchen"],"per_page":10,"navigation":"dots","title_typography_typography":"custom","title_typography_font_size":{"unit":"px","size":20,"sizes":[]}},"elements":[],"isInner":false,"widgetType":"martfury-products-carousel","elType":"widget"}],"isInner":false,"elType":"column"}],"isInner":false,"elType":"section"},{"id":"3fd7681f","settings":{"layout":"full_width","gap":"extended"},"elements":[{"id":"377b4c69","settings":{"_column_size":100},"elements":[{"id":"16c0fa5c","settings":{"space":{"unit":"px","size":40,"sizes":[]}},"elements":[],"isInner":false,"widgetType":"spacer","elType":"widget"},{"id":"4df48172","settings":{"image":{"url":"http:\/\/demo2.drfuri.com\/martfury12\/wp-content\/uploads\/sites\/53\/2018\/08\/b3.png","id":2554},"form":"436","title":"Download Martfury App Now!","desc":"Shopping fastly and easily more with our app. Get a link to\ndownload the app on your phone","btn_setting":[{"btn_image":{"url":"http:\/\/demo2.drfuri.com\/martfury12\/wp-content\/uploads\/sites\/53\/2018\/08\/t1.png","id":2557},"button_link":{"url":"#"},"_id":"2a7fef9"},{"btn_image":{"url":"http:\/\/demo2.drfuri.com\/martfury12\/wp-content\/uploads\/sites\/53\/2018\/08\/t2.png","id":2558},"button_link":{"url":"#"},"_id":"69fbb3f"}],"newsletter_border_style":"none"},"elements":[],"isInner":false,"widgetType":"martfury-newsletter","elType":"widget"},{"id":"64a37418","settings":{"space":{"unit":"px","size":70,"sizes":[]}},"elements":[],"isInner":false,"widgetType":"spacer","elType":"widget"},{"id":"74c7dfba","settings":{"title":"New Arrivals","header":"2","link_group":[{"title":"View All","link":{"url":"#","is_external":true,"nofollow":true},"_id":"c95f622"}],"columns":"4","heading_padding":{"unit":"px","top":"13","right":"20","bottom":"13","left":"20","isLinked":false},"heading_background_color":"#f4f4f4","title_typography_typography":"custom","title_typography_font_size":{"unit":"px","size":20,"sizes":[]}},"elements":[],"isInner":false,"widgetType":"martfury-products-list","elType":"widget"},{"id":"57f8ffaa","settings":{"space":{"unit":"px","size":55,"sizes":[]}},"elements":[],"isInner":false,"widgetType":"spacer","elType":"widget"}],"isInner":false,"elType":"column"}],"isInner":false,"elType":"section"}]}