{"version":"0.4","title":"Shop Carousel","type":"page","content":[{"id":"37f56b3e","settings":[],"elements":[{"id":"204ce7b4","settings":{"_column_size":100},"elements":[{"id":"215b37a0","settings":{"space":{"unit":"px","size":30,"sizes":[]}},"elements":[],"isInner":false,"widgetType":"spacer","elType":"widget"}],"isInner":false,"elType":"column"}],"isInner":false,"elType":"section"},{"id":"1ee69e0c","settings":{"layout":"full_width"},"elements":[{"id":"666e7687","settings":{"_column_size":100},"elements":[{"id":"28336321","settings":{"slides":[{"subtitle":"Limited Edition","heading":"IKEA Minimalist<br>\nOtoman","description":"<p>Discount<br \/><span style=\"color: #669900; font-size: 24px;\">30% Off<\/span><\/p>","button_text":"Shop Now","background_color":"#f4f5f5","_id":"a70508f","background_image":{"url":"http:\/\/demo2.drfuri.com\/martfury10\/wp-content\/uploads\/sites\/51\/2017\/12\/s02.jpg","id":2206},"background_size":"cover","background_ken_burns":"","zoom_direction":"in","background_overlay":"","background_overlay_color":"rgba(0,0,0,0.5)","background_overlay_blend_mode":"","link":{"url":"#","is_external":"","nofollow":""},"link_click":"button","price_box_type":"text","price_box_text":"","price_box_image":{"url":"","id":""},"price_box_image_size":"full","price_box_image_custom_dimension":{"width":"","height":""},"custom_style":"","horizontal_position":"","vertical_position":"","text_align":"","subtitle_custom_color":"","heading_custom_color":"","content_custom_color":"","button_custom_color":"","button_custom_bg_color":"","price_box_custom_color":"","price_box_custom_bg_color":"","background_image_tablet":{"url":"","id":""},"background_image_mobile":{"url":"","id":""},"background_size_tablet":"","background_size_mobile":"","background_position":"","background_position_tablet":"","background_position_mobile":"","background_position_custom":{"unit":"px","top":"","right":"","bottom":"","left":"","isLinked":true},"background_position_custom_tablet":{"unit":"px","top":"","right":"","bottom":"","left":"","isLinked":true},"background_position_custom_mobile":{"unit":"px","top":"","right":"","bottom":"","left":"","isLinked":true}},{"subtitle":"Mega Sale Nov 2017","heading":"Double Combo With<br>The Body Shop","description":"<p>Sale up to<br \/><span style=\"color: #669900; font-size: 24px;\">50% Off<\/span><\/p>","button_text":"Shop Now","background_color":"#f4f5f5","_id":"5320779","background_image":{"url":"http:\/\/demo2.drfuri.com\/martfury10\/wp-content\/uploads\/sites\/51\/2017\/12\/s03.jpg","id":2207},"background_size":"cover","background_ken_burns":"","zoom_direction":"in","background_overlay":"","background_overlay_color":"rgba(0,0,0,0.5)","background_overlay_blend_mode":"","link":{"url":"#","is_external":"","nofollow":""},"link_click":"button","price_box_type":"text","price_box_text":"","price_box_image":{"url":"","id":""},"price_box_image_size":"full","price_box_image_custom_dimension":{"width":"","height":""},"custom_style":"","horizontal_position":"","vertical_position":"","text_align":"","subtitle_custom_color":"","heading_custom_color":"","content_custom_color":"","button_custom_color":"","button_custom_bg_color":"","price_box_custom_color":"","price_box_custom_bg_color":"","background_image_tablet":{"url":"","id":""},"background_image_mobile":{"url":"","id":""},"background_size_tablet":"","background_size_mobile":"","background_position":"","background_position_tablet":"","background_position_mobile":"","background_position_custom":{"unit":"px","top":"","right":"","bottom":"","left":"","isLinked":true},"background_position_custom_tablet":{"unit":"px","top":"","right":"","bottom":"","left":"","isLinked":true},"background_position_custom_mobile":{"unit":"px","top":"","right":"","bottom":"","left":"","isLinked":true}}],"slides_height":{"unit":"px","size":399,"sizes":[]},"content_animation":"fadeIn","transition":"fade","content_max_width":{"unit":"px","size":820,"sizes":[]},"slides_padding":{"unit":"%","top":"","right":"","bottom":"","left":"","isLinked":true},"arrows_spacing":{"unit":"px","size":0,"sizes":[]},"navigation":"arrows","navigation_tablet":"dots","navigation_mobile":"dots","autoplay_speed":8000,"transition_speed":800,"content_max_width_tablet":{"unit":"%","size":100,"sizes":[]},"slides_padding_tablet":{"unit":"px","top":"0","right":"0","bottom":"0","left":"30","isLinked":false},"heading_typography_typography":"custom","heading_typography_font_size_tablet":{"unit":"px","size":30,"sizes":[]},"dots_background_color":"#ffffff","dots_hover_background_color":"#fcb800","dots_active_background_color":"#fcb800","slides_padding_mobile":{"unit":"px","top":"15","right":"15","bottom":"15","left":"15","isLinked":true},"heading_typography_font_size_mobile":{"unit":"px","size":28,"sizes":[]}},"elements":[],"isInner":false,"widgetType":"martfury-slides","elType":"widget"}],"isInner":false,"elType":"column"}],"isInner":false,"elType":"section"},{"id":"3047b2d1","settings":[],"elements":[{"id":"54e5269d","settings":{"_column_size":100},"elements":[{"id":"6ab5ea2f","settings":{"space":{"unit":"px","size":60,"sizes":[]}},"elements":[],"isInner":false,"widgetType":"spacer","elType":"widget"}],"isInner":false,"elType":"column"}],"isInner":false,"elType":"section"},{"id":"cea6c08","settings":[],"elements":[{"id":"236e8a78","settings":{"_column_size":100},"elements":[{"id":"50e8ad5c","settings":{"title":"Top Deals Super Hot Today","per_page":10,"ends_in":"Ends In","view_all_text":"View All","heading_title_margin_mobile":{"unit":"px","top":"0","right":"0","bottom":"15","left":"0","isLinked":false},"show_heading_view_all_mobile":"none"},"elements":[],"isInner":false,"widgetType":"martfury-product-deals-grid","elType":"widget"}],"isInner":false,"elType":"column"}],"isInner":false,"elType":"section"},{"id":"1738533a","settings":[],"elements":[{"id":"26c3d348","settings":{"_column_size":100},"elements":[{"id":"1e9874b7","settings":{"space":{"unit":"px","size":85,"sizes":[]}},"elements":[],"isInner":false,"widgetType":"spacer","elType":"widget"}],"isInner":false,"elType":"column"}],"isInner":false,"elType":"section"},{"id":"545095","settings":[],"elements":[{"id":"76845f80","settings":{"_column_size":100},"elements":[{"id":"e187b39","settings":{"title":"Best Seller In The Last Months","header":"3","products":"best_selling","link":{"url":"#","is_external":true,"nofollow":true},"link_group":[],"view_all_text":"","view_all_link":{"url":"","is_external":true,"nofollow":true},"navigation_tablet":"dots","heading_text_align":"center","heading_padding":{"unit":"px","top":"15","right":"15","bottom":"15","left":"15","isLinked":true},"heading_background_color":"#f4f4f4","heading_border_width":{"unit":"px","top":"0","right":"0","bottom":"1","left":"0","isLinked":false},"title_typography_typography":"custom","title_typography_font_size":{"unit":"px","size":20,"sizes":[]},"title_typography_font_size_mobile":{"unit":"px","size":18,"sizes":[]}},"elements":[],"isInner":false,"widgetType":"martfury-products-carousel","elType":"widget"}],"isInner":false,"elType":"column"}],"isInner":false,"elType":"section"},{"id":"462b71a8","settings":[],"elements":[{"id":"649c0851","settings":{"_column_size":100},"elements":[{"id":"187dc294","settings":{"space":{"unit":"px","size":85,"sizes":[]}},"elements":[],"isInner":false,"widgetType":"spacer","elType":"widget"}],"isInner":false,"elType":"column"}],"isInner":false,"elType":"section"},{"id":"7bdf5590","settings":[],"elements":[{"id":"5d792e5c","settings":{"_column_size":100},"elements":[{"id":"277f037f","settings":{"title":"New Arrivals","header":"3","link_group":[],"view_all_text":"","view_all_link":{"url":"","is_external":true,"nofollow":true},"navigation_tablet":"dots","heading_text_align":"center","heading_padding":{"unit":"px","top":"15","right":"15","bottom":"15","left":"15","isLinked":true},"heading_background_color":"#f4f4f4","heading_border_width":{"unit":"px","top":"0","right":"0","bottom":"1","left":"0","isLinked":false},"title_typography_typography":"custom","title_typography_font_size":{"unit":"px","size":20,"sizes":[]}},"elements":[],"isInner":false,"widgetType":"martfury-products-carousel","elType":"widget"}],"isInner":false,"elType":"column"}],"isInner":false,"elType":"section"}]}