{"content":[{"id":"5fce2f27","settings":{"container_type":"grid","grid_columns_grid":{"unit":"fr","size":1},"grid_rows_grid":{"unit":"fr","size":"1"},"grid_rows_grid_mobile":{"unit":"fr","size":"1"},"margin":{"unit":"px","top":"40","right":"0","bottom":"0","left":"0","isLinked":false}},"elements":[{"id":"b979e43","settings":{"image":{"id":216,"url":"https:\/\/raw.githubusercontent.com\/drfuri\/demo-content\/main\/ecomus\/fashion\/images\/logo-black2.svg","alt":"","source":"library","size":""},"image_size":"full","image_border_radius":{"unit":"px","top":"0","right":"0","bottom":"0","left":"0","isLinked":true}},"elements":[],"isInner":false,"widgetType":"image","elType":"widget"}],"isInner":false,"elType":"container"},{"id":"534524e2","settings":{"container_type":"grid","grid_columns_grid":{"unit":"fr","size":1},"grid_rows_grid":{"unit":"fr","size":"1"},"grid_rows_grid_mobile":{"unit":"fr","size":"1"},"boxed_width":{"unit":"px","size":700,"sizes":[]},"padding":{"unit":"px","top":"200","right":"0","bottom":"100","left":"0","isLinked":false},"padding_mobile":{"unit":"px","top":"50","right":"15","bottom":"50","left":"15","isLinked":false}},"elements":[{"id":"5e0c355b","settings":{"border_border":"solid","border_width":{"unit":"px","top":"1","right":"1","bottom":"1","left":"1","isLinked":true},"border_color":"#000000","border_radius":{"unit":"px","top":"3","right":"3","bottom":"3","left":"3","isLinked":true},"padding":{"unit":"px","top":"46","right":"82","bottom":"50","left":"82","isLinked":false},"padding_mobile":{"unit":"px","top":"46","right":"15","bottom":"50","left":"15","isLinked":false}},"elements":[{"id":"17d9d92e","settings":{"title":"Coming Soon!","align":"center","title_color":"#000000","typography_typography":"custom","typography_font_family":"Albert Sans","typography_font_size":{"unit":"px","size":42,"sizes":[]},"typography_font_weight":"400","typography_line_height":{"unit":"px","size":50,"sizes":[]},"typography_font_size_mobile":{"unit":"px","size":32,"sizes":[]},"typography_line_height_mobile":{"unit":"px","size":42,"sizes":[]}},"elements":[],"isInner":false,"widgetType":"heading","elType":"widget"},{"id":"108d9e8c","settings":{"editor":"<p>We are about to go public so be sure to root on us and check back in anytime!<br \/>Can't wait to have you!<\/p>","align":"center","text_color":"#545454","typography_typography":"custom","typography_font_family":"Albert Sans","typography_font_size":{"unit":"px","size":14,"sizes":[]},"typography_font_weight":"400","typography_line_height":{"unit":"px","size":22,"sizes":[]},"_margin":{"unit":"px","top":"0","right":"0","bottom":"14","left":"0","isLinked":false}},"elements":[],"isInner":false,"widgetType":"text-editor","elType":"widget"},{"id":"374ad560","settings":{"_margin":{"unit":"px","top":"0","right":"0","bottom":"7","left":"0","isLinked":false}},"elements":[],"isInner":false,"widgetType":"ecomus-subscribe-box","elType":"widget"},{"id":"7c9c9e99","settings":{"social_icon_list":[{"social_icon":{"value":{"url":"https:\/\/raw.githubusercontent.com\/drfuri\/demo-content\/main\/ecomus\/fashion\/images\/facebook.svg","id":355},"library":"svg"},"_id":"bfe98d6","image":{"id":"","url":"https:\/\/raw.githubusercontent.com\/drfuri\/demo-content\/main\/ecomus\/fashion\/images\/placeholder.png"},"link":{"url":"https:\/\/www.facebook.com\/WordPress\/","is_external":"true","nofollow":"","custom_attributes":""}},{"social_icon":{"value":{"url":"https:\/\/raw.githubusercontent.com\/drfuri\/demo-content\/main\/ecomus\/fashion\/images\/x.svg","id":359},"library":"svg"},"_id":"d3af209","link":{"url":"https:\/\/x.com\/wordpress","is_external":"true","nofollow":"","custom_attributes":""}},{"social_icon":{"value":{"url":"https:\/\/raw.githubusercontent.com\/drfuri\/demo-content\/main\/ecomus\/fashion\/images\/instagram.svg","id":356},"library":"svg"},"_id":"906f6df","link":{"url":"https:\/\/www.instagram.com\/wordpress","is_external":"true","nofollow":"","custom_attributes":""}},{"_id":"494c285","social_icon":{"value":{"url":"https:\/\/raw.githubusercontent.com\/drfuri\/demo-content\/main\/ecomus\/fashion\/images\/tiktok.svg","id":358},"library":"svg"},"link":{"url":"https:\/\/www.tiktok.com\/@wordpress","is_external":"true","nofollow":"","custom_attributes":""}}],"align":"center","icon_spacing":{"unit":"px","size":"","sizes":[]}},"elements":[],"isInner":false,"widgetType":"ecomus-social-icons","elType":"widget"}],"isInner":true,"elType":"container"}],"isInner":false,"elType":"container"}],"page_settings":{"hide_header_section":"yes","hide_page_header":"yes","content_top_spacing":"custom","content_top_padding":{"unit":"px","size":0,"sizes":[]},"content_bottom_spacing":"custom","content_bottom_padding":{"unit":"px","size":0,"sizes":[]},"hide_footer_section":"yes","ecomus_hide_page_header":"1"},"version":"0.4","title":"Coming Soon","type":"page"}