{"content":[{"id":"1a8f6c35","settings":{"content_width":"full","presetTitle":"Container","presetIcon":"eicon-container","flex_gap":{"column":"","row":"","isLinked":true,"unit":"px","size":null},"padding":{"unit":"px","top":"0","right":"0","bottom":"0","left":"0","isLinked":true},"background_image":{"url":"","id":"","size":""},"background_video_fallback":{"url":"","id":"","size":""},"background_slideshow_gallery":[],"background_hover_image":{"url":"","id":"","size":""},"background_hover_video_fallback":{"url":"","id":"","size":""},"background_hover_slideshow_gallery":[],"background_overlay_image":{"url":"","id":"","size":""},"background_overlay_video_fallback":{"url":"","id":"","size":""},"background_overlay_slideshow_gallery":[],"background_overlay_hover_image":{"url":"","id":"","size":""},"background_overlay_hover_video_fallback":{"url":"","id":"","size":""},"background_overlay_hover_slideshow_gallery":[]},"elements":[{"id":"408eb763","settings":{"address":"Tower of London","height":{"unit":"px","size":646,"sizes":[]},"height_mobile":{"unit":"px","size":400,"sizes":[]},"_background_image":{"url":"","id":"","size":""},"_background_video_fallback":{"url":"","id":"","size":""},"_background_slideshow_gallery":[],"_background_hover_image":{"url":"","id":"","size":""},"_background_hover_video_fallback":{"url":"","id":"","size":""},"_background_hover_slideshow_gallery":[],"_mask_image":{"url":"","id":"","size":""}},"elements":[],"isInner":false,"widgetType":"google_maps","elType":"widget"}],"isInner":false,"elType":"container"},{"id":"2bff4684","settings":{"flex_direction":"row","flex_gap":{"unit":"px","size":0,"column":"0","row":"0","isLinked":true},"boxed_width":{"unit":"px","size":1240,"sizes":[]},"padding":{"unit":"px","top":"65","right":"0","bottom":"70","left":"0","isLinked":false},"flex_direction_tablet":"column","padding_mobile":{"unit":"px","top":"25","right":"0","bottom":"20","left":"0","isLinked":false},"background_image":{"url":"","id":"","size":""},"background_video_fallback":{"url":"","id":"","size":""},"background_slideshow_gallery":[],"background_hover_image":{"url":"","id":"","size":""},"background_hover_video_fallback":{"url":"","id":"","size":""},"background_hover_slideshow_gallery":[],"background_overlay_image":{"url":"","id":"","size":""},"background_overlay_video_fallback":{"url":"","id":"","size":""},"background_overlay_slideshow_gallery":[],"background_overlay_hover_image":{"url":"","id":"","size":""},"background_overlay_hover_video_fallback":{"url":"","id":"","size":""},"background_overlay_hover_slideshow_gallery":[]},"elements":[{"id":"3a646cd0","settings":{"flex_direction":"column","content_width":"full","width":{"unit":"%","size":"50"},"flex_gap":{"column":"0","row":"0","isLinked":true,"unit":"px","size":0},"width_tablet":{"unit":"%","size":100,"sizes":[]},"width_mobile":{"unit":"%","size":"","sizes":[]},"flex_wrap_tablet":"wrap","background_image":{"url":"","id":"","size":""},"background_video_fallback":{"url":"","id":"","size":""},"background_slideshow_gallery":[],"background_hover_image":{"url":"","id":"","size":""},"background_hover_video_fallback":{"url":"","id":"","size":""},"background_hover_slideshow_gallery":[],"background_overlay_image":{"url":"","id":"","size":""},"background_overlay_video_fallback":{"url":"","id":"","size":""},"background_overlay_slideshow_gallery":[],"background_overlay_hover_image":{"url":"","id":"","size":""},"background_overlay_hover_video_fallback":{"url":"","id":"","size":""},"background_overlay_hover_slideshow_gallery":[]},"elements":[{"id":"a70bb24","settings":{"title":"Visit Our Store","header_size":"h5","title_color":"#000000","typography_typography":"custom","typography_font_weight":"400","typography_line_height":{"unit":"px","size":33,"sizes":[]},"_margin":{"unit":"px","top":"0","right":"0","bottom":"21","left":"0","isLinked":false},"typography_font_size_mobile":{"unit":"px","size":22,"sizes":[]},"_background_image":{"url":"","id":"","size":""},"_background_video_fallback":{"url":"","id":"","size":""},"_background_slideshow_gallery":[],"_background_hover_image":{"url":"","id":"","size":""},"_background_hover_video_fallback":{"url":"","id":"","size":""},"_background_hover_slideshow_gallery":[],"_mask_image":{"url":"","id":"","size":""}},"elements":[],"isInner":false,"widgetType":"heading","elType":"widget"},{"id":"4ea3687c","settings":{"title":"Address","header_size":"h6","title_color":"#000000","typography_typography":"custom","typography_font_size":{"unit":"px","size":14,"sizes":[]},"typography_font_weight":"600","typography_line_height":{"unit":"px","size":22,"sizes":[]},"_margin":{"unit":"px","top":"0","right":"0","bottom":"15","left":"0","isLinked":false},"_background_image":{"url":"","id":"","size":""},"_background_video_fallback":{"url":"","id":"","size":""},"_background_slideshow_gallery":[],"_background_hover_image":{"url":"","id":"","size":""},"_background_hover_video_fallback":{"url":"","id":"","size":""},"_background_hover_slideshow_gallery":[],"_mask_image":{"url":"","id":"","size":""}},"elements":[],"isInner":false,"widgetType":"heading","elType":"widget"},{"id":"58ac9bee","settings":{"editor":"66 Mott St, New York, New York, Zip Code: 10006, AS ","text_color":"#545454","typography_typography":"custom","typography_font_size":{"unit":"px","size":14,"sizes":[]},"typography_font_weight":"400","typography_line_height":{"unit":"px","size":22,"sizes":[]},"_margin":{"unit":"px","top":"0","right":"0","bottom":"22","left":"0","isLinked":false},"_background_image":{"url":"","id":"","size":""},"_background_video_fallback":{"url":"","id":"","size":""},"_background_slideshow_gallery":[],"_background_hover_image":{"url":"","id":"","size":""},"_background_hover_video_fallback":{"url":"","id":"","size":""},"_background_hover_slideshow_gallery":[],"_mask_image":{"url":"","id":"","size":""}},"elements":[],"isInner":false,"widgetType":"text-editor","elType":"widget"},{"id":"2bd3c933","settings":{"title":"Phone","header_size":"h6","title_color":"#000000","typography_typography":"custom","typography_font_size":{"unit":"px","size":14,"sizes":[]},"typography_font_weight":"600","typography_line_height":{"unit":"px","size":22,"sizes":[]},"_margin":{"unit":"px","top":"0","right":"0","bottom":"15","left":"0","isLinked":false},"_background_image":{"url":"","id":"","size":""},"_background_video_fallback":{"url":"","id":"","size":""},"_background_slideshow_gallery":[],"_background_hover_image":{"url":"","id":"","size":""},"_background_hover_video_fallback":{"url":"","id":"","size":""},"_background_hover_slideshow_gallery":[],"_mask_image":{"url":"","id":"","size":""}},"elements":[],"isInner":false,"widgetType":"heading","elType":"widget"},{"id":"7f870ff2","settings":{"editor":"(623) 934-2400 ","text_color":"#545454","typography_typography":"custom","typography_font_size":{"unit":"px","size":14,"sizes":[]},"typography_font_weight":"400","typography_line_height":{"unit":"px","size":22,"sizes":[]},"_margin":{"unit":"px","top":"0","right":"0","bottom":"22","left":"0","isLinked":false},"_background_image":{"url":"","id":"","size":""},"_background_video_fallback":{"url":"","id":"","size":""},"_background_slideshow_gallery":[],"_background_hover_image":{"url":"","id":"","size":""},"_background_hover_video_fallback":{"url":"","id":"","size":""},"_background_hover_slideshow_gallery":[],"_mask_image":{"url":"","id":"","size":""}},"elements":[],"isInner":false,"widgetType":"text-editor","elType":"widget"},{"id":"1b9c5931","settings":{"title":"Email","header_size":"h6","title_color":"#000000","typography_typography":"custom","typography_font_size":{"unit":"px","size":14,"sizes":[]},"typography_font_weight":"600","typography_line_height":{"unit":"px","size":22,"sizes":[]},"_margin":{"unit":"px","top":"0","right":"0","bottom":"15","left":"0","isLinked":false},"_background_image":{"url":"","id":"","size":""},"_background_video_fallback":{"url":"","id":"","size":""},"_background_slideshow_gallery":[],"_background_hover_image":{"url":"","id":"","size":""},"_background_hover_video_fallback":{"url":"","id":"","size":""},"_background_hover_slideshow_gallery":[],"_mask_image":{"url":"","id":"","size":""}},"elements":[],"isInner":false,"widgetType":"heading","elType":"widget"},{"id":"1ddb1c2b","settings":{"editor":"EComposer@example.com ","text_color":"#545454","typography_typography":"custom","typography_font_size":{"unit":"px","size":14,"sizes":[]},"typography_font_weight":"400","typography_line_height":{"unit":"px","size":22,"sizes":[]},"_margin":{"unit":"px","top":"0","right":"0","bottom":"22","left":"0","isLinked":false},"_background_image":{"url":"","id":"","size":""},"_background_video_fallback":{"url":"","id":"","size":""},"_background_slideshow_gallery":[],"_background_hover_image":{"url":"","id":"","size":""},"_background_hover_video_fallback":{"url":"","id":"","size":""},"_background_hover_slideshow_gallery":[],"_mask_image":{"url":"","id":"","size":""}},"elements":[],"isInner":false,"widgetType":"text-editor","elType":"widget"},{"id":"1f48f24","settings":{"title":"Open Time","header_size":"h6","title_color":"#000000","typography_typography":"custom","typography_font_size":{"unit":"px","size":14,"sizes":[]},"typography_font_weight":"600","typography_line_height":{"unit":"px","size":22,"sizes":[]},"_margin":{"unit":"px","top":"0","right":"0","bottom":"15","left":"0","isLinked":false},"_background_image":{"url":"","id":"","size":""},"_background_video_fallback":{"url":"","id":"","size":""},"_background_slideshow_gallery":[],"_background_hover_image":{"url":"","id":"","size":""},"_background_hover_video_fallback":{"url":"","id":"","size":""},"_background_hover_slideshow_gallery":[],"_mask_image":{"url":"","id":"","size":""}},"elements":[],"isInner":false,"widgetType":"heading","elType":"widget"},{"id":"3a51aa0b","settings":{"editor":"Our store has re-opened for shopping,<br\/> exchange Every day 11am to 7pm","text_color":"#545454","typography_typography":"custom","typography_font_size":{"unit":"px","size":14,"sizes":[]},"typography_font_weight":"400","typography_line_height":{"unit":"px","size":22,"sizes":[]},"_margin":{"unit":"px","top":"0","right":"0","bottom":"37","left":"0","isLinked":false},"_background_image":{"url":"","id":"","size":""},"_background_video_fallback":{"url":"","id":"","size":""},"_background_slideshow_gallery":[],"_background_hover_image":{"url":"","id":"","size":""},"_background_hover_video_fallback":{"url":"","id":"","size":""},"_background_hover_slideshow_gallery":[],"_mask_image":{"url":"","id":"","size":""}},"elements":[],"isInner":false,"widgetType":"text-editor","elType":"widget"},{"id":"52bd0bb5","settings":{"social_icon_list":[{"social_icon":{"value":{"id":"5139","url":"https:\/\/wpecomus.com\/women\/wp-content\/uploads\/sites\/3\/2024\/08\/facebook.svg"},"library":"svg"},"_id":"2d7d3e4","link":{"url":"#","is_external":"true","nofollow":"","custom_attributes":""},"social_color_hover":"#3B5998","icon_type":"icon","social_color":"","image":{"url":"","id":"","size":""},"external_url":""},{"social_icon":{"value":{"id":"5140","url":"https:\/\/wpecomus.com\/women\/wp-content\/uploads\/sites\/3\/2024\/08\/x.svg"},"library":"svg"},"_id":"42c0eb9","link":{"url":"#","is_external":"true","nofollow":"","custom_attributes":""},"social_color_hover":"#555555","icon_type":"icon","social_color":"","image":{"url":"","id":"","size":""},"external_url":""},{"social_icon":{"value":{"id":"5141","url":"https:\/\/wpecomus.com\/women\/wp-content\/uploads\/sites\/3\/2024\/08\/instagram.svg"},"library":"svg"},"_id":"cc608f4","link":{"url":"#","is_external":"true","nofollow":"","custom_attributes":""},"social_color_hover":"#E03566","icon_type":"icon","social_color":"","image":{"url":"","id":"","size":""},"external_url":""},{"_id":"2ba296b","social_icon":{"value":{"id":"5142","url":"https:\/\/wpecomus.com\/women\/wp-content\/uploads\/sites\/3\/2024\/08\/tiktok.svg"},"library":"svg"},"link":{"url":"#","is_external":"true","nofollow":"","custom_attributes":""},"social_color_hover":"#FE2C55","icon_type":"icon","social_color":"","image":{"url":"","id":"","size":""},"external_url":""},{"_id":"d524235","social_icon":{"value":{"id":"5143","url":"https:\/\/wpecomus.com\/women\/wp-content\/uploads\/sites\/3\/2024\/08\/pinterest.svg"},"library":"svg"},"link":{"url":"#","is_external":"true","nofollow":"","custom_attributes":""},"social_color_hover":"#CB2027","icon_type":"icon","social_color":"","image":{"url":"","id":"","size":""},"external_url":""}],"icon_spacing":{"unit":"px","size":18,"sizes":[]},"style":"none","icon_size":{"unit":"px","size":16,"sizes":[]},"content_width":"full","_background_image":{"url":"","id":"","size":""},"_background_video_fallback":{"url":"","id":"","size":""},"_background_slideshow_gallery":[],"_background_hover_image":{"url":"","id":"","size":""},"_background_hover_video_fallback":{"url":"","id":"","size":""},"_background_hover_slideshow_gallery":[],"_mask_image":{"url":"","id":"","size":""}},"elements":[],"isInner":false,"widgetType":"ecomus-social-icons","elType":"widget"}],"isInner":true,"elType":"container"},{"id":"5b75b243","settings":{"flex_direction":"column","content_width":"full","width":{"unit":"%","size":"50"},"width_tablet":{"unit":"%","size":100,"sizes":[]},"width_mobile":{"unit":"%","size":"","sizes":[]},"margin_tablet":{"unit":"px","top":"40","right":"0","bottom":"0","left":"0","isLinked":false},"background_image":{"url":"","id":"","size":""},"background_video_fallback":{"url":"","id":"","size":""},"background_slideshow_gallery":[],"background_hover_image":{"url":"","id":"","size":""},"background_hover_video_fallback":{"url":"","id":"","size":""},"background_hover_slideshow_gallery":[],"background_overlay_image":{"url":"","id":"","size":""},"background_overlay_video_fallback":{"url":"","id":"","size":""},"background_overlay_slideshow_gallery":[],"background_overlay_hover_image":{"url":"","id":"","size":""},"background_overlay_hover_video_fallback":{"url":"","id":"","size":""},"background_overlay_hover_slideshow_gallery":[]},"elements":[{"id":"3f8a9598","settings":{"title":"Get in Touch","header_size":"h5","title_color":"#000000","typography_typography":"custom","typography_font_weight":"400","typography_line_height":{"unit":"px","size":33,"sizes":[]},"typography_font_size_mobile":{"unit":"px","size":22,"sizes":[]},"_margin_tablet":{"unit":"px","top":"30","right":"0","bottom":"0","left":"0","isLinked":false},"_margin_mobile":{"unit":"px","top":"5","right":"0","bottom":"0","left":"0","isLinked":false},"_background_image":{"url":"","id":"","size":""},"_background_video_fallback":{"url":"","id":"","size":""},"_background_slideshow_gallery":[],"_background_hover_image":{"url":"","id":"","size":""},"_background_hover_video_fallback":{"url":"","id":"","size":""},"_background_hover_slideshow_gallery":[],"_mask_image":{"url":"","id":"","size":""}},"elements":[],"isInner":false,"widgetType":"heading","elType":"widget"},{"id":"62eed7bc","settings":{"editor":"If you\u2019ve got great products your making or looking to work with us then drop us a line.","text_color":"#545454","typography_typography":"custom","typography_font_size":{"unit":"px","size":14,"sizes":[]},"typography_font_weight":"400","typography_line_height":{"unit":"px","size":22,"sizes":[]},"_margin":{"unit":"px","top":"0","right":"0","bottom":"8","left":"0","isLinked":false},"_background_image":{"url":"","id":"","size":""},"_background_video_fallback":{"url":"","id":"","size":""},"_background_slideshow_gallery":[],"_background_hover_image":{"url":"","id":"","size":""},"_background_hover_video_fallback":{"url":"","id":"","size":""},"_background_hover_slideshow_gallery":[],"_mask_image":{"url":"","id":"","size":""}},"elements":[],"isInner":false,"widgetType":"text-editor","elType":"widget"},{"id":"627f6510","settings":{"form_shortcode":"[contact-form-7 id=\"007edfd\" title=\"Contact us\"]","_background_image":{"url":"","id":"","size":""},"_background_video_fallback":{"url":"","id":"","size":""},"_background_slideshow_gallery":[],"_background_hover_image":{"url":"","id":"","size":""},"_background_hover_video_fallback":{"url":"","id":"","size":""},"_background_hover_slideshow_gallery":[],"_mask_image":{"url":"","id":"","size":""}},"elements":[],"isInner":false,"widgetType":"ecomus-contact-form","elType":"widget"}],"isInner":true,"elType":"container"}],"isInner":false,"elType":"container"}],"page_settings":{"content_top_spacing":"custom","content_top_padding":{"unit":"px","size":0,"sizes":[]},"content_bottom_spacing":"custom","content_bottom_padding":{"unit":"px","size":0,"sizes":[]}},"version":"0.4","title":"Page Contact v1","type":"page"}