{"content":[{"id":"259b2cd3","settings":{"content_width":"full","margin":{"unit":"px","top":"0","right":"0","bottom":"72","left":"0","isLinked":false},"margin_tablet":{"unit":"px","top":"0","right":"0","bottom":"61","left":"0","isLinked":false},"margin_mobile":{"unit":"px","top":"0","right":"0","bottom":"54","left":"0","isLinked":false}},"elements":[{"id":"148491dd","settings":{"content_width":"full","slides":[{"title":"Desk Mat Large","description":"Designed for the minimalist, the Rushfaster Desk Mat is free <br \/>from unnecessary complications.","button_text":"Shop collection","_id":"be82882","banner_background_img":{"id":5670,"url":"https:\/\/wpecomus.com\/setupgear\/wp-content\/uploads\/sites\/13\/2024\/08\/gear-slider-1-scaled.webp","alt":"","source":"library","size":""},"background_color_tablet":"#FFFFFF57","button_link":{"url":"https:\/\/wpecomus.com\/setupgear\/product-category\/desk-mat-large\/","is_external":"","nofollow":"","custom_attributes":""},"background_position_mobile":"center center","background_position_x_mobile":{"unit":"%","size":13,"sizes":[]},"banner_background_img_mobile":{"url":"https:\/\/wpecomus.com\/setupgear\/wp-content\/uploads\/sites\/13\/2024\/09\/gear-slider-1-mb.jpg","id":5882,"size":"","alt":"","source":"library"}},{"title":"Work Accessories","description":"Designed for the minimalist, the Rushfaster Desk Mat is free <br \/>from unnecessary complications.","button_text":"Shop collection","banner_background_img":{"id":5671,"url":"https:\/\/wpecomus.com\/setupgear\/wp-content\/uploads\/sites\/13\/2024\/08\/gear-slider-2.webp","alt":"","source":"library","size":""},"_id":"c4095af","background_color_tablet":"#FFFFFF40","button_link":{"url":"https:\/\/wpecomus.com\/setupgear\/product-category\/accessories\/","is_external":"","nofollow":"","custom_attributes":""}},{"title":"The James Brand","description":"Designed for the minimalist, the Rushfaster Desk Mat is free <br \/>from unnecessary complications.","button_text":"Shop collection","banner_background_img":{"id":5672,"url":"https:\/\/wpecomus.com\/setupgear\/wp-content\/uploads\/sites\/13\/2024\/08\/gear-slider-3.webp","alt":"","source":"library","size":""},"_id":"1949e49","background_color_tablet":"#FFFFFF54","button_link":{"url":"https:\/\/wpecomus.com\/setupgear\/product-category\/desk-organisers\/","is_external":"","nofollow":"","custom_attributes":""}}],"slides_height":{"unit":"px","size":796,"sizes":[]},"slides_height_tablet":{"unit":"px","size":428,"sizes":[]},"slides_height_mobile":{"unit":"px","size":350,"sizes":[]},"show_button_icon":"alway","navigation_classes":"dots","navigation_classes_tablet":"dots","slides_horizontal_position":"right","slides_horizontal_position_mobile":"center","title_spacing_mobile":{"unit":"px","size":18,"sizes":[]},"description_spacing_tablet":{"unit":"px","size":32,"sizes":[]},"description_spacing_mobile":{"unit":"px","size":0,"sizes":[]},"dots_type":"","dots_spacing_tablet":{"unit":"px","size":15,"sizes":[]},"button_icon":{"value":{"url":"https:\/\/wpecomus.com\/setupgear\/wp-content\/uploads\/sites\/13\/2024\/08\/arrow-right.svg","id":5637},"library":"svg"},"dot_align":"center","dots_gap_tablet":{"unit":"px","size":2,"sizes":[]},"dots_size_tablet":{"unit":"px","size":5,"sizes":[]},"title_typography_typography":"custom","title_typography_font_size":{"unit":"px","size":68,"sizes":[]},"title_typography_font_size_tablet":{"unit":"px","size":50,"sizes":[]},"title_typography_font_size_mobile":{"unit":"px","size":32,"sizes":[]},"button_icon_padding":{"unit":"px","top":"2","right":"0","bottom":"0","left":"0","isLinked":false},"slides_text_align_mobile":"center"},"elements":[],"isInner":false,"widgetType":"ecomus-slides","elType":"widget"}],"isInner":false,"elType":"container"},{"id":"744edcf5","settings":{"margin":{"unit":"px","top":"0","right":"0","bottom":"60","left":"0","isLinked":false},"margin_tablet":{"unit":"px","top":"0","right":"0","bottom":"51","left":"0","isLinked":false},"margin_mobile":{"unit":"px","top":"0","right":"0","bottom":"45","left":"0","isLinked":false}},"elements":[{"id":"700a20e2","settings":{"content_width":"full","title":"Shop by categories","title_size":"h4","align":"center","typography_typography":"custom","typography_font_size_tablet":{"unit":"px","size":32,"sizes":[]},"typography_font_size_mobile":{"unit":"px","size":22,"sizes":[]},"_margin":{"unit":"px","top":"0","right":"0","bottom":"47","left":"0","isLinked":false},"_margin_tablet":{"unit":"px","top":"0","right":"0","bottom":"30","left":"0","isLinked":false},"_margin_mobile":{"unit":"px","top":"0","right":"0","bottom":"10","left":"0","isLinked":false}},"elements":[],"isInner":false,"widgetType":"ecomus-heading","elType":"widget"},{"id":"7baf02cf","settings":{"content_width":"full","show_heading":"","heading":"This is heading","items":[{"button_text":"Laptop Sleeves","button_link":{"url":"https:\/\/wpecomus.com\/setupgear\/product-category\/laptop-sleeves","is_external":"","nofollow":"","custom_attributes":""},"_id":"2a8c30a","image":{"id":5673,"url":"https:\/\/wpecomus.com\/setupgear\/wp-content\/uploads\/sites\/13\/2024\/08\/gear-cat-1.webp","alt":"","source":"library","size":""}},{"button_text":"Bags","button_link":{"url":"https:\/\/wpecomus.com\/setupgear\/product-category\/bags","is_external":"","nofollow":"","custom_attributes":""},"image":{"id":5674,"url":"https:\/\/wpecomus.com\/setupgear\/wp-content\/uploads\/sites\/13\/2024\/08\/gear-cat-2.webp","alt":"","source":"library","size":""},"_id":"e10ae49"},{"button_text":"Desk Organisers","button_link":{"url":"https:\/\/wpecomus.com\/setupgear\/product-category\/desk-organisers","is_external":"","nofollow":"","custom_attributes":""},"image":{"id":5675,"url":"https:\/\/wpecomus.com\/setupgear\/wp-content\/uploads\/sites\/13\/2024\/08\/gear-cat-3.webp","alt":"","source":"library","size":""},"_id":"0d53d6a"},{"button_text":"Accessories","button_link":{"url":"https:\/\/wpecomus.com\/setupgear\/product-category\/accessories\/","is_external":"","nofollow":"","custom_attributes":""},"image":{"id":5676,"url":"https:\/\/wpecomus.com\/setupgear\/wp-content\/uploads\/sites\/13\/2024\/08\/gear-cat-4.webp","alt":"","source":"library","size":""},"_id":"cf1de91"}],"aspect_ratio_type":"custom","aspect_ratio":"5:6","show_button_icon":"hover","slides_to_show":4,"slides_to_show_tablet":3,"slides_to_scroll_tablet":1,"navigation_classes":"none","navigation_classes_tablet":"dots","navigation_classes_mobile":"dots","content_horizontal_position":"center","button_margin":{"unit":"px","top":"0","right":"0","bottom":"24","left":"0","isLinked":false},"button_style":"light","button_padding":{"unit":"px","top":"13","right":"16","bottom":"13","left":"16","isLinked":false},"button_typography_typography":"custom","button_typography_font_size":{"unit":"px","size":18,"sizes":[]},"button_typography_font_weight":"500","button_icon_indent_tablet":{"unit":"px","size":0,"sizes":[]},"button_icon_size_tablet":{"unit":"px","size":0,"sizes":[]},"dots_gap_tablet":{"unit":"px","size":2,"sizes":[]},"dots_size_tablet":{"unit":"px","size":5,"sizes":[]},"button_margin_mobile":{"unit":"px","top":"0","right":"0","bottom":"15","left":"0","isLinked":false},"dots_type":""},"elements":[],"isInner":false,"widgetType":"ecomus-image-box-carousel","elType":"widget"}],"isInner":false,"elType":"container"},{"id":"c9aefcc","settings":{"margin":{"unit":"px","top":"0","right":"0","bottom":"95","left":"0","isLinked":false},"margin_tablet":{"unit":"px","top":"0","right":"0","bottom":"80","left":"0","isLinked":false},"margin_mobile":{"unit":"px","top":"0","right":"0","bottom":"38","left":"0","isLinked":false}},"elements":[{"id":"7139c41e","settings":{"content_width":"full","show_heading":"","heading":"This is heading","items":[{"button_text":"Shop Collection","button_link":{"url":"https:\/\/wpecomus.com\/setupgear\/product-category\/desk-mat-large\/","is_external":"","nofollow":"","custom_attributes":""},"_id":"4e53d03","image":{"id":5677,"url":"https:\/\/wpecomus.com\/setupgear\/wp-content\/uploads\/sites\/13\/2024\/08\/gear-bn-1.webp","alt":"","source":"library","size":""},"title":"Desk Mat Large"},{"button_text":"Shop Collection","button_link":{"url":"https:\/\/wpecomus.com\/setupgear\/product-category\/season-collection\/","is_external":"","nofollow":"","custom_attributes":""},"image":{"id":5678,"url":"https:\/\/wpecomus.com\/setupgear\/wp-content\/uploads\/sites\/13\/2024\/08\/gear-bn-2.webp","alt":"","source":"library","size":""},"title":"Season Collection","_id":"b002eea"}],"show_button_icon":"alway","slides_to_show":2,"slides_to_show_mobile":1,"slides_to_scroll_mobile":1,"navigation_classes":"none","navigation_classes_tablet":"none","navigation_classes_mobile":"dots","content_vertical_position":"middle","content_text_align":"center","content_position":"below","title_typography_typography":"custom","title_typography_font_size_tablet":{"unit":"px","size":20,"sizes":[]},"button_margin_mobile":{"unit":"px","top":"16","right":"0","bottom":"0","left":"0","isLinked":false},"button_style":"subtle","dots_spacing_mobile":{"unit":"px","size":15,"sizes":[]},"title_margin_tablet":{"unit":"px","top":"26","right":"0","bottom":"0","left":"0","isLinked":false},"title_margin_mobile":{"unit":"px","top":"15","right":"0","bottom":"0","left":"0","isLinked":false},"button_margin_tablet":{"unit":"px","top":"14","right":"0","bottom":"0","left":"0","isLinked":false},"dots_type":"","dots_gap_mobile":{"unit":"px","size":2,"sizes":[]},"dots_size_mobile":{"unit":"px","size":5,"sizes":[]}},"elements":[],"isInner":false,"widgetType":"ecomus-image-box-carousel","elType":"widget"}],"isInner":false,"elType":"container"},{"id":"7c8da74e","settings":{"margin":{"unit":"px","top":"0","right":"0","bottom":"68","left":"0","isLinked":false},"margin_tablet":{"unit":"px","top":"0","right":"0","bottom":"57","left":"0","isLinked":false},"margin_mobile":{"unit":"px","top":"0","right":"0","bottom":"51","left":"0","isLinked":false}},"elements":[{"id":"16586693","settings":{"content_width":"full","title":"Most Popular Gear","title_size":"h4","align":"center","typography_typography":"custom","typography_font_size_tablet":{"unit":"px","size":32,"sizes":[]},"typography_font_size_mobile":{"unit":"px","size":22,"sizes":[]},"_margin":{"unit":"px","top":"0","right":"0","bottom":"40","left":"0","isLinked":false},"_margin_tablet":{"unit":"px","top":"0","right":"0","bottom":"30","left":"0","isLinked":false},"_margin_mobile":{"unit":"px","top":"0","right":"0","bottom":"10","left":"0","isLinked":false}},"elements":[],"isInner":false,"widgetType":"ecomus-heading","elType":"widget"},{"id":"5feba3c8","settings":{"content_width":"full","heading":"This is the text","hide_rating":"none","slides_to_show_tablet":3,"slides_to_show_mobile":2,"slides_to_scroll_tablet":1,"slides_to_scroll_mobile":2,"image_spacing_custom_mobile":15,"navigation_classes_tablet":"arrows","navigation_classes_mobile":"dots","product_summary_padding":{"unit":"px","top":"8","right":"0","bottom":"0","left":"0","isLinked":false},"arrows_show":"1","arrows_type":"outline","arrows_horizontal_spacing":{"unit":"px","size":-82,"sizes":[]},"dots_spacing_mobile":{"unit":"px","size":20,"sizes":[]},"arrows_bgcolor":"#FFFFFF"},"elements":[],"isInner":false,"widgetType":"ecomus-products-carousel","elType":"widget"}],"isInner":false,"elType":"container"},{"id":"43b92ae3","settings":{"content_width":"full","margin":{"unit":"px","top":"0","right":"0","bottom":"79","left":"0","isLinked":false},"margin_tablet":{"unit":"px","top":"0","right":"0","bottom":"67","left":"0","isLinked":false},"margin_mobile":{"unit":"px","top":"0","right":"0","bottom":"51","left":"0","isLinked":false}},"elements":[{"id":"8d9a51","settings":{"content_width":"full","image_1":{"id":5679,"url":"https:\/\/wpecomus.com\/setupgear\/wp-content\/uploads\/sites\/13\/2024\/08\/gear-hp-1.webp","alt":"","source":"library","size":""},"items_1":[{"_id":"59d28a1","product_items_ids":871,"product_items_position_x":{"unit":"%","size":35,"sizes":[]},"product_items_position_y":{"unit":"%","size":38,"sizes":[]},"product_content_items_position_y":{"unit":"px","size":-104,"sizes":[]}},{"_id":"f734fbf","product_items_ids":775,"product_items_position_x":{"unit":"%","size":61,"sizes":[]},"product_items_position_y":{"unit":"%","size":59,"sizes":[]},"product_content_items_position_y":{"unit":"px","size":-104,"sizes":[]}},{"_id":"766372d","product_items_ids":683,"product_items_position_x":{"unit":"%","size":75,"sizes":[]},"product_items_position_y":{"unit":"%","size":27,"sizes":[]},"product_content_items_position_y":{"unit":"px","size":-104,"sizes":[]},"product_content_items_position_y_tablet":{"unit":"px","size":-99,"sizes":[]}}],"image_2":{"id":5680,"url":"https:\/\/wpecomus.com\/setupgear\/wp-content\/uploads\/sites\/13\/2024\/08\/gear-hp-2.webp","alt":"","source":"library","size":""},"items_2":[{"_id":"62702b1","product_items_ids":754,"product_items_position_x":{"unit":"%","size":15,"sizes":[]},"product_items_position_y":{"unit":"%","size":60,"sizes":[]},"product_content_items_position_x_tablet":{"unit":"px","size":59,"sizes":[]},"product_content_items_position_y":{"unit":"px","size":-98,"sizes":[]}},{"_id":"440bdcc","product_items_ids":546,"product_items_position_x":{"unit":"%","size":56,"sizes":[]},"product_items_position_y":{"unit":"%","size":54,"sizes":[]},"product_content_items_position_y":{"unit":"px","size":-104,"sizes":[]}},{"_id":"ba0fb93","product_items_ids":798,"product_items_position_x":{"unit":"%","size":60,"sizes":[]},"product_items_position_y":{"unit":"%","size":77,"sizes":[]},"product_content_items_position_y":{"unit":"px","size":-104,"sizes":[]}}],"image_3":{"id":5681,"url":"https:\/\/wpecomus.com\/setupgear\/wp-content\/uploads\/sites\/13\/2024\/08\/gear-hp-3.webp","alt":"","source":"library","size":""},"items_3":[{"_id":"fd158c5","product_items_ids":720,"product_items_position_x":{"unit":"%","size":16,"sizes":[]},"product_items_position_y":{"unit":"%","size":67,"sizes":[]},"product_content_items_position_x_tablet":{"unit":"px","size":47,"sizes":[]},"product_content_items_position_y":{"unit":"px","size":-104,"sizes":[]}},{"product_items_ids":546,"product_items_position_x":{"unit":"%","size":62,"sizes":[]},"product_items_position_y":{"unit":"%","size":12,"sizes":[]},"_id":"4f1a09e","product_content_items_position_y":{"unit":"px","size":-104,"sizes":[]},"product_content_items_position_y_tablet":{"unit":"px","size":35,"sizes":[]},"product_arrow_items_position_y_tablet":{"unit":"px","size":32,"sizes":[]}},{"product_items_ids":705,"product_items_position_x":{"unit":"%","size":83,"sizes":[]},"product_items_position_y":{"unit":"%","size":59,"sizes":[]},"_id":"fb12b5c","product_content_items_position_y":{"unit":"px","size":-97,"sizes":[]},"product_content_items_position_x_tablet":{"unit":"px","size":-42,"sizes":[]}}],"items_4":[],"slides_to_show":1,"navigation_classes":"both","dots_type":"background","navigation_classes_tablet":"dots"},"elements":[],"isInner":false,"widgetType":"ecomus-images-hotspot-carousel","elType":"widget"}],"isInner":false,"elType":"container"},{"id":"98b969b","settings":{"margin":{"unit":"px","top":"0","right":"0","bottom":"68","left":"0","isLinked":false},"margin_tablet":{"unit":"px","top":"0","right":"0","bottom":"57","left":"0","isLinked":false},"margin_mobile":{"unit":"px","top":"0","right":"0","bottom":"51","left":"0","isLinked":false}},"elements":[{"id":"5443e6f0","settings":{"content_width":"full","title":"Sale Picks","title_size":"h4","align":"center","typography_typography":"custom","typography_font_size_tablet":{"unit":"px","size":32,"sizes":[]},"typography_font_size_mobile":{"unit":"px","size":22,"sizes":[]},"_margin":{"unit":"px","top":"0","right":"0","bottom":"40","left":"0","isLinked":false},"_margin_tablet":{"unit":"px","top":"0","right":"0","bottom":"30","left":"0","isLinked":false},"_margin_mobile":{"unit":"px","top":"0","right":"0","bottom":"10","left":"0","isLinked":false}},"elements":[],"isInner":false,"widgetType":"ecomus-heading","elType":"widget"},{"id":"4e5f337b","settings":{"content_width":"full","heading":"This is the text","hide_rating":"none","slides_to_show_tablet":3,"slides_to_show_mobile":2,"slides_to_scroll_tablet":1,"slides_to_scroll_mobile":2,"image_spacing_custom_mobile":15,"navigation_classes_tablet":"arrows","navigation_classes_mobile":"dots","product_summary_padding":{"unit":"px","top":"8","right":"0","bottom":"0","left":"0","isLinked":false},"arrows_show":"1","arrows_type":"outline","arrows_horizontal_spacing":{"unit":"px","size":-82,"sizes":[]},"dots_spacing_mobile":{"unit":"px","size":20,"sizes":[]},"arrows_bgcolor":"#FFFFFF"},"elements":[],"isInner":false,"widgetType":"ecomus-products-carousel","elType":"widget"}],"isInner":false,"elType":"container"},{"id":"6e7a70d","settings":{"content_width":"full"},"elements":[{"id":"41c94750","settings":{"content_width":"full","items":[{"text":"NEW SEASON, NEW STYLES: FASHION SALE YOU CAN'T MISS","_id":"6158519","icon":{"value":{"url":"https:\/\/wpecomus.com\/setupgear\/wp-content\/uploads\/sites\/13\/2024\/09\/polygon.svg","id":5776},"library":"svg"},"image":{"id":"","url":"https:\/\/wpecomus.com\/setupgear\/wp-content\/plugins\/elementor\/assets\/images\/placeholder.png"}},{"text":"LIMITED TIME OFFER: FASHION SALE YOU CAN'T RESIST","_id":"30564e3","icon":{"value":{"url":"https:\/\/wpecomus.com\/setupgear\/wp-content\/uploads\/sites\/13\/2024\/09\/polygon.svg","id":5776},"library":"svg"},"image":{"id":"","url":"https:\/\/wpecomus.com\/setupgear\/wp-content\/plugins\/elementor\/assets\/images\/placeholder.png"}},{"text":"FREE SHIPPING AND RETURNS","_id":"08fd0ab","icon":{"value":{"url":"https:\/\/wpecomus.com\/setupgear\/wp-content\/uploads\/sites\/13\/2024\/09\/polygon.svg","id":5776},"library":"svg"},"image":{"id":"","url":"https:\/\/wpecomus.com\/setupgear\/wp-content\/plugins\/elementor\/assets\/images\/placeholder.png"}}],"padding":{"unit":"px","top":"20","right":"0","bottom":"20","left":"0","isLinked":false},"gap":{"unit":"px","size":30,"sizes":[]},"background_color":"#6C2C28","icon_size":{"unit":"px","size":7,"sizes":[]},"spacing":{"unit":"px","size":30,"sizes":[]},"text_typography_typography":"custom","text_typography_font_size":{"unit":"px","size":12,"sizes":[]},"text_typography_font_weight":"700","text_color":"#FFFFFF","speed":0.2,"icon_color":"#FFFFFF"},"elements":[],"isInner":false,"widgetType":"ecomus-marquee","elType":"widget"}],"isInner":false,"elType":"container"},{"id":"4a03792f","settings":{"flex_gap":{"column":"30","row":"30","isLinked":true,"unit":"px","size":30},"boxed_width":{"unit":"px","size":1440,"sizes":[]},"background_background":"classic","background_color":"#F6F6F6","padding":{"unit":"px","top":"78","right":"0","bottom":"98","left":"0","isLinked":false},"padding_tablet":{"unit":"px","top":"66","right":"0","bottom":"83","left":"0","isLinked":false},"padding_mobile":{"unit":"px","top":"39","right":"0","bottom":"46","left":"0","isLinked":false}},"elements":[{"id":"77d4168","settings":{"title":"Customer Reviews","title_size":"h4","align":"center","typography_font_weight":"400","typography_font_size_tablet":{"unit":"px","size":32,"sizes":[]},"typography_font_size_mobile":{"unit":"px","size":22,"sizes":[]},"typography_typography":"custom"},"elements":[],"isInner":false,"widgetType":"ecomus-heading","elType":"widget"},{"id":"19d657a4","settings":{"testimonials":[{"testimonial_name":"Loretta","_id":"060ec67","testimonial_title":"Best Online Fashion Site","testimonial_content":"\u201cI always find something stylish and affordable on this web fashion site\u201d","testimonial_text":"Customer from USA","testimonial_product_id":5721},{"testimonial_name":"Robert smith","testimonial_title":"Great Selection and Quality","testimonial_content":"\"I love the variety of styles and the high-quality clothing on this web fashion site.\"","testimonial_text":"Customer from Fance","testimonial_product_id":754,"_id":"ecea334"},{"testimonial_name":"Sandra","testimonial_title":"Best Customer Service","testimonial_content":"\"I finally found a web fashion site with stylish and flattering options in my size.\"","testimonial_text":"Customer from USA","testimonial_product_id":738,"_id":"19e023e"},{"testimonial_name":"Hellen Ase","_id":"4c7dbb3","testimonial_title":"Great Selection and Quality","testimonial_content":"\"I love the variety of styles and the high-quality clothing on this web fashion site.\"","testimonial_text":"Customer from Japan","testimonial_product_id":782}],"navigation_classes_tablet":"arrows","navigation_classes_mobile":"dots","text_typography_font_size":{"unit":"px","size":103,"sizes":[]},"image_spacing_custom_mobile":15,"content_width":"full","item_background_color":"#FFFFFF","content_typography_typography":"custom","content_typography_font_size_mobile":{"unit":"px","size":16,"sizes":[]},"dots_spacing_mobile":{"unit":"px","size":15,"sizes":[]},"rating_size":{"unit":"px","size":18,"sizes":[]},"arrows_show":"1","arrows_type":"solid","arrows_border_color":"#EBEBEB","text_color":"#545454"},"elements":[],"isInner":false,"widgetType":"ecomus-testimonial-carousel-2","elType":"widget"}],"isInner":false,"elType":"container"},{"id":"673a82dd","settings":{"boxed_width":{"unit":"px","size":1440,"sizes":[]},"padding":{"unit":"px","top":"58","right":"0","bottom":"58","left":"0","isLinked":false},"padding_tablet":{"unit":"px","top":"49","right":"0","bottom":"49","left":"0","isLinked":false},"padding_mobile":{"unit":"px","top":"40","right":"0","bottom":"40","left":"0","isLinked":false}},"elements":[{"id":"337374cb","settings":{"content_width":"full","icons_box":[{"icon":{"value":{"url":"https:\/\/wpecomus.com\/setupgear\/wp-content\/uploads\/sites\/13\/2024\/06\/box.svg","id":1397},"library":"svg"},"title":"Free Shipping","description":"You will love at great low prices","_id":"24043c7","image":{"id":5662,"url":"https:\/\/wpecomus.com\/setupgear\/wp-content\/uploads\/sites\/13\/2024\/08\/placeholder-4.png"}},{"icon":{"value":{"url":"https:\/\/wpecomus.com\/setupgear\/wp-content\/uploads\/sites\/13\/2024\/06\/card.svg","id":1398},"library":"svg"},"title":"Flexible Payment","description":"Pay with Multiple Credit Cards","_id":"ab05b2c","image":{"id":5663,"url":"https:\/\/wpecomus.com\/setupgear\/wp-content\/uploads\/sites\/13\/2024\/08\/placeholder-5.png"}},{"icon":{"value":{"url":"https:\/\/wpecomus.com\/setupgear\/wp-content\/uploads\/sites\/13\/2024\/06\/return.svg","id":1399},"library":"svg"},"title":"14 Day Returns","description":"Within 30 days for an exchange","_id":"724d9ff","image":{"id":5664,"url":"https:\/\/wpecomus.com\/setupgear\/wp-content\/uploads\/sites\/13\/2024\/08\/placeholder-6.png"}},{"icon":{"value":{"url":"https:\/\/wpecomus.com\/setupgear\/wp-content\/uploads\/sites\/13\/2024\/06\/support.svg","id":1400},"library":"svg"},"title":"Premium Support","description":"Outstanding premium support","_id":"f1f11f7","image":{"id":5665,"url":"https:\/\/wpecomus.com\/setupgear\/wp-content\/uploads\/sites\/13\/2024\/08\/placeholder-7.png"}}],"position":"left","slides_to_show":4,"slides_to_show_tablet":2,"slides_to_show_mobile":1,"slides_to_scroll_tablet":1,"slides_to_scroll_mobile":1,"navigation_classes":"none","navigation_classes_tablet":"dots","navigation_classes_mobile":"dots","title_typography_typography":"custom","title_typography_font_size_mobile":{"unit":"px","size":18,"sizes":[]},"title_spacing":{"unit":"px","size":2,"sizes":[]},"title_spacing_mobile":{"unit":"px","size":6,"sizes":[]},"icon_size":{"unit":"px","size":30,"sizes":[]},"icon_border_border":"solid","icon_border_width":{"unit":"px","top":"1","right":"1","bottom":"1","left":"1","isLinked":true},"icon_border_color":"#ECECEC","border_radius":{"unit":"px","top":"100","right":"100","bottom":"100","left":"100","isLinked":true},"icon_padding":{"unit":"px","top":"20","right":"20.5","bottom":"20","left":"20.5","isLinked":false},"icon_spacing":{"unit":"px","size":30,"sizes":[]},"icon_spacing_mobile":{"unit":"px","size":28,"sizes":[]},"dots_spacing_tablet":{"unit":"px","size":15,"sizes":[]},"position_mobile":"top","alignment_mobile":"center","vertical_alignment":"middle","title_typography_font_size":{"unit":"px","size":18,"sizes":[]},"_border_width":{"unit":"px","top":"0","right":"0","bottom":"1","left":"0","isLinked":false},"_border_color":"#EBEBEB","title_color":"#000000","icon_background_color":"#FFFFFF","icon_padding_mobile":{"unit":"px","top":"13.5","right":"14","bottom":"13.5","left":"14","isLinked":false},"title_typography_font_weight":"500","icon_color":"#000000"},"elements":[],"isInner":false,"widgetType":"ecomus-icon-box-carousel","elType":"widget"}],"isInner":false,"elType":"container"}],"page_settings":{"hide_page_header":"yes","content_top_spacing":"custom","content_top_padding":{"unit":"px","size":0,"sizes":[]},"content_bottom_spacing":"custom","content_bottom_padding":{"unit":"px","size":0,"sizes":[]}},"version":"0.4","title":"Home Setup Gear","type":"page"}