{"content":[{"id":"7c0c3be4","settings":{"content_width":"full","padding":{"unit":"px","top":"0","right":"0","bottom":"0","left":"0","isLinked":false}},"elements":[{"id":"1e39c6b1","settings":{"slides":[{"title":"Glamorous <br \/>Glam","description":"From casual to formal, we've got you covered","button_text":"Shop collection","_id":"073af42","banner_background_img":{"id":1320,"url":"https:\/\/wpecomus.com\/fashion\/wp-content\/uploads\/sites\/2\/2024\/06\/001fashion-slideshow-01-scaled-1.webp","alt":"","source":"library","size":""},"background_position_x_tablet":{"unit":"%","size":-7,"sizes":[]},"background_position_mobile":"initial","background_position_x_mobile":{"unit":"%","size":47,"sizes":[]},"button_icon":{"value":{"url":"https:\/\/raw.githubusercontent.com\/drfuri\/demo-content\/main\/ecomus\/fashion\/images\/arrow-right.svg","id":2722},"library":"svg"},"button_icon_align":"right","button_link":{"url":"https:\/\/wpecomus.com\/fashion\/product-category\/women\/tops\/","is_external":"","nofollow":"","custom_attributes":""}},{"title":"Simple <br \/>Style","description":"From casual to formal, we've got you covered","button_text":"Shop collection","_id":"77c2de2","banner_background_img":{"id":1321,"url":"https:\/\/wpecomus.com\/fashion\/wp-content\/uploads\/sites\/2\/2024\/06\/001fashion-slideshow-02-scaled-1.webp","alt":"","source":"library","size":""},"background_position_x_tablet":{"unit":"%","size":50,"sizes":[]},"background_position_mobile":"initial","background_position_x_mobile":{"unit":"%","size":52,"sizes":[]},"button_icon":{"value":{"url":"https:\/\/raw.githubusercontent.com\/drfuri\/demo-content\/main\/ecomus\/fashion\/images\/arrow-right.svg","id":2722},"library":"svg"},"button_icon_align":"right","button_link":{"url":"https:\/\/wpecomus.com\/fashion\/product-category\/women\/sweaters\/","is_external":"","nofollow":"","custom_attributes":""}},{"title":"Discreet <br \/>style","description":"From casual to formal, we've got you covered","button_text":"Shop collection","_id":"6a5613f","banner_background_img":{"id":1322,"url":"https:\/\/wpecomus.com\/fashion\/wp-content\/uploads\/sites\/2\/2024\/06\/001fashion-slideshow-03-scaled-1.webp","alt":"","source":"library","size":""},"background_position_x_tablet":{"unit":"%","size":45,"sizes":[]},"background_position_mobile":"initial","background_position_x_mobile":{"unit":"%","size":54,"sizes":[]},"button_icon":{"value":{"url":"https:\/\/raw.githubusercontent.com\/drfuri\/demo-content\/main\/ecomus\/fashion\/images\/arrow-right.svg","id":2722},"library":"svg"},"button_icon_align":"right","button_link":{"url":"https:\/\/wpecomus.com\/fashion\/product-category\/women","is_external":"","nofollow":"","custom_attributes":""}}],"slides_height":{"unit":"vh","size":100,"sizes":[]},"navigation_classes":"dots","slides_height_tablet":{"unit":"px","size":566,"sizes":[]},"slides_height_mobile":{"unit":"px","size":450,"sizes":[]},"navigation_classes_tablet":"dots","navigation_classes_mobile":"dots","dots_type":"background","show_button_icon":"alway","button_icon":{"value":{"url":"https:\/\/wpecomus.com\/fashion\/wp-content\/uploads\/sites\/2\/2024\/07\/arrow-right.svg","id":3886},"library":"svg"},"button_icon_indent_mobile":{"unit":"px","size":5,"sizes":[]},"button_icon_padding":{"unit":"px","top":"2","right":"0","bottom":"0","left":"0","isLinked":false},"button_icon_padding_mobile":{"unit":"px","top":"2","right":"0","bottom":"0","left":"0","isLinked":false}},"elements":[],"isInner":false,"widgetType":"ecomus-slides","elType":"widget"}],"isInner":false,"elType":"container"},{"id":"f9f9de8","settings":{"content_width":"full","padding":{"unit":"px","top":"0","right":"0","bottom":"0","left":"0","isLinked":false}},"elements":[{"id":"54574d1","settings":{"items":[{"text":"Spring Clearance Event: Save Up to 70%","_id":"dda73cf","icon":{"value":{"url":"https:\/\/wpecomus.com\/fashion\/wp-content\/uploads\/sites\/2\/2024\/07\/rte.svg","id":4047},"library":"svg"},"image":{"id":"","url":"http:\/\/localhost:3000\/dev\/ecomus\/wp-content\/plugins\/elementor\/assets\/images\/placeholder.png"}},{"text":"Spring Clearance Event: Save Up to 70%","icon":{"value":{"url":"https:\/\/wpecomus.com\/fashion\/wp-content\/uploads\/sites\/2\/2024\/07\/rte.svg","id":4047},"library":"svg"},"image":{"id":"","url":"http:\/\/localhost:3000\/dev\/ecomus\/wp-content\/plugins\/elementor\/assets\/images\/placeholder.png"},"_id":"c7649aa"},{"text":"Spring Clearance Event: Save Up to 70%","icon":{"value":{"url":"https:\/\/wpecomus.com\/fashion\/wp-content\/uploads\/sites\/2\/2024\/07\/rte.svg","id":4047},"library":"svg"},"image":{"id":"","url":"http:\/\/localhost:3000\/dev\/ecomus\/wp-content\/plugins\/elementor\/assets\/images\/placeholder.png"},"_id":"c7842f1"}],"speed":0.3,"icon_color":"#000000"},"elements":[],"isInner":false,"widgetType":"ecomus-marquee","elType":"widget"}],"isInner":false,"elType":"container"},{"id":"3eb01a12","settings":{"flex_direction":"row","flex_gap":{"unit":"px","size":30,"column":"30","row":"30","isLinked":true},"content_width":"full","padding":{"unit":"px","top":"50","right":"35","bottom":"95","left":"35","isLinked":false},"padding_tablet":{"unit":"px","top":"36","right":"30","bottom":"75","left":"030","isLinked":false},"padding_mobile":{"unit":"px","top":"035","right":"15","bottom":"50","left":"15","isLinked":false},"animation":"none"},"elements":[{"id":"1021159a","settings":{"flex_direction":"column","content_width":"full","width":{"unit":"%","size":75},"width_tablet":{"unit":"%","size":66.663,"sizes":[]},"width_mobile":{"unit":"%","size":"","sizes":[]}},"elements":[{"id":"1ad4e453","settings":{"heading":"Shop by categories","items":[{"button_text":"Clothing","_id":"6aa43bc","image":{"id":1332,"url":"https:\/\/wpecomus.com\/fashion\/wp-content\/uploads\/sites\/2\/2024\/06\/homev1_cat1.webp","alt":"","source":"library","size":""},"button_style":"light","button_icon":{"value":{"url":"https:\/\/raw.githubusercontent.com\/drfuri\/demo-content\/main\/ecomus\/fashion\/images\/arrow-top-right.svg","id":1340},"library":"svg"},"button_icon_align":"right","button_link":{"url":"https:\/\/wpecomus.com\/fashion\/product-category\/women\/","is_external":"","nofollow":"","custom_attributes":""}},{"button_text":"Sunglasses","_id":"42e56bb","image":{"id":1333,"url":"https:\/\/wpecomus.com\/fashion\/wp-content\/uploads\/sites\/2\/2024\/06\/homev1_cat2.webp","alt":"","source":"library","size":""},"button_style":"outline","button_icon":{"value":{"url":"https:\/\/raw.githubusercontent.com\/drfuri\/demo-content\/main\/ecomus\/fashion\/images\/arrow-top-right.svg","id":1340},"library":"svg"},"button_icon_align":"right","button_link":{"url":"https:\/\/wpecomus.com\/fashion\/product-category\/sunglasses\/","is_external":"","nofollow":"","custom_attributes":""}},{"button_text":"Bags","_id":"18c4606","image":{"id":1334,"url":"https:\/\/wpecomus.com\/fashion\/wp-content\/uploads\/sites\/2\/2024\/06\/homev1_cat3.webp","alt":"","source":"library","size":""},"button_icon":{"value":{"url":"https:\/\/raw.githubusercontent.com\/drfuri\/demo-content\/main\/ecomus\/fashion\/images\/arrow-top-right.svg","id":1340},"library":"svg"},"button_icon_align":"right","button_link":{"url":"https:\/\/wpecomus.com\/fashion\/product-category\/handbag\/","is_external":"","nofollow":"","custom_attributes":""}},{"button_text":"Fashion","_id":"0113f8b","image":{"id":1335,"url":"https:\/\/wpecomus.com\/fashion\/wp-content\/uploads\/sites\/2\/2024\/06\/homev1_cat4.webp","alt":"","source":"library","size":""},"button_icon":{"value":{"url":"https:\/\/raw.githubusercontent.com\/drfuri\/demo-content\/main\/ecomus\/fashion\/images\/arrow-top-right.svg","id":1340},"library":"svg"},"button_icon_align":"right","button_link":{"url":"https:\/\/wpecomus.com\/fashion\/product-category\/men\/","is_external":"","nofollow":"","custom_attributes":""}},{"button_text":"Accessories","image":{"id":1336,"url":"https:\/\/wpecomus.com\/fashion\/wp-content\/uploads\/sites\/2\/2024\/06\/homev1_cat6.webp","alt":"","source":"library","size":""},"_id":"f5c5eda","button_icon":{"value":{"url":"https:\/\/raw.githubusercontent.com\/drfuri\/demo-content\/main\/ecomus\/fashion\/images\/arrow-top-right.svg","id":1340},"library":"svg"},"button_icon_align":"right","button_link":{"url":"https:\/\/wpecomus.com\/fashion\/product-category\/accessories\/","is_external":"","nofollow":"","custom_attributes":""}}],"slides_to_show_mobile":2,"slides_to_scroll_mobile":1,"image_spacing_custom_mobile":15,"navigation_classes_tablet":"arrows","navigation_classes_mobile":"arrows","button_typography_typography":"custom","button_typography_font_size":{"unit":"px","size":15,"sizes":[]},"button_typography_font_weight":"500","slides_to_show_tablet":2,"slides_to_scroll_tablet":2,"aspect_ratio_type":"vertical","banner_button_icon":"hover","button_style":"light","button_margin":{"unit":"px","top":"0","right":"0","bottom":"30","left":"015","isLinked":false},"show_button_icon":"hover","button_icon":{"value":{"url":"https:\/\/raw.githubusercontent.com\/drfuri\/demo-content\/main\/ecomus\/fashion\/images\/arrow-top-right.svg","id":1340},"library":"svg"},"button_icon_size_mobile":{"unit":"px","size":0,"sizes":[]},"button_typography_font_size_mobile":{"unit":"px","size":14,"sizes":[]},"button_margin_mobile":{"unit":"px","top":"0","right":"0","bottom":"15","left":"0","isLinked":false},"button_icon_size":{"unit":"px","size":10,"sizes":[]},"button_padding_mobile":{"unit":"px","top":"13","right":"14","bottom":"12","left":"14","isLinked":false},"button_icon_indent_mobile":{"unit":"px","size":0,"sizes":[]}},"elements":[],"isInner":false,"widgetType":"ecomus-image-box-carousel","elType":"widget"}],"isInner":true,"elType":"container"},{"id":"4f512261","settings":{"flex_direction":"column","content_width":"full","width":{"unit":"%","size":25},"width_tablet":{"unit":"%","size":33.337,"sizes":[]},"width_mobile":{"unit":"%","size":"","sizes":[]},"padding_tablet":{"unit":"px","top":"64","right":"0","bottom":"0","left":"0","isLinked":false},"padding_mobile":{"unit":"px","top":"0","right":"0","bottom":"0","left":"0","isLinked":true},"margin":{"unit":"px","top":"63","right":"0","bottom":"0","left":"0","isLinked":false},"margin_tablet":{"unit":"px","top":"0","right":"0","bottom":"0","left":"0","isLinked":true}},"elements":[{"id":"28ae06a9","settings":{"content_width":"full","min_height":{"unit":"custom","size":"100%","sizes":[]},"min_height_tablet":{"unit":"custom","size":"","sizes":[]},"min_height_mobile":{"unit":"custom","size":"","sizes":[]},"flex_justify_content":"flex-end","flex_gap":{"column":"0","row":"0","isLinked":true,"unit":"px","size":0},"border_border":"solid","border_width":{"unit":"px","top":"1","right":"1","bottom":"1","left":"1","isLinked":true},"border_color":"#000000","border_radius":{"unit":"px","top":"10","right":"10","bottom":"10","left":"10","isLinked":true},"margin":{"unit":"px","top":"0","right":"0","bottom":"0","left":"0","isLinked":false},"padding":{"unit":"px","top":"37","right":"37","bottom":"37","left":"37","isLinked":true},"flex_direction_mobile":"row","flex_justify_content_mobile":"space-between","flex_align_items_mobile":"center","padding_tablet":{"unit":"px","top":"30","right":"30","bottom":"30","left":"30","isLinked":true},"padding_mobile":{"unit":"px","top":"10","right":"15","bottom":"10","left":"15","isLinked":false}},"elements":[{"id":"736954d9","settings":{"title":"Discovery <br class=\"hidden-xs\">all new items","title_size":"h6","title_color":"#000000","typography_typography":"custom","typography_font_size":{"unit":"px","size":28,"sizes":[]},"typography_font_weight":"400","_margin":{"unit":"px","top":"0","right":"0","bottom":"30","left":"0","isLinked":false},"typography_font_size_mobile":{"unit":"px","size":22,"sizes":[]},"_margin_mobile":{"unit":"px","top":"0","right":"0","bottom":"0","left":"0","isLinked":false}},"elements":[],"isInner":false,"widgetType":"ecomus-heading","elType":"widget"},{"id":"606178e6","settings":{"text":"","icon_indent":{"unit":"px","size":0,"sizes":[]},"background_color":"#02010100","border_border":"solid","border_width":{"unit":"px","top":"1","right":"1","bottom":"1","left":"1","isLinked":true},"border_color":"#000000","border_radius":{"unit":"%","top":"100","right":"100","bottom":"100","left":"100","isLinked":true},"icon_size":{"unit":"px","size":10,"sizes":[]},"text_padding":{"unit":"px","top":"18.64","right":"19","bottom":"18.64","left":"19","isLinked":false},"text_padding_mobile":{"unit":"px","top":"13.64","right":"14","bottom":"13.64","left":"14","isLinked":false},"selected_icon":{"value":{"url":"http:\/\/localhost:3000\/dev\/ecomus\/wp-content\/uploads\/sites\/28\/2024\/06\/arrow-top-right.svg","id":1340},"library":"svg"},"button_text":"Shop Now","button_icon":{"value":{"url":"https:\/\/raw.githubusercontent.com\/drfuri\/demo-content\/main\/ecomus\/fashion\/images\/arrow-top-right.svg","id":1340},"library":"svg"},"button_icon_indent":{"unit":"px","size":0,"sizes":[]},"button_style":"outline-dark","button_icon_size":{"unit":"px","size":10,"sizes":[]},"button_padding":{"unit":"px","top":"0","right":"0","bottom":"0","left":"0","isLinked":true},"button_border_radius":{"unit":"%","top":"100","right":"100","bottom":"100","left":"100","isLinked":true},"button_min_width":{"unit":"px","size":63,"sizes":[]},"button_min_height":{"unit":"px","size":63,"sizes":[]},"button_background_hover_color":"#000000","hover_color":"#FFFFFF","button_hover_border_color":"#000000","show_button_icon":"alway","button_min_width_mobile":{"unit":"px","size":40,"sizes":[]},"button_min_height_mobile":{"unit":"px","size":40,"sizes":[]},"button_link":{"url":"https:\/\/wpecomus.com\/fashion\/shop\/","is_external":"","nofollow":"","custom_attributes":""},"button_typography_typography":"custom","button_typography_font_size":{"unit":"px","size":0,"sizes":[]}},"elements":[],"isInner":false,"widgetType":"ecomus-button","elType":"widget"}],"isInner":true,"elType":"container"}],"isInner":true,"elType":"container"}],"isInner":false,"elType":"container"},{"id":"18257ddd","settings":{"flex_gap":{"column":"16","row":"16","isLinked":true,"unit":"px","size":16},"margin":{"unit":"px","top":"0","right":"0","bottom":"95","left":"0","isLinked":false},"margin_tablet":{"unit":"px","top":"0","right":"0","bottom":"69","left":"0","isLinked":false},"margin_mobile":{"unit":"px","top":"0","right":"0","bottom":"50","left":"0","isLinked":false}},"elements":[{"id":"346da1be","settings":{"title":"Best Seller","title_size":"h3","align":"center","typography_typography":"custom","typography_font_size":{"unit":"px","size":42,"sizes":[]},"typography_font_weight":"400","typography_font_size_tablet":{"unit":"px","size":32,"sizes":[]},"typography_font_size_mobile":{"unit":"px","size":24,"sizes":[]}},"elements":[],"isInner":false,"widgetType":"ecomus-heading","elType":"widget"},{"id":"534be3aa","settings":{"title":"Shop the Latest Styles: Stay ahead of the curve with our newest arrivals","title_size":"div","align":"center","title_color":"#000000","typography_typography":"custom","typography_font_size":{"unit":"px","size":16,"sizes":[]},"typography_font_size_mobile":{"unit":"px","size":14,"sizes":[]},"typography_line_height_mobile":{"unit":"px","size":20,"sizes":[]}},"elements":[],"isInner":false,"widgetType":"ecomus-heading","elType":"widget"},{"id":"1b66822b","settings":{"product_outofstock":"","_margin":{"unit":"px","top":"45","right":"0","bottom":"0","left":"0","isLinked":false},"_margin_tablet":{"unit":"px","top":"32","right":"0","bottom":"0","left":"0","isLinked":false},"_margin_mobile":{"unit":"px","top":"12","right":"0","bottom":"0","left":"0","isLinked":false},"limit":8},"elements":[],"isInner":false,"widgetType":"ecomus-product-grid","elType":"widget"}],"isInner":false,"elType":"container"},{"id":"3e7fad2","settings":{"flex_gap":{"column":"16","row":"16","isLinked":true,"unit":"px","size":16},"boxed_width":{"unit":"px","size":1440,"sizes":[]}},"elements":[{"id":"57fa3db8","settings":{"title":"Shop the look","title_size":"h3","align":"center","typography_typography":"custom","typography_font_size":{"unit":"px","size":42,"sizes":[]},"typography_font_weight":"400","typography_font_size_tablet":{"unit":"px","size":32,"sizes":[]},"typography_font_size_mobile":{"unit":"px","size":24,"sizes":[]}},"elements":[],"isInner":false,"widgetType":"ecomus-heading","elType":"widget"},{"id":"2fa39fc3","settings":{"title":"Inspire and let yourself be inspired, from one unique fashion to another.","title_size":"div","align":"center","title_color":"#000000","typography_typography":"custom","typography_font_size":{"unit":"px","size":16,"sizes":[]},"typography_font_size_mobile":{"unit":"px","size":14,"sizes":[]},"typography_line_height_mobile":{"unit":"px","size":20,"sizes":[]}},"elements":[],"isInner":false,"widgetType":"ecomus-heading","elType":"widget"}],"isInner":false,"elType":"container"},{"id":"2fc10d3e","settings":{"container_type":"grid","grid_columns_grid":{"unit":"fr","size":1},"grid_rows_grid":{"unit":"fr","size":"1"},"grid_rows_grid_mobile":{"unit":"fr","size":"1"},"content_width":"full","grid_gaps":{"column":"0","row":"0","isLinked":true,"unit":"px"},"margin":{"unit":"px","top":"55","right":"0","bottom":"85","left":"0","isLinked":false},"margin_tablet":{"unit":"px","top":"33","right":"0","bottom":"70","left":"0","isLinked":false},"margin_mobile":{"unit":"px","top":"30","right":"0","bottom":"60","left":"0","isLinked":false},"boxed_width":{"unit":"px","size":2000,"sizes":[]}},"elements":[{"id":"6c0d2355","settings":{"items":[{"image":{"url":"http:\/\/localhost:3000\/dev\/ecomus\/wp-content\/uploads\/sites\/28\/2024\/06\/lookbook3.webp","id":1352,"alt":"","source":"library","size":""},"_id":"b3f3814","product_items_ids_1":1357,"product_items_position_x_1":{"unit":"%","size":44,"sizes":[]},"product_items_position_y_1":{"unit":"%","size":60,"sizes":[]},"product_items_ids_2":798,"product_items_position_x_2_mobile":{"unit":"px","size":199,"sizes":[]},"product_items_position_y_2":{"unit":"%","size":86,"sizes":[]},"product_items_position_y_2_mobile":{"unit":"px","size":194,"sizes":[]}},{"image":{"url":"http:\/\/localhost:3000\/dev\/ecomus\/wp-content\/uploads\/sites\/28\/2024\/06\/lookbook4.webp","id":1353,"alt":"","source":"library","size":""},"_id":"f882440","product_items_ids_1":1367,"product_items_position_x_1":{"unit":"%","size":49,"sizes":[]},"product_items_position_y_1":{"unit":"%","size":20,"sizes":[]},"product_content_items_position_x_1_tablet":{"unit":"px","size":-5,"sizes":[]},"product_content_items_position_y_1_tablet":{"unit":"px","size":35,"sizes":[]},"product_arrow_items_position_y_1_tablet":{"unit":"px","size":30,"sizes":[]}}],"aspect_ratio_type":"horizontal","image_spacing_custom":"","dots_type":"background","navigation_classes_mobile":"dots","image_border_radius":{"unit":"px","top":"0","right":"0","bottom":"0","left":"0","isLinked":true},"image_1":{"url":"https:\/\/wpecomus.com\/fashion\/wp-content\/uploads\/sites\/2\/2024\/06\/lookbook3.webp","id":1352,"size":"","alt":"","source":"library"},"items_1":[{"_id":"eed18d0","product_items_ids":1357,"product_items_position_x":{"unit":"%","size":"","sizes":[]},"product_items_position_y":{"unit":"%","size":53,"sizes":[]},"product_content_items_position_x_tablet":{"unit":"px","size":40,"sizes":[]}},{"_id":"2a77aed","product_items_ids":798,"product_items_position_x":{"unit":"%","size":60,"sizes":[]},"product_items_position_y":{"unit":"%","size":78,"sizes":[]}}],"image_2":{"url":"https:\/\/wpecomus.com\/fashion\/wp-content\/uploads\/sites\/2\/2024\/06\/lookbook4.webp","id":1353,"size":"","alt":"","source":"library"},"items_2":[{"_id":"555117a","product_items_ids":1367,"product_items_position_y":{"unit":"%","size":18,"sizes":[]},"product_content_items_position_y":{"unit":"px","size":40,"sizes":[]},"product_arrow_items_position_y":{"unit":"px","size":33,"sizes":[]}}],"items_3":[],"items_4":[],"slides_to_show_mobile":1,"slides_to_scroll_mobile":1,"button_style":"outline-dark"},"elements":[],"isInner":false,"widgetType":"ecomus-images-hotspot-carousel","elType":"widget"}],"isInner":false,"elType":"container"},{"id":"6d7e69d8","settings":{"flex_gap":{"column":"16","row":"16","isLinked":true,"unit":"px","size":16},"boxed_width":{"unit":"px","size":1440,"sizes":[]}},"elements":[{"id":"67b799d","settings":{"title":"Happy Clients","title_size":"h3","align":"center","typography_typography":"custom","typography_font_size":{"unit":"px","size":42,"sizes":[]},"typography_font_weight":"400","typography_font_size_tablet":{"unit":"px","size":32,"sizes":[]},"typography_font_size_mobile":{"unit":"px","size":24,"sizes":[]}},"elements":[],"isInner":false,"widgetType":"ecomus-heading","elType":"widget"},{"id":"2323d4c8","settings":{"title":"Hear what they say about us","title_size":"div","align":"center","title_color":"#000000","typography_typography":"custom","typography_font_size":{"unit":"px","size":16,"sizes":[]},"typography_font_size_mobile":{"unit":"px","size":14,"sizes":[]},"typography_line_height_mobile":{"unit":"px","size":20,"sizes":[]}},"elements":[],"isInner":false,"widgetType":"ecomus-heading","elType":"widget"}],"isInner":false,"elType":"container"},{"id":"30ba910c","settings":{"boxed_width":{"unit":"px","size":1440,"sizes":[]},"margin":{"unit":"px","top":"50","right":"0","bottom":"75","left":"0","isLinked":false},"margin_tablet":{"unit":"px","top":"30","right":"0","bottom":"54","left":"0","isLinked":false},"margin_mobile":{"unit":"px","top":"30","right":"0","bottom":"50","left":"0","isLinked":false}},"elements":[{"id":"115e3d2","settings":{"testimonials":[{"testimonial_name":"Robert smith","_id":"060ec67","testimonial_title":"Best Online Fashion Site","testimonial_content":"\u201cI always find something stylish and affordable on this web fashion site\u201d","testimonial_text":"Customer from USA","testimonial_product_id":483},{"testimonial_name":"Allen Lyn","testimonial_title":"Great Selection and Quality","testimonial_content":"\"I love the variety of styles and the high-quality clothing on this web fashion site.\"","testimonial_text":"Customer from Fance","testimonial_product_id":782,"_id":"ecea334"},{"testimonial_name":"Peter Rope","testimonial_title":"Best Customer Service","testimonial_content":"\"I finally found a web fashion site with stylish and flattering options in my size.\"","testimonial_text":"Customer from USA","testimonial_product_id":871,"_id":"19e023e"},{"testimonial_name":"Hellen Ase","_id":"4c7dbb3","testimonial_title":"Great Selection and Quality","testimonial_content":"\"I love the variety of styles and the high-quality clothing on this web fashion site.\"","testimonial_text":"Customer from Japan","testimonial_product_id":775}],"navigation_classes_tablet":"dots","navigation_classes_mobile":"dots","text_typography_font_size":{"unit":"px","size":103,"sizes":[]},"content_typography_typography":"custom","content_typography_font_size_mobile":{"unit":"px","size":16,"sizes":[]},"slides_to_show_tablet":2,"slides_to_scroll_tablet":2,"slides_to_show_mobile":1,"slides_to_scroll_mobile":1,"arrows_show":"1","arrows_type":"outline-dark","item_border_radius":{"unit":"px","top":"10","right":"10","bottom":"10","left":"10","isLinked":true}},"elements":[],"isInner":false,"widgetType":"ecomus-testimonial-carousel-2","elType":"widget"}],"isInner":false,"elType":"container"},{"id":"53cef574","settings":{"boxed_width":{"unit":"px","size":1440,"sizes":[]},"margin":{"unit":"px","top":"0","right":"0","bottom":"75","left":"0","isLinked":false},"margin_tablet":{"unit":"px","top":"0","right":"0","bottom":"50","left":"0","isLinked":false},"margin_mobile":{"unit":"px","top":"0","right":"0","bottom":"50","left":"0","isLinked":false}},"elements":[{"id":"5be57e7a","settings":{"items":[{"_id":"59005f5","image":{"id":1378,"url":"https:\/\/wpecomus.com\/fashion\/wp-content\/uploads\/sites\/2\/2024\/06\/001fashion-brand-01.webp","alt":"","source":"library","size":""},"link":{"url":"https:\/\/wpecomus.com\/fashion\/product-brand\/parda\/","is_external":"","nofollow":"","custom_attributes":""}},{"_id":"af02832","image":{"id":1382,"url":"https:\/\/wpecomus.com\/fashion\/wp-content\/uploads\/sites\/2\/2024\/06\/001fashion-brand-06.webp","alt":"","source":"library","size":""},"link":{"url":"https:\/\/wpecomus.com\/fashion\/product-brand\/burberry\/","is_external":"","nofollow":"","custom_attributes":""}},{"_id":"dba0e9f","image":{"id":1377,"url":"https:\/\/wpecomus.com\/fashion\/wp-content\/uploads\/sites\/2\/2024\/06\/001fashion-brand-02.png","alt":"","source":"library","size":""},"link":{"url":"https:\/\/wpecomus.com\/fashion\/product-brand\/just-cavalli\/","is_external":"","nofollow":"","custom_attributes":""}},{"_id":"f52b6c1","image":{"id":1379,"url":"https:\/\/wpecomus.com\/fashion\/wp-content\/uploads\/sites\/2\/2024\/06\/001fashion-brand-03.webp","alt":"","source":"library","size":""},"link":{"url":"https:\/\/wpecomus.com\/fashion\/product-brand\/asos\/","is_external":"","nofollow":"","custom_attributes":""}},{"_id":"e0d4224","image":{"id":1381,"url":"https:\/\/wpecomus.com\/fashion\/wp-content\/uploads\/sites\/2\/2024\/06\/001fashion-brand-05.webp","alt":"","source":"library","size":""},"link":{"url":"https:\/\/wpecomus.com\/fashion\/product-brand\/topshop\/","is_external":"","nofollow":"","custom_attributes":""}},{"_id":"78a5e89","image":{"id":1380,"url":"https:\/\/wpecomus.com\/fashion\/wp-content\/uploads\/sites\/2\/2024\/06\/001fashion-brand-04.webp","alt":"","source":"library","size":""},"link":{"url":"https:\/\/wpecomus.com\/fashion\/product-brand\/longines\/","is_external":"","nofollow":"","custom_attributes":""}}],"slides_to_show_tablet":3,"slides_to_show_mobile":2,"navigation_classes_tablet":"dots","navigation_classes_mobile":"dots","border_radius":{"unit":"px","top":"10","right":"10","bottom":"10","left":"10","isLinked":true}},"elements":[],"isInner":false,"widgetType":"ecomus-image-carousel","elType":"widget"}],"isInner":false,"elType":"container"},{"id":"35dd0597","settings":{"flex_gap":{"column":"16","row":"16","isLinked":true,"unit":"px","size":16},"boxed_width":{"unit":"px","size":1440,"sizes":[]},"margin":{"unit":"px","top":"0","right":"0","bottom":"55","left":"0","isLinked":false},"margin_tablet":{"unit":"px","top":"0","right":"0","bottom":"5","left":"0","isLinked":false},"margin_mobile":{"unit":"px","top":"0","right":"0","bottom":"0","left":"0","isLinked":true}},"elements":[{"id":"252f5780","settings":{"title":"Shop Gram","title_size":"h3","align":"center","typography_typography":"custom","typography_font_size":{"unit":"px","size":42,"sizes":[]},"typography_font_weight":"400","typography_font_size_tablet":{"unit":"px","size":32,"sizes":[]},"typography_font_size_mobile":{"unit":"px","size":24,"sizes":[]}},"elements":[],"isInner":false,"widgetType":"ecomus-heading","elType":"widget"},{"id":"4ecb7893","settings":{"title":"Inspire and let yourself be inspired, from one unique fashion to another.","title_size":"div","align":"center","title_color":"#000000","typography_typography":"custom","typography_font_size":{"unit":"px","size":16,"sizes":[]},"typography_font_size_mobile":{"unit":"px","size":14,"sizes":[]},"typography_line_height_mobile":{"unit":"px","size":20,"sizes":[]}},"elements":[],"isInner":false,"widgetType":"ecomus-heading","elType":"widget"}],"isInner":false,"elType":"container"},{"id":"42e637bf","settings":{"boxed_width":{"unit":"px","size":1440,"sizes":[]},"margin_tablet":{"unit":"px","top":"30","right":"0","bottom":"60","left":"0","isLinked":false},"margin_mobile":{"unit":"px","top":"30","right":"0","bottom":"50","left":"0","isLinked":false},"presetTitle":"Container","presetIcon":"eicon-container"},"elements":[{"id":"124456d7","settings":{"instagram_type":"custom","limit":5,"slides_to_show_tablet":3,"slides_to_show_mobile":2,"image_spacing_custom_tablet":7,"image_spacing_custom_mobile":7,"navigation_classes":"dots","navigation_classes_tablet":"dots","navigation_classes_mobile":"dots","instagrams":[{"_id":"d64a8d1","image":{"id":1389,"url":"https:\/\/wpecomus.com\/fashion\/wp-content\/uploads\/sites\/2\/2024\/06\/im1.webp","alt":"","source":"library","size":""},"product_id":775},{"_id":"6b391fb","image":{"id":1390,"url":"https:\/\/wpecomus.com\/fashion\/wp-content\/uploads\/sites\/2\/2024\/06\/im2.webp","alt":"","source":"library","size":""},"product_id":666},{"_id":"166877d","image":{"id":1391,"url":"https:\/\/wpecomus.com\/fashion\/wp-content\/uploads\/sites\/2\/2024\/06\/im3.webp","alt":"","source":"library","size":""},"product_id":1367},{"_id":"361a114","image":{"id":1392,"url":"https:\/\/wpecomus.com\/fashion\/wp-content\/uploads\/sites\/2\/2024\/06\/im4.webp","alt":"","source":"library","size":""},"product_id":993},{"_id":"5a60148","image":{"id":1393,"url":"https:\/\/wpecomus.com\/fashion\/wp-content\/uploads\/sites\/2\/2024\/06\/im5.webp","alt":"","source":"library","size":""},"product_id":1005}],"aspect_ratio_type":"square","icon_border_radius":{"unit":"%","top":"100","right":"100","bottom":"100","left":"100","isLinked":true}},"elements":[],"isInner":false,"widgetType":"ecomus-instagram","elType":"widget"}],"isInner":false,"elType":"container"},{"id":"30f11d01","settings":{"boxed_width":{"unit":"px","size":1440,"sizes":[]},"margin":{"unit":"px","top":"30","right":"0","bottom":"60","left":"0","isLinked":false},"margin_mobile":{"unit":"px","top":"0","right":"0","bottom":"45","left":"0","isLinked":false}},"elements":[{"id":"3524d48e","settings":{"content_width":"full","icons_box":[{"icon":{"value":{"url":"http:\/\/localhost:3000\/dev\/ecomus\/wp-content\/uploads\/sites\/28\/2024\/06\/box.svg","id":1397},"library":"svg"},"title":"Free Shipping","description":"You will love at great low prices","_id":"82d6a6a","title_size":"h6"},{"icon":{"value":{"url":"http:\/\/localhost:3000\/dev\/ecomus\/wp-content\/uploads\/sites\/28\/2024\/06\/card.svg","id":1398},"library":"svg"},"title":"Flexible Payment","description":"Pay with Multiple Credit Cards","_id":"a15fb08","title_size":"h6"},{"icon":{"value":{"url":"http:\/\/localhost:3000\/dev\/ecomus\/wp-content\/uploads\/sites\/28\/2024\/06\/return.svg","id":1399},"library":"svg"},"title":"14 Day Returns","description":"Within 30 days for an exchange","_id":"edf6df9","title_size":"h6"},{"_id":"1e7f2a4","icon":{"value":{"url":"http:\/\/localhost:3000\/dev\/ecomus\/wp-content\/uploads\/sites\/28\/2024\/06\/support.svg","id":1400},"library":"svg"},"title":"Premium Support","description":"Outstanding premium support","title_size":"h6"}],"slides_to_show":4,"navigation_classes_tablet":"dots","navigation_classes_mobile":"dots","content_padding":{"unit":"px","top":"26","right":"20","bottom":"26","left":"20","isLinked":false},"content_border_border":"solid","content_border_width":{"unit":"px","top":"1","right":"1","bottom":"1","left":"1","isLinked":true},"content_border_color":"#EBEBEB","content_border_radius":{"unit":"px","top":"10","right":"10","bottom":"10","left":"10","isLinked":true},"title_typography_typography":"custom","title_typography_font_size":{"unit":"px","size":18,"sizes":[]},"title_typography_font_weight":"500","description_color":"#080808","icon_color":"#000000","icon_size":{"unit":"px","size":30,"sizes":[]},"alignment":"center","icon_spacing":{"unit":"px","size":30,"sizes":[]}},"elements":[],"isInner":false,"widgetType":"ecomus-icon-box-carousel","elType":"widget"}],"isInner":false,"elType":"container"}],"page_settings":{"hide_page_header":"yes","content_top_spacing":"custom","content_top_padding":{"unit":"px","size":0,"sizes":[]},"content_bottom_spacing":"custom","content_bottom_padding":{"unit":"px","size":0,"sizes":[]},"header_background":"transparent"},"version":"0.4","title":"Home Fashion v1","type":"page"}