{"content":[{"id":"7ba5abe8","settings":{"content_width":"full"},"elements":[{"id":"6c3d11da","settings":{"content_width":"full","slides":[{"title":"Effortless Elegance","description":"From casual to formal, we've got you covered","button_text":"Shop collection","_id":"9bd7afa","banner_background_img":{"id":3927,"url":"https:\/\/wpecomus.com\/fashion\/wp-content\/uploads\/sites\/2\/2024\/07\/homev5_slider01-scaled.webp","alt":"","source":"library","size":""},"button_link":{"url":"https:\/\/wpecomus.com\/fashion\/product-category\/women\/tops\/","is_external":"","nofollow":"","custom_attributes":""}},{"title":"The mystery behind","description":"From casual to formal, we've got you covered","button_text":"Shop collection","banner_background_img":{"id":3928,"url":"https:\/\/wpecomus.com\/fashion\/wp-content\/uploads\/sites\/2\/2024\/07\/homev5_slider02-scaled.webp","alt":"","source":"library","size":""},"_id":"1c37a9d","button_link":{"url":"https:\/\/wpecomus.com\/fashion\/product-category\/women\/sweaters\/","is_external":"","nofollow":"","custom_attributes":""}},{"title":"Multi-faceted Beauty","description":"From casual to formal, we've got you covered","button_text":"Shop collection","banner_background_img":{"id":3929,"url":"https:\/\/wpecomus.com\/fashion\/wp-content\/uploads\/sites\/2\/2024\/07\/homev5_slider03-scaled.webp","alt":"","source":"library","size":""},"_id":"d5bce5e","button_link":{"url":"https:\/\/wpecomus.com\/fashion\/product-category\/women\/shirts-blouses\/","is_external":"","nofollow":"","custom_attributes":""}}],"slides_height":{"unit":"vh","size":100,"sizes":[]},"slides_height_tablet":{"unit":"px","size":500,"sizes":[]},"slides_height_mobile":{"unit":"px","size":450,"sizes":[]},"slides_horizontal_position":"center","slides_vertical_position":"middle","slides_text_align":"center","title_color":"#FFFFFF","description_color":"#FFFFFF","navigation_classes":"dots","dot_item_color":"#FFFFFF66","dot_item_active_color":"#FFFFFF","show_button_icon":"alway","button_icon":{"value":{"url":"https:\/\/wpecomus.com\/fashion\/wp-content\/uploads\/sites\/2\/2024\/07\/arrow-right.svg","id":3886},"library":"svg"},"button_icon_padding":{"unit":"px","top":"2","right":"0","bottom":"0","left":"0","isLinked":false},"button_style":"light","navigation_classes_tablet":"dots","dots_type":"","dots_size_mobile":{"unit":"px","size":5,"sizes":[]},"description_typography_typography":"custom","description_typography_font_size_mobile":{"unit":"px","size":14,"sizes":[]},"description_typography_line_height_mobile":{"unit":"px","size":22.4,"sizes":[]},"description_spacing_mobile":{"unit":"px","size":25,"sizes":[]},"button_icon_padding_mobile":{"unit":"px","top":"01","right":"0","bottom":"0","left":"0","isLinked":false}},"elements":[],"isInner":false,"widgetType":"ecomus-slides","elType":"widget"}],"isInner":false,"elType":"container"},{"id":"4e576e5c","settings":{"content_width":"full","padding":{"unit":"px","top":"68","right":"0","bottom":"70","left":"40","isLinked":false},"padding_mobile":{"unit":"px","top":"40","right":"0","bottom":"50","left":"15","isLinked":false},"padding_tablet":{"unit":"px","top":"68","right":"0","bottom":"70","left":"30","isLinked":false}},"elements":[{"id":"4a7ab016","settings":{"content_width":"full","Heading":"This is the heading","items":[{"image":{"url":"https:\/\/wpecomus.com\/fashion\/wp-content\/uploads\/sites\/2\/2024\/07\/homev5_cat1.webp","id":3930,"size":"","alt":"","source":"library"},"_id":"76a282c","product_cat":"blazers"},{"image":{"id":3931,"url":"https:\/\/wpecomus.com\/fashion\/wp-content\/uploads\/sites\/2\/2024\/07\/homev5_cat2.webp","alt":"","source":"library","size":""},"_id":"7ef89f5","product_cat":"sweaters"},{"image":{"id":3932,"url":"https:\/\/wpecomus.com\/fashion\/wp-content\/uploads\/sites\/2\/2024\/07\/homev5_cat3.webp","alt":"","source":"library","size":""},"_id":"83c0d71","product_cat":"sneakers"},{"image":{"id":3933,"url":"https:\/\/wpecomus.com\/fashion\/wp-content\/uploads\/sites\/2\/2024\/07\/homev5_cat4.webp","alt":"","source":"library","size":""},"_id":"aa5d62a","product_cat":"sunglasses"},{"image":{"id":3934,"url":"https:\/\/wpecomus.com\/fashion\/wp-content\/uploads\/sites\/2\/2024\/07\/homev5_cat5.webp","alt":"","source":"library","size":""},"_id":"6a52808","product_cat":"accessories"},{"image":{"id":3935,"url":"https:\/\/wpecomus.com\/fashion\/wp-content\/uploads\/sites\/2\/2024\/07\/homev5_cat6.webp","alt":"","source":"library","size":""},"product_cat":"men","_id":"260c36f"},{"image":{"id":3936,"url":"https:\/\/wpecomus.com\/fashion\/wp-content\/uploads\/sites\/2\/2024\/07\/homev5_cat7.webp","alt":"","source":"library","size":""},"product_cat":"shoes","_id":"d8b6a3c"}],"heading":"Featured Collections","slides_to_show_tablet":2,"slides_to_show_mobile":2,"space_between_tablet":{"unit":"px","size":15,"sizes":[]},"aspect_ratio_type":"vertical","aspect_ratio":"11:13","button_text":"","slides_to_scroll_tablet":2,"navigation_classes_tablet":"none","navigation_classes_mobile":"none","button_border_radius":{"unit":"%","top":"100","right":"100","bottom":"100","left":"100","isLinked":true},"show_heading":"yes","button_padding":{"unit":"px","top":"0","right":"0","bottom":"0","left":"0","isLinked":true},"arrows_vertical_spacing":{"unit":"%","size":45,"sizes":[]},"arrows_vertical_spacing_tablet":{"unit":"%","size":"","sizes":[]},"arrows_vertical_spacing_mobile":{"unit":"%","size":"","sizes":[]},"show_button_icon":"alway","button_icon":{"value":{"url":"https:\/\/wpecomus.com\/fashion\/wp-content\/uploads\/sites\/2\/2024\/06\/arrow-top-right.svg","id":1340},"library":"svg"},"button_min_width":{"unit":"px","size":45,"sizes":[]},"button_min_height":{"unit":"px","size":45,"sizes":[]},"button_icon_indent":{"unit":"px","size":0,"sizes":[]},"button_icon_size":{"unit":"px","size":10,"sizes":[]},"image_spacing_custom_mobile":15,"slidesperview_auto":"yes","slidesperview_auto_tablet":"yes","slidesperview_auto_mobile":"yes","title_spacing_mobile":{"unit":"px","size":16,"sizes":[]},"count_spacing_mobile":{"unit":"px","size":5,"sizes":[]},"button_min_width_mobile":{"unit":"px","size":35,"sizes":[]},"button_min_height_mobile":{"unit":"px","size":35,"sizes":[]},"heading_typography_typography":"custom","heading_typography_font_size_tablet":{"unit":"px","size":32,"sizes":[]},"heading_typography_font_size_mobile":{"unit":"px","size":22,"sizes":[]}},"elements":[],"isInner":false,"widgetType":"ecomus-categories-carousel","elType":"widget"}],"isInner":false,"elType":"container"},{"id":"1cfe3b0a","settings":{"flex_gap":{"column":"10","row":"10","isLinked":true,"unit":"px","size":10},"padding":{"unit":"px","top":"40","right":"0","bottom":"120","left":"0","isLinked":false},"padding_mobile":{"unit":"px","top":"5","right":"0","bottom":"40","left":"0","isLinked":false}},"elements":[{"id":"500f8ec9","settings":{"content_width":"full","title":"Editor's Picks","title_size":"h4","align":"center","typography_typography":"custom","typography_font_size_tablet":{"unit":"px","size":32,"sizes":[]},"typography_font_size_mobile":{"unit":"px","size":22,"sizes":[]}},"elements":[],"isInner":false,"widgetType":"ecomus-heading","elType":"widget"},{"id":"36ac7246","settings":{"content_width":"full","slides_to_show_tablet":3,"slides_to_show_mobile":2,"slides_to_scroll_tablet":3,"slides_to_scroll_mobile":2,"image_spacing_custom_mobile":15,"navigation_classes_tablet":"none","navigation_classes_mobile":"none","show_heading":"yes","heading_display":"center","heading":"View All","link":{"url":"https:\/\/wpecomus.com\/fashion\/shop\/","is_external":"","nofollow":"","custom_attributes":""},"arrows_prev_icon":{"value":{"url":"https:\/\/wpecomus.com\/fashion\/wp-content\/uploads\/sites\/2\/2024\/07\/arrow-left-1.svg","id":3940},"library":"svg"},"arrows_next_icon":{"value":{"url":"https:\/\/wpecomus.com\/fashion\/wp-content\/uploads\/sites\/2\/2024\/07\/arrow-right-1.svg","id":3941},"library":"svg"},"arrows_vertical_spacing":{"unit":"%","size":45,"sizes":[]},"arrows_vertical_spacing_tablet":{"unit":"%","size":"","sizes":[]},"arrows_vertical_spacing_mobile":{"unit":"%","size":"","sizes":[]},"heading_typography_typography":"custom"},"elements":[],"isInner":false,"widgetType":"ecomus-products-carousel","elType":"widget"}],"isInner":false,"elType":"container"},{"id":"7843fa51","settings":{"flex_direction":"row","flex_gap":{"unit":"px","size":0,"column":"0","row":"0","isLinked":true},"min_height":{"unit":"px","size":875,"sizes":[]},"flex_justify_content":"space-between","flex_align_items":"center","background_background":"classic","background_image":{"id":3942,"url":"https:\/\/wpecomus.com\/fashion\/wp-content\/uploads\/sites\/2\/2024\/07\/homev5_banner01.webp","alt":"","source":"library","size":""},"boxed_width_mobile":{"unit":"%","size":"","sizes":[]},"min_height_tablet":{"unit":"px","size":490,"sizes":[]},"min_height_mobile":{"unit":"px","size":350,"sizes":[]},"background_position_tablet":"bottom center","background_repeat":"no-repeat","background_size":"cover"},"elements":[{"id":"6adb5d9c","settings":{"flex_direction":"column","width":{"unit":"%","size":"50"},"width_tablet":{"unit":"%","size":100,"sizes":[]},"width_mobile":{"unit":"%","size":"","sizes":[]},"boxed_width_mobile":{"unit":"%","size":85,"sizes":[]},"flex_gap":{"column":"22","row":"22","isLinked":true,"unit":"px","size":22},"flex_gap_mobile":{"column":"15","row":"15","isLinked":true,"unit":"px","size":15}},"elements":[{"id":"7cb43ee9","settings":{"content_width":"full","title":"Last Chance Offers","title_size":"h3","typography_typography":"custom","typography_font_size_tablet":{"unit":"px","size":40,"sizes":[]},"typography_font_size_mobile":{"unit":"px","size":22,"sizes":[]}},"elements":[],"isInner":false,"widgetType":"ecomus-heading","elType":"widget"},{"id":"2b5e64f3","settings":{"content_width":"full","editor":"Get Them Before They're Gone","text_color":"#000000","typography_typography":"custom","typography_font_size":{"unit":"px","size":20,"sizes":[]},"typography_font_weight":"400","typography_line_height":{"unit":"px","size":30,"sizes":[]},"typography_font_size_tablet":{"unit":"px","size":16,"sizes":[]}},"elements":[],"isInner":false,"widgetType":"text-editor","elType":"widget"},{"id":"1405060c","settings":{"content_width":"full","timer_border_border":"none","timer_border_radius":{"unit":"%","top":"50","right":"50","bottom":"50","left":"50","isLinked":true},"timer_width":{"unit":"px","size":90,"sizes":[]},"timer_background_color":"#FFFFFF","timer_gap":{"unit":"px","size":16,"sizes":[]},"timer_width_mobile":{"unit":"px","size":60,"sizes":[]},"timer_padding":{"unit":"px","top":"17","right":"17","bottom":"17","left":"17","isLinked":true},"timer_padding_tablet":{"unit":"px","top":"23","right":"0","bottom":"23","left":"0","isLinked":false},"timer_padding_mobile":{"unit":"px","top":"8","right":"0","bottom":"8","left":"0","isLinked":false},"digit_typography_typography":"custom","digit_typography_font_size_tablet":{"unit":"px","size":20,"sizes":[]},"text_typography_typography":"custom","text_typography_font_size":{"unit":"px","size":12,"sizes":[]},"text_typography_font_weight":"700","text_typography_text_transform":"uppercase","_margin":{"unit":"px","top":"0","right":"0","bottom":"13","left":"0","isLinked":false},"_margin_tablet":{"unit":"px","top":"0","right":"0","bottom":"15","left":"0","isLinked":false},"_margin_mobile":{"unit":"px","top":"0","right":"0","bottom":"10","left":"0","isLinked":false}},"elements":[],"isInner":false,"widgetType":"ecomus-countdown","elType":"widget"},{"id":"6d5a2e0d","settings":{"content_width":"full","text":"Shop now - $129","typography_typography":"custom","typography_font_weight":"600","text_padding":{"unit":"px","top":"15","right":"25","bottom":"15","left":"25","isLinked":false},"button_text":"Shop Now - $129","button_link":{"url":"https:\/\/wpecomus.com\/fashion\/product\/shein-ezwear-shoulder-tee\/","is_external":"","nofollow":"","custom_attributes":""},"button_padding":{"unit":"px","top":"16","right":"30","bottom":"16","left":"30","isLinked":false}},"elements":[],"isInner":false,"widgetType":"ecomus-button","elType":"widget"}],"isInner":true,"elType":"container"}],"isInner":false,"elType":"container"},{"id":"4dd04923","settings":{"padding":{"unit":"px","top":"130","right":"0","bottom":"65","left":"0","isLinked":false},"padding_mobile":{"unit":"px","top":"60","right":"0","bottom":"30","left":"0","isLinked":false}},"elements":[{"id":"29de5242","settings":{"content_width":"full","image":{"id":4034,"url":"https:\/\/wpecomus.com\/fashion\/wp-content\/uploads\/sites\/2\/2024\/07\/homev5_lookbook.webp","alt":"","source":"library","size":""},"title":"Shop this look","sub_title":"SPRING SALE 30% OFF","lookbook_products":[{"_id":"8221ad1","product_id":546,"pin_position_x":{"unit":"%","size":20,"sizes":[]},"pin_position_y":{"unit":"%","size":6,"sizes":[]}},{"_id":"39efccb","product_id":871}],"sub_title_spacing":{"unit":"px","size":7,"sizes":[]},"title_typography_typography":"custom","title_typography_font_size_tablet":{"unit":"px","size":30,"sizes":[]}},"elements":[],"isInner":false,"widgetType":"ecomus-lookbook-products","elType":"widget"}],"isInner":false,"elType":"container"},{"id":"31e3ed8d","settings":{"flex_direction":"column"},"elements":[{"id":"e424718","settings":{"content_width":"full","icons_box":[{"icon":{"value":{"url":"https:\/\/wpecomus.com\/fashion\/wp-content\/uploads\/sites\/2\/2024\/07\/global.svg","id":3943},"library":"svg"},"title":"Free Shipping","description":"Free shipping over order $120","_id":"6e4affc"},{"icon":{"value":{"url":"https:\/\/wpecomus.com\/fashion\/wp-content\/uploads\/sites\/2\/2024\/07\/payment.svg","id":3944},"library":"svg"},"title":"Flexible Payment","description":"Pay with Multiple Credit Cards","_id":"65ada0a"},{"icon":{"value":{"url":"https:\/\/wpecomus.com\/fashion\/wp-content\/uploads\/sites\/2\/2024\/07\/return.svg","id":3945},"library":"svg"},"title":"14 Day Returns","description":"Within 30 days for an exchange","_id":"171f643"}],"icon_box_carousel_padding":{"unit":"px","top":"50","right":"0","bottom":"50","left":"0","isLinked":false},"icon_box_carousel_border_border":"solid","icon_box_carousel_border_width":{"unit":"px","top":"1","right":"1","bottom":"1","left":"1","isLinked":true},"icon_box_carousel_border_color":"#ECECEC","icon_box_carousel_border_between":"yes","title_typography_typography":"custom","title_typography_font_size":{"unit":"px","size":18,"sizes":[]},"title_typography_font_weight":"500","title_spacing":{"unit":"px","size":10,"sizes":[]},"slides_to_show_tablet":2,"slides_to_show_mobile":1,"slides_to_scroll_tablet":2,"slides_to_scroll_mobile":1,"image_spacing_custom":0,"navigation_classes_tablet":"dots","navigation_classes_mobile":"dots","icon_box_carousel_border_radius":{"unit":"px","top":"10","right":"10","bottom":"10","left":"10","isLinked":true},"dots_spacing_mobile":{"unit":"px","size":20,"sizes":[]},"alignment":"center","icon_spacing":{"unit":"px","size":30,"sizes":[]},"icon_box_carousel_padding_mobile":{"unit":"px","top":"30","right":"0","bottom":"30","left":"0","isLinked":false}},"elements":[],"isInner":false,"widgetType":"ecomus-icon-box-carousel","elType":"widget"}],"isInner":false,"elType":"container"},{"id":"10da78d7","settings":{"flex_direction":"column","boxed_width":{"unit":"px","size":1440,"sizes":[]},"flex_gap":{"column":"15","row":"15","isLinked":true,"unit":"px","size":15},"flex_gap_mobile":{"column":"5","row":"5","isLinked":true,"unit":"px","size":5},"padding_mobile":{"unit":"px","top":"40","right":"0","bottom":"30","left":"0","isLinked":false},"padding":{"unit":"px","top":"65","right":"0","bottom":"60","left":"0","isLinked":false},"padding_tablet":{"unit":"px","top":"50","right":"0","bottom":"60","left":"0","isLinked":false}},"elements":[{"id":"30624b5f","settings":{"title":"Shop Gram","title_size":"h4","align":"center","typography_typography":"custom","typography_font_size_tablet":{"unit":"px","size":32,"sizes":[]},"typography_font_size_mobile":{"unit":"px","size":22,"sizes":[]}},"elements":[],"isInner":false,"widgetType":"ecomus-heading","elType":"widget"},{"id":"1ce28b18","settings":{"editor":"<p>Inspire and let yourself be inspired, from one unique fashion to another.<\/p>","align":"center","text_color":"#545454","typography_typography":"custom","typography_font_family":"Albert Sans","typography_font_size":{"unit":"px","size":16,"sizes":[]},"typography_font_weight":"400","typography_line_height":{"unit":"px","size":22,"sizes":[]},"_margin":{"unit":"px","top":"0","right":"0","bottom":"30","left":"0","isLinked":false},"_margin_mobile":{"unit":"px","top":"0","right":"0","bottom":"10","left":"0","isLinked":false},"typography_font_size_mobile":{"unit":"px","size":14,"sizes":[]},"typography_line_height_mobile":{"unit":"px","size":20,"sizes":[]}},"elements":[],"isInner":false,"widgetType":"text-editor","elType":"widget"},{"id":"37e361c5","settings":{"instagram_type":"custom","limit":5,"slides_to_show_tablet":3,"slides_to_show_mobile":2,"image_spacing_custom_tablet":7,"image_spacing_custom_mobile":7,"navigation_classes_tablet":"dots","navigation_classes_mobile":"dots","instagrams":[{"_id":"d64a8d1","image":{"id":1389,"url":"https:\/\/wpecomus.com\/fashion\/wp-content\/uploads\/sites\/2\/2024\/06\/im1.webp","alt":"","source":"library","size":""},"product_id":775},{"_id":"6b391fb","image":{"id":1390,"url":"https:\/\/wpecomus.com\/fashion\/wp-content\/uploads\/sites\/2\/2024\/06\/im2.webp","alt":"","source":"library","size":""},"product_id":666},{"_id":"166877d","image":{"id":1391,"url":"https:\/\/wpecomus.com\/fashion\/wp-content\/uploads\/sites\/2\/2024\/06\/im3.webp","alt":"","source":"library","size":""},"product_id":1367},{"_id":"361a114","image":{"id":1392,"url":"https:\/\/wpecomus.com\/fashion\/wp-content\/uploads\/sites\/2\/2024\/06\/im4.webp","alt":"","source":"library","size":""},"product_id":993},{"_id":"5a60148","image":{"id":1393,"url":"https:\/\/wpecomus.com\/fashion\/wp-content\/uploads\/sites\/2\/2024\/06\/im5.webp","alt":"","source":"library","size":""},"product_id":1005}],"aspect_ratio_type":"square","slides_to_scroll_tablet":3,"slides_to_scroll_mobile":2,"content_width":"full","icon_border_radius":{"unit":"%","top":"100","right":"100","bottom":"100","left":"100","isLinked":true}},"elements":[],"isInner":false,"widgetType":"ecomus-instagram","elType":"widget"}],"isInner":false,"elType":"container"}],"page_settings":{"hide_page_header":"yes","content_top_spacing":"custom","content_top_padding":{"unit":"px","size":0,"sizes":[]},"content_bottom_spacing":"custom","content_bottom_padding":{"unit":"px","size":0,"sizes":[]},"header_layout":"v1","header_background":"transparent","header_text_color":"light"},"version":"0.4","title":"Home Fashion v5","type":"page"}