{"content":[{"id":"65ee5c7e","settings":{"flex_direction":"column","content_width":"full","margin":{"unit":"px","top":"0","right":"0","bottom":"49","left":"0","isLinked":false},"margin_tablet":{"unit":"px","top":"0","right":"0","bottom":"43","left":"0","isLinked":false},"margin_mobile":{"unit":"px","top":"0","right":"0","bottom":"34","left":"0","isLinked":false}},"elements":[{"id":"dc0460","settings":{"slides":[{"_id":"fb0be1c","before_title":"Best Dog Accessories","title":"Put your<br> best paw forward","button_text":"Shop now","banner_background_img":{"id":6716,"url":"https:\/\/wpecomus.com\/dog-accessories\/wp-content\/uploads\/sites\/19\/2024\/11\/dog_slide1-png.webp","alt":"","source":"library","size":""},"background_position_mobile":"initial","background_position_x_mobile":{"unit":"%","size":52,"sizes":[]},"button_link":{"url":"https:\/\/wpecomus.com\/dog-accessories\/product\/the-scot-collar-mint\/","is_external":"","nofollow":"","custom_attributes":""}},{"_id":"d5d955a","before_title":"New Drop!","title":"Upgrade Playtime","button_text":"Shop now","banner_background_img":{"id":6717,"url":"https:\/\/wpecomus.com\/dog-accessories\/wp-content\/uploads\/sites\/19\/2024\/11\/dog_slide2-png.webp","alt":"","source":"library","size":""},"background_position_mobile":"initial","background_position_x_mobile":{"unit":"%","size":50,"sizes":[]},"button_link":{"url":"https:\/\/wpecomus.com\/dog-accessories\/product\/cushioned-dog-harness-moonstone\/","is_external":"","nofollow":"","custom_attributes":""}},{"title":"Stripe Tee<br> Rust and Ivory","button_text":"Shop now","_id":"b4496fc","before_title":"20% Sale Off","banner_background_img":{"id":6718,"url":"https:\/\/wpecomus.com\/dog-accessories\/wp-content\/uploads\/sites\/19\/2024\/11\/dog_slide3-png.webp","alt":"","source":"library","size":""},"background_position_mobile":"initial","background_position_x_mobile":{"unit":"%","size":51,"sizes":[]},"button_link":{"url":"https:\/\/wpecomus.com\/dog-accessories\/product\/stripe-tee-rust-and-ivory\/","is_external":"","nofollow":"","custom_attributes":""}}],"slides_height":{"unit":"px","size":838,"sizes":[]},"slides_height_tablet":{"unit":"px","size":450,"sizes":[]},"slides_height_mobile":{"unit":"px","size":400,"sizes":[]},"navigation_classes":"dots","navigation_classes_tablet":"dots","navigation_classes_mobile":"dots","title_color":"#000000","title_typography_typography":"custom","title_typography_font_size":{"unit":"px","size":70,"sizes":[]},"title_typography_font_size_tablet":{"unit":"px","size":50,"sizes":[]},"title_typography_font_size_mobile":{"unit":"px","size":32,"sizes":[]},"title_spacing":{"unit":"px","size":38,"sizes":[]},"title_spacing_mobile":{"unit":"px","size":24,"sizes":[]},"before_title_color":"#000000","before_title_typography_typography":"custom","before_title_typography_font_size":{"unit":"px","size":20,"sizes":[]},"before_title_typography_font_size_mobile":{"unit":"px","size":0,"sizes":[]},"before_title_typography_font_weight":"800","before_title_typography_text_transform":"uppercase","before_title_spacing":{"unit":"px","size":9,"sizes":[]},"before_title_spacing_mobile":{"unit":"px","size":0,"sizes":[]},"button_padding_tablet":{"unit":"px","top":"11","right":"32","bottom":"10","left":"32","isLinked":false},"button_typography_typography":"custom","button_typography_font_size_tablet":{"unit":"px","size":14,"sizes":[]},"button_typography_text_transform":"uppercase","dots_type":"line","dot_align":"center","button_padding":{"unit":"px","top":"16","right":"30","bottom":"15","left":"30","isLinked":false},"button_typography_font_size":{"unit":"px","size":14,"sizes":[]},"button_typography_font_weight":"600","button_typography_letter_spacing":{"unit":"px","size":2,"sizes":[]}},"elements":[],"isInner":false,"widgetType":"ecomus-slides","elType":"widget"}],"isInner":false,"elType":"container"},{"id":"557a80d7","settings":{"flex_direction":"row","flex_gap":{"unit":"px","size":30,"column":"30","row":"30","isLinked":true},"flex_direction_tablet":"column","flex_gap_mobile":{"column":"15","row":"15","isLinked":true,"unit":"px","size":15},"margin":{"unit":"px","top":"0","right":"0","bottom":"136","left":"0","isLinked":false},"margin_tablet":{"unit":"px","top":"0","right":"0","bottom":"112","left":"0","isLinked":false},"margin_mobile":{"unit":"px","top":"0","right":"0","bottom":"50","left":"0","isLinked":false}},"elements":[{"id":"29d7a8cd","settings":{"flex_direction":"column","content_width":"full","width":{"unit":"%","size":"50"},"width_tablet":{"unit":"%","size":100,"sizes":[]},"width_mobile":{"unit":"%","size":"","sizes":[]},"flex_direction_mobile":"column","flex_wrap_mobile":"nowrap"},"elements":[{"id":"2c5a33d4","settings":{"layout":"4","primary_image":{"id":6719,"url":"https:\/\/wpecomus.com\/dog-accessories\/wp-content\/uploads\/sites\/19\/2024\/11\/dog-bn-1-png.webp","alt":"","source":"library","size":""},"secondary_image":{"id":6721,"url":"https:\/\/wpecomus.com\/dog-accessories\/wp-content\/uploads\/sites\/19\/2024\/11\/dog-bn-3-png.webp","alt":"","source":"library","size":""},"third_image":{"id":6720,"url":"https:\/\/wpecomus.com\/dog-accessories\/wp-content\/uploads\/sites\/19\/2024\/11\/dog-bn-2-png.webp","alt":"","source":"library","size":""}},"elements":[],"isInner":false,"widgetType":"ecomus-dual-image","elType":"widget"}],"isInner":true,"elType":"container"},{"id":"4cfe4455","settings":{"flex_direction":"column","content_width":"full","width":{"unit":"%","size":"50"},"width_tablet":{"unit":"%","size":100,"sizes":[]},"width_mobile":{"unit":"%","size":"","sizes":[]},"flex_justify_content":"center","flex_gap":{"column":"24","row":"24","isLinked":true,"unit":"px","size":24},"flex_gap_tablet":{"column":"20","row":"20","isLinked":true,"unit":"px","size":20},"flex_gap_mobile":{"column":"16","row":"16","isLinked":true,"unit":"px","size":16},"flex_wrap_mobile":"nowrap","padding":{"unit":"px","top":"20","right":"20","bottom":"20","left":"90","isLinked":false},"padding_tablet":{"unit":"px","top":"14","right":"0","bottom":"0","left":"0","isLinked":false}},"elements":[{"id":"1ffd163c","settings":{"title":"Designs for Modern<br> Pet Parents","title_size":"h3","typography_typography":"custom","typography_font_size_tablet":{"unit":"px","size":40,"sizes":[]},"typography_font_size_mobile":{"unit":"px","size":24,"sizes":[]}},"elements":[],"isInner":false,"widgetType":"ecomus-heading","elType":"widget"},{"id":"65450022","settings":{"title":"We connect pets and their people through thoughtful, functional design that makes morning walks, subway commutes, and park visits simpler and more joyful.","title_size":"div","typography_typography":"custom","typography_font_size":{"unit":"px","size":16,"sizes":[]},"typography_font_size_mobile":{"unit":"px","size":14,"sizes":[]},"_margin":{"unit":"px","top":"0","right":"0","bottom":"10","left":"0","isLinked":false},"_margin_tablet":{"unit":"px","top":"0","right":"0","bottom":"6","left":"0","isLinked":false},"_margin_mobile":{"unit":"px","top":"0","right":"0","bottom":"2","left":"0","isLinked":false}},"elements":[],"isInner":false,"widgetType":"ecomus-heading","elType":"widget"},{"id":"2758a2b9","settings":{"button_text":"Shop collection","button_style":"subtle","button_typography_typography":"custom","button_typography_font_weight":"600","button_typography_text_transform":"uppercase","button_typography_letter_spacing":{"unit":"px","size":2,"sizes":[]},"button_link":{"url":"https:\/\/wpecomus.com\/dog-accessories\/product-category\/home\/","is_external":"","nofollow":"","custom_attributes":""}},"elements":[],"isInner":false,"widgetType":"ecomus-button","elType":"widget"}],"isInner":true,"elType":"container"}],"isInner":false,"elType":"container"},{"id":"64986e5f","settings":{"margin":{"unit":"px","top":"0","right":"0","bottom":"80","left":"0","isLinked":false},"margin_tablet":{"unit":"px","top":"0","right":"0","bottom":"53","left":"0","isLinked":false},"margin_mobile":{"unit":"px","top":"0","right":"0","bottom":"35","left":"0","isLinked":false}},"elements":[{"id":"4f1a6c5","settings":{"show_heading":"yes","heading":"Best seller","slides_to_show_tablet":3,"slides_to_show_mobile":2,"slides_to_scroll_tablet":1,"slides_to_scroll_mobile":1,"navigation_classes_tablet":"none","image_spacing_custom_mobile":15,"arrows_heading_size":{"unit":"px","size":14,"sizes":[]},"arrows_prev_icon":{"value":{"url":"https:\/\/wpecomus.com\/dog-accessories\/wp-content\/uploads\/sites\/19\/2024\/07\/arrow-left-1.svg","id":3940},"library":"svg"},"arrows_next_icon":{"value":{"url":"https:\/\/wpecomus.com\/dog-accessories\/wp-content\/uploads\/sites\/19\/2024\/07\/arrow-right-1.svg","id":3941},"library":"svg"}},"elements":[],"isInner":false,"widgetType":"ecomus-products-carousel","elType":"widget"}],"isInner":false,"elType":"container"},{"id":"382daf83","settings":{"flex_direction":"column","margin":{"unit":"px","top":"0","right":"0","bottom":"88","left":"0","isLinked":false},"margin_tablet":{"unit":"px","top":"0","right":"0","bottom":"74","left":"0","isLinked":false},"margin_mobile":{"unit":"px","top":"0","right":"0","bottom":"57","left":"0","isLinked":false}},"elements":[{"id":"51ef7d4","settings":{"content_width":"full","flex_direction":"row","flex_direction_tablet":"column","flex_gap":{"column":"0","row":"0","isLinked":true,"unit":"px","size":0},"overflow":"hidden","border_radius":{"unit":"px","top":"10","right":"10","bottom":"10","left":"10","isLinked":true}},"elements":[{"id":"277b6be7","settings":{"flex_direction":"column","content_width":"full","width":{"unit":"%","size":"50"},"width_tablet":{"unit":"%","size":100,"sizes":[]},"width_mobile":{"unit":"%","size":"","sizes":[]}},"elements":[{"id":"2e003ce8","settings":{"content_width":"full","image":{"id":6722,"url":"https:\/\/wpecomus.com\/dog-accessories\/wp-content\/uploads\/sites\/19\/2024\/11\/dog-bn-4-png.webp","alt":"","source":"library","size":""},"image_size":"full","height_tablet":{"unit":"%","size":100,"sizes":[]},"height_mobile":{"unit":"%","size":"","sizes":[]},"object-fit_tablet":"cover","image_border_radius":{"unit":"px","top":"0","right":"0","bottom":"0","left":"0","isLinked":true},"_flex_size_tablet":"grow","width":{"unit":"%","size":100,"sizes":[]},"height":{"unit":"%","size":100,"sizes":[]},"object-fit":"cover"},"elements":[],"isInner":false,"widgetType":"image","elType":"widget"}],"isInner":true,"elType":"container"},{"id":"67fd6bd2","settings":{"flex_direction":"column","content_width":"full","width":{"unit":"%","size":"50"},"flex_gap":{"column":"0","row":"0","isLinked":true,"unit":"px","size":0},"background_background":"classic","background_color":"#F1F6E6","padding":{"unit":"px","top":"20","right":"0","bottom":"20","left":"101","isLinked":false},"padding_tablet":{"unit":"px","top":"48","right":"0","bottom":"53","left":"20","isLinked":false},"padding_mobile":{"unit":"px","top":"29","right":"14","bottom":"24","left":"14","isLinked":false},"width_tablet":{"unit":"%","size":100,"sizes":[]},"width_mobile":{"unit":"%","size":"","sizes":[]},"flex_justify_content":"center"},"elements":[{"id":"14fcd092","settings":{"content_width":"full","title":"END OF SEASON SALE","title_size":"div","align_mobile":"flex-start","title_color":"#000000","typography_typography":"custom","typography_font_size":{"unit":"px","size":14,"sizes":[]},"typography_font_weight":"700","typography_text_transform":"uppercase","_margin":{"unit":"px","top":"0","right":"0","bottom":"11","left":"0","isLinked":false}},"elements":[],"isInner":false,"widgetType":"ecomus-heading","elType":"widget"},{"id":"6e05d53b","settings":{"content_width":"full","title":"60% Discount","align_mobile":"flex-start","typography_typography":"custom","typography_font_size":{"unit":"px","size":52,"sizes":[]},"typography_font_size_tablet":{"unit":"px","size":40,"sizes":[]},"typography_font_size_mobile":{"unit":"px","size":24,"sizes":[]},"typography_font_weight":"400","_margin":{"unit":"px","top":"0","right":"0","bottom":"24","left":"0","isLinked":false},"_margin_mobile":{"unit":"px","top":"0","right":"0","bottom":"20","left":"0","isLinked":false}},"elements":[],"isInner":false,"widgetType":"ecomus-heading","elType":"widget"},{"id":"37f30e8d","settings":{"content_width":"full","title":"Limited availability on remaining sizes - get your hands on one<br class=\"hidden-xs\"> at an unbeatable price while you can.","title_size":"p","align_mobile":"flex-start","title_color":"#545454","typography_typography":"custom","typography_font_size":{"unit":"px","size":16,"sizes":[]},"typography_font_weight":"400","_margin":{"unit":"px","top":"0","right":"0","bottom":"15","left":"0","isLinked":false},"_margin_mobile":{"unit":"px","top":"0","right":"0","bottom":"20","left":"0","isLinked":false},"typography_font_size_mobile":{"unit":"px","size":14,"sizes":[]}},"elements":[],"isInner":false,"widgetType":"ecomus-heading","elType":"widget"},{"id":"5623182f","settings":{"content_width":"full","title":"<b style=\"margin-right: 5px;\">Hurry up!<\/b> Deals end in:","title_size":"p","align_mobile":"flex-start","title_color":"#000000","typography_typography":"custom","typography_font_size":{"unit":"px","size":16,"sizes":[]},"typography_font_weight":"400","_margin":{"unit":"px","top":"0","right":"0","bottom":"20","left":"0","isLinked":false},"_margin_mobile":{"unit":"px","top":"0","right":"0","bottom":"20","left":"0","isLinked":false}},"elements":[],"isInner":false,"widgetType":"ecomus-heading","elType":"widget"},{"id":"281f293b","settings":{"content_width":"full","due_date":"2024-11-15 00:00","form_align_mobile":"flex-start","timer_width":{"unit":"px","size":60,"sizes":[]},"timer_padding":{"unit":"px","top":"10","right":"10","bottom":"10","left":"10","isLinked":false},"timer_background_color":"#FFFFFF","timer_border_border":"none","digit_typography_typography":"custom","digit_typography_font_size":{"unit":"px","size":33,"sizes":[]},"digit_typography_font_weight":"500","text_typography_typography":"custom","text_typography_font_size":{"unit":"px","size":10,"sizes":[]},"text_typography_font_weight":"700","_margin":{"unit":"px","top":"0","right":"0","bottom":"34","left":"0","isLinked":false},"_margin_mobile":{"unit":"px","top":"0","right":"0","bottom":"18","left":"0","isLinked":false},"timer_padding_mobile":{"unit":"px","top":"13","right":"8","bottom":"4","left":"8","isLinked":false},"text_typography_text_transform":"uppercase","digit_typography_font_size_tablet":{"unit":"px","size":33,"sizes":[]},"digit_spacing_mobile":{"unit":"px","size":12,"sizes":[]}},"elements":[],"isInner":false,"widgetType":"ecomus-countdown","elType":"widget"},{"id":"28b8321f","settings":{"content_width":"full","text":"Shop Collection","typography_typography":"custom","typography_font_size":{"unit":"px","size":14,"sizes":[]},"typography_font_weight":"600","border_radius":{"unit":"px","top":"60","right":"60","bottom":"60","left":"60","isLinked":true},"text_padding":{"unit":"px","top":"15","right":"31","bottom":"15","left":"31","isLinked":false},"text_padding_mobile":{"unit":"px","top":"11","right":"26","bottom":"11","left":"26","isLinked":false},"button_text":"Shop now","button_padding_mobile":{"unit":"px","top":"11","right":"24","bottom":"10","left":"24","isLinked":false},"button_typography_typography":"custom","button_typography_text_transform":"uppercase","button_typography_letter_spacing":{"unit":"px","size":2,"sizes":[]},"button_link":{"url":"https:\/\/wpecomus.com\/dog-accessories\/shop\/","is_external":"","nofollow":"","custom_attributes":""}},"elements":[],"isInner":false,"widgetType":"ecomus-button","elType":"widget"}],"isInner":true,"elType":"container"}],"isInner":true,"elType":"container"}],"isInner":false,"elType":"container"},{"id":"5f0c5a67","settings":{"flex_direction":"row","flex_gap":{"unit":"px","size":30,"column":"30","row":"30","isLinked":true},"flex_direction_tablet":"column","flex_direction_mobile":"column-reverse","margin":{"unit":"px","top":"0","right":"0","bottom":"50","left":"0","isLinked":false},"margin_tablet":{"unit":"px","top":"0","right":"0","bottom":"42","left":"0","isLinked":false},"margin_mobile":{"unit":"px","top":"0","right":"0","bottom":"37","left":"0","isLinked":false}},"elements":[{"id":"23f34f78","settings":{"flex_direction":"column","content_width":"full","width":{"unit":"%","size":"50"},"width_tablet":{"unit":"%","size":100,"sizes":[]},"width_mobile":{"unit":"%","size":"","sizes":[]},"flex_justify_content":"center","flex_gap":{"column":"26","row":"26","isLinked":true,"unit":"px","size":26},"flex_gap_tablet":{"column":"20","row":"20","isLinked":true,"unit":"px","size":20},"flex_gap_mobile":{"column":"15","row":"15","isLinked":true,"unit":"px","size":15},"flex_align_items":"center"},"elements":[{"id":"5e436fcd","settings":{"content_width":"full","width":{"unit":"custom","size":"auto"},"width_tablet":{"unit":"%","size":100,"sizes":[]},"width_mobile":{"unit":"%","size":"","sizes":[]},"flex_direction":"column","flex_gap":{"column":"26","row":"26","isLinked":true,"unit":"px","size":26},"flex_gap_tablet":{"column":"20","row":"20","isLinked":true,"unit":"px","size":20},"flex_gap_mobile":{"column":"15","row":"15","isLinked":true,"unit":"px","size":15},"padding_tablet":{"unit":"px","top":"20","right":"20","bottom":"20","left":"20","isLinked":true},"padding_mobile":{"unit":"px","top":"0","right":"14","bottom":"24","left":"14","isLinked":false}},"elements":[{"id":"414a6977","settings":{"title":"Perfect Gift For Every<br> Dog Parent","title_size":"h3","typography_typography":"custom","typography_font_size_tablet":{"unit":"px","size":40,"sizes":[]},"typography_font_size_mobile":{"unit":"px","size":24,"sizes":[]}},"elements":[],"isInner":false,"widgetType":"ecomus-heading","elType":"widget"},{"id":"51d2ee61","settings":{"title":"Select the amount you would like to give and your<br class=\"hidden-xs\"> gift card will be delivered via email following purchase.","title_size":"div","_margin":{"unit":"px","top":"0","right":"0","bottom":"8","left":"0","isLinked":false},"_margin_tablet":{"unit":"px","top":"0","right":"0","bottom":"5","left":"0","isLinked":false},"_margin_mobile":{"unit":"px","top":"0","right":"0","bottom":"2","left":"0","isLinked":false},"typography_typography":"custom","typography_font_size":{"unit":"px","size":16,"sizes":[]},"typography_font_size_mobile":{"unit":"px","size":14,"sizes":[]}},"elements":[],"isInner":false,"widgetType":"ecomus-heading","elType":"widget"},{"id":"77effdd9","settings":{"button_text":"Shop now","button_typography_typography":"custom","button_typography_text_transform":"uppercase","button_typography_letter_spacing":{"unit":"px","size":2,"sizes":[]},"button_link":{"url":"https:\/\/wpecomus.com\/dog-accessories\/shop\/","is_external":"","nofollow":"","custom_attributes":""}},"elements":[],"isInner":false,"widgetType":"ecomus-button","elType":"widget"}],"isInner":true,"elType":"container"}],"isInner":true,"elType":"container"},{"id":"4d094ce5","settings":{"flex_direction":"column","content_width":"full","width":{"unit":"%","size":"50"},"width_tablet":{"unit":"%","size":100,"sizes":[]},"width_mobile":{"unit":"%","size":"","sizes":[]}},"elements":[{"id":"36613c33","settings":{"image":{"id":6723,"url":"https:\/\/wpecomus.com\/dog-accessories\/wp-content\/uploads\/sites\/19\/2024\/11\/dog-bn-5-png.webp","alt":"","source":"library","size":""},"image_size":"full","width":{"unit":"%","size":100,"sizes":[]}},"elements":[],"isInner":false,"widgetType":"image","elType":"widget"}],"isInner":true,"elType":"container"}],"isInner":false,"elType":"container"},{"id":"1a9185ad","settings":{"margin":{"unit":"px","top":"0","right":"0","bottom":"70","left":"0","isLinked":false},"margin_tablet":{"unit":"px","top":"0","right":"0","bottom":"50","left":"0","isLinked":false},"margin_mobile":{"unit":"px","top":"0","right":"0","bottom":"30","left":"0","isLinked":false}},"elements":[{"id":"3003de6f","settings":{"title":"Shop by categories","title_size":"h4","align":"center","typography_typography":"custom","typography_font_size_tablet":{"unit":"px","size":32,"sizes":[]},"typography_font_size_mobile":{"unit":"px","size":22,"sizes":[]},"_padding":{"unit":"px","top":"75","right":"0","bottom":"0","left":"0","isLinked":false},"_padding_tablet":{"unit":"px","top":"63","right":"0","bottom":"0","left":"0","isLinked":false},"_padding_mobile":{"unit":"px","top":"48","right":"0","bottom":"0","left":"0","isLinked":false},"_border_border":"solid","_border_width":{"unit":"px","top":"1","right":"0","bottom":"0","left":"0","isLinked":false},"_border_color":"#EBEBEB"},"elements":[],"isInner":false,"widgetType":"ecomus-heading","elType":"widget"}],"isInner":false,"elType":"container"},{"id":"55a79bb3","settings":{"margin":{"unit":"px","top":"0","right":"0","bottom":"65","left":"0","isLinked":false},"margin_tablet":{"unit":"px","top":"0","right":"0","bottom":"55","left":"0","isLinked":false},"margin_mobile":{"unit":"px","top":"0","right":"0","bottom":"42","left":"0","isLinked":false}},"elements":[{"id":"342da5ab","settings":{"show_heading":"","heading":"This is heading","items":[{"button_text":"Walk","button_link":{"url":"https:\/\/wpecomus.com\/dog-accessories\/product-category\/walk\/","is_external":"","nofollow":"","custom_attributes":""},"_id":"059db21","image":{"id":6724,"url":"https:\/\/wpecomus.com\/dog-accessories\/wp-content\/uploads\/sites\/19\/2024\/11\/dog-cat-1-png.webp","alt":"","source":"library","size":""}},{"button_text":"Carry","button_link":{"url":"https:\/\/wpecomus.com\/dog-accessories\/product-category\/carry\/","is_external":"","nofollow":"","custom_attributes":""},"image":{"id":6725,"url":"https:\/\/wpecomus.com\/dog-accessories\/wp-content\/uploads\/sites\/19\/2024\/11\/dog-cat-2-png.webp","alt":"","source":"library","size":""},"_id":"5df7f09"},{"button_text":"Toys","button_link":{"url":"https:\/\/wpecomus.com\/dog-accessories\/product-category\/toys\/","is_external":"","nofollow":"","custom_attributes":""},"image":{"id":6726,"url":"https:\/\/wpecomus.com\/dog-accessories\/wp-content\/uploads\/sites\/19\/2024\/11\/dog-cat-3-png.webp","alt":"","source":"library","size":""},"_id":"aef34e9"},{"button_text":"Home","button_link":{"url":"https:\/\/wpecomus.com\/dog-accessories\/product-category\/home\/","is_external":"","nofollow":"","custom_attributes":""},"image":{"id":6727,"url":"https:\/\/wpecomus.com\/dog-accessories\/wp-content\/uploads\/sites\/19\/2024\/11\/dog-cat-4-png.webp","alt":"","source":"library","size":""},"_id":"f80120d"},{"button_text":"Accessories","button_link":{"url":"https:\/\/wpecomus.com\/dog-accessories\/product-category\/accessories\/","is_external":"","nofollow":"","custom_attributes":""},"image":{"id":6720,"url":"https:\/\/wpecomus.com\/dog-accessories\/wp-content\/uploads\/sites\/19\/2024\/11\/dog-bn-2-png.webp","alt":"","source":"library","size":""},"_id":"383a0db"}],"aspect_ratio_type":"vertical","show_button_icon":"hover","slides_to_show":4,"slides_to_show_tablet":3,"slides_to_show_mobile":2,"slides_to_scroll_tablet":1,"slides_to_scroll_mobile":2,"image_spacing_custom_mobile":15,"navigation_classes_tablet":"dots","navigation_classes_mobile":"dots","content_horizontal_position":"center","button_margin_mobile":{"unit":"px","top":"0","right":"0","bottom":"15","left":"0","isLinked":false},"button_style":"light","button_padding_mobile":{"unit":"px","top":"13","right":"12","bottom":"12","left":"12","isLinked":false},"button_typography_typography":"custom","button_typography_text_transform":"uppercase","button_typography_letter_spacing":{"unit":"px","size":2,"sizes":[]},"dots_spacing_mobile":{"unit":"px","size":15,"sizes":[]}},"elements":[],"isInner":false,"widgetType":"ecomus-image-box-carousel","elType":"widget"}],"isInner":false,"elType":"container"},{"id":"62ed9ef0","settings":{"margin":{"unit":"px","top":"0","right":"0","bottom":"90","left":"0","isLinked":false},"margin_tablet":{"unit":"px","top":"0","right":"0","bottom":"76","left":"0","isLinked":false},"margin_mobile":{"unit":"px","top":"0","right":"0","bottom":"66","left":"0","isLinked":false}},"elements":[{"id":"24711bfa","settings":{"image":{"id":6731,"url":"https:\/\/wpecomus.com\/dog-accessories\/wp-content\/uploads\/sites\/19\/2024\/11\/dog-bn-6-png.webp","alt":"","source":"library","size":""},"items":[{"_id":"77e6dbe","product_items_ids":782,"product_items_position_x":{"unit":"%","size":36,"sizes":[]},"product_items_position_y":{"unit":"%","size":34,"sizes":[]},"product_content_items_position_y":{"unit":"px","size":-105,"sizes":[]}},{"product_items_ids":775,"product_items_position_x":{"unit":"%","size":64,"sizes":[]},"product_items_position_y":{"unit":"%","size":24,"sizes":[]},"_id":"6036cca","product_content_items_position_y":{"unit":"px","size":-102,"sizes":[]}},{"product_items_ids":546,"product_items_position_x":{"unit":"%","size":53,"sizes":[]},"product_items_position_y":{"unit":"%","size":70,"sizes":[]},"_id":"d6bb604","product_content_items_position_y":{"unit":"px","size":-105,"sizes":[]}}],"aspect_ratio_type":"","item_dots_bgcolor":"#000000","item_dots_color":"#FFFFFF"},"elements":[],"isInner":false,"widgetType":"ecomus-image-hotspot","elType":"widget"}],"isInner":false,"elType":"container"},{"id":"564f35d","settings":{"margin":{"unit":"px","top":"0","right":"0","bottom":"95","left":"0","isLinked":false},"margin_tablet":{"unit":"px","top":"0","right":"0","bottom":"80","left":"0","isLinked":false},"margin_mobile":{"unit":"px","top":"0","right":"0","bottom":"71","left":"0","isLinked":false}},"elements":[{"id":"11058117","settings":{"icons_box":[{"title":"Free Shipping","description":"Free shipping over order $120","_id":"4c29bb0","icon":{"value":{"url":"https:\/\/wpecomus.com\/dog-accessories\/wp-content\/uploads\/sites\/19\/2024\/06\/box.svg","id":1397},"library":"svg"},"image":{"id":6708,"url":"https:\/\/wpecomus.com\/dog-accessories\/wp-content\/uploads\/sites\/19\/2024\/11\/placeholder.png"}},{"title":"Flexible Payment","description":"Pay with Multiple Credit Cards","_id":"2bf676e","icon":{"value":{"url":"https:\/\/wpecomus.com\/dog-accessories\/wp-content\/uploads\/sites\/19\/2024\/06\/card.svg","id":1398},"library":"svg"},"image":{"id":6709,"url":"https:\/\/wpecomus.com\/dog-accessories\/wp-content\/uploads\/sites\/19\/2024\/11\/placeholder-1.png"}},{"title":"14 Day Returns","description":"Within 30 days for an exchange","_id":"87d477c","icon":{"value":{"url":"https:\/\/wpecomus.com\/dog-accessories\/wp-content\/uploads\/sites\/19\/2024\/06\/return.svg","id":1399},"library":"svg"},"image":{"id":6710,"url":"https:\/\/wpecomus.com\/dog-accessories\/wp-content\/uploads\/sites\/19\/2024\/11\/placeholder-2.png"}},{"title":"Premium Support","description":"Outstanding premium support","_id":"b9b2a42","icon":{"value":{"url":"https:\/\/wpecomus.com\/dog-accessories\/wp-content\/uploads\/sites\/19\/2024\/06\/support.svg","id":1400},"library":"svg"},"image":{"id":6711,"url":"https:\/\/wpecomus.com\/dog-accessories\/wp-content\/uploads\/sites\/19\/2024\/11\/placeholder-3.png"}}],"slides_to_show":4,"navigation_classes":"none","navigation_classes_tablet":"dots","navigation_classes_mobile":"dots","icon_box_shadow_box_shadow":{"horizontal":"","vertical":"","blur":"","spread":"","color":"#EEEEEE"},"content_border_border":"solid","content_border_width":{"unit":"px","top":"1","right":"1","bottom":"1","left":"1","isLinked":true},"content_border_color":"#EEEEEE","content_padding":{"unit":"px","top":"26","right":"20","bottom":"26","left":"20","isLinked":false},"content_border_radius":{"unit":"px","top":"10","right":"10","bottom":"10","left":"10","isLinked":true},"title_typography_typography":"custom","title_typography_font_size":{"unit":"px","size":18,"sizes":[]},"title_typography_font_weight":"500","title_spacing":{"unit":"px","size":10,"sizes":[]},"icon_size":{"unit":"px","size":40,"sizes":[]},"icon_spacing":{"unit":"px","size":24,"sizes":[]},"alignment":"center","slides_to_show_tablet":2,"slides_to_show_mobile":1,"dots_spacing_mobile":{"unit":"px","size":15,"sizes":[]},"icon_color":"#000000"},"elements":[],"isInner":false,"widgetType":"ecomus-icon-box-carousel","elType":"widget"}],"isInner":false,"elType":"container"}],"page_settings":{"header_text_color":"light","hide_page_header":"yes","content_top_spacing":"custom","content_top_padding":{"unit":"px","size":0,"sizes":[]},"content_bottom_spacing":"custom","content_bottom_padding":{"unit":"px","size":0,"sizes":[]}},"version":"0.4","title":"Home Dog Accessories","type":"page"}