{"content":[{"id":"560ac8b8","settings":{"content_width":"full"},"elements":[{"id":"761de5be","settings":{"content_width":"full","slides":[{"title":"Gift Cards <br class=\"hidden-xs\">for Every Smile","description":"Send a gift card to a loved one today!","button_text":"Shop collection","_id":"12da786","banner_background_img":{"id":5269,"url":"https:\/\/wpecomus.com\/gift-card\/wp-content\/uploads\/sites\/9\/2024\/08\/home_giftcard_slider02-scaled.webp","alt":"","source":"library","size":""},"background_position_tablet":"center center","button_link":{"url":"https:\/\/wpecomus.com\/gift-card\/shop\/","is_external":"","nofollow":"","custom_attributes":""}},{"title":"Gift <br class=\"hidden-xs\">of Choice","description":"Surprise and delight with our versatile gift cards","button_text":"Shop collection","banner_background_img":{"id":5268,"url":"https:\/\/wpecomus.com\/gift-card\/wp-content\/uploads\/sites\/9\/2024\/08\/home_giftcard_slider01-scaled.webp","alt":"","source":"library","size":""},"background_position_tablet":"center center","_id":"b2ade4e","button_link":{"url":"https:\/\/wpecomus.com\/gift-card\/shop\/","is_external":"","nofollow":"","custom_attributes":""}},{"title":"Unwrap <br class=\"hidden-xs\">Happiness","description":"Make gifting a breeze with our stylish gift cards","button_text":"Shop collection","banner_background_img":{"id":5270,"url":"https:\/\/wpecomus.com\/gift-card\/wp-content\/uploads\/sites\/9\/2024\/08\/home_giftcard_slider03-scaled.webp","alt":"","source":"library","size":""},"background_position_tablet":"center center","_id":"1f0ea68","button_link":{"url":"https:\/\/wpecomus.com\/gift-card\/shop\/","is_external":"","nofollow":"","custom_attributes":""}}],"slides_height":{"unit":"px","size":700,"sizes":[]},"slides_height_mobile":{"unit":"px","size":350,"sizes":[]},"navigation_classes":"dots","navigation_classes_tablet":"dots","navigation_classes_mobile":"dots","title_color":"#FFFFFF","title_typography_typography":"custom","title_typography_font_size":{"unit":"px","size":68,"sizes":[]},"title_typography_font_size_tablet":{"unit":"px","size":50,"sizes":[]},"title_typography_font_size_mobile":{"unit":"px","size":32,"sizes":[]},"title_typography_font_weight":"500","description_color":"#FFFFFF","description_typography_typography":"custom","description_typography_font_size_mobile":{"unit":"px","size":16,"sizes":[]},"description_spacing_mobile":{"unit":"px","size":24,"sizes":[]},"button_background_color":"#DB1215","dots_type":"","dots_gap":{"unit":"px","size":5,"sizes":[]},"dot_item_color":"#FFFFFF33","dot_item_active_color":"#FFFFFF","dot_align":"left","dot_align_tablet":"center","button_icon":{"value":{"url":"https:\/\/wpecomus.com\/gift-card\/wp-content\/uploads\/sites\/9\/2024\/07\/arrow-right.svg","id":3886},"library":"svg"},"show_button_icon":"alway","button_border_color":"#DB1215","button_background_hover_color":"#DB1215","button_hover_border_color":"#DB1215","button_icon_padding":{"unit":"px","top":"2","right":"0","bottom":"0","left":"0","isLinked":false}},"elements":[],"isInner":false,"widgetType":"ecomus-slides","elType":"widget"}],"isInner":false,"elType":"container"},{"id":"7ea8641c","settings":{"flex_direction":"row","flex_gap":{"unit":"px","size":0,"column":"0","row":"0","isLinked":true},"background_background":"classic","background_color":"#AC83C7","margin":{"unit":"px","top":"0","right":"0","bottom":"74","left":"0","isLinked":false},"margin_tablet":{"unit":"px","top":"0","right":"0","bottom":"62","left":"0","isLinked":false},"margin_mobile":{"unit":"px","top":"0","right":"0","bottom":"33","left":"0","isLinked":false},"padding":{"unit":"px","top":"29","right":"0","bottom":"29","left":"0","isLinked":false},"padding_tablet":{"unit":"px","top":"24","right":"0","bottom":"24","left":"0","isLinked":false},"padding_mobile":{"unit":"px","top":"21","right":"0","bottom":"33","left":"0","isLinked":false}},"elements":[{"id":"67969d13","settings":{"content_width":"full","width":{"unit":"%","size":"66.6666"},"width_tablet":{"unit":"%","size":68,"sizes":[]},"width_mobile":{"unit":"%","size":"","sizes":[]}},"elements":[{"id":"fdc68a0","settings":{"content_width":"full","icon":{"value":{"url":"https:\/\/wpecomus.com\/gift-card\/wp-content\/uploads\/sites\/9\/2024\/08\/home_giftcard_banner01.svg","id":5277},"library":"svg"},"title":"Professional gift solutions","description":"Send 1-1,000+ customised eGift cards instantly with Ecomus Business!","position":"left","position_mobile":"top","alignment":"left","alignment_mobile":"center","title_color":"#FFFFFF","title_typography_typography":"custom","title_typography_font_size":{"unit":"px","size":42,"sizes":[]},"title_typography_font_size_tablet":{"unit":"px","size":32,"sizes":[]},"title_typography_font_size_mobile":{"unit":"px","size":22,"sizes":[]},"title_typography_font_weight":"600","title_typography_line_height":{"unit":"px","size":50.4,"sizes":[]},"title_typography_line_height_tablet":{"unit":"px","size":38.4,"sizes":[]},"title_typography_line_height_mobile":{"unit":"px","size":26.4,"sizes":[]},"title_spacing":{"unit":"px","size":5,"sizes":[]},"description_color":"#FFFFFF","description_typography_typography":"custom","description_typography_font_size":{"unit":"px","size":20,"sizes":[]},"description_typography_font_size_mobile":{"unit":"px","size":16,"sizes":[]},"description_typography_font_weight":"400","description_typography_line_height":{"unit":"px","size":24,"sizes":[]},"description_typography_line_height_mobile":{"unit":"px","size":"","sizes":[]},"icon_size":{"unit":"px","size":122,"sizes":[]},"icon_size_tablet":{"unit":"px","size":68,"sizes":[]},"icon_size_mobile":{"unit":"px","size":122,"sizes":[]},"icon_padding":{"unit":"px","size":"","sizes":[]},"icon_spacing":{"unit":"px","size":25,"sizes":[]},"vertical_alignment":"middle","image":{"id":5258,"url":"https:\/\/wpecomus.com\/gift-card\/wp-content\/uploads\/sites\/9\/2024\/08\/placeholder.png"}},"elements":[],"isInner":false,"widgetType":"ecomus-icon-box","elType":"widget"}],"isInner":true,"elType":"container"},{"id":"6d5bfa11","settings":{"flex_direction":"column","content_width":"full","width":{"unit":"%","size":"33.3333"},"width_tablet":{"unit":"%","size":32,"sizes":[]},"width_mobile":{"unit":"%","size":"","sizes":[]},"flex_justify_content":"center"},"elements":[{"id":"1db1ea7a","settings":{"content_width":"full","button_style":"outline","text":"Learn more","align":"right","align_tablet":"right","align_mobile":"center","button_text_color":"#FFFFFF","hover_color":"#000000","button_background_hover_color":"#FFFFFF","border_border":"solid","border_width":{"unit":"px","top":"1","right":"1","bottom":"1","left":"1","isLinked":true},"border_color":"#FFFFFF","text_padding":{"unit":"px","top":"14","right":"30","bottom":"13","left":"30","isLinked":false},"_margin_mobile":{"unit":"px","top":"32","right":"0","bottom":"0","left":"0","isLinked":false},"button_text":"Learn More","button_padding":{"unit":"px","top":"15","right":"30","bottom":"15","left":"30","isLinked":false},"button_link":{"url":"https:\/\/wpecomus.com\/gift-card\/shop\/","is_external":"","nofollow":"","custom_attributes":""}},"elements":[],"isInner":false,"widgetType":"ecomus-button","elType":"widget"}],"isInner":true,"elType":"container"}],"isInner":false,"elType":"container"},{"id":"1ba40022","settings":{"margin":{"unit":"px","top":"0","right":"0","bottom":"80","left":"0","isLinked":false},"margin_tablet":{"unit":"px","top":"0","right":"0","bottom":"50","left":"0","isLinked":false},"margin_mobile":{"unit":"px","top":"0","right":"0","bottom":"30","left":"0","isLinked":false}},"elements":[{"id":"31de7f7b","settings":{"content_width":"full","title":"Most popular cards","title_size":"h3","align":"center","typography_typography":"custom","typography_font_size_tablet":{"unit":"px","size":32,"sizes":[]},"typography_font_size_mobile":{"unit":"px","size":22,"sizes":[]},"typography_font_weight":"600"},"elements":[],"isInner":false,"widgetType":"ecomus-heading","elType":"widget"}],"isInner":false,"elType":"container"},{"id":"69911d82","settings":{"margin":{"unit":"px","top":"0","right":"0","bottom":"56","left":"0","isLinked":false},"margin_tablet":{"unit":"px","top":"0","right":"0","bottom":"47","left":"0","isLinked":false},"margin_mobile":{"unit":"px","top":"0","right":"0","bottom":"25","left":"0","isLinked":false}},"elements":[{"id":"6965dac8","settings":{"content_width":"full","slides_to_show_tablet":3,"slides_to_show_mobile":2,"slides_to_scroll_tablet":3,"slides_to_scroll_mobile":2,"arrows_horizontal_spacing":{"unit":"px","size":-82,"sizes":[]},"navigation_classes_tablet":"dots","navigation_classes_mobile":"dots","heading":"This is the heading","hide_rating":"none","show_addtocart_button":"yes","hide_attributes":"none","product_button_icon":"none","button_typography_typography":"custom","button_typography_text_transform":"capitalize","button_background_color":"#FFFFFF","button_text_color":"#DB1215","button_border_color":"#DB1215","button_background_hover_color":"#FFFFFF","hover_color":"#DB1215","button_hover_border_color":"#DB1215","product_item_border_border":"solid","product_item_border_width":{"unit":"px","top":"1","right":"1","bottom":"1","left":"1","isLinked":true},"product_item_border_color":"#EBEBEB","product_item_padding":{"unit":"px","top":"10","right":"10","bottom":"10","left":"10","isLinked":true},"product_item_border_radius":{"unit":"px","top":"10","right":"10","bottom":"10","left":"10","isLinked":true},"product_image_border_radius":{"unit":"px","top":"10","right":"10","bottom":"10","left":"10","isLinked":true},"product_summary_padding":{"unit":"px","top":"7","right":"5","bottom":"23","left":"5","isLinked":false},"product_title_typography_typography":"custom","product_title_typography_font_weight":"600","button_border_radius":{"unit":"px","top":"3","right":"3","bottom":"3","left":"3","isLinked":true},"image_spacing_custom_mobile":15,"button_padding":{"unit":"px","top":"13","right":"5","bottom":"13","left":"5","isLinked":false},"button_padding_tablet":{"unit":"px","top":"10","right":"5","bottom":"10","left":"5","isLinked":false},"button_border_width":{"unit":"px","size":2,"sizes":[]},"product_button":{"unit":"px","size":14,"sizes":[]},"arrows_show":"1","arrows_type":"outline","product_summary_padding_mobile":{"unit":"px","top":"7","right":"5","bottom":"5","left":"5","isLinked":false},"product_summary_padding_tablet":{"unit":"px","top":"7","right":"5","bottom":"10","left":"5","isLinked":false},"dots_spacing_mobile":{"unit":"px","size":15,"sizes":[]},"limit":6},"elements":[],"isInner":false,"widgetType":"ecomus-products-carousel","elType":"widget"}],"isInner":false,"elType":"container"},{"id":"7a76f4f","settings":{"margin":{"unit":"px","top":"0","right":"40","bottom":"80","left":"40","isLinked":false},"margin_tablet":{"unit":"px","top":"0","right":"30","bottom":"50","left":"30","isLinked":false},"margin_mobile":{"unit":"px","top":"0","right":"15","bottom":"30","left":"15","isLinked":false},"content_width":"full","width":{"unit":"custom","size":"calc(100% - 80px)","sizes":[]},"width_tablet":{"unit":"custom","size":"calc(100% - 60px)","sizes":[]},"width_mobile":{"unit":"custom","size":"calc(100% - 30px)","sizes":[]},"flex_gap":{"column":"0","row":"0","isLinked":true,"unit":"px","size":0},"background_background":"classic","background_color":"#DCF9E2","border_radius":{"unit":"px","top":"100","right":"100","bottom":"0","left":"0","isLinked":false},"border_radius_tablet":{"unit":"px","top":"10","right":"10","bottom":"10","left":"10","isLinked":true},"padding":{"unit":"px","top":"82","right":"0","bottom":"100","left":"0","isLinked":false},"padding_tablet":{"unit":"px","top":"69","right":"30","bottom":"85","left":"30","isLinked":false},"padding_mobile":{"unit":"px","top":"28","right":"15","bottom":"35","left":"15","isLinked":false}},"elements":[{"id":"29911f2e","settings":{"flex_gap":{"column":"0","row":"0","isLinked":true,"unit":"px","size":0}},"elements":[{"id":"3cbfb57c","settings":{"content_width":"full","title":"Why choose us?","title_size":"h4","align":"center","typography_typography":"custom","typography_font_size_tablet":{"unit":"px","size":32,"sizes":[]},"typography_font_size_mobile":{"unit":"px","size":22,"sizes":[]},"typography_font_weight":"600","_margin":{"unit":"px","top":"0","right":"0","bottom":"80","left":"0","isLinked":false},"_margin_tablet":{"unit":"px","top":"0","right":"0","bottom":"50","left":"0","isLinked":false},"_margin_mobile":{"unit":"px","top":"0","right":"0","bottom":"30","left":"0","isLinked":false}},"elements":[],"isInner":false,"widgetType":"ecomus-heading","elType":"widget"},{"id":"42cae9d7","settings":{"content_width":"full","icons_box":[{"icon":{"value":{"url":"https:\/\/wpecomus.com\/gift-card\/wp-content\/uploads\/sites\/9\/2024\/08\/home_giftcard_icon01.svg","id":5278},"library":"svg"},"title":"Physical or digital card?","description":"Prefer a plastic card delivered by post?<br \/>\nOr a digital one sent by email? Most of our gift cards offer both options.","_id":"4c6d3f0","image":{"id":5259,"url":"https:\/\/wpecomus.com\/gift-card\/wp-content\/uploads\/sites\/9\/2024\/08\/placeholder-1.png"}},{"icon":{"value":{"url":"https:\/\/wpecomus.com\/gift-card\/wp-content\/uploads\/sites\/9\/2024\/08\/home_giftcard_icon02.svg","id":5279},"library":"svg"},"title":"Last minute shopping?","description":"Most of our digital gift cards are delivered\nwithin 4 hours or can be scheduled to arrive on the day of your choice.","_id":"c27b77f","image":{"id":5260,"url":"https:\/\/wpecomus.com\/gift-card\/wp-content\/uploads\/sites\/9\/2024\/08\/placeholder-2.png"}},{"icon":{"value":{"url":"https:\/\/wpecomus.com\/gift-card\/wp-content\/uploads\/sites\/9\/2024\/08\/home_giftcard_icon03.svg","id":5280},"library":"svg"},"title":"A large crowd to please?","description":"For your convenience, you can send up to 10 addresses in a single order.","_id":"0bf8b70","image":{"id":5261,"url":"https:\/\/wpecomus.com\/gift-card\/wp-content\/uploads\/sites\/9\/2024\/08\/placeholder-3.png"}}],"navigation_classes":"none","navigation_classes_tablet":"dots","navigation_classes_mobile":"dots","alignment":"center","title_typography_typography":"custom","title_typography_font_size_mobile":{"unit":"px","size":21,"sizes":[]},"title_typography_font_weight":"600","title_spacing":{"unit":"px","size":10,"sizes":[]},"description_typography_typography":"custom","description_typography_font_size_mobile":{"unit":"px","size":14,"sizes":[]},"description_typography_line_height_mobile":{"unit":"px","size":"","sizes":[]},"icon_size":{"unit":"px","size":31,"sizes":[]},"icon_border_border":"solid","icon_border_width":{"unit":"px","top":"1","right":"1","bottom":"1","left":"1","isLinked":true},"border_radius":{"unit":"px","top":"100","right":"100","bottom":"100","left":"100","isLinked":true},"icon_padding":{"unit":"px","top":"20","right":"20","bottom":"20","left":"20","isLinked":true},"icon_padding_tablet":{"unit":"px","top":"16.5","right":"16.5","bottom":"16.5","left":"16.5","isLinked":true},"icon_padding_mobile":{"unit":"px","top":"13.5","right":"13.5","bottom":"13.5","left":"13.5","isLinked":true},"icon_spacing":{"unit":"px","size":34,"sizes":[]},"icon_spacing_mobile":{"unit":"px","size":22,"sizes":[]},"slides_to_show_tablet":2,"slides_to_show_mobile":1,"slides_to_scroll_tablet":2,"slides_to_scroll_mobile":1,"description_color":"#000000","icon_color":"#020202"},"elements":[],"isInner":false,"widgetType":"ecomus-icon-box-carousel","elType":"widget"}],"isInner":true,"elType":"container"}],"isInner":false,"elType":"container"},{"id":"2a6cde0c","settings":{"margin":{"unit":"px","top":"0","right":"0","bottom":"78","left":"0","isLinked":false},"margin_tablet":{"unit":"px","top":"0","right":"0","bottom":"66","left":"0","isLinked":false},"margin_mobile":{"unit":"px","top":"0","right":"0","bottom":"31","left":"0","isLinked":false}},"elements":[{"id":"397e2c9e","settings":{"content_width":"full","heading":"Popular Categories","items":[{"image":{"id":"","url":"https:\/\/wpecomus.com\/gift-card\/wp-content\/plugins\/elementor\/assets\/images\/placeholder.png"},"_id":"85e70a2","product_cat":"clothing"},{"image":{"id":"","url":"https:\/\/wpecomus.com\/gift-card\/wp-content\/plugins\/elementor\/assets\/images\/placeholder.png"},"product_cat":"clothing","_id":"35e6c67"},{"image":{"id":"","url":"https:\/\/wpecomus.com\/gift-card\/wp-content\/plugins\/elementor\/assets\/images\/placeholder.png"},"product_cat":"clothing","_id":"fab977f"},{"image":{"id":"","url":"https:\/\/wpecomus.com\/gift-card\/wp-content\/plugins\/elementor\/assets\/images\/placeholder.png"},"product_cat":"clothing","_id":"13165db"},{"image":{"id":"","url":"https:\/\/wpecomus.com\/gift-card\/wp-content\/plugins\/elementor\/assets\/images\/placeholder.png"},"product_cat":"clothing","_id":"5fe053b"}],"aspect_ratio_type":"custom","aspect_ratio":"15:16","heading_typography_typography":"custom","heading_typography_font_size":{"unit":"px","size":42,"sizes":[]},"heading_typography_font_weight":"600","heading_padding":{"unit":"px","top":"0","right":"0","bottom":"0","left":"0","isLinked":true},"heading_navigation_type":"dots","navigation_classes":"none","slides_to_show_tablet":3,"slides_to_scroll_tablet":3,"navigation_classes_tablet":"none","navigation_classes_mobile":"dots","show_heading":"yes","heading_typography_font_size_tablet":{"unit":"px","size":32,"sizes":[]},"heading_typography_font_size_mobile":{"unit":"px","size":22,"sizes":[]},"content_position":"side","button_type":"text","button_text":"Shop now","show_button_icon":"hover","image_border_radius":{"unit":"px","top":"10","right":"10","bottom":"10","left":"10","isLinked":true},"button_margin_tablet":{"unit":"px","top":"0","right":"0","bottom":"0","left":"-12","isLinked":false},"button_margin_mobile":{"unit":"px","top":"0","right":"0","bottom":"0","left":"-17","isLinked":false}},"elements":[],"isInner":false,"widgetType":"ecomus-categories-carousel","elType":"widget"}],"isInner":false,"elType":"container"},{"id":"4ec3a070","settings":{"content_width":"full","flex_gap":{"column":"0","row":"0","isLinked":true,"unit":"px","size":0},"margin":{"unit":"px","top":"0","right":"0","bottom":"97","left":"0","isLinked":false},"margin_tablet":{"unit":"px","top":"0","right":"0","bottom":"82","left":"0","isLinked":false},"margin_mobile":{"unit":"px","top":"0","right":"0","bottom":"38","left":"0","isLinked":false}},"elements":[{"id":"53f926a6","settings":{"content_width":"full","items":[{"text":"Flexible. Safe.Easy.","_id":"13f7846","icon":{"value":{"url":"https:\/\/wpecomus.com\/gift-card\/wp-content\/uploads\/sites\/9\/2024\/08\/home_giftcard_icon04.svg","id":5281},"library":"svg"},"image":{"id":"","url":"https:\/\/wpecomus.com\/gift-card\/wp-content\/plugins\/elementor\/assets\/images\/placeholder.png"}},{"text":"The benefits of gifting with us.","_id":"f1e95c7","icon":{"value":{"url":"https:\/\/wpecomus.com\/gift-card\/wp-content\/uploads\/sites\/9\/2024\/08\/home_giftcard_icon04.svg","id":5281},"library":"svg"},"image":{"id":"","url":"https:\/\/wpecomus.com\/gift-card\/wp-content\/plugins\/elementor\/assets\/images\/placeholder.png"}}],"background_color":"#02010100","icon_size":{"unit":"px","size":42,"sizes":[]},"text_typography_typography":"custom","text_typography_font_size":{"unit":"px","size":80,"sizes":[]},"text_typography_font_weight":"600","hover_pause":"","padding":{"unit":"px","top":"0","right":"0","bottom":"0","left":"0","isLinked":true},"gap":{"unit":"px","size":57,"sizes":[]},"gap_tablet":{"unit":"px","size":48.45,"sizes":[]},"gap_mobile":{"unit":"px","size":42.75,"sizes":[]},"spacing":{"unit":"px","size":57,"sizes":[]},"spacing_tablet":{"unit":"px","size":48.45,"sizes":[]},"spacing_mobile":{"unit":"px","size":42.75,"sizes":[]},"text_typography_font_size_tablet":{"unit":"px","size":60,"sizes":[]},"text_typography_font_size_mobile":{"unit":"px","size":40,"sizes":[]}},"elements":[],"isInner":false,"widgetType":"ecomus-marquee","elType":"widget"}],"isInner":false,"elType":"container"},{"id":"43699f56","settings":{"border_border":"none","margin":{"unit":"px","top":"0","right":"0","bottom":"64","left":"0","isLinked":false},"margin_tablet":{"unit":"px","top":"0","right":"0","bottom":"54","left":"0","isLinked":false},"margin_mobile":{"unit":"px","top":"0","right":"0","bottom":"28","left":"0","isLinked":false}},"elements":[{"id":"7b6deb","settings":{"content_width":"full","border_border":"solid","border_width":{"unit":"px","top":"1","right":"0","bottom":"0","left":"0","isLinked":false},"border_color":"#EBEBEB","padding":{"unit":"px","top":"78","right":"0","bottom":"0","left":"0","isLinked":false},"padding_tablet":{"unit":"px","top":"66","right":"0","bottom":"0","left":"0","isLinked":false},"padding_mobile":{"unit":"px","top":"31","right":"0","bottom":"0","left":"0","isLinked":false}},"elements":[{"id":"65fbe44c","settings":{"content_width":"full","title":"Don't miss our sale","title_size":"h4","align":"center","typography_typography":"custom","typography_font_size_tablet":{"unit":"px","size":32,"sizes":[]},"typography_font_size_mobile":{"unit":"px","size":22,"sizes":[]},"typography_font_weight":"600"},"elements":[],"isInner":false,"widgetType":"ecomus-heading","elType":"widget"}],"isInner":true,"elType":"container"}],"isInner":false,"elType":"container"},{"id":"175de4b3","settings":{"margin":{"unit":"px","top":"0","right":"0","bottom":"88","left":"0","isLinked":false},"margin_tablet":{"unit":"px","top":"0","right":"0","bottom":"74","left":"0","isLinked":false},"margin_mobile":{"unit":"px","top":"0","right":"0","bottom":"35","left":"0","isLinked":false}},"elements":[{"id":"25962edd","settings":{"content_width":"full","border_border":"solid","border_width":{"unit":"px","top":"0","right":"0","bottom":"1","left":"0","isLinked":false},"border_color":"#EBEBEB","padding":{"unit":"px","top":"0","right":"0","bottom":"56","left":"0","isLinked":false},"padding_tablet":{"unit":"px","top":"0","right":"0","bottom":"47","left":"0","isLinked":false},"padding_mobile":{"unit":"px","top":"0","right":"0","bottom":"28","left":"0","isLinked":false}},"elements":[{"id":"14a512de","settings":{"content_width":"full","product_id":766},"elements":[],"isInner":false,"widgetType":"ecomus-featured-product","elType":"widget"}],"isInner":true,"elType":"container"}],"isInner":false,"elType":"container"},{"id":"2a4c4efe","settings":{"flex_direction":"row","flex_gap":{"unit":"px","size":0,"column":"0","row":"0","isLinked":true},"margin":{"unit":"px","top":"0","right":"0","bottom":"79","left":"0","isLinked":false},"margin_tablet":{"unit":"px","top":"0","right":"0","bottom":"67","left":"0","isLinked":false},"margin_mobile":{"unit":"px","top":"0","right":"0","bottom":"23","left":"0","isLinked":false},"flex_direction_mobile":"column-reverse"},"elements":[{"id":"776b1ee0","settings":{"flex_direction":"column","content_width":"full","width":{"unit":"%","size":"50"},"flex_gap":{"column":"0","row":"0","isLinked":true,"unit":"px","size":0},"background_background":"classic","background_color":"#FBF7F0","border_radius":{"unit":"px","top":"10","right":"0","bottom":"0","left":"10","isLinked":false},"border_radius_mobile":{"unit":"px","top":"0","right":"0","bottom":"10","left":"10","isLinked":false},"padding":{"unit":"px","top":"0","right":"60","bottom":"0","left":"120","isLinked":false},"padding_tablet":{"unit":"px","top":"20","right":"20","bottom":"30","left":"20","isLinked":false},"padding_mobile":{"unit":"px","top":"14","right":"14","bottom":"31","left":"14","isLinked":false},"flex_justify_content":"center"},"elements":[{"id":"15a15fa7","settings":{"content_width":"full","title":"Personalise Gift<br class=\"hidden-xs\" \/> Card","title_size":"h3","align_mobile":"center","typography_typography":"custom","typography_font_size_tablet":{"unit":"px","size":40,"sizes":[]},"typography_font_size_mobile":{"unit":"px","size":24,"sizes":[]},"typography_font_weight":"600","_margin":{"unit":"px","top":"0","right":"0","bottom":"24","left":"0","isLinked":false},"_margin_tablet":{"unit":"px","top":"0","right":"0","bottom":"18","left":"0","isLinked":false},"_margin_mobile":{"unit":"px","top":"0","right":"0","bottom":"16","left":"0","isLinked":false}},"elements":[],"isInner":false,"widgetType":"ecomus-heading","elType":"widget"},{"id":"2b4cc872","settings":{"content_width":"full","title":"Ecomus makes personalised eGifting easier than ever before!<br class=\"hidden-xs\" \/>\nSend any Ecomus eGift Card with a personal video or voice<br class=\"hidden-xs\" \/>\nmessage and a greeting card, and you can even customise our<br class=\"hidden-xs\" \/>\nEcomus Smart eGift Card with your own photo!","title_size":"p","align_mobile":"center","typography_typography":"custom","typography_font_size":{"unit":"px","size":16,"sizes":[]},"typography_font_size_mobile":{"unit":"px","size":14,"sizes":[]},"_margin":{"unit":"px","top":"0","right":"0","bottom":"48","left":"0","isLinked":false},"_margin_tablet":{"unit":"px","top":"0","right":"0","bottom":"37","left":"0","isLinked":false},"_margin_mobile":{"unit":"px","top":"0","right":"0","bottom":"26","left":"0","isLinked":false}},"elements":[],"isInner":false,"widgetType":"ecomus-heading","elType":"widget"},{"id":"426c0f11","settings":{"content_width":"full","button_style":"outline-dark","text":"Shop Collection","align_mobile":"center","typography_typography":"custom","typography_font_weight":"600","hover_color":"#DB1215","button_hover_border_color":"#DB1215","border_border":"solid","border_color":"#000000","text_padding":{"unit":"px","top":"14","right":"24","bottom":"13","left":"24","isLinked":false},"text_padding_mobile":{"unit":"px","top":"9.5","right":"24","bottom":"9.5","left":"24","isLinked":false},"button_text":"Shop Collection","button_link":{"url":"https:\/\/wpecomus.com\/gift-card\/shop\/","is_external":"","nofollow":"","custom_attributes":""}},"elements":[],"isInner":false,"widgetType":"ecomus-button","elType":"widget"}],"isInner":true,"elType":"container"},{"id":"5e937907","settings":{"flex_direction":"column","content_width":"full","width":{"unit":"%","size":"50"}},"elements":[{"id":"52412a19","settings":{"content_width":"full","image":{"id":5288,"url":"https:\/\/wpecomus.com\/gift-card\/wp-content\/uploads\/sites\/9\/2024\/08\/home_giftcard_banner02.webp","alt":"","source":"library","size":""},"image_size":"full","height_tablet":{"unit":"%","size":100,"sizes":[]},"height_mobile":{"unit":"%","size":"","sizes":[]},"object-fit_tablet":"cover","image_border_radius":{"unit":"px","top":"0","right":"10","bottom":"10","left":"0","isLinked":false},"image_border_radius_mobile":{"unit":"px","top":"10","right":"10","bottom":"0","left":"0","isLinked":false},"_flex_size_tablet":"grow"},"elements":[],"isInner":false,"widgetType":"image","elType":"widget"}],"isInner":true,"elType":"container"}],"isInner":false,"elType":"container"},{"id":"76ebd9cc","settings":{"margin":{"unit":"px","top":"0","right":"40","bottom":"80","left":"40","isLinked":false},"margin_tablet":{"unit":"px","top":"0","right":"30","bottom":"50","left":"30","isLinked":false},"margin_mobile":{"unit":"px","top":"0","right":"15","bottom":"30","left":"15","isLinked":false},"content_width":"full","width":{"unit":"custom","size":"calc(100% - 80px)","sizes":[]},"width_tablet":{"unit":"custom","size":"calc(100% - 60px)","sizes":[]},"width_mobile":{"unit":"custom","size":"calc(100% - 30px)","sizes":[]},"flex_gap":{"column":"0","row":"0","isLinked":true,"unit":"px","size":0},"background_background":"classic","background_color":"#F5F7FC","border_radius":{"unit":"px","top":"0","right":"0","bottom":"100","left":"100","isLinked":false},"border_radius_tablet":{"unit":"px","top":"10","right":"10","bottom":"10","left":"10","isLinked":true},"padding":{"unit":"px","top":"82","right":"0","bottom":"100","left":"0","isLinked":false},"padding_tablet":{"unit":"px","top":"69","right":"30","bottom":"85","left":"30","isLinked":false},"padding_mobile":{"unit":"px","top":"28","right":"15","bottom":"35","left":"15","isLinked":false}},"elements":[{"id":"5a3cd006","settings":{"flex_gap":{"column":"0","row":"0","isLinked":true,"unit":"px","size":0}},"elements":[{"id":"2e967189","settings":{"content_width":"full","title":"What our customers are saying","title_size":"h4","align":"center","typography_typography":"custom","typography_font_size_tablet":{"unit":"px","size":32,"sizes":[]},"typography_font_size_mobile":{"unit":"px","size":22,"sizes":[]},"typography_font_weight":"600","_margin":{"unit":"px","top":"0","right":"0","bottom":"73","left":"0","isLinked":false},"_margin_tablet":{"unit":"px","top":"0","right":"0","bottom":"50","left":"0","isLinked":false},"_margin_mobile":{"unit":"px","top":"0","right":"0","bottom":"30","left":"0","isLinked":false}},"elements":[],"isInner":false,"widgetType":"ecomus-heading","elType":"widget"},{"id":"10c2a29f","settings":{"content_width":"full","testimonials":[{"testimonial_name":"Loretta","_id":"8e4b731","testimonial_text":"Verify customer","testimonial_title":"A minimalist dream","testimonial_content":"Exceptional quality at a fraction of the price you would pay for big brands. Very elegant, discreet and beautiful materials."},{"testimonial_name":"Sandra","_id":"704b911","testimonial_text":"Verify customer","testimonial_title":"Perfect meals for Mums.","testimonial_content":"Meals are delicious and great selection to choose from. I like the large portion option & info showing nutritional value."},{"testimonial_name":"Loretta","_id":"ddd8c44","testimonial_text":"Verify customer","testimonial_title":"Majority of meals are fantastic!","testimonial_content":"Everything is sent out on Thursdays, comes packed neatly alongside ice packs so the food is always kept cold even."},{"testimonial_name":"Sandra","_id":"8f97f84","testimonial_text":"Verify customer","testimonial_title":"Best Online Fashion Site","testimonial_content":"I'm impressed with the durability of the furniture collection. Even after years of use, the pieces still look."},{"testimonial_name":"Loretta","_id":"f6c7894","testimonial_text":"Verify customer","testimonial_title":"Best Customer Service","testimonial_content":"The user-friendly interface and excellent customer service make shopping a breeze. Highly recommended."}],"navigation_classes":"dots","navigation_classes_tablet":"dots","navigation_classes_mobile":"dots"},"elements":[],"isInner":false,"widgetType":"ecomus-testimonial-carousel-3","elType":"widget"}],"isInner":true,"elType":"container"}],"isInner":false,"elType":"container"},{"id":"72699b56","settings":{"flex_gap":{"column":"0","row":"0","isLinked":true,"unit":"px","size":0},"margin":{"unit":"px","top":"0","right":"0","bottom":"56","left":"0","isLinked":false},"margin_tablet":{"unit":"px","top":"0","right":"0","bottom":"47","left":"0","isLinked":false},"margin_mobile":{"unit":"px","top":"0","right":"0","bottom":"22","left":"0","isLinked":false}},"elements":[{"id":"3e83aec3","settings":{"content_width":"full","title":"Blogs post","title_size":"h4","align":"center","typography_typography":"custom","typography_font_size_tablet":{"unit":"px","size":32,"sizes":[]},"typography_font_size_mobile":{"unit":"px","size":22,"sizes":[]},"typography_font_weight":"600","_margin":{"unit":"px","top":"0","right":"0","bottom":"30","left":"0","isLinked":false}},"elements":[],"isInner":false,"widgetType":"ecomus-heading","elType":"widget"},{"id":"77045ab6","settings":{"content_width":"full","limit":4,"aspect_ratio_type":"horizontal","slides_to_show_tablet":3,"slides_to_show_mobile":1,"slides_to_scroll_tablet":1,"navigation_classes_tablet":"arrows","post_image_spacing":{"unit":"px","size":30,"sizes":[]},"post_image_spacing_tablet":{"unit":"px","size":25,"sizes":[]},"post_image_spacing_mobile":{"unit":"px","size":15,"sizes":[]},"post_carousel_typography_typography":"custom","post_carousel_typography_font_size":{"unit":"px","size":10,"sizes":[]},"post_carousel_typography_text_transform":"capitalize","post_title_typography_typography":"custom","post_title_typography_font_size_mobile":{"unit":"px","size":16,"sizes":[]},"post_title_spacing":{"unit":"px","size":30,"sizes":[]},"post_title_spacing_mobile":{"unit":"px","size":25,"sizes":[]},"navigation_classes_mobile":"both","arrows_horizontal_spacing_tablet":{"unit":"px","size":9,"sizes":[]},"arrows_horizontal_spacing_mobile":{"unit":"px","size":7,"sizes":[]},"arrows_vertical_spacing":{"unit":"%","size":35,"sizes":[]},"arrows_vertical_spacing_tablet":{"unit":"%","size":22,"sizes":[]},"arrows_vertical_spacing_mobile":{"unit":"%","size":37,"sizes":[]},"arrows_width_tablet":{"unit":"px","size":40,"sizes":[]},"arrows_width_mobile":{"unit":"px","size":36,"sizes":[]},"arrows_height_tablet":{"unit":"px","size":40,"sizes":[]},"arrows_height_mobile":{"unit":"px","size":36,"sizes":[]},"dots_spacing_mobile":{"unit":"px","size":15,"sizes":[]}},"elements":[],"isInner":false,"widgetType":"ecomus-posts-carousel","elType":"widget"}],"isInner":false,"elType":"container"}],"page_settings":{"hide_page_header":"yes","content_top_spacing":"custom","content_top_padding":{"unit":"px","size":0,"sizes":[]},"content_bottom_spacing":"custom","content_bottom_padding":{"unit":"px","size":0,"sizes":[]}},"version":"0.4","title":"Home Gift Card","type":"page"}