{"content":[{"id":"67a16df0","settings":{"margin":{"unit":"px","top":"37","right":"0","bottom":"65","left":"0","isLinked":false},"margin_tablet":{"unit":"px","top":"31","right":"0","bottom":"55","left":"0","isLinked":false},"margin_mobile":{"unit":"px","top":"0","right":"0","bottom":"48","left":"0","isLinked":false}},"elements":[{"id":"63e3cfa5","settings":{"content_width":"full","slides":[{"title":"Don\u2019t miss amazing <br \/>grocery deals","description":"Save up to 30% off on your first order","button_text":"Shop collection","_id":"970a00f","banner_background_img":{"id":5853,"url":"https:\/\/wpecomus.com\/grocery\/wp-content\/uploads\/sites\/14\/2024\/09\/grocery-sld-1.webp","alt":"","source":"library","size":""},"background_position_mobile":"initial","background_position_x_mobile":{"unit":"%","size":54,"sizes":[]},"button_link":{"url":"https:\/\/wpecomus.com\/grocery\/product-brand\/meijer\/","is_external":"","nofollow":"","custom_attributes":""},"background_position_tablet":"center center"},{"title":"Sweet Crunchy <br \/>Salad","description":"Save up to 30% off on your first order","button_text":"Shop collection","banner_background_img":{"id":5854,"url":"https:\/\/wpecomus.com\/grocery\/wp-content\/uploads\/sites\/14\/2024\/09\/grocery-sld-2.webp","alt":"","source":"library","size":""},"_id":"d611814","background_position_mobile":"initial","background_position_x_mobile":{"unit":"%","size":53,"sizes":[]},"button_link":{"url":"https:\/\/wpecomus.com\/grocery\/product-category\/package-foods\/","is_external":"","nofollow":"","custom_attributes":""},"background_position_tablet":"center center"},{"title":"Black Seedless <br \/>Grapes","description":"Save up to 30% off on your first order","button_text":"Shop collection","banner_background_img":{"id":5855,"url":"https:\/\/wpecomus.com\/grocery\/wp-content\/uploads\/sites\/14\/2024\/09\/grocery-sld-3.webp","alt":"","source":"library","size":""},"_id":"3b45e55","background_position_mobile":"initial","background_position_x_mobile":{"unit":"%","size":54,"sizes":[]},"button_link":{"url":"https:\/\/wpecomus.com\/grocery\/product-category\/fruit\/","is_external":"","nofollow":"","custom_attributes":""},"background_position_tablet":"center center"}],"slides_height":{"unit":"px","size":686,"sizes":[]},"navigation_classes":"dots","show_button_icon":"alway","button_icon":{"value":{"url":"https:\/\/wpecomus.com\/grocery\/wp-content\/uploads\/sites\/14\/2024\/07\/arrow-right.svg","id":3886},"library":"svg"},"slides_height_tablet":{"unit":"px","size":459,"sizes":[]},"slides_height_mobile":{"unit":"px","size":350,"sizes":[]},"navigation_classes_tablet":"dots","slides_padding":{"unit":"px","top":"0","right":"90","bottom":"0","left":"90","isLinked":false},"slides_padding_tablet":{"unit":"px","top":"0","right":"38","bottom":"0","left":"38","isLinked":false},"slides_padding_mobile":{"unit":"px","top":"0","right":"0","bottom":"0","left":"19","isLinked":false},"slides_border_radius":{"unit":"px","top":"20","right":"20","bottom":"20","left":"20","isLinked":true},"title_color":"#253D4E","title_typography_typography":"custom","title_typography_font_size":{"unit":"px","size":70,"sizes":[]},"title_typography_font_size_tablet":{"unit":"px","size":50,"sizes":[]},"title_typography_font_size_mobile":{"unit":"px","size":32,"sizes":[]},"title_typography_font_weight":"600","description_color":"#253D4E","description_typography_typography":"custom","description_typography_font_size":{"unit":"px","size":22,"sizes":[]},"description_typography_font_size_mobile":{"unit":"px","size":16,"sizes":[]},"description_typography_font_weight":"500","description_spacing_tablet":{"unit":"px","size":28,"sizes":[]},"description_spacing_mobile":{"unit":"px","size":20,"sizes":[]},"button_background_color":"#253D4E","button_background_hover_color":"#253D4E","dots_type":"background","dots_gap_tablet":{"unit":"px","size":4,"sizes":[]},"dots_gap_mobile":{"unit":"px","size":0,"sizes":[]},"dots_spacing_tablet":{"unit":"px","size":15,"sizes":[]},"dot_item_color":"#253D4E","dot_item_active_color":"#253D4E","dot_item_active_background_color":"#253D4E29","button_icon_padding":{"unit":"px","top":"2","right":"0","bottom":"0","left":"0","isLinked":false}},"elements":[],"isInner":false,"widgetType":"ecomus-slides","elType":"widget"}],"isInner":false,"elType":"container"},{"id":"732272ef","settings":{"margin":{"unit":"px","top":"0","right":"0","bottom":"42","left":"0","isLinked":false},"margin_tablet":{"unit":"px","top":"0","right":"0","bottom":"35","left":"0","isLinked":false},"margin_mobile":{"unit":"px","top":"0","right":"0","bottom":"31","left":"0","isLinked":false}},"elements":[{"id":"71d4a37b","settings":{"content_width":"full","show_heading":"yes","heading":"Featured Categories","heading_navigation_type":"dots","source":"custom","items":[{"image":{"id":5942,"url":"https:\/\/wpecomus.com\/grocery\/wp-content\/uploads\/sites\/14\/2024\/09\/grocery-cat-1.png","alt":"","source":"library","size":""},"_id":"ffe258c","product_cat":"vegetables"},{"image":{"id":5936,"url":"https:\/\/wpecomus.com\/grocery\/wp-content\/uploads\/sites\/14\/2024\/09\/grocery-cat-2.png","alt":"","source":"library","size":""},"product_cat":"dairy-products","_id":"2f6e26c"},{"_id":"aae40fb","image":{"id":5941,"url":"https:\/\/wpecomus.com\/grocery\/wp-content\/uploads\/sites\/14\/2024\/09\/grocery-cat-3.png","alt":"","source":"library","size":""},"product_cat":"package-foods"},{"image":{"id":5935,"url":"https:\/\/wpecomus.com\/grocery\/wp-content\/uploads\/sites\/14\/2024\/09\/grocery-cat-4.png","alt":"","source":"library","size":""},"product_cat":"beverages","_id":"7d301fb"},{"image":{"id":5938,"url":"https:\/\/wpecomus.com\/grocery\/wp-content\/uploads\/sites\/14\/2024\/09\/grocery-cat-5.png","alt":"","source":"library","size":""},"product_cat":"meat","_id":"f400e24"},{"image":{"id":5937,"url":"https:\/\/wpecomus.com\/grocery\/wp-content\/uploads\/sites\/14\/2024\/09\/grocery-cat-6.png","alt":"","source":"library","size":""},"product_cat":"fruit","_id":"7d33d49"},{"image":{"id":5939,"url":"https:\/\/wpecomus.com\/grocery\/wp-content\/uploads\/sites\/14\/2024\/09\/grocery-cat-7.png","alt":"","source":"library","size":""},"product_cat":"mixed-food","_id":"70c8d86"}],"button_text":"","aspect_ratio_type":"square","slides_to_show":6,"navigation_classes":"none","heading_typography_typography":"custom","heading_typography_font_weight":"600","heading_color":"#253D4E","heading_padding":{"unit":"px","top":"0","right":"0","bottom":"0","left":"0","isLinked":false},"content_align":"center","image_max_width":{"unit":"px","size":75,"sizes":[]},"count_typography_typography":"custom","count_typography_font_size":{"unit":"px","size":0,"sizes":[]},"count_spacing":{"unit":"px","size":0,"sizes":[]},"dots_gap":{"unit":"px","size":5,"sizes":[]},"slides_to_show_tablet":4,"slides_to_show_mobile":2,"slides_to_scroll_tablet":4,"slides_to_scroll_mobile":2,"image_spacing_custom_mobile":15,"navigation_classes_tablet":"none","navigation_classes_mobile":"dots","heading_spacing":{"unit":"px","size":59,"sizes":[]},"heading_spacing_tablet":{"unit":"px","size":49,"sizes":[]},"heading_spacing_mobile":{"unit":"px","size":29,"sizes":[]},"content_background_color":"#F2F2F2","content_padding":{"unit":"px","top":"35","right":"25","bottom":"35","left":"25","isLinked":false},"content_padding_tablet":{"unit":"px","top":"15","right":"0","bottom":"15","left":"0","isLinked":false},"content_padding_mobile":{"unit":"px","top":"15","right":"15","bottom":"15","left":"15","isLinked":true},"content_border_radius":{"unit":"px","top":"4","right":"4","bottom":"4","left":"4","isLinked":true},"image_max_width_tablet":{"unit":"%","size":70,"sizes":[]},"image_max_width_mobile":{"unit":"px","size":101,"sizes":[]},"title_color":"#253D4E","title_color_hover":"#61B482","dots_gap_mobile":{"unit":"px","size":2,"sizes":[]},"dot_item_active_color":"#253D4E","image_border_radius":{"unit":"px","top":"150","right":"150","bottom":"150","left":"150","isLinked":true},"dots_size":{"unit":"px","size":20,"sizes":[]},"dots_size_mobile":{"unit":"px","size":16,"sizes":[]},"heading_typography_font_size":{"unit":"px","size":42,"sizes":[]},"heading_typography_font_size_tablet":{"unit":"px","size":32,"sizes":[]},"heading_typography_font_size_mobile":{"unit":"px","size":22,"sizes":[]}},"elements":[],"isInner":false,"widgetType":"ecomus-categories-carousel","elType":"widget"}],"isInner":false,"elType":"container"},{"id":"e85b275","settings":{"flex_direction":"row","flex_gap":{"unit":"px","size":30,"column":"30","row":"30","isLinked":true},"flex_gap_tablet":{"column":"15","row":"15","isLinked":true,"unit":"px","size":15},"mobile_column_alignment":"column_md","margin":{"unit":"px","top":"0","right":"0","bottom":"75","left":"0","isLinked":false},"margin_tablet":{"unit":"px","top":"0","right":"0","bottom":"63","left":"0","isLinked":false},"margin_mobile":{"unit":"px","top":"0","right":"0","bottom":"44","left":"0","isLinked":false}},"elements":[{"id":"441445f7","settings":{"flex_direction":"column","content_width":"full","width":{"unit":"%","size":"50"}},"elements":[{"id":"2708a1cc","settings":{"content_width":"full","image":{"id":5859,"url":"https:\/\/wpecomus.com\/grocery\/wp-content\/uploads\/sites\/14\/2024\/09\/grocery-bn-1.webp","alt":"","source":"library","size":""},"title":"FREE DELIVERY","title_size":"div","sub_title":"Organic Ingredients <br \/>Made Easy","height":{"unit":"px","size":480,"sizes":[]},"height_tablet":{"unit":"px","size":500,"sizes":[]},"height_mobile":{"unit":"px","size":250,"sizes":[]},"button_text":"Shop now","horizontal_position":"left","banner_padding":{"unit":"px","top":"56","right":"45","bottom":"56","left":"45","isLinked":false},"banner_padding_tablet":{"unit":"px","top":"30","right":"30","bottom":"30","left":"30","isLinked":true},"banner_padding_mobile":{"unit":"px","top":"19","right":"0","bottom":"19","left":"19","isLinked":false},"title_typography_typography":"custom","title_typography_font_size":{"unit":"px","size":14,"sizes":[]},"title_typography_font_weight":"700","title_typography_text_transform":"uppercase","title_margin_tablet":{"unit":"px","top":"0","right":"0","bottom":"27","left":"0","isLinked":false},"title_margin_mobile":{"unit":"px","top":"0","right":"0","bottom":"5","left":"0","isLinked":false},"sub_title_typography_typography":"custom","sub_title_typography_font_size":{"unit":"px","size":30,"sizes":[]},"sub_title_typography_font_size_tablet":{"unit":"px","size":32,"sizes":[]},"sub_title_typography_font_size_mobile":{"unit":"px","size":22,"sizes":[]},"sub_title_typography_font_weight":"600","sub_title_typography_line_height":{"unit":"px","size":36,"sizes":[]},"sub_title_typography_line_height_tablet":{"unit":"px","size":38.4,"sizes":[]},"sub_title_typography_line_height_mobile":{"unit":"px","size":26.4,"sizes":[]},"sub_title_margin_tablet":{"unit":"px","top":"0","right":"0","bottom":"24","left":"0","isLinked":false},"sub_title_margin_mobile":{"unit":"px","top":"0","right":"0","bottom":"16","left":"0","isLinked":false},"button_margin":{"unit":"px","top":"10","right":"0","bottom":"0","left":"0","isLinked":false},"button_style":"","button_padding_mobile":{"unit":"px","top":"11","right":"24","bottom":"10","left":"24","isLinked":false},"button_background_color":"#E09314","button_text_color":"#FFFFFF","button_border_color":"#E09314","button_background_hover_color":"#E09314","hover_color":"#FFFFFF","button_hover_border_color":"#E09314","button_link":{"url":"https:\/\/wpecomus.com\/grocery\/shop\/","is_external":"","nofollow":"","custom_attributes":""},"text_align":"","_css_classes":"ecomus-rtl-image"},"elements":[],"isInner":false,"widgetType":"ecomus-banner","elType":"widget"}],"isInner":true,"elType":"container"},{"id":"73aeb9f4","settings":{"flex_direction":"column","content_width":"full","width":{"unit":"%","size":"50"}},"elements":[{"id":"2e411c13","settings":{"content_width":"full","image":{"id":5860,"url":"https:\/\/wpecomus.com\/grocery\/wp-content\/uploads\/sites\/14\/2024\/09\/grocery-bn-2.webp","alt":"","source":"library","size":""},"title":"SALE UP TO 30% OFF","title_size":"div","sub_title":"For Juice Lovers <br \/>Everywhere","height":{"unit":"px","size":480,"sizes":[]},"height_tablet":{"unit":"px","size":500,"sizes":[]},"height_mobile":{"unit":"px","size":250,"sizes":[]},"button_text":"Shop now","horizontal_position":"left","banner_padding":{"unit":"px","top":"56","right":"45","bottom":"56","left":"45","isLinked":false},"banner_padding_tablet":{"unit":"px","top":"30","right":"30","bottom":"30","left":"30","isLinked":true},"banner_padding_mobile":{"unit":"px","top":"19","right":"0","bottom":"19","left":"19","isLinked":false},"title_typography_typography":"custom","title_typography_font_size":{"unit":"px","size":14,"sizes":[]},"title_typography_font_weight":"700","title_typography_text_transform":"uppercase","title_color":"#253D4E","title_margin_tablet":{"unit":"px","top":"0","right":"0","bottom":"27","left":"0","isLinked":false},"title_margin_mobile":{"unit":"px","top":"0","right":"0","bottom":"5","left":"0","isLinked":false},"sub_title_typography_typography":"custom","sub_title_typography_font_size":{"unit":"px","size":30,"sizes":[]},"sub_title_typography_font_size_tablet":{"unit":"px","size":32,"sizes":[]},"sub_title_typography_font_size_mobile":{"unit":"px","size":22,"sizes":[]},"sub_title_typography_font_weight":"600","sub_title_typography_line_height":{"unit":"px","size":36,"sizes":[]},"sub_title_typography_line_height_tablet":{"unit":"px","size":38.4,"sizes":[]},"sub_title_typography_line_height_mobile":{"unit":"px","size":26.4,"sizes":[]},"sub_title_color":"#253D4E","sub_title_margin_tablet":{"unit":"px","top":"0","right":"0","bottom":"24","left":"0","isLinked":false},"sub_title_margin_mobile":{"unit":"px","top":"0","right":"0","bottom":"16","left":"0","isLinked":false},"button_margin":{"unit":"px","top":"10","right":"0","bottom":"0","left":"0","isLinked":false},"button_style":"","button_padding_mobile":{"unit":"px","top":"11","right":"24","bottom":"10","left":"24","isLinked":false},"button_background_color":"#B46161","button_text_color":"#FFFFFF","button_border_color":"#B46161","button_background_hover_color":"#B46161","hover_color":"#FFFFFF","button_hover_border_color":"#B46161","button_link":{"url":"https:\/\/wpecomus.com\/grocery\/shop\/?product_status=on_sale","is_external":"","nofollow":"","custom_attributes":""},"text_align":"","_css_classes":"ecomus-rtl-image"},"elements":[],"isInner":false,"widgetType":"ecomus-banner","elType":"widget"}],"isInner":true,"elType":"container"}],"isInner":false,"elType":"container"},{"id":"6f37c240","settings":[],"elements":[{"id":"48ef3ffb","settings":{"content_width":"full","title":"Deals Of The Day","title_size":"h4","align":"center","title_color":"#253D4E","typography_typography":"custom","typography_font_size_tablet":{"unit":"px","size":32,"sizes":[]},"typography_font_size_mobile":{"unit":"px","size":22,"sizes":[]},"typography_font_weight":"600","_margin":{"unit":"px","top":"0","right":"0","bottom":"60","left":"0","isLinked":false},"_margin_tablet":{"unit":"px","top":"0","right":"0","bottom":"50","left":"0","isLinked":false},"_margin_mobile":{"unit":"px","top":"0","right":"0","bottom":"30","left":"0","isLinked":false}},"elements":[],"isInner":false,"widgetType":"ecomus-heading","elType":"widget"}],"isInner":false,"elType":"container"},{"id":"70bc4b5f","settings":{"margin":{"unit":"px","top":"0","right":"0","bottom":"109","left":"0","isLinked":false},"margin_tablet":{"unit":"px","top":"0","right":"0","bottom":"91","left":"0","isLinked":false},"margin_mobile":{"unit":"px","top":"0","right":"0","bottom":"76","left":"0","isLinked":false}},"elements":[{"id":"5ca8e674","settings":{"content_width":"full","title":"","limit":3,"type":"recent_products","show_addtocart_button":"","slides_to_show":3,"content_padding":{"unit":"px","top":"0","right":"0","bottom":"0","left":"0","isLinked":false},"content_border_border":"none","item_border_radius":{"unit":"px","top":"10","right":"10","bottom":"10","left":"10","isLinked":true},"item_border_color":"#02010100","item_background_color":"#F0F4F6","product_title_typography_typography":"custom","product_title_typography_font_size":{"unit":"px","size":20,"sizes":[]},"product_title_typography_font_weight":"600","product_title_color":"#253D4E","product_title_color_hover":"#61B482","product_title_spacing":{"unit":"px","size":20,"sizes":[]},"product_price_typography_typography":"custom","product_price_typography_font_size":{"unit":"px","size":20,"sizes":[]},"product_price_spacing":{"unit":"px","size":16,"sizes":[]},"product_title_sold_text_position":"above","product_title_sold_text_color":"#253D4E","show_countdow_below":"yes","slides_to_show_tablet":3,"product_summary_padding":{"unit":"px","top":"0","right":"80","bottom":"0","left":"80","isLinked":false},"product_summary_padding_tablet":{"unit":"px","top":"0","right":"5","bottom":"0","left":"5","isLinked":false},"product_title_typography_font_size_tablet":{"unit":"px","size":16,"sizes":[]},"product_price_typography_font_size_tablet":{"unit":"px","size":14,"sizes":[]},"product_price_spacing_tablet":{"unit":"px","size":9,"sizes":[]},"product_title_sold_spacing_tablet":{"unit":"px","size":10,"sizes":[]},"slides_to_show_mobile":1,"slides_to_scroll_mobile":1,"navigation_classes_mobile":"none","product_summary_padding_mobile":{"unit":"px","top":"0","right":"29","bottom":"20","left":"29","isLinked":false},"orderby":"date","product_price_color":"#61B482","product_price_old_color":"#61B4828C"},"elements":[],"isInner":false,"widgetType":"ecomus-flash-sale","elType":"widget"}],"isInner":false,"elType":"container"},{"id":"6d230b2c","settings":{"margin":{"unit":"px","top":"0","right":"0","bottom":"33","left":"0","isLinked":false},"margin_tablet":{"unit":"px","top":"0","right":"0","bottom":"24","left":"0","isLinked":false},"margin_mobile":{"unit":"px","top":"0","right":"0","bottom":"30","left":"0","isLinked":false}},"elements":[{"id":"4e661af4","settings":{"content_width":"full","tabs":[{"heading":"Meat","_id":"0b13f32"},{"heading":"Oils","_id":"9af73dd","products":"featured_products","orderby":"title"},{"heading":"Fruits","products":"featured_products","_id":"6937dff","order":"desc"},{"_id":"fe7b152","heading":"Tomatoes","products":"featured_products","orderby":"price"},{"_id":"f7085d4","heading":"Soup","products":"featured_products","orderby":"title","order":"desc"}],"pagination":"","show_heading":"yes","heading":"Popular products","heading_text":"Popular products","button_all_text":"Shop all","button_all_link":{"url":"https:\/\/wpecomus.com\/grocery\/shop\/","is_external":"","nofollow":"","custom_attributes":""},"heading_spacing":{"unit":"px","size":47,"sizes":[]},"heading_spacing_tablet":{"unit":"px","size":28,"sizes":[]},"heading_spacing_mobile":{"unit":"px","size":23,"sizes":[]},"heading_color":"#545454","heading_active_color":"#61B482"},"elements":[],"isInner":false,"widgetType":"ecomus-product-tabs-grid","elType":"widget"}],"isInner":false,"elType":"container"},{"id":"1160a3e0","settings":{"flex_gap":{"column":"20","row":"20","isLinked":true,"unit":"px","size":20},"margin":{"unit":"px","top":"0","right":"0","bottom":"85","left":"0","isLinked":false},"margin_tablet":{"unit":"px","top":"0","right":"0","bottom":"72","left":"0","isLinked":false},"margin_mobile":{"unit":"px","top":"0","right":"0","bottom":"25","left":"0","isLinked":false}},"elements":[{"id":"8e8a875","settings":{"content_width":"full","flex_gap":{"column":"0","row":"0","isLinked":true,"unit":"px","size":0},"background_background":"classic","background_color":"#FFF6C6","border_radius":{"unit":"px","top":"20","right":"20","bottom":"20","left":"20","isLinked":true},"padding":{"unit":"px","top":"85","right":"85","bottom":"100","left":"85","isLinked":false},"padding_tablet":{"unit":"px","top":"74","right":"15","bottom":"85","left":"15","isLinked":false},"padding_mobile":{"unit":"px","top":"35","right":"15","bottom":"40","left":"15","isLinked":false}},"elements":[{"id":"6f538bae","settings":{"content_width":"full","title":"WHAT IS PLANTBELLY?","title_size":"div","align":"center","title_color":"#253D4E","typography_typography":"custom","typography_font_size":{"unit":"px","size":18,"sizes":[]},"typography_font_weight":"700","typography_text_transform":"uppercase","typography_font_size_tablet":{"unit":"px","size":16,"sizes":[]},"typography_font_size_mobile":{"unit":"px","size":14,"sizes":[]},"_margin":{"unit":"px","top":"0","right":"0","bottom":"6","left":"0","isLinked":false}},"elements":[],"isInner":false,"widgetType":"ecomus-heading","elType":"widget"},{"id":"686fd36e","settings":{"content_width":"full","title":"Plant-based groceries, delivered.","title_size":"h4","align":"center","title_color":"#253D4E","typography_typography":"custom","typography_font_size":{"unit":"px","size":46,"sizes":[]},"typography_font_weight":"600","_margin":{"unit":"px","top":"0","right":"0","bottom":"60","left":"0","isLinked":false},"typography_font_size_tablet":{"unit":"px","size":32,"sizes":[]},"typography_font_size_mobile":{"unit":"px","size":22,"sizes":[]},"_margin_tablet":{"unit":"px","top":"0","right":"0","bottom":"49","left":"0","isLinked":false},"_margin_mobile":{"unit":"px","top":"0","right":"0","bottom":"30","left":"0","isLinked":false}},"elements":[],"isInner":false,"widgetType":"ecomus-heading","elType":"widget"},{"id":"292a7ec5","settings":{"content_width":"full","icons_box":[{"title":"Plant-Based","description":"Shop everyday staples, small-batch finds, and community favorites. From meat and seafood alternatives to snacks and candy - we\u2019ve got your fridge, freezer and pantry covered.","_id":"8743643","icon":{"value":{"url":"https:\/\/wpecomus.com\/grocery\/wp-content\/uploads\/sites\/14\/2024\/09\/box.svg","id":5875},"library":"svg"},"image":{"id":5843,"url":"https:\/\/wpecomus.com\/grocery\/wp-content\/uploads\/sites\/14\/2024\/09\/placeholder.png"}},{"title":"Deliciousness","description":"Crafted with precision and excellence, our activewear is meticulously engineered using premium materials to ensure unmatched comfort and durability.","_id":"d22d662","icon":{"value":{"url":"https:\/\/wpecomus.com\/grocery\/wp-content\/uploads\/sites\/14\/2024\/09\/smile.svg","id":5873},"library":"svg"},"image":{"id":5844,"url":"https:\/\/wpecomus.com\/grocery\/wp-content\/uploads\/sites\/14\/2024\/09\/placeholder-1.png"}},{"title":"To your door","description":"Designed for every body and anyone, our activewear embraces diversity with a wide range of sizes and shapes, celebrating the beauty of individuality.","_id":"e59c1f6","icon":{"value":{"url":"https:\/\/wpecomus.com\/grocery\/wp-content\/uploads\/sites\/14\/2024\/09\/leaf.svg","id":5874},"library":"svg"},"image":{"id":5845,"url":"https:\/\/wpecomus.com\/grocery\/wp-content\/uploads\/sites\/14\/2024\/09\/placeholder-2.png"}}],"alignment":"center","title_color":"#253D4E","title_typography_typography":"custom","title_typography_font_weight":"600","title_spacing":{"unit":"px","size":20,"sizes":[]},"description_color":"#253D4E","icon_color":"#253D4E","icon_size":{"unit":"px","size":40,"sizes":[]},"icon_border_border":"solid","icon_border_width":{"unit":"px","top":"1","right":"1","bottom":"1","left":"1","isLinked":true},"icon_border_color":"#253D4E","border_radius":{"unit":"px","top":"100","right":"100","bottom":"100","left":"100","isLinked":true},"icon_padding":{"unit":"px","top":"27.5","right":"28","bottom":"27.5","left":"28","isLinked":false},"icon_spacing":{"unit":"px","size":24,"sizes":[]},"navigation_classes":"none","navigation_classes_tablet":"dots","title_spacing_mobile":{"unit":"px","size":11,"sizes":[]},"icon_size_mobile":{"unit":"px","size":30,"sizes":[]},"icon_padding_tablet":{"unit":"px","top":"22.5","right":"23","bottom":"22.5","left":"23","isLinked":false},"icon_padding_mobile":{"unit":"px","top":"13.5","right":"14","bottom":"13.5","left":"14","isLinked":false},"icon_spacing_mobile":{"unit":"px","size":16,"sizes":[]},"dots_spacing_mobile":{"unit":"px","size":15,"sizes":[]}},"elements":[],"isInner":false,"widgetType":"ecomus-icon-box-carousel","elType":"widget"}],"isInner":true,"elType":"container"}],"isInner":false,"elType":"container"},{"id":"2682a6a3","settings":{"flex_direction":"row","flex_gap":{"unit":"px","size":30,"column":"30","row":"30","isLinked":true},"flex_gap_mobile":{"column":"15","row":"15","isLinked":true,"unit":"px","size":15},"margin":{"unit":"px","top":"0","right":"0","bottom":"100","left":"0","isLinked":false},"margin_tablet":{"unit":"px","top":"0","right":"0","bottom":"85","left":"0","isLinked":false},"margin_mobile":{"unit":"px","top":"0","right":"0","bottom":"30","left":"0","isLinked":false}},"elements":[{"id":"6ec1d013","settings":{"flex_direction":"column","content_width":"full","width":{"unit":"%","size":"50"},"flex_wrap_mobile":"nowrap"},"elements":[{"id":"141860d7","settings":{"content_width":"full","primary_image":{"id":5876,"url":"https:\/\/wpecomus.com\/grocery\/wp-content\/uploads\/sites\/14\/2024\/09\/grocery-bn-4.jpg","alt":"","source":"library","size":""},"secondary_image":{"id":5877,"url":"https:\/\/wpecomus.com\/grocery\/wp-content\/uploads\/sites\/14\/2024\/09\/grocery-bn-5.jpg","alt":"","source":"library","size":""},"third_image":{"id":5878,"url":"https:\/\/wpecomus.com\/grocery\/wp-content\/uploads\/sites\/14\/2024\/09\/grocery-bn-3.jpg","alt":"","source":"library","size":""}},"elements":[],"isInner":false,"widgetType":"ecomus-dual-image","elType":"widget"}],"isInner":true,"elType":"container"},{"id":"3bfe8e7","settings":{"flex_direction":"column","content_width":"full","width":{"unit":"%","size":"50"},"flex_justify_content":"center","flex_gap":{"column":"14","row":"14","isLinked":true,"unit":"px","size":14},"padding":{"unit":"px","top":"20","right":"20","bottom":"20","left":"100","isLinked":false},"padding_tablet":{"unit":"px","top":"20","right":"20","bottom":"20","left":"20","isLinked":true},"padding_mobile":{"unit":"px","top":"14","right":"14","bottom":"24","left":"14","isLinked":false}},"elements":[{"id":"744fbdd4","settings":{"content_width":"full","title":"PERFECT GIFT FOR YOU","title_size":"div","title_color":"#253D4E","typography_typography":"custom","typography_font_size":{"unit":"px","size":18,"sizes":[]},"typography_font_weight":"700","typography_text_transform":"uppercase","typography_font_size_tablet":{"unit":"px","size":16,"sizes":[]},"typography_font_size_mobile":{"unit":"px","size":14,"sizes":[]}},"elements":[],"isInner":false,"widgetType":"ecomus-heading","elType":"widget"},{"id":"ac7dba6","settings":{"content_width":"full","title":"Ecomus Subscription","title_size":"h4","title_color":"#253D4E","typography_typography":"custom","typography_font_size":{"unit":"px","size":46,"sizes":[]},"typography_font_weight":"600","typography_font_size_tablet":{"unit":"px","size":24,"sizes":[]}},"elements":[],"isInner":false,"widgetType":"ecomus-heading","elType":"widget"},{"id":"1a27ac37","settings":{"content_width":"full","title":"Delivered every month! Perfect for your favorite vegan or anyone you want to introduce to the best better-for-you foods out there.","title_size":"div","title_color":"#253D4E","_margin":{"unit":"px","top":"0","right":"0","bottom":"18","left":"0","isLinked":false},"_margin_mobile":{"unit":"px","top":"0","right":"0","bottom":"0","left":"0","isLinked":false}},"elements":[],"isInner":false,"widgetType":"ecomus-heading","elType":"widget"},{"id":"9d73d19","settings":{"content_width":"full","button_text":"Subscribe now","show_button_icon":"alway","button_typography_typography":"custom","button_typography_font_weight":"400","button_background_color":"#253D4E","button_background_hover_color":"#253D4E","button_icon_size":{"unit":"px","size":9,"sizes":[]},"button_icon":{"value":{"url":"https:\/\/wpecomus.com\/grocery\/wp-content\/uploads\/sites\/14\/2024\/07\/arrow-right.svg","id":3886},"library":"svg"},"button_link":{"url":"https:\/\/wpecomus.com\/grocery\/shop\/","is_external":"","nofollow":"","custom_attributes":""}},"elements":[],"isInner":false,"widgetType":"ecomus-button","elType":"widget"}],"isInner":true,"elType":"container"}],"isInner":false,"elType":"container"}],"page_settings":{"hide_page_header":"yes","content_top_spacing":"custom","content_top_padding":{"unit":"px","size":0,"sizes":[]},"content_bottom_spacing":"custom","content_bottom_padding":{"unit":"px","size":0,"sizes":[]}},"version":"0.4","title":"home-grocery","type":"page"}