{"content":[{"id":"3a908beb","settings":{"boxed_width":{"unit":"px","size":1240,"sizes":[]},"margin":{"unit":"px","top":"0","right":"0","bottom":"33","left":"0","isLinked":false},"margin_mobile":{"unit":"px","top":"0","right":"0","bottom":"30","left":"0","isLinked":false},"border_border":"solid","border_width":{"unit":"px","top":"01","right":"0","bottom":"0","left":"0","isLinked":false},"border_color":"#EBEBEB"},"elements":[{"id":"7acd3a16","settings":{"items":[{"_id":"6ff95b4","image":{"id":1535,"url":"https:\/\/wpecomus.com\/women\/wp-content\/uploads\/sites\/3\/2024\/06\/home-multi-cat1.jpg","alt":"","source":"library","size":""},"text":"New Arrivals","title":"New Arrivals","link":{"url":"https:\/\/wpecomus.com\/women\/shop\/?orderby=date","is_external":"","nofollow":"","custom_attributes":""}},{"_id":"e5ae23c","image":{"id":1539,"url":"https:\/\/wpecomus.com\/women\/wp-content\/uploads\/sites\/3\/2024\/06\/home-multi-cat5.jpg","alt":"","source":"library","size":""},"text":"Best Sellers","title":"Best Sellers","link":{"url":"https:\/\/wpecomus.com\/women\/shop\/?orderby=popularity","is_external":"","nofollow":"","custom_attributes":""}},{"_id":"a963cac","image":{"id":1538,"url":"https:\/\/wpecomus.com\/women\/wp-content\/uploads\/sites\/3\/2024\/06\/home-multi-cat4.jpg","alt":"","source":"library","size":""},"text":"Top Rated","title":"Top Rated","link":{"url":"https:\/\/wpecomus.com\/women\/shop\/?orderby=rating","is_external":"","nofollow":"","custom_attributes":""}},{"_id":"ecb2692","image":{"id":1537,"url":"https:\/\/wpecomus.com\/women\/wp-content\/uploads\/sites\/3\/2024\/06\/home-multi-cat3.jpg","alt":"","source":"library","size":""},"text":"Brands We Love","title":"Brands We Love","link":{"url":"https:\/\/wpecomus.com\/women\/shop\/?orderby=price","is_external":"","nofollow":"","custom_attributes":""}},{"_id":"a40a120","image":{"id":1536,"url":"https:\/\/wpecomus.com\/women\/wp-content\/uploads\/sites\/3\/2024\/06\/home-multi-cat2.jpg","alt":"","source":"library","size":""},"text":"Trending","title":"Trending","link":{"url":"https:\/\/wpecomus.com\/women\/product-tag\/trending\/","is_external":"","nofollow":"","custom_attributes":""}},{"_id":"6f52b04","image":{"id":1540,"url":"https:\/\/wpecomus.com\/women\/wp-content\/uploads\/sites\/3\/2024\/06\/home-multi-cat6.jpg","alt":"","source":"library","size":""},"text":"The Re-Imagined","title":"The Re-Imagined","link":{"url":"https:\/\/wpecomus.com\/women\/shop\/","is_external":"","nofollow":"","custom_attributes":""}},{"_id":"1449beb","image":{"id":"","url":"https:\/\/raw.githubusercontent.com\/drfuri\/demo-content\/main\/ecomus\/fashion\/images\/placeholder.png"},"text":"Sale.","badges":"30% off","type":"text","title":"Sale","link":{"url":"https:\/\/wpecomus.com\/women\/shop\/?product_status=on_sale&filter=1","is_external":"","nofollow":"","custom_attributes":""}},{"_id":"e8aadbe","text":"Shop all","type":"icon","icon":{"value":{"url":"https:\/\/wpecomus.com\/women\/wp-content\/uploads\/sites\/3\/2024\/06\/arrow-top-right.svg","id":1340},"library":"svg"},"image":{"id":"","url":"https:\/\/raw.githubusercontent.com\/drfuri\/demo-content\/main\/ecomus\/fashion\/images\/placeholder.png"},"title":"Shop All","link":{"url":"https:\/\/wpecomus.com\/women\/shop\/","is_external":"","nofollow":"","custom_attributes":""}}],"horizontal_scrollable_tablet":"yes","horizontal_scrollable":"yes","_margin":{"unit":"px","top":"0037","right":"0","bottom":"0","left":"0","isLinked":false},"item_width_tablet":{"unit":"px","size":140,"sizes":[]},"item_width_mobile":{"unit":"px","size":115,"sizes":[]}},"elements":[],"isInner":false,"widgetType":"ecomus-image-box-grid","elType":"widget"}],"isInner":false,"elType":"container"},{"id":"66314ffd","settings":{"content_width":"full","padding":{"unit":"px","top":"0","right":"0","bottom":"0","left":"0","isLinked":false}},"elements":[{"id":"41a4cc6b","settings":{"slides":[{"title":"Elegance","description":"From casual to formal, we've got you covered","button_text":"Shop collection","_id":"2098c7e","banner_background_img":{"id":1547,"url":"https:\/\/wpecomus.com\/women\/wp-content\/uploads\/sites\/3\/2024\/06\/women-slideshow_1-scaled-1.webp","alt":"","source":"library","size":""},"background_position_tablet":"initial","background_position_x_tablet":{"unit":"%","size":64,"sizes":[]},"background_position_x_mobile":{"unit":"%","size":65,"sizes":[]},"button_icon":{"value":{"url":"https:\/\/raw.githubusercontent.com\/drfuri\/demo-content\/main\/ecomus\/fashion\/images\/arrow-right.svg","id":2722},"library":"svg"},"button_icon_align":"right","button_link":{"url":"https:\/\/wpecomus.com\/women\/product-category\/dresses\/","is_external":"","nofollow":"","custom_attributes":""}},{"title":"Boutique","description":"From casual to formal, we've got you covered","button_text":"Shop collection","_id":"a422346","banner_background_img":{"id":1548,"url":"https:\/\/wpecomus.com\/women\/wp-content\/uploads\/sites\/3\/2024\/06\/women-slideshow_2-scaled-1.webp","alt":"","source":"library","size":""},"background_position_tablet":"initial","background_position_x_tablet":{"unit":"%","size":73,"sizes":[]},"background_position_x_mobile":{"unit":"%","size":74,"sizes":[]},"button_icon":{"value":{"url":"https:\/\/raw.githubusercontent.com\/drfuri\/demo-content\/main\/ecomus\/fashion\/images\/arrow-right.svg","id":2722},"library":"svg"},"button_icon_align":"right","button_link":{"url":"https:\/\/wpecomus.com\/women\/product-category\/tops\/","is_external":"","nofollow":"","custom_attributes":""}},{"title":"Luxury","description":"From casual to formal, we've got you covered","button_text":"Shop collection","_id":"7a336df","button_link_type":"slide","banner_background_img":{"id":1549,"url":"https:\/\/wpecomus.com\/women\/wp-content\/uploads\/sites\/3\/2024\/06\/women-slideshow_3-scaled-1.webp","alt":"","source":"library","size":""},"background_position_tablet":"initial","background_position_x_tablet":{"unit":"%","size":59,"sizes":[]},"background_position_x_mobile":{"unit":"%","size":60,"sizes":[]},"button_icon":{"value":{"url":"https:\/\/raw.githubusercontent.com\/drfuri\/demo-content\/main\/ecomus\/fashion\/images\/arrow-right.svg","id":2722},"library":"svg"},"button_icon_align":"right","button_link":{"url":"https:\/\/wpecomus.com\/women\/product-category\/sweatshirts\/","is_external":"","nofollow":"","custom_attributes":""}}],"slides_height":{"unit":"px","size":700,"sizes":[]},"slides_height_mobile":{"unit":"px","size":400,"sizes":[]},"navigation_classes":"dots","navigation_classes_tablet":"dots","navigation_classes_mobile":"dots","autoplay":"yes","button_padding_mobile":{"unit":"px","top":"11","right":"24","bottom":"11","left":"24","isLinked":false},"dots_gap":{"unit":"px","size":4,"sizes":[]},"dots_gap_mobile":{"unit":"px","size":2,"sizes":[]},"dots_size_mobile":{"unit":"px","size":6,"sizes":[]},"dots_type":"background","show_button_icon":"alway","button_icon":{"value":{"url":"https:\/\/wpecomus.com\/women\/wp-content\/uploads\/sites\/3\/2024\/07\/arrow-right.svg","id":3886},"library":"svg"},"button_icon_indent_bottom":{"unit":"px","size":-1,"sizes":[]},"button_icon_padding":{"unit":"px","top":"1","right":"0","bottom":"0","left":"0","isLinked":false}},"elements":[],"isInner":false,"widgetType":"ecomus-slides","elType":"widget"}],"isInner":false,"elType":"container"},{"id":"69b6a8fd","settings":{"boxed_width":{"unit":"px","size":1440,"sizes":[]},"flex_gap":{"column":"0","row":"0","isLinked":true,"unit":"px","size":0},"margin":{"unit":"px","top":"074","right":"0","bottom":"053","left":"0","isLinked":false},"margin_tablet":{"unit":"px","top":"062","right":"0","bottom":"045","left":"0","isLinked":false},"margin_mobile":{"unit":"px","top":"30","right":"0","bottom":"15","left":"0","isLinked":false}},"elements":[{"id":"26cbf032","settings":{"title":"Categories you might like","title_size":"h4","align":"center","typography_typography":"custom","typography_font_size":{"unit":"px","size":42,"sizes":[]},"_margin":{"unit":"px","top":"0","right":"0","bottom":"68","left":"0","isLinked":false},"typography_font_size_tablet":{"unit":"px","size":32,"sizes":[]},"typography_font_size_mobile":{"unit":"px","size":22,"sizes":[]},"_margin_tablet":{"unit":"px","top":"0","right":"0","bottom":"50","left":"0","isLinked":false},"_margin_mobile":{"unit":"px","top":"0","right":"0","bottom":"30","left":"0","isLinked":false}},"elements":[],"isInner":false,"widgetType":"ecomus-heading","elType":"widget"},{"id":"48e23a3d","settings":{"heading":"","items":[{"button_text":"Tops","_id":"fac8d96","image":{"id":1553,"url":"https:\/\/wpecomus.com\/women\/wp-content\/uploads\/sites\/3\/2024\/06\/wm_ctgr1.webp","alt":"","source":"library","size":""},"button_icon":{"value":{"url":"https:\/\/raw.githubusercontent.com\/drfuri\/demo-content\/main\/ecomus\/fashion\/images\/arrow-top-right.svg","id":1340},"library":"svg"},"button_icon_align":"right","button_link":{"url":"https:\/\/wpecomus.com\/women\/product-category\/tops\/","is_external":"","nofollow":"","custom_attributes":""}},{"button_text":"Sweatshirts","_id":"92d3aca","image":{"id":1554,"url":"https:\/\/wpecomus.com\/women\/wp-content\/uploads\/sites\/3\/2024\/06\/wm_ctgr2.webp","alt":"","source":"library","size":""},"button_icon":{"value":{"url":"https:\/\/raw.githubusercontent.com\/drfuri\/demo-content\/main\/ecomus\/fashion\/images\/arrow-top-right.svg","id":1340},"library":"svg"},"button_icon_align":"right","button_link":{"url":"https:\/\/wpecomus.com\/women\/product-category\/sweatshirts\/","is_external":"","nofollow":"","custom_attributes":""}},{"button_text":"Swim","_id":"c0eaff5","image":{"id":1555,"url":"https:\/\/wpecomus.com\/women\/wp-content\/uploads\/sites\/3\/2024\/06\/wm_ctgr3.webp","alt":"","source":"library","size":""},"button_icon":{"value":{"url":"https:\/\/raw.githubusercontent.com\/drfuri\/demo-content\/main\/ecomus\/fashion\/images\/arrow-top-right.svg","id":1340},"library":"svg"},"button_icon_align":"right","button_link":{"url":"https:\/\/wpecomus.com\/women\/product-category\/swim\/","is_external":"","nofollow":"","custom_attributes":""}},{"button_text":"Dresses","_id":"3a2944d","image":{"id":1556,"url":"https:\/\/wpecomus.com\/women\/wp-content\/uploads\/sites\/3\/2024\/06\/wm_ctgr4.webp","alt":"","source":"library","size":""},"button_icon":{"value":{"url":"https:\/\/raw.githubusercontent.com\/drfuri\/demo-content\/main\/ecomus\/fashion\/images\/arrow-top-right.svg","id":1340},"library":"svg"},"button_icon_align":"right","button_link":{"url":"https:\/\/wpecomus.com\/women\/product-category\/dresses\/","is_external":"","nofollow":"","custom_attributes":""}},{"button_text":"Cardigans","image":{"id":1557,"url":"https:\/\/wpecomus.com\/women\/wp-content\/uploads\/sites\/3\/2024\/06\/wm_ctgr5.webp","alt":"","source":"library","size":""},"_id":"200060c","button_icon":{"value":{"url":"https:\/\/raw.githubusercontent.com\/drfuri\/demo-content\/main\/ecomus\/fashion\/images\/arrow-top-right.svg","id":1340},"library":"svg"},"button_icon_align":"right","button_link":{"url":"https:\/\/wpecomus.com\/women\/product-category\/cardigans\/","is_external":"","nofollow":"","custom_attributes":""}}],"slides_to_show":4,"content_horizontal_position":"center","button_hover_color":"#FFFFFF","button_margin":{"unit":"px","top":"0","right":"0","bottom":"24","left":"0","isLinked":false},"slides_to_show_tablet":3,"slides_to_show_mobile":2,"image_spacing_custom_mobile":15,"navigation_classes_tablet":"dots","navigation_classes_mobile":"dots","button_margin_mobile":{"unit":"px","top":"0","right":"0","bottom":"15","left":"0","isLinked":false},"dots_spacing_mobile":{"unit":"px","size":15,"sizes":[]},"slides_to_scroll_tablet":3,"slides_to_scroll_mobile":2,"banner_button_icon":"hover","button_style":"light","show_button_icon":"hover","button_icon":{"value":{"url":"https:\/\/raw.githubusercontent.com\/drfuri\/demo-content\/main\/ecomus\/fashion\/images\/arrow-top-right.svg","id":1340},"library":"svg"},"button_typography_typography":"custom","button_icon_indent_bottom":{"unit":"px","size":2,"sizes":[]},"button_icon_padding":{"unit":"px","top":"0","right":"0","bottom":"2","left":"0","isLinked":false},"button_icon_indent":{"unit":"px","size":10,"sizes":[]},"aspect_ratio_type":"custom","aspect_ratio":"5:6","button_typography_font_size":{"unit":"px","size":15,"sizes":[]},"button_typography_font_weight":"500","button_padding_mobile":{"unit":"px","top":"013","right":"20","bottom":"13","left":"20","isLinked":false},"button_icon_indent_mobile":{"unit":"px","size":0,"sizes":[]},"button_icon_size_mobile":{"unit":"px","size":0,"sizes":[]}},"elements":[],"isInner":false,"widgetType":"ecomus-image-box-carousel","elType":"widget"}],"isInner":false,"elType":"container"},{"id":"4f9bb107","settings":{"flex_direction":"row","flex_gap":{"unit":"px","size":0,"column":"0","row":"0","isLinked":true},"boxed_width":{"unit":"px","size":1440,"sizes":[]},"mobile_column_alignment":"column_md","margin":{"unit":"px","top":"0","right":"0","bottom":"77","left":"0","isLinked":false},"margin_tablet":{"unit":"px","top":"0","right":"0","bottom":"65","left":"0","isLinked":false},"margin_mobile":{"unit":"px","top":"0","right":"0","bottom":"30","left":"0","isLinked":false}},"elements":[{"id":"5e38a44e","settings":{"flex_direction":"column","content_width":"full","width":{"unit":"%","size":"50"},"padding":{"unit":"px","top":"0","right":"15","bottom":"0","left":"0","isLinked":false},"padding_tablet":{"unit":"px","top":"0","right":"7.5","bottom":"0","left":"0","isLinked":false},"width_mobile":{"unit":"%","size":"","sizes":[]},"_flex_shrink_mobile":0},"elements":[{"id":"3c55a892","settings":{"title":"The January Collection","image":{"id":1562,"url":"https:\/\/wpecomus.com\/women\/wp-content\/uploads\/sites\/3\/2024\/06\/wm_btn_1.webp","alt":"","source":"library","size":""},"button_text":"Shop now","text_align":"","button_link":{"url":"https:\/\/wpecomus.com\/women\/product-category\/sweatshirts\/","is_external":"","nofollow":"","custom_attributes":""}},"elements":[],"isInner":false,"widgetType":"ecomus-banner","elType":"widget"}],"isInner":true,"elType":"container"},{"id":"25762b54","settings":{"flex_direction":"column","content_width":"full","width":{"unit":"%","size":"50"},"padding":{"unit":"px","top":"0","right":"0","bottom":"0","left":"15","isLinked":false},"padding_tablet":{"unit":"px","top":"0","right":"0","bottom":"0","left":"7.5","isLinked":false},"width_mobile":{"unit":"%","size":"","sizes":[]},"_flex_shrink_mobile":0},"elements":[{"id":"46f3203c","settings":{"image":{"id":1561,"url":"https:\/\/wpecomus.com\/women\/wp-content\/uploads\/sites\/3\/2024\/06\/wm_bn_2.webp","alt":"","source":"library","size":""},"title":"Olympia's picks","button_text":"Shop now","text_align":"","button_link":{"url":"https:\/\/wpecomus.com\/women\/product-category\/swim\/","is_external":"","nofollow":"","custom_attributes":""}},"elements":[],"isInner":false,"widgetType":"ecomus-banner","elType":"widget"}],"isInner":true,"elType":"container"}],"isInner":false,"elType":"container"},{"id":"6c4b2d8f","settings":{"boxed_width":{"unit":"px","size":1440,"sizes":[]},"flex_gap":{"column":"","row":"","isLinked":true,"unit":"px","size":null},"margin":{"unit":"px","top":"0","right":"0","bottom":"61","left":"0","isLinked":false},"margin_tablet":{"unit":"px","top":"0","right":"0","bottom":"50","left":"0","isLinked":false},"margin_mobile":{"unit":"px","top":"0","right":"0","bottom":"30","left":"0","isLinked":false}},"elements":[{"id":"1af0ba0c","settings":{"title":"Ecomus\u2019s Favorites","align":"center","typography_typography":"custom","typography_font_size":{"unit":"px","size":42,"sizes":[]},"typography_font_size_tablet":{"unit":"px","size":32,"sizes":[]},"typography_font_size_mobile":{"unit":"px","size":22,"sizes":[]}},"elements":[],"isInner":false,"widgetType":"ecomus-heading","elType":"widget"},{"id":"36886888","settings":{"title":"Beautifully Functional. Purposefully Designed. Consciously Crafted.","title_size":"div","align":"center","title_color":"#545454","typography_typography":"custom","typography_font_size":{"unit":"px","size":16,"sizes":[]},"typography_font_size_mobile":{"unit":"px","size":14,"sizes":[]}},"elements":[],"isInner":false,"widgetType":"ecomus-heading","elType":"widget"}],"isInner":false,"elType":"container"},{"id":"4b21b201","settings":{"boxed_width":{"unit":"px","size":1440,"sizes":[]},"margin":{"unit":"px","top":"0","right":"0","bottom":"070","left":"0","isLinked":false},"margin_tablet":{"unit":"px","top":"0","right":"0","bottom":"67","left":"0","isLinked":false},"margin_mobile":{"unit":"px","top":"0","right":"0","bottom":"31","left":"0","isLinked":false}},"elements":[{"id":"275f8741","settings":{"slides_to_show_tablet":3,"slides_to_show_mobile":2,"image_spacing_custom_mobile":15,"slides_to_scroll":4,"slides_to_scroll_tablet":3,"slides_to_scroll_mobile":2,"dots_gap_mobile":{"unit":"px","size":4,"sizes":[]},"dots_size_mobile":{"unit":"px","size":6,"sizes":[]},"dot_item_color":"#D4D4D4","dot_item_active_color":"#050505","heading":"This is the heading","navigation_classes_tablet":"dots","arrows_vertical_spacing":{"unit":"%","size":40,"sizes":[]},"arrows_vertical_spacing_tablet":{"unit":"%","size":"","sizes":[]},"arrows_vertical_spacing_mobile":{"unit":"%","size":"","sizes":[]},"navigation_classes_mobile":"dots"},"elements":[],"isInner":false,"widgetType":"ecomus-products-carousel","elType":"widget"}],"isInner":false,"elType":"container"},{"id":"5546e9ba","settings":{"flex_direction":"row","flex_gap":{"unit":"px","size":0,"column":"0","row":"0","isLinked":true},"boxed_width":{"unit":"px","size":1440,"sizes":[]},"flex_gap_mobile":{"column":"20","row":"20","isLinked":true,"unit":"px","size":20},"margin":{"unit":"px","top":"0","right":"0","bottom":"91","left":"0","isLinked":false},"margin_tablet":{"unit":"px","top":"0","right":"0","bottom":"77","left":"0","isLinked":false},"margin_mobile":{"unit":"px","top":"0","right":"0","bottom":"36","left":"0","isLinked":false}},"elements":[{"id":"5eb91f51","settings":{"flex_direction":"row","content_width":"full","width":{"unit":"%","size":""},"overflow":"hidden","background_background":"classic","background_color":"#F7F7F7","border_radius":{"unit":"px","top":"10","right":"10","bottom":"10","left":"10","isLinked":true},"padding":{"unit":"px","top":"0","right":"0","bottom":"0","left":"0","isLinked":false}},"elements":[{"id":"61813645","settings":{"content_width":"full","width":{"unit":"%","size":50,"sizes":[]},"boxed_width":{"unit":"%","size":50,"sizes":[]},"boxed_width_tablet":{"unit":"%","size":"","sizes":[]},"boxed_width_mobile":{"unit":"%","size":"","sizes":[]},"flex_justify_content":"flex-end","padding":{"unit":"px","top":"0","right":"15","bottom":"0","left":"0","isLinked":false}},"elements":[{"id":"1296003c","settings":{"image":{"id":1566,"url":"https:\/\/wpecomus.com\/women\/wp-content\/uploads\/sites\/3\/2024\/06\/wm_img_text_1.webp","alt":"","source":"library","size":""},"image_size":"full","height_tablet":{"unit":"%","size":"","sizes":[]},"height_mobile":{"unit":"%","size":"","sizes":[]}},"elements":[],"isInner":false,"widgetType":"image","elType":"widget"}],"isInner":true,"elType":"container"},{"id":"2d378d98","settings":{"content_width":"full","width":{"unit":"%","size":50,"sizes":[]},"flex_gap":{"column":"0","row":"0","isLinked":true,"unit":"px","size":0},"flex_gap_mobile":{"column":"","row":"","isLinked":true,"unit":"px","size":null},"padding_mobile":{"unit":"px","top":"15","right":"15","bottom":"24","left":"15","isLinked":false},"_flex_align_self":"center"},"elements":[{"id":"3d943e06","settings":{"title":"Redefining Fashion <br \/>Excellence","align_mobile":"center","typography_typography":"custom","typography_font_size":{"unit":"px","size":52,"sizes":[]},"typography_font_size_tablet":{"unit":"px","size":40,"sizes":[]},"typography_font_size_mobile":{"unit":"px","size":24,"sizes":[]},"_margin":{"unit":"px","top":"20","right":"0","bottom":"24","left":"0","isLinked":false},"_margin_tablet":{"unit":"px","top":"20","right":"0","bottom":"18","left":"0","isLinked":false},"_margin_mobile":{"unit":"px","top":"0","right":"0","bottom":"16","left":"0","isLinked":false}},"elements":[],"isInner":false,"widgetType":"ecomus-heading","elType":"widget"},{"id":"736d8072","settings":{"title":"Here is your chance to upgrade your wardrobe with a variation of styles","title_size":"div","align_mobile":"center","title_color":"#545454","typography_typography":"custom","typography_font_size":{"unit":"px","size":16,"sizes":[]},"typography_font_size_mobile":{"unit":"px","size":14,"sizes":[]},"_margin":{"unit":"px","top":"0","right":"0","bottom":"34","left":"0","isLinked":false},"_margin_tablet":{"unit":"px","top":"0","right":"0","bottom":"24","left":"0","isLinked":false},"_margin_mobile":{"unit":"px","top":"0","right":"0","bottom":"18","left":"0","isLinked":false}},"elements":[],"isInner":false,"widgetType":"ecomus-heading","elType":"widget"},{"id":"53f3542c","settings":{"text":"Read our stories","align_mobile":"center","typography_typography":"custom","typography_font_size_mobile":{"unit":"px","size":14,"sizes":[]},"typography_font_weight":"600","border_radius":{"unit":"px","top":"50","right":"50","bottom":"50","left":"50","isLinked":true},"text_padding":{"unit":"px","top":"14","right":"24","bottom":"14","left":"24","isLinked":false},"text_padding_mobile":{"unit":"px","top":"11","right":"25","bottom":"11","left":"25","isLinked":false},"_margin":{"unit":"px","top":"0","right":"0","bottom":"20","left":"0","isLinked":false},"button_text":"Read our stories","button_link":{"url":"https:\/\/wpecomus.com\/women\/shop\/","is_external":"","nofollow":"","custom_attributes":""},"button_padding":{"unit":"px","top":"15","right":"24","bottom":"14","left":"24","isLinked":false}},"elements":[],"isInner":false,"widgetType":"ecomus-button","elType":"widget"}],"isInner":true,"elType":"container"}],"isInner":true,"elType":"container"}],"isInner":false,"elType":"container"},{"id":"3c468e9","settings":{"boxed_width":{"unit":"px","size":1440,"sizes":[]},"margin":{"unit":"px","top":"0","right":"0","bottom":"080","left":"0","isLinked":false},"margin_tablet":{"unit":"px","top":"0","right":"0","bottom":"53","left":"0","isLinked":false},"margin_mobile":{"unit":"px","top":"0","right":"0","bottom":"50","left":"0","isLinked":false}},"elements":[{"id":"77f289af","settings":{"testimonials":[{"testimonial_name":"Robert Smith","testimonial_company":"Boxy T-shirt","_id":"39ddf9c","testimonial_title":"","testimonial_content":"\"I have been shopping with this web fashion site for over a year now and I can confidently say it is the best online fashion site out there.\"","testimonial_image":{"id":1571,"url":"https:\/\/wpecomus.com\/women\/wp-content\/uploads\/sites\/3\/2024\/06\/wm_testi2.webp","alt":"","source":"library","size":""},"testimonial_image_2":{"id":1567,"url":"https:\/\/wpecomus.com\/women\/wp-content\/uploads\/sites\/3\/2024\/06\/wm_testi_1.webp","alt":"","source":"library","size":""},"testimonial_subtitle":"People are talking","testimonial_link":{"url":"https:\/\/wpecomus.com\/women\/product\/boxy-t-shirt\/","is_external":"","nofollow":"","custom_attributes":""}},{"testimonial_name":"Alma Haven","testimonial_company":"Ribbed Tank Top","_id":"a6ff8db","testimonial_title":"","testimonial_content":"\"The shipping is always fast and the customer service team is friendly and helpful. I highly recommend this site to anyone looking for affordable clothing.\"","testimonial_image":{"id":1569,"url":"https:\/\/raw.githubusercontent.com\/drfuri\/demo-content\/main\/ecomus\/fashion\/images\/wm_testi_4.webp","alt":"","source":"library","size":""},"testimonial_image_2":{"id":1568,"url":"https:\/\/raw.githubusercontent.com\/drfuri\/demo-content\/main\/ecomus\/fashion\/images\/wm_testi_3.webp","alt":"","source":"library","size":""},"testimonial_subtitle":"People are talking","testimonial_link":{"url":"https:\/\/wpecomus.com\/women\/product\/ribbed-tank-top\/","is_external":"","nofollow":"","custom_attributes":""}}],"thumbnail_width":{"unit":"%","size":41.6667,"sizes":[]},"testimonial_width":{"unit":"%","size":50,"sizes":[]},"testimonial_width_mobile":{"unit":"%","size":100,"sizes":[]},"thumbnail_width_tablet":{"unit":"%","size":50,"sizes":[]},"thumbnail_width_mobile":{"unit":"%","size":100,"sizes":[]},"image_item_border_radius":{"unit":"px","top":"10","right":"10","bottom":"10","left":"10","isLinked":true},"navigation_classes_tablet":"arrows","navigation_classes_mobile":"arrows","content_item_name_color":"#000000","content_item_company_color":"#545454"},"elements":[],"isInner":false,"widgetType":"ecomus-testimonial-carousel","elType":"widget"}],"isInner":false,"elType":"container"},{"id":"3c88332d","settings":{"boxed_width":{"unit":"px","size":1440,"sizes":[]},"margin":{"unit":"px","top":"0","right":"0","bottom":"85","left":"0","isLinked":false},"margin_mobile":{"unit":"px","top":"0","right":"0","bottom":"15","left":"0","isLinked":false},"margin_tablet":{"unit":"px","top":"0","right":"0","bottom":"70","left":"0","isLinked":false}},"elements":[{"id":"740135e6","settings":{"content_width":"full","icons_box":[{"icon":{"value":{"url":"https:\/\/raw.githubusercontent.com\/drfuri\/demo-content\/main\/ecomus\/fashion\/images\/box.svg","id":1397},"library":"svg"},"title":"Free Shipping","description":"You will love at great low prices","_id":"82d6a6a"},{"icon":{"value":{"url":"https:\/\/raw.githubusercontent.com\/drfuri\/demo-content\/main\/ecomus\/fashion\/images\/card.svg","id":1398},"library":"svg"},"title":"Flexible Payment","description":"Pay with Multiple Credit Cards","_id":"a15fb08"},{"icon":{"value":{"url":"https:\/\/raw.githubusercontent.com\/drfuri\/demo-content\/main\/ecomus\/fashion\/images\/return.svg","id":1399},"library":"svg"},"title":"14 Day Returns","description":"Within 30 days for an exchange","_id":"edf6df9"},{"_id":"1e7f2a4","icon":{"value":{"url":"https:\/\/raw.githubusercontent.com\/drfuri\/demo-content\/main\/ecomus\/fashion\/images\/support.svg","id":1400},"library":"svg"},"title":"Premium Support","description":"Outstanding premium support"}],"slides_to_show":4,"navigation_classes_tablet":"dots","navigation_classes_mobile":"dots","content_padding":{"unit":"px","top":"26","right":"20","bottom":"26","left":"20","isLinked":false},"content_border_border":"solid","content_border_width":{"unit":"px","top":"1","right":"1","bottom":"1","left":"1","isLinked":true},"content_border_color":"#EBEBEB","content_border_radius":{"unit":"px","top":"10","right":"10","bottom":"10","left":"10","isLinked":true},"title_typography_typography":"custom","title_typography_font_size":{"unit":"px","size":18,"sizes":[]},"title_typography_font_weight":"500","description_color":"#080808","icon_color":"#000000","icon_size":{"unit":"px","size":30,"sizes":[]},"alignment":"center","icon_spacing":{"unit":"px","size":30,"sizes":[]},"slides_to_show_tablet":2,"slides_to_show_mobile":1,"slides_to_scroll_tablet":2,"slides_to_scroll_mobile":1,"title_spacing":{"unit":"px","size":10,"sizes":[]}},"elements":[],"isInner":false,"widgetType":"ecomus-icon-box-carousel","elType":"widget"}],"isInner":false,"elType":"container"},{"id":"3d189ac","settings":{"content_width":"full","margin":{"unit":"px","top":"0","right":"0","bottom":"85","left":"0","isLinked":false},"margin_tablet":{"unit":"px","top":"0","right":"0","bottom":"85","left":"0","isLinked":false},"margin_mobile":{"unit":"px","top":"0","right":"0","bottom":"30","left":"0","isLinked":false}},"elements":[{"id":"10a2151d","settings":{"content_width":"full","items":[{"text":"Spring Clearance Event: Save Up to 70%","_id":"eefa4ab","type":"image","image":{"id":1380,"url":"https:\/\/wpecomus.com\/women\/wp-content\/uploads\/sites\/3\/2024\/06\/001fashion-brand-04.webp","alt":"","source":"library","size":""}},{"text":"Spring Clearance Event: Save Up to 70%","_id":"3934fdf","type":"image","image":{"id":1379,"url":"https:\/\/wpecomus.com\/women\/wp-content\/uploads\/sites\/3\/2024\/06\/001fashion-brand-03.webp","alt":"","source":"library","size":""}},{"text":"Spring Clearance Event: Save Up to 70%","_id":"48ed293","type":"image","image":{"id":1378,"url":"https:\/\/wpecomus.com\/women\/wp-content\/uploads\/sites\/3\/2024\/06\/001fashion-brand-01.webp","alt":"","source":"library","size":""}},{"text":"Spring Clearance Event: Save Up to 70%","type":"image","image":{"id":1377,"url":"https:\/\/wpecomus.com\/women\/wp-content\/uploads\/sites\/3\/2024\/06\/001fashion-brand-02.png","alt":"","source":"library","size":""},"_id":"793180b"},{"text":"Spring Clearance Event: Save Up to 70%","type":"image","image":{"id":1382,"url":"https:\/\/wpecomus.com\/women\/wp-content\/uploads\/sites\/3\/2024\/06\/001fashion-brand-06.webp","alt":"","source":"library","size":""},"_id":"cab7add"},{"_id":"32251a1","type":"image","image":{"id":1381,"url":"https:\/\/wpecomus.com\/women\/wp-content\/uploads\/sites\/3\/2024\/06\/001fashion-brand-05.webp","alt":"","source":"library","size":""}}],"background_color":"#FFFFFF","hover_pause":"","padding":{"unit":"px","top":"0","right":"0","bottom":"0","left":"0","isLinked":true},"gap":{"unit":"px","size":0,"sizes":[]},"image_size":"custom","image_custom_dimension":{"width":"240","height":"98"}},"elements":[],"isInner":false,"widgetType":"ecomus-marquee","elType":"widget"}],"isInner":false,"elType":"container"}],"page_settings":{"hide_page_header":"yes","content_top_spacing":"custom","content_top_padding":{"unit":"px","size":0,"sizes":[]},"content_bottom_spacing":"custom","content_bottom_padding":{"unit":"px","size":0,"sizes":[]}},"version":"0.4","title":"Home Multi Brand(Women)","type":"page"}