{"content":[{"id":"31995652","settings":{"content_width":"full","margin":{"unit":"px","top":"0","right":"0","bottom":"53","left":"0","isLinked":false},"margin_tablet":{"unit":"px","top":"0","right":"0","bottom":"45","left":"0","isLinked":false},"margin_mobile":{"unit":"px","top":"0","right":"0","bottom":"39","left":"0","isLinked":false}},"elements":[{"id":"5e33cdcf","settings":{"slides":[{"title":"Our Biggest<br class=\"hidden-xs hidden-sm hidden-md\"> Event of the Season","description":"Kick off Summer with 10% off sitewide.*","button_text":"Shop collection","_id":"c746327","button_link_type":"only","image":{"id":6801,"url":"https:\/\/wpecomus.com\/kitchen-wear\/wp-content\/uploads\/sites\/20\/2024\/11\/kitchen-sld-1.webp","alt":"","source":"library","size":""},"content_background_color_custom":"#EBE9DE","button_link":{"url":"https:\/\/wpecomus.com\/kitchen-wear\/product\/food-storage-set\/","is_external":"","nofollow":"","custom_attributes":""}},{"title":"Pottery Rooted<br class=\"hidden-xs hidden-sm hidden-md\"> in Home","description":"Kick off Summer with 10% off sitewide.*","button_text":"Shop collection","button_link_type":"only","image":{"id":6802,"url":"https:\/\/wpecomus.com\/kitchen-wear\/wp-content\/uploads\/sites\/20\/2024\/11\/kitchen-sld-2.webp","alt":"","source":"library","size":""},"content_background_color_custom":"#E7E4DF","_id":"edfa9a9","button_link":{"url":"https:\/\/wpecomus.com\/kitchen-wear\/product\/sauce-pan\/","is_external":"","nofollow":"","custom_attributes":""}},{"title":"Refresh your table<br class=\"hidden-xs hidden-sm hidden-md\"> with our new","description":"Kick off Summer with 10% off sitewide.*","button_text":"Shop collection","button_link_type":"only","image":{"id":6803,"url":"https:\/\/wpecomus.com\/kitchen-wear\/wp-content\/uploads\/sites\/20\/2024\/11\/kitchen-sld-3.webp","alt":"","source":"library","size":""},"content_background_color_custom":"#E2EBDE","_id":"0d6bf35","button_link":{"url":"https:\/\/wpecomus.com\/kitchen-wear\/product\/fry-pan\/","is_external":"","nofollow":"","custom_attributes":""}}],"image_height":{"unit":"px","size":800,"sizes":[]},"image_height_mobile":{"unit":"px","size":314,"sizes":[]},"show_button_icon":"alway","navigation_classes":"dots","navigation_classes_tablet":"dots","navigation_classes_mobile":"dots","content_direction_mobile":"column","content_align_mobile":"center","title_typography_typography":"custom","title_typography_font_size":{"unit":"px","size":68,"sizes":[]},"title_typography_font_size_tablet":{"unit":"px","size":50,"sizes":[]},"title_typography_font_size_mobile":{"unit":"px","size":32,"sizes":[]},"title_margin_mobile":{"unit":"px","top":"0","right":"0","bottom":"11","left":"0","isLinked":false},"description_typography_typography":"custom","description_typography_font_size":{"unit":"px","size":20,"sizes":[]},"description_typography_font_size_mobile":{"unit":"px","size":16,"sizes":[]},"description_color":"#545454","description_margin_mobile":{"unit":"px","top":"0","right":"0","bottom":"23","left":"0","isLinked":false},"button_style":"light","button_typography_typography":"custom","button_typography_font_weight":"500","dots_type":"","dots_gap_tablet":{"unit":"px","size":5,"sizes":[]},"dots_size_tablet":{"unit":"px","size":4,"sizes":[]},"dots_spacing_mobile":{"unit":"%","size":57,"sizes":[]},"dot_align_mobile":"center","button_icon":{"value":{"url":"https:\/\/wpecomus.com\/kitchen-wear\/wp-content\/uploads\/sites\/20\/2024\/07\/arrow-right.svg","id":3886},"library":"svg"},"content_align":"","image_height_tablet":{"unit":"px","size":580,"sizes":[]}},"elements":[],"isInner":false,"widgetType":"ecomus-image-content-slider","elType":"widget"}],"isInner":false,"elType":"container"},{"id":"143b6ce5","settings":{"flex_direction":"row","content_width":"full","flex_gap":{"column":"30","row":"30","isLinked":true,"unit":"px","size":30},"flex_gap_tablet":{"column":"15","row":"15","isLinked":true,"unit":"px","size":15},"mobile_column_alignment":"column_md","margin":{"unit":"px","top":"0","right":"0","bottom":"92","left":"0","isLinked":false},"margin_tablet":{"unit":"px","top":"0","right":"0","bottom":"78","left":"0","isLinked":false},"margin_mobile":{"unit":"px","top":"0","right":"0","bottom":"69","left":"0","isLinked":false},"padding":{"unit":"px","top":"0","right":"40","bottom":"0","left":"40","isLinked":false},"padding_tablet":{"unit":"px","top":"0","right":"30","bottom":"0","left":"30","isLinked":false},"padding_mobile":{"unit":"px","top":"0","right":"15","bottom":"0","left":"15","isLinked":false}},"elements":[{"id":"12ee4db6","settings":{"content_width":"full"},"elements":[{"id":"40eeceef","settings":{"title":"Chef's Dutch Oven","content_align":"stretch","button_text":"Shop now","show_button_icon":"alway","horizontal_position":"left","vertical_position":"top","text_align":"","button_style":"subtle","image":{"id":6804,"url":"https:\/\/wpecomus.com\/kitchen-wear\/wp-content\/uploads\/sites\/20\/2024\/11\/kitchen-bn-1.webp","alt":"","source":"library","size":""},"sub_title":"Start from <strong>$199<\/strong>","height":{"unit":"px","size":660,"sizes":[]},"height_tablet":{"unit":"px","size":500,"sizes":[]},"height_mobile":{"unit":"px","size":300,"sizes":[]},"banner_padding":{"unit":"px","top":"56","right":"50","bottom":"50","left":"50","isLinked":false},"banner_padding_tablet":{"unit":"px","top":"20","right":"15","bottom":"15","left":"15","isLinked":false},"title_typography_typography":"custom","title_typography_font_size_mobile":{"unit":"px","size":18,"sizes":[]},"title_color":"#FFFFFF","sub_title_typography_typography":"custom","sub_title_typography_font_size_tablet":{"unit":"px","size":16,"sizes":[]},"sub_title_color":"#FFFFFF","button_text_color":"#FFFFFF","hover_color":"#000000","button_link":{"url":"https:\/\/wpecomus.com\/kitchen-wear\/product\/sauce-pan\/","is_external":"","nofollow":"","custom_attributes":""}},"elements":[],"isInner":false,"widgetType":"ecomus-banner","elType":"widget"}],"isInner":true,"elType":"container"},{"id":"7e20747b","settings":{"content_width":"full"},"elements":[{"id":"6cae0d69","settings":{"title":"Swivel Peeler","content_align":"stretch","button_text":"Shop now","show_button_icon":"alway","horizontal_position":"left","vertical_position":"top","text_align":"","button_style":"subtle","image":{"id":6805,"url":"https:\/\/wpecomus.com\/kitchen-wear\/wp-content\/uploads\/sites\/20\/2024\/11\/kitchen-bn-2.webp","alt":"","source":"library","size":""},"sub_title":"Start from <strong>$299<\/strong>","height":{"unit":"px","size":660,"sizes":[]},"height_tablet":{"unit":"px","size":500,"sizes":[]},"height_mobile":{"unit":"px","size":300,"sizes":[]},"banner_padding":{"unit":"px","top":"56","right":"50","bottom":"50","left":"50","isLinked":false},"banner_padding_tablet":{"unit":"px","top":"20","right":"15","bottom":"15","left":"15","isLinked":false},"title_typography_typography":"custom","title_typography_font_size_mobile":{"unit":"px","size":18,"sizes":[]},"title_color":"#FFFFFF","sub_title_typography_typography":"custom","sub_title_typography_font_size_tablet":{"unit":"px","size":16,"sizes":[]},"sub_title_color":"#FFFFFF","button_text_color":"#FFFFFF","hover_color":"#000000","button_link":{"url":"https:\/\/wpecomus.com\/kitchen-wear\/product\/fry-pan\/","is_external":"","nofollow":"","custom_attributes":""}},"elements":[],"isInner":false,"widgetType":"ecomus-banner","elType":"widget"}],"isInner":true,"elType":"container"},{"id":"33c21ae","settings":{"content_width":"full"},"elements":[{"id":"4c0191e","settings":{"title":"Bakeware Set","content_align":"stretch","button_text":"Shop now","show_button_icon":"alway","horizontal_position":"left","vertical_position":"top","text_align":"","button_style":"subtle","image":{"id":6806,"url":"https:\/\/wpecomus.com\/kitchen-wear\/wp-content\/uploads\/sites\/20\/2024\/11\/kitchen-bn-3.webp","alt":"","source":"library","size":""},"sub_title":"Start from <strong>$399<\/strong>","height":{"unit":"px","size":660,"sizes":[]},"height_tablet":{"unit":"px","size":500,"sizes":[]},"height_mobile":{"unit":"px","size":300,"sizes":[]},"banner_padding":{"unit":"px","top":"56","right":"50","bottom":"50","left":"50","isLinked":false},"banner_padding_tablet":{"unit":"px","top":"20","right":"15","bottom":"15","left":"15","isLinked":false},"title_typography_typography":"custom","title_typography_font_size_mobile":{"unit":"px","size":18,"sizes":[]},"title_color":"#FFFFFF","sub_title_typography_typography":"custom","sub_title_typography_font_size_tablet":{"unit":"px","size":16,"sizes":[]},"sub_title_color":"#FFFFFF","button_text_color":"#FFFFFF","hover_color":"#000000","button_link":{"url":"https:\/\/wpecomus.com\/kitchen-wear\/product\/food-storage-set\/","is_external":"","nofollow":"","custom_attributes":""}},"elements":[],"isInner":false,"widgetType":"ecomus-banner","elType":"widget"}],"isInner":true,"elType":"container"}],"isInner":false,"elType":"container"},{"id":"1fe49f72","settings":{"margin":{"unit":"px","top":"0","right":"0","bottom":"99","left":"0","isLinked":false},"margin_tablet":{"unit":"px","top":"0","right":"0","bottom":"84","left":"0","isLinked":false},"margin_mobile":{"unit":"px","top":"0","right":"0","bottom":"74","left":"0","isLinked":false}},"elements":[{"id":"67c15b16","settings":{"tabs":[{"heading":"Best seller","products":"best_selling_products","_id":"7568206"},{"heading":"New arrivals","_id":"79fd1ac"},{"heading":"On Sale","products":"sale_products","_id":"2970604"}],"slides_to_show_tablet":3,"slides_to_show_mobile":2,"slides_to_scroll_tablet":3,"slides_to_scroll_mobile":2,"image_spacing_custom_tablet":30,"image_spacing_custom_mobile":15,"navigation_classes_tablet":"arrows","navigation_classes_mobile":"dots","heading_typography_typography":"custom","heading_typography_font_size":{"unit":"px","size":32,"sizes":[]},"heading_typography_font_size_tablet":{"unit":"px","size":26,"sizes":[]},"heading_typography_font_size_mobile":{"unit":"px","size":20,"sizes":[]},"heading_typography_font_weight":"400","heading_color":"#545454","heading_hover_color":"#000000","heading_active_typography_typography":"custom","heading_active_typography_font_weight":"500","heading_active_color":"#000000","arrows_show":"1","arrows_horizontal_spacing":{"unit":"px","size":-82,"sizes":[]},"arrows_horizontal_spacing_tablet":{"unit":"px","size":0,"sizes":[]},"dots_spacing_mobile":{"unit":"px","size":15,"sizes":[]},"arrows_type":"outline","arrows_border_color":"#000000","arrows_disable_border_color":"#00000024"},"elements":[],"isInner":false,"widgetType":"ecomus-product-tabs-carousel","elType":"widget"}],"isInner":false,"elType":"container"},{"id":"36d7ffc8","settings":{"flex_direction":"column","margin":{"unit":"px","top":"0","right":"0","bottom":"100","left":"0","isLinked":false},"margin_tablet":{"unit":"px","top":"0","right":"0","bottom":"85","left":"0","isLinked":false},"margin_mobile":{"unit":"px","top":"0","right":"0","bottom":"58","left":"0","isLinked":false}},"elements":[{"id":"e33934c","settings":{"content_width":"full","flex_direction":"row-reverse","flex_direction_tablet":"row-reverse","flex_gap":{"column":"0","row":"0","isLinked":true,"unit":"px","size":0},"overflow":"hidden","flex_direction_mobile":"column"},"elements":[{"id":"2e3014ae","settings":{"flex_direction":"column","content_width":"full","width":{"unit":"%","size":"50"},"width_tablet":{"unit":"%","size":100,"sizes":[]},"width_mobile":{"unit":"%","size":"","sizes":[]}},"elements":[{"id":"7e783ce5","settings":{"content_width":"full","image":{"id":6810,"url":"https:\/\/wpecomus.com\/kitchen-wear\/wp-content\/uploads\/sites\/20\/2024\/11\/kitchen-bn-4.webp","alt":"","source":"library","size":""},"image_size":"full","height_tablet":{"unit":"%","size":100,"sizes":[]},"height_mobile":{"unit":"%","size":"","sizes":[]},"object-fit_tablet":"cover","image_border_radius":{"unit":"px","top":"0","right":"0","bottom":"0","left":"0","isLinked":true},"_flex_size_tablet":"grow","width":{"unit":"%","size":100,"sizes":[]}},"elements":[],"isInner":false,"widgetType":"image","elType":"widget"}],"isInner":true,"elType":"container"},{"id":"26191527","settings":{"flex_direction":"column","content_width":"full","width":{"unit":"%","size":"50"},"flex_gap":{"column":"0","row":"0","isLinked":true,"unit":"px","size":0},"background_background":"classic","background_color":"#E7E4DF","padding":{"unit":"px","top":"20","right":"20","bottom":"20","left":"93","isLinked":false},"padding_tablet":{"unit":"px","top":"20","right":"20","bottom":"20","left":"20","isLinked":false},"padding_mobile":{"unit":"px","top":"14","right":"14","bottom":"24","left":"14","isLinked":false},"width_tablet":{"unit":"%","size":100,"sizes":[]},"width_mobile":{"unit":"%","size":"","sizes":[]},"flex_justify_content":"center","flex_justify_content_tablet":"center","flex_align_items_mobile":"center"},"elements":[{"id":"70a7df57","settings":{"content_width":"full","title":"Summer-Ready<br> Savings","align_mobile":"center","typography_typography":"custom","typography_font_size":{"unit":"px","size":52,"sizes":[]},"typography_font_size_tablet":{"unit":"px","size":40,"sizes":[]},"typography_font_size_mobile":{"unit":"px","size":24,"sizes":[]},"typography_font_weight":"400","_margin":{"unit":"px","top":"0","right":"0","bottom":"24","left":"0","isLinked":false},"_margin_mobile":{"unit":"px","top":"0","right":"0","bottom":"16","left":"0","isLinked":false},"_margin_tablet":{"unit":"px","top":"0","right":"0","bottom":"18","left":"0","isLinked":false}},"elements":[],"isInner":false,"widgetType":"ecomus-heading","elType":"widget"},{"id":"537af5ea","settings":{"content_width":"full","title":"Sets come equipped with easy to use storage solutions to keep your kitchen organized and pristine.","title_size":"p","align_mobile":"center","title_color":"#545454","typography_typography":"custom","typography_font_size":{"unit":"px","size":16,"sizes":[]},"typography_font_weight":"400","_margin":{"unit":"px","top":"0","right":"0","bottom":"33","left":"0","isLinked":false},"_margin_mobile":{"unit":"px","top":"0","right":"0","bottom":"18","left":"0","isLinked":false},"typography_font_size_mobile":{"unit":"px","size":14,"sizes":[]},"_margin_tablet":{"unit":"px","top":"0","right":"0","bottom":"24","left":"0","isLinked":false}},"elements":[],"isInner":false,"widgetType":"ecomus-heading","elType":"widget"},{"id":"3bb6431d","settings":{"content_width":"full","text":"Shop Collection","typography_typography":"custom","typography_font_size":{"unit":"px","size":14,"sizes":[]},"typography_font_weight":"600","border_radius":{"unit":"px","top":"60","right":"60","bottom":"60","left":"60","isLinked":true},"text_padding":{"unit":"px","top":"15","right":"31","bottom":"15","left":"31","isLinked":false},"text_padding_mobile":{"unit":"px","top":"11","right":"26","bottom":"11","left":"26","isLinked":false},"button_text":"Shop Collection","show_button_icon":"alway","button_style":"subtle","button_link":{"url":"https:\/\/wpecomus.com\/kitchen-wear\/shop\/","is_external":"","nofollow":"","custom_attributes":""}},"elements":[],"isInner":false,"widgetType":"ecomus-button","elType":"widget"}],"isInner":true,"elType":"container"}],"isInner":true,"elType":"container"}],"isInner":false,"elType":"container"},{"id":"7762caf5","settings":{"flex_direction":"row","flex_gap":{"unit":"px","size":30,"column":"30","row":"30","isLinked":true},"flex_gap_mobile":{"column":"15","row":"15","isLinked":true,"unit":"px","size":15},"margin":{"unit":"px","top":"0","right":"0","bottom":"169","left":"0","isLinked":false},"margin_tablet":{"unit":"px","top":"0","right":"0","bottom":"143","left":"0","isLinked":false},"margin_mobile":{"unit":"px","top":"0","right":"0","bottom":"71","left":"0","isLinked":false}},"elements":[{"id":"68b992b7","settings":{"flex_direction":"column","content_width":"full","width":{"unit":"%","size":75},"width_tablet":{"unit":"%","size":66.666666,"sizes":[]},"width_mobile":{"unit":"%","size":"","sizes":[]}},"elements":[{"id":"13d0caaa","settings":{"heading":"Shop by categories","items":[{"button_text":"Cookwear","button_link":{"url":"https:\/\/wpecomus.com\/kitchen-wear\/product-category\/cookwear\/","is_external":"","nofollow":"","custom_attributes":""},"_id":"0611145","image":{"id":6811,"url":"https:\/\/wpecomus.com\/kitchen-wear\/wp-content\/uploads\/sites\/20\/2024\/11\/kitchen-cat-1.webp","alt":"","source":"library","size":""}},{"button_text":"Bakewear","button_link":{"url":"https:\/\/wpecomus.com\/kitchen-wear\/product-category\/bakewear\/","is_external":"","nofollow":"","custom_attributes":""},"image":{"id":6813,"url":"https:\/\/wpecomus.com\/kitchen-wear\/wp-content\/uploads\/sites\/20\/2024\/11\/kitchen-cat-2.webp","alt":"","source":"library","size":""},"_id":"417c194"},{"button_text":"Accessories","button_link":{"url":"https:\/\/wpecomus.com\/kitchen-wear\/product-category\/accessories\/","is_external":"","nofollow":"","custom_attributes":""},"image":{"id":6814,"url":"https:\/\/wpecomus.com\/kitchen-wear\/wp-content\/uploads\/sites\/20\/2024\/11\/kitchen-cat-3.webp","alt":"","source":"library","size":""},"_id":"23b0b13"},{"button_text":"Bakewear","button_link":{"url":"https:\/\/wpecomus.com\/kitchen-wear\/product-category\/bakewear\/","is_external":"","nofollow":"","custom_attributes":""},"image":{"id":6813,"url":"https:\/\/wpecomus.com\/kitchen-wear\/wp-content\/uploads\/sites\/20\/2024\/11\/kitchen-cat-2.webp","alt":"","source":"library","size":""},"_id":"060cc15"}],"aspect_ratio_type":"vertical","show_button_icon":"hover","slides_to_show_tablet":2,"slides_to_show_mobile":1,"slides_to_scroll_tablet":2,"slides_to_scroll_mobile":1,"image_spacing_custom_mobile":15,"navigation_classes":"none","navigation_classes_tablet":"none","navigation_classes_mobile":"none","heading_spacing":{"unit":"px","size":25,"sizes":[]},"button_padding":{"unit":"px","top":"12","right":"15","bottom":"12","left":"15","isLinked":false},"button_typography_typography":"custom","button_typography_font_size":{"unit":"px","size":18,"sizes":[]},"button_typography_font_size_mobile":{"unit":"px","size":16,"sizes":[]},"button_typography_font_weight":"500","arrows_heading_size":{"unit":"px","size":6,"sizes":[]},"arrows_heading_width":{"unit":"px","size":24,"sizes":[]},"arrows_heading_height":{"unit":"px","size":24,"sizes":[]},"button_style":"light"},"elements":[],"isInner":false,"widgetType":"ecomus-image-box-carousel","elType":"widget"}],"isInner":true,"elType":"container"},{"id":"63f7946","settings":{"flex_direction":"column","content_width":"full","width":{"unit":"%","size":25},"width_tablet":{"unit":"%","size":33.333333,"sizes":[]},"width_mobile":{"unit":"%","size":"","sizes":[]},"flex_direction_mobile":"row","flex_justify_content":"flex-end","flex_justify_content_mobile":"space-between","flex_align_items_mobile":"center","flex_gap":{"column":"30","row":"30","isLinked":true,"unit":"px","size":30},"flex_wrap_mobile":"nowrap","border_border":"solid","border_width":{"unit":"px","top":"1","right":"1","bottom":"1","left":"1","isLinked":true},"border_color":"#000000","margin":{"unit":"px","top":"49","right":"0","bottom":"1","left":"0","isLinked":false},"margin_mobile":{"unit":"px","top":"0","right":"0","bottom":"0","left":"0","isLinked":false},"padding":{"unit":"px","top":"37","right":"37","bottom":"37","left":"37","isLinked":true},"padding_tablet":{"unit":"px","top":"30","right":"30","bottom":"30","left":"30","isLinked":true},"padding_mobile":{"unit":"px","top":"10","right":"15","bottom":"10","left":"15","isLinked":false}},"elements":[{"id":"598f63a0","settings":{"title":"Discovery<br class=\"hidden-xs hidden-sm hidden-md\"> all new items","title_size":"h6","typography_typography":"custom","typography_font_size":{"unit":"px","size":28,"sizes":[]},"typography_font_size_mobile":{"unit":"px","size":22,"sizes":[]}},"elements":[],"isInner":false,"widgetType":"ecomus-heading","elType":"widget"},{"id":"45166cb4","settings":{"button_text":"","show_button_icon":"alway","button_style":"outline","button_padding":{"unit":"px","top":"0","right":"0","bottom":"0","left":"0","isLinked":false},"button_border_radius":{"unit":"px","top":"100","right":"100","bottom":"100","left":"100","isLinked":true},"button_min_width":{"unit":"px","size":50,"sizes":[]},"button_min_width_mobile":{"unit":"px","size":40,"sizes":[]},"button_min_height":{"unit":"px","size":50,"sizes":[]},"button_min_height_mobile":{"unit":"px","size":40,"sizes":[]},"button_border_color":"#000000","button_icon_indent":{"unit":"px","size":0,"sizes":[]},"button_icon_size":{"unit":"px","size":10,"sizes":[]},"button_link":{"url":"https:\/\/wpecomus.com\/kitchen-wear\/shop\/","is_external":"","nofollow":"","custom_attributes":""}},"elements":[],"isInner":false,"widgetType":"ecomus-button","elType":"widget"}],"isInner":true,"elType":"container"}],"isInner":false,"elType":"container"},{"id":"404ee69","settings":{"margin":{"unit":"px","top":"0","right":"0","bottom":"134","left":"0","isLinked":false},"margin_tablet":{"unit":"px","top":"0","right":"0","bottom":"85","left":"0","isLinked":false},"margin_mobile":{"unit":"px","top":"0","right":"0","bottom":"75","left":"0","isLinked":false}},"elements":[{"id":"2b1933d3","settings":{"image":{"id":6815,"url":"https:\/\/wpecomus.com\/kitchen-wear\/wp-content\/uploads\/sites\/20\/2024\/11\/kitchen-bn-5.webp","alt":"","source":"library","size":""},"title":"Save with bundle","sub_title":"BUNDLE AND SAVE","lookbook_products":[{"_id":"541a16c","product_id":546,"pin_position_x":{"unit":"%","size":58,"sizes":[]},"pin_position_y":{"unit":"%","size":15,"sizes":[]}},{"_id":"20e4d62","product_id":775,"pin_position_x":{"unit":"%","size":47,"sizes":[]},"pin_position_y":{"unit":"%","size":65,"sizes":[]}},{"product_id":871,"pin_position_x":{"unit":"%","size":83,"sizes":[]},"pin_position_y":{"unit":"%","size":69,"sizes":[]},"_id":"67d86f1"}],"lookbook_type":"list","section_sticky":"yes","sub_title_color":"#000000"},"elements":[],"isInner":false,"widgetType":"ecomus-lookbook-products","elType":"widget"}],"isInner":false,"elType":"container"},{"id":"ebace95","settings":{"flex_gap":{"column":"30","row":"30","isLinked":true,"unit":"px","size":30},"flex_gap_tablet":{"column":"23","row":"23","isLinked":true,"unit":"px","size":23},"flex_gap_mobile":{"column":"30","row":"30","isLinked":true,"unit":"px","size":30},"background_background":"classic","background_image":{"id":6816,"url":"https:\/\/wpecomus.com\/kitchen-wear\/wp-content\/uploads\/sites\/20\/2024\/11\/kitchen-bn-6-scaled.webp","alt":"","source":"library","size":""},"margin":{"unit":"px","top":"0","right":"0","bottom":"100","left":"0","isLinked":false},"margin_tablet":{"unit":"px","top":"0","right":"0","bottom":"85","left":"0","isLinked":false},"margin_mobile":{"unit":"px","top":"0","right":"0","bottom":"26","left":"0","isLinked":false},"padding":{"unit":"px","top":"100","right":"0","bottom":"150","left":"0","isLinked":false},"padding_tablet":{"unit":"px","top":"85","right":"0","bottom":"127","left":"0","isLinked":false},"padding_mobile":{"unit":"px","top":"33","right":"0","bottom":"49","left":"0","isLinked":false}},"elements":[{"id":"6113a667","settings":{"title":"Our happy customer","title_size":"h4","align":"center","title_color":"#FFFFFF","typography_typography":"custom","typography_font_size_tablet":{"unit":"px","size":32,"sizes":[]},"typography_font_size_mobile":{"unit":"px","size":22,"sizes":[]}},"elements":[],"isInner":false,"widgetType":"ecomus-heading","elType":"widget"},{"id":"3af9df3","settings":{"testimonials":[{"testimonial_name":"Robert Smith","_id":"cb4f027","testimonial_title":"Best Online Fashion Site","testimonial_content":"I always find something stylish and affordable on this web fashion site","testimonial_text":"Customer from USA","testimonial_product_id":546},{"testimonial_name":"Robert Smith","testimonial_title":"Great Selection and Quality","testimonial_content":"I love the variety of styles and the high-quality clothing on this web fashion site.","testimonial_text":"Customer from USA","testimonial_product_id":775,"_id":"c3e63aa"},{"testimonial_name":"Robert Smith","testimonial_title":"Best Customer Service","testimonial_content":"I finally found a web fashion site with stylish and flattering options in my size.","testimonial_text":"Customer from USA","testimonial_product_id":871,"_id":"b3fc2f6"},{"testimonial_name":"Robert Smith","testimonial_title":"Great Selection and Quality","testimonial_content":"I love the variety of styles and the high-quality clothing on this web fashion site.","testimonial_text":"Customer from USA","testimonial_product_id":782,"_id":"fb0bbc8"}],"slides_to_show_tablet":2,"slides_to_show_mobile":1,"slides_to_scroll_tablet":2,"slides_to_scroll_mobile":1,"navigation_classes_tablet":"arrows","navigation_classes_mobile":"dots","item_background_color":"#FFFFFF","content_typography_typography":"custom","content_typography_font_size_mobile":{"unit":"px","size":16,"sizes":[]},"text_color":"#545454","arrows_show":"1","arrows_type":"solid","arrows_disable_bgcolor":"#FFFFFF66","dots_spacing_mobile":{"unit":"px","size":15,"sizes":[]}},"elements":[],"isInner":false,"widgetType":"ecomus-testimonial-carousel-2","elType":"widget"}],"isInner":false,"elType":"container"},{"id":"77ea424b","settings":{"flex_direction":"row","flex_gap":{"unit":"px","size":0,"column":"0","row":"0","isLinked":true},"flex_direction_mobile":"column-reverse","flex_gap_mobile":{"column":"15","row":"15","isLinked":true,"unit":"px","size":15},"margin":{"unit":"px","top":"0","right":"0","bottom":"136","left":"0","isLinked":false},"margin_tablet":{"unit":"px","top":"0","right":"0","bottom":"115","left":"0","isLinked":false},"margin_mobile":{"unit":"px","top":"0","right":"0","bottom":"42","left":"0","isLinked":false}},"elements":[{"id":"691ab3b6","settings":{"flex_direction":"column","content_width":"full","width":{"unit":"%","size":"50"},"flex_justify_content":"center","flex_align_items_mobile":"center","flex_gap":{"column":"0","row":"0","isLinked":true,"unit":"px","size":0}},"elements":[{"id":"58498abf","settings":{"title":"SPRING SALE 30% OFF","title_size":"div","title_color":"#000000","typography_typography":"custom","typography_font_weight":"700","typography_text_transform":"uppercase","_margin":{"unit":"px","top":"0","right":"0","bottom":"14","left":"0","isLinked":false},"_margin_tablet":{"unit":"px","top":"0","right":"0","bottom":"12","left":"0","isLinked":false}},"elements":[],"isInner":false,"widgetType":"ecomus-heading","elType":"widget"},{"id":"8d4698d","settings":{"title":"Designed with Storage<br class=\"hidden-xs hidden-sm hidden-md\"> in Mind","align_mobile":"center","title_color":"#000000","typography_typography":"custom","typography_font_size":{"unit":"px","size":52,"sizes":[]},"typography_font_size_tablet":{"unit":"px","size":40,"sizes":[]},"typography_font_size_mobile":{"unit":"px","size":24,"sizes":[]},"_margin":{"unit":"px","top":"0","right":"0","bottom":"22","left":"0","isLinked":false},"_margin_tablet":{"unit":"px","top":"0","right":"0","bottom":"18","left":"0","isLinked":false}},"elements":[],"isInner":false,"widgetType":"ecomus-heading","elType":"widget"},{"id":"6a553c87","settings":{"title":"Sets come equipped with easy to use storage solutions to keep your kitchen organized and pristine.","title_size":"div","align_mobile":"center","title_color":"#545454","typography_typography":"custom","typography_font_size":{"unit":"px","size":16,"sizes":[]},"typography_font_size_mobile":{"unit":"px","size":14,"sizes":[]},"_margin":{"unit":"px","top":"0","right":"0","bottom":"34","left":"0","isLinked":false},"_margin_tablet":{"unit":"px","top":"0","right":"0","bottom":"24","left":"0","isLinked":false},"_margin_mobile":{"unit":"px","top":"0","right":"0","bottom":"17","left":"0","isLinked":false}},"elements":[],"isInner":false,"widgetType":"ecomus-heading","elType":"widget"},{"id":"2a2385ea","settings":{"button_text":"Shop Collection","button_link":{"url":"https:\/\/wpecomus.com\/kitchen-wear\/shop\/","is_external":"","nofollow":"","custom_attributes":""}},"elements":[],"isInner":false,"widgetType":"ecomus-button","elType":"widget"}],"isInner":true,"elType":"container"},{"id":"359173e","settings":{"flex_direction":"column","content_width":"full","width":{"unit":"%","size":"50"}},"elements":[{"id":"7d33c67","settings":{"image":{"id":6818,"url":"https:\/\/wpecomus.com\/kitchen-wear\/wp-content\/uploads\/sites\/20\/2024\/11\/kitchen-bn-7.webp","alt":"","source":"library","size":""},"image_size":"full","align_mobile":"center","width":{"unit":"%","size":100,"sizes":[]}},"elements":[],"isInner":false,"widgetType":"image","elType":"widget"}],"isInner":true,"elType":"container"}],"isInner":false,"elType":"container"},{"id":"24249f1a","settings":{"margin":{"unit":"px","top":"0","right":"0","bottom":"70","left":"0","isLinked":false},"margin_tablet":{"unit":"px","top":"0","right":"0","bottom":"59","left":"0","isLinked":false},"margin_mobile":{"unit":"px","top":"0","right":"0","bottom":"35","left":"0","isLinked":false}},"elements":[{"id":"2dcaf2bc","settings":{"icons_box":[{"icon":{"value":{"url":"https:\/\/wpecomus.com\/kitchen-wear\/wp-content\/uploads\/sites\/20\/2024\/06\/box.svg","id":1397},"library":"svg"},"title":"Free Shipping","description":"You will love at great low prices","_id":"de4ff24","image":{"id":6793,"url":"https:\/\/wpecomus.com\/kitchen-wear\/wp-content\/uploads\/sites\/20\/2024\/11\/placeholder.png"}},{"icon":{"value":{"url":"https:\/\/wpecomus.com\/kitchen-wear\/wp-content\/uploads\/sites\/20\/2024\/06\/card.svg","id":1398},"library":"svg"},"title":"Flexible Payment","description":"Pay with Multiple Credit Cards","_id":"88ea46c","image":{"id":6794,"url":"https:\/\/wpecomus.com\/kitchen-wear\/wp-content\/uploads\/sites\/20\/2024\/11\/placeholder-1.png"}},{"icon":{"value":{"url":"https:\/\/wpecomus.com\/kitchen-wear\/wp-content\/uploads\/sites\/20\/2024\/06\/return.svg","id":1399},"library":"svg"},"title":"14 Day Returns","description":"Within 30 days for an exchange","_id":"de1c343","image":{"id":6795,"url":"https:\/\/wpecomus.com\/kitchen-wear\/wp-content\/uploads\/sites\/20\/2024\/11\/placeholder-2.png"}},{"icon":{"value":{"url":"https:\/\/wpecomus.com\/kitchen-wear\/wp-content\/uploads\/sites\/20\/2024\/06\/support.svg","id":1400},"library":"svg"},"title":"Premium Support","description":"Outstanding premium support","_id":"12b5313","image":{"id":6796,"url":"https:\/\/wpecomus.com\/kitchen-wear\/wp-content\/uploads\/sites\/20\/2024\/11\/placeholder-3.png"}}],"slides_to_show":4,"slides_to_show_tablet":2,"slides_to_show_mobile":1,"slides_to_scroll_tablet":2,"slides_to_scroll_mobile":1,"navigation_classes":"none","navigation_classes_tablet":"dots","position":"left","position_mobile":"top","vertical_alignment":"middle","alignment_mobile":"center","title_color":"#000000","title_typography_typography":"custom","title_typography_font_size":{"unit":"px","size":18,"sizes":[]},"title_spacing":{"unit":"px","size":9,"sizes":[]},"description_color":"#545454","description_typography_typography":"custom","description_typography_font_size":{"unit":"px","size":14,"sizes":[]},"icon_color":"#000000","icon_size":{"unit":"px","size":30,"sizes":[]},"icon_size_mobile":{"unit":"px","size":29,"sizes":[]},"icon_border_border":"solid","icon_border_width":{"unit":"px","top":"1","right":"1","bottom":"1","left":"1","isLinked":true},"icon_border_color":"#EBEBEB","border_radius":{"unit":"px","top":"100","right":"100","bottom":"100","left":"100","isLinked":true},"icon_padding":{"unit":"px","top":"20","right":"20","bottom":"20","left":"20","isLinked":true},"icon_padding_mobile":{"unit":"px","top":"14","right":"14","bottom":"14","left":"14","isLinked":true},"icon_spacing":{"unit":"px","size":30,"sizes":[]},"dots_spacing_mobile":{"unit":"px","size":15,"sizes":[]}},"elements":[],"isInner":false,"widgetType":"ecomus-icon-box-carousel","elType":"widget"}],"isInner":false,"elType":"container"}],"page_settings":{"header_text_color":"light","hide_page_header":"yes","content_top_spacing":"custom","content_top_padding":{"unit":"px","size":0,"sizes":[]},"content_bottom_spacing":"custom","content_bottom_padding":{"unit":"px","size":0,"sizes":[]}},"version":"0.4","title":"Home Kitchen Wear","type":"page"}