{"content":[{"id":"5144f6af","settings":{"flex_direction":"column","flex_gap":{"column":"0","row":"0","isLinked":true,"unit":"px","size":0},"ecomus_container_spacing":{"unit":"px","size":0,"sizes":[]},"background_background":"classic","background_color":"#FFFFFF","background_overlay_background":"classic","background_overlay_color":"#FFFFFF","flex_align_items":"center","border_radius":{"unit":"px","top":"10","right":"10","bottom":"10","left":"10","isLinked":true}},"elements":[{"id":"4803410d","settings":{"content_width":"full","image":{"id":4722,"url":"https:\/\/wpecomus.com\/fashion\/wp-content\/uploads\/sites\/2\/2024\/07\/bg-newletter.png","alt":"","source":"library","size":""},"image_size":"full","align":"center","_margin":{"unit":"px","top":"0","right":"0","bottom":"39","left":"0","isLinked":false},"image_border_radius":{"unit":"px","top":"0","right":"0","bottom":"0","left":"0","isLinked":true}},"elements":[],"isInner":false,"widgetType":"image","elType":"widget"},{"id":"7e493dce","settings":{"content_width":"full","title":"Don\u2019t miss out","title_size":"h4","align":"center","typography_typography":"custom","typography_font_size_mobile":{"unit":"px","size":24,"sizes":[]},"_margin":{"unit":"px","top":"0","right":"0","bottom":"17","left":"0","isLinked":false}},"elements":[],"isInner":false,"widgetType":"ecomus-heading","elType":"widget"},{"id":"6bb0da76","settings":{"content_width":"full","title":"Be the first one to get the new product at early bird prices.","title_size":"p","align":"center","title_color":"#000000","typography_typography":"custom","typography_font_size":{"unit":"px","size":20,"sizes":[]},"typography_font_size_mobile":{"unit":"px","size":16,"sizes":[]},"_margin":{"unit":"px","top":"0","right":"0","bottom":"26","left":"0","isLinked":false},"_padding":{"unit":"px","top":"0","right":"37","bottom":"0","left":"37","isLinked":false},"_padding_tablet":{"unit":"px","top":"0","right":"37","bottom":"0","left":"37","isLinked":false},"_padding_mobile":{"unit":"px","top":"0","right":"15","bottom":"0","left":"15","isLinked":false}},"elements":[],"isInner":false,"widgetType":"ecomus-heading","elType":"widget"},{"id":"60ae4f19","settings":{"content_width":"full","form":"215","_margin":{"unit":"px","top":"0","right":"0","bottom":"30","left":"0","isLinked":false},"_margin_mobile":{"unit":"px","top":"0","right":"0","bottom":"20","left":"0","isLinked":false},"_padding":{"unit":"px","top":"0","right":"37","bottom":"0","left":"37","isLinked":false},"_padding_mobile":{"unit":"px","top":"0","right":"15","bottom":"0","left":"15","isLinked":false},"_element_width":"inherit"},"elements":[],"isInner":false,"widgetType":"ecomus-subscribe-box","elType":"widget"}],"isInner":false,"elType":"container"}],"page_settings":{"popup_position":"center","popup_width":{"unit":"px","size":625,"sizes":[]},"popup_visible":"delayed"},"version":"0.4","title":"Newsletter Popup","type":"page"}