{"content":[{"id":"2b25cd75","settings":{"flex_direction":"row","flex_gap":{"unit":"px","size":0,"column":"0","row":"0","isLinked":true},"boxed_width":{"unit":"px","size":1000,"sizes":[]},"content_width":"full","flex_direction_mobile":"column","flex_justify_content_mobile":"flex-start","flex_align_items_mobile":"flex-start","background_background":"classic","border_radius":{"unit":"px","top":"10","right":"10","bottom":"10","left":"10","isLinked":true}},"elements":[{"id":"fb83cff","settings":{"flex_direction":"column","content_width":"full","width":{"unit":"%","size":"50"},"flex_gap":{"column":"0","row":"0","isLinked":true,"unit":"px","size":0},"background_background":"classic","background_image":{"id":4717,"url":"https:\/\/wpecomus.com\/fashion\/wp-content\/uploads\/sites\/2\/2024\/07\/bg-recommended-products.webp","alt":"","source":"library","size":""},"background_position":"top center","background_repeat":"no-repeat","background_size":"cover","padding":{"unit":"px","top":"93","right":"60","bottom":"88","left":"60","isLinked":false},"padding_tablet":{"unit":"px","top":"69","right":"30","bottom":"69","left":"30","isLinked":false},"padding_mobile":{"unit":"px","top":"30","right":"15","bottom":"30","left":"15","isLinked":false},"border_radius":{"unit":"px","top":"10","right":"0","bottom":"0","left":"10","isLinked":false},"flex_justify_content":"center"},"elements":[{"id":"68bbb9a0","settings":{"content_width":"full","title":"Wait! before you leave...","title_size":"div","align":"center","title_color":"#FFFFFF","typography_typography":"custom","typography_font_size":{"unit":"px","size":28,"sizes":[]},"_margin":{"unit":"px","top":"0","right":"0","bottom":"13","left":"0","isLinked":false},"typography_font_size_mobile":{"unit":"px","size":22,"sizes":[]},"_margin_mobile":{"unit":"px","top":"0","right":"0","bottom":"10","left":"0","isLinked":false},"typography_line_height_tablet":{"unit":"px","size":34,"sizes":[]},"typography_line_height_mobile":{"unit":"px","size":35.2,"sizes":[]},"_margin_tablet":{"unit":"px","top":"0","right":"0","bottom":"18","left":"0","isLinked":false},"typography_font_size_tablet":{"unit":"px","size":24,"sizes":[]}},"elements":[],"isInner":false,"widgetType":"ecomus-heading","elType":"widget"},{"id":"491817ba","settings":{"content_width":"full","title":"Get 20% off for your first order","title_size":"p","align":"center","title_color":"#FFFFFF","_margin":{"unit":"px","top":"0","right":"0","bottom":"26","left":"0","isLinked":false},"_margin_mobile":{"unit":"px","top":"0","right":"0","bottom":"20","left":"0","isLinked":false}},"elements":[],"isInner":false,"widgetType":"ecomus-heading","elType":"widget"},{"id":"1644fdac","settings":{"content_width":"full","code":"CODE20OFF","_margin":{"unit":"px","top":"0","right":"0","bottom":"27","left":"0","isLinked":false},"_margin_mobile":{"unit":"px","top":"0","right":"0","bottom":"20","left":"0","isLinked":false},"_padding":{"unit":"%","top":"0","right":"28","bottom":"0","left":"28","isLinked":false},"_padding_tablet":{"unit":"%","top":"","right":"","bottom":"","left":"","isLinked":true},"_padding_mobile":{"unit":"%","top":"0","right":"20","bottom":"0","left":"20","isLinked":false}},"elements":[],"isInner":false,"widgetType":"ecomus-code-discount","elType":"widget"},{"id":"1b61f0c3","settings":{"content_width":"full","title":"Use above code to get 20% 0FF for your first order when checkout","title_size":"p","align":"center","title_color":"#FFFFFF","_margin":{"unit":"px","top":"0","right":"0","bottom":"20","left":"0","isLinked":false}},"elements":[],"isInner":false,"widgetType":"ecomus-heading","elType":"widget"},{"id":"41ea8d","settings":{"content_width":"full","button_text":"Grab the discount","align":"center","button_padding":{"unit":"px","top":"15","right":"66","bottom":"14","left":"66","isLinked":false},"button_typography_typography":"custom","button_typography_font_weight":"600","button_background_color":"#DB1215","button_border_color":"#DB1215","button_background_hover_color":"#DB1215","button_hover_border_color":"#DB1215","button_link":{"url":"https:\/\/wpecomus.com\/fashion\/categories","is_external":"","nofollow":"","custom_attributes":""}},"elements":[],"isInner":false,"widgetType":"ecomus-button","elType":"widget"}],"isInner":true,"elType":"container"},{"id":"e7fe479","settings":{"flex_direction":"column","content_width":"full","width":{"unit":"%","size":"50"},"flex_gap":{"column":"0","row":"0","isLinked":true,"unit":"px","size":0},"padding":{"unit":"px","top":"15","right":"0","bottom":"20","left":"20","isLinked":false},"background_background":"classic","background_color":"#FFFFFF","padding_mobile":{"unit":"px","top":"20","right":"0","bottom":"20","left":"15","isLinked":false},"min_height":{"unit":"custom","size":"100%","sizes":[]},"min_height_tablet":{"unit":"vh","size":"","sizes":[]},"min_height_mobile":{"unit":"vh","size":"","sizes":[]},"border_radius":{"unit":"px","top":"0","right":"10","bottom":"10","left":"0","isLinked":false}},"elements":[{"id":"28bcb5a7","settings":{"content_width":"full","title":"Recommended Products","title_size":"h3","title_color":"#000000","typography_typography":"custom","typography_font_size":{"unit":"px","size":22,"sizes":[]},"typography_font_weight":"500","_padding":{"unit":"px","top":"0","right":"0","bottom":"14","left":"0","isLinked":false},"_flex_size":"none","_flex_grow":0,"_flex_shrink":0,"_border_border":"solid","_border_width":{"unit":"px","top":"0","right":"0","bottom":"1","left":"0","isLinked":false},"_border_color":"#8686861F","_margin":{"unit":"px","top":"0","right":"20","bottom":"0","left":"0","isLinked":false},"_margin_mobile":{"unit":"px","top":"0","right":"0","bottom":"0","left":"0","isLinked":false}},"elements":[],"isInner":false,"widgetType":"ecomus-heading","elType":"widget"},{"id":"73dd0a89","settings":{"content_width":"full","_margin":{"unit":"px","top":"24","right":"0","bottom":"0","left":"0","isLinked":false},"products":"top_rated_products","scrollbar_tablet":"yes"},"elements":[],"isInner":false,"widgetType":"ecomus-product-list","elType":"widget"}],"isInner":true,"elType":"container"}],"isInner":false,"elType":"container"}],"page_settings":{"popup_position":"center","popup_width":{"unit":"px","size":1000,"sizes":[]},"popup_visible":"exit"},"version":"0.4","title":"Recommended Products Popup","type":"page"}