{"content":[{"id":"6f0b02d4","settings":{"boxed_width":{"unit":"px","size":1440,"sizes":[]}},"elements":[{"id":"1972d44a","settings":{"locations":[{"title":"Ecomus Paris","location":"London Eye, London, United Kingdom","phone":"(+33) 936 -1234","email":"Ecomus.paris@example.com","_id":"562a301","address":"93 Rue du Chevalier de la Barre, 961821 Paris, France"},{"title":"Ecomus London","location":"London Eye, London, United Kingdom","phone":"(+44) 20 4942 6789","email":"Ecomus.london@example.com","_id":"f31444a","address":"Cromwell Rd, South Kensington, London SW1 6BD, UK"},{"title":"Ecomus Marid","location":"London Eye, London, United Kingdom","phone":"(+48) 321-2468","email":"Ecomus.marid@example.com","_id":"8d418e5","address":"C. de Ferraz, 1, 150596 Madrid, Spain"},{"_id":"0c9c7b1","title":"Ecomus Tokyo","address":"152-0035 Tokyo, Meguro City, Jiyugaoka, Japan","phone":"(623) 934-2400","email":"Ecomus.tokyo@example.com"}],"height_mobile":{"unit":"px","size":400,"sizes":[]}},"elements":[],"isInner":false,"widgetType":"ecomus-store-locations","elType":"widget"}],"isInner":false,"elType":"container"}],"page_settings":[],"version":"0.4","title":"Store Locations","type":"page"}