{"version":"0.4","title":"Home Marketplace 3 &#8211; Mobile","type":"page","content":[{"id":"4d1ab00a","settings":{"background_background":"classic","background_color":"#eeeeee"},"elements":[{"id":"5c30c1aa","settings":{"_column_size":100},"elements":[{"id":"3bf1499b","settings":{"space":{"unit":"px","size":30,"sizes":[]},"space_mobile":{"unit":"px","size":15,"sizes":[]}},"elements":[],"isInner":false,"widgetType":"spacer","elType":"widget"}],"isInner":false,"elType":"column"}],"isInner":false,"elType":"section"},{"id":"6d22bfca","settings":{"background_background":"classic","background_color":"#eeeeee","gap":"extended"},"elements":[{"id":"473d385a","settings":{"_column_size":100,"_inline_size":null,"_inline_size_tablet":60,"border_width":{"unit":"px","top":"1","right":"1","bottom":"1","left":"1","isLinked":false},"border_color":"#d9d9d9"},"elements":[{"id":"577c776f","settings":{"slides":[{"subtitle":"LIMITED EDITION ","heading":"Experience<br>\nVirtual Reality Now!<br>\nVersion 2.0 ","description":"<p>Discount<br \/><span style=\"color: #f14705; font-size: 24px;\">40% OFF<\/span><\/p>","button_text":"Shop Now","background_color":"#f4f5f5","_id":"38b4454","background_image":{"id":395,"url":"http:\/\/demo2.drfuri.com\/martfury12\/wp-content\/uploads\/sites\/53\/2017\/12\/s5-1.jpg"},"background_size":"cover","background_ken_burns":"","zoom_direction":"out","background_overlay":"","background_overlay_color":"rgba(0,0,0,0.5)","background_overlay_blend_mode":"","link":{"url":"#","is_external":"","nofollow":""},"link_click":"button","price_box_type":"text","price_box_text":"","price_box_image":{"url":"","id":""},"price_box_image_size":"full","price_box_image_custom_dimension":{"width":"","height":""},"custom_style":"","horizontal_position":"","vertical_position":"","text_align":"","subtitle_custom_color":"","heading_custom_color":"","content_custom_color":"","button_custom_color":"","button_custom_bg_color":"","price_box_custom_color":"","price_box_custom_bg_color":"","background_image_tablet":{"url":"","id":""},"background_image_mobile":{"url":"","id":""}},{"subtitle":"LIVEBYCARE ","heading":"Combo<br>\n5x Pillows<br>\nColor ","description":"<p>Discount<br \/><span style=\"color: #669900; font-size: 24px;\">20% OFF<\/span><\/p>","button_text":"Shop Now","background_color":"#f4f5f5","_id":"a70508f","background_image":{"id":396,"url":"http:\/\/demo2.drfuri.com\/martfury12\/wp-content\/uploads\/sites\/53\/2017\/12\/s5-2.jpg"},"background_size":"cover","background_ken_burns":"","zoom_direction":"in","background_overlay":"","background_overlay_color":"rgba(0,0,0,0.5)","background_overlay_blend_mode":"","link":{"url":"#","is_external":"","nofollow":""},"link_click":"button","price_box_type":"text","price_box_text":"20%\nOFF","price_box_image":{"url":"","id":""},"price_box_image_size":"full","price_box_image_custom_dimension":{"width":"","height":""},"custom_style":"yes","horizontal_position":"right","vertical_position":"","text_align":"right","subtitle_custom_color":"","heading_custom_color":"","content_custom_color":"","button_custom_color":"","button_custom_bg_color":"","price_box_custom_color":"","price_box_custom_bg_color":"","background_image_tablet":{"url":"","id":""},"background_image_mobile":{"url":"","id":""}},{"subtitle":"DISCOUNT ","heading":"Wooden<br>\nMinimalist<br>\nChair ","description":"<p>Price just<br \/><span style=\"color: #669900; font-size: 24px; font-weight: 600;\">$199.99<\/span><\/p>","button_text":"Shop Now","background_color":"#f4f5f5","_id":"5320779","background_image":{"id":397,"url":"http:\/\/demo2.drfuri.com\/martfury12\/wp-content\/uploads\/sites\/53\/2017\/12\/s5-3.jpg"},"background_size":"cover","background_ken_burns":"","zoom_direction":"in","background_overlay":"","background_overlay_color":"rgba(0,0,0,0.5)","background_overlay_blend_mode":"","link":{"url":"#","is_external":"","nofollow":""},"link_click":"button","price_box_type":"text","price_box_text":"","price_box_image":{"url":"","id":""},"price_box_image_size":"full","price_box_image_custom_dimension":{"width":"","height":""},"custom_style":"","horizontal_position":"","vertical_position":"","text_align":"","subtitle_custom_color":"","heading_custom_color":"","content_custom_color":"","button_custom_color":"","button_custom_bg_color":"","price_box_custom_color":"","price_box_custom_bg_color":"","background_image_tablet":{"url":"","id":""},"background_image_mobile":{"url":"","id":""}}],"slides_height":{"unit":"px","size":373,"sizes":[]},"content_animation":"fadeIn","transition":"fade","content_max_width":{"unit":"px","size":"","sizes":[]},"slides_padding":{"unit":"px","top":"0","right":"30","bottom":"0","left":"30","isLinked":false},"arrows_spacing":{"unit":"px","size":0,"sizes":[]},"navigation":"dots","navigation_tablet":"dots","navigation_mobile":"dots","autoplay_speed":8000,"transition_speed":800,"slides_padding_tablet":{"unit":"px","top":"0","right":"30","bottom":"0","left":"30","isLinked":false},"heading_typography_typography":"custom","heading_typography_font_size_tablet":{"unit":"px","size":30,"sizes":[]},"dots_background_color":"rgba(255,255,255,0.5)","dots_hover_background_color":"#fcb800","dots_active_background_color":"#fcb800","slides_padding_mobile":{"unit":"px","top":"15","right":"15","bottom":"15","left":"15","isLinked":true},"heading_typography_font_size_mobile":{"unit":"px","size":28,"sizes":[]},"autoplay":"","slides_horizontal_position":"","subtitle_color":"#999999","subtitle_typography_typography":"custom","subtitle_typography_font_size":{"unit":"px","size":12,"sizes":[]},"subtitle_typography_font_weight":"600","heading_typography_font_size":{"unit":"px","size":36,"sizes":[]},"heading_typography_font_weight":"300","description_color":"#000000","description_typography_typography":"custom","description_typography_font_size":{"unit":"px","size":12,"sizes":[]},"price_box_width":{"unit":"px","size":80,"sizes":[]},"price_box_height":{"unit":"px","size":80,"sizes":[]},"price_box_top":{"unit":"px","size":39,"sizes":[]},"price_box_left":{"unit":"px","size":167,"sizes":[]},"price_box_bg_color":"#f14705","price_box_typography_typography":"custom","price_box_typography_font_size":{"unit":"px","size":23,"sizes":[]},"banner_border_border":"solid","banner_border_width":{"unit":"px","top":"1","right":"1","bottom":"1","left":"1","isLinked":true},"banner_border_color":"#d9d9d9","price_box_left_mobile":{"unit":"px","size":84,"sizes":[]}},"elements":[],"isInner":false,"widgetType":"martfury-slides","elType":"widget"},{"id":"3f83b088","settings":{"space":{"unit":"px","size":15,"sizes":[]}},"elements":[],"isInner":false,"widgetType":"spacer","elType":"widget"},{"id":"1cddee6b","settings":{"gap":"no","structure":"20"},"elements":[{"id":"121bc387","settings":{"_column_size":50,"_inline_size":50,"_inline_size_tablet":50,"_inline_size_mobile":50},"elements":[{"id":"5f8cb282","settings":{"title":"XBOX CONTROLLER\nWHITE COLOR","desc":"<p>Discount <span style=\"color: #690;\">30%<\/span><\/p>","height":{"unit":"px","size":186,"sizes":[]},"banner_padding":{"unit":"px","top":"20","right":"20","bottom":"20","left":"20","isLinked":true},"heading_typography_typography":"custom","heading_typography_font_size":{"unit":"px","size":14,"sizes":[]},"heading_typography_font_weight":"500","description_color":"#666666","description_typography_typography":"custom","description_typography_font_size":{"unit":"px","size":14,"sizes":[]},"image":{"id":3621,"url":"http:\/\/demo2.drfuri.com\/martfury12\/wp-content\/uploads\/sites\/53\/2019\/07\/bm1.jpg"},"heading_typography_line_height":{"unit":"em","size":1.2,"sizes":[]},"banner_justify_content":"flex-start","banner_padding_mobile":{"unit":"px","top":"10","right":"10","bottom":"10","left":"10","isLinked":true},"banner_bg_position_mobile":"center bottom","price":"","button_link":{"url":"#","is_external":true,"nofollow":true},"banner_border_border":"solid","banner_border_width":{"unit":"px","top":"0","right":"0","bottom":"0","left":"0","isLinked":true},"banner_border_color":"#d9d9d9"},"elements":[],"isInner":false,"widgetType":"martfury-banner-small","elType":"widget"}],"isInner":true,"elType":"column"},{"id":"251f5548","settings":{"_column_size":50,"_inline_size":50,"_inline_size_mobile":50},"elements":[{"id":"6a929a7","settings":{"title":"APPLE\nIPHONE\n6S","desc":"<p><strong><span class=\"semobold\" style=\"color: #669900;\">$599.00<\/span><\/strong><br \/><del>$899.00<\/del><\/p>","height":{"unit":"px","size":186,"sizes":[]},"banner_padding":{"unit":"px","top":"20","right":"20","bottom":"20","left":"20","isLinked":true},"heading_typography_typography":"custom","heading_typography_font_size":{"unit":"px","size":14,"sizes":[]},"heading_typography_font_weight":"500","description_color":"#666666","description_typography_typography":"custom","description_typography_font_size":{"unit":"px","size":14,"sizes":[]},"image":{"id":3622,"url":"http:\/\/demo2.drfuri.com\/martfury12\/wp-content\/uploads\/sites\/53\/2019\/07\/bm2.jpg"},"heading_typography_line_height":{"unit":"em","size":1.2,"sizes":[]},"banner_justify_content":"flex-start","heading_spacing":{"unit":"px","size":25,"sizes":[]},"banner_border_border":"solid","banner_border_width":{"unit":"px","top":"1","right":"1","bottom":"1","left":"1","isLinked":false},"banner_border_color":"#d9d9d9","price":"","button_link":{"url":"#","is_external":true,"nofollow":true}},"elements":[],"isInner":false,"widgetType":"martfury-banner-small","elType":"widget"}],"isInner":true,"elType":"column"}],"isInner":true,"elType":"section"},{"id":"3bf39fbb","settings":{"title":"COMBO 5X\nGIORDANO PACKS\nT-SHIRT","desc":"<p>Discount <span style=\"color: #ff3300;\">20%<\/span><\/p>","height":{"unit":"px","size":187,"sizes":[]},"banner_padding":{"unit":"px","top":"20","right":"20","bottom":"20","left":"20","isLinked":true},"heading_typography_typography":"custom","heading_typography_font_size":{"unit":"px","size":14,"sizes":[]},"heading_typography_font_weight":"500","description_color":"#666666","description_typography_typography":"custom","description_typography_font_size":{"unit":"px","size":14,"sizes":[]},"image":{"id":3623,"url":"http:\/\/demo2.drfuri.com\/martfury12\/wp-content\/uploads\/sites\/53\/2019\/07\/bm3.jpg"},"heading_typography_line_height":{"unit":"em","size":1.2,"sizes":[]},"banner_border_border":"solid","banner_border_width":{"unit":"px","top":"0","right":"1","bottom":"1","left":"1","isLinked":false},"banner_border_color":"#d9d9d9","price":"","button_link":{"url":"#","is_external":true,"nofollow":true}},"elements":[],"isInner":false,"widgetType":"martfury-banner-small","elType":"widget"},{"id":"6c8c548a","settings":{"gap":"no","structure":"20"},"elements":[{"id":"157bfb5c","settings":{"_column_size":50,"_inline_size":null,"_inline_size_mobile":50},"elements":[{"id":"37bbc100","settings":{"title":"MAGIC\nBLENDER\nMIXED","desc":"<p><strong><span class=\"semobold\" style=\"color: #669900;\">$49.00<\/span><\/strong><br \/><del>$69.00<\/del><\/p>","height":{"unit":"px","size":186,"sizes":[]},"banner_padding":{"unit":"px","top":"20","right":"20","bottom":"20","left":"20","isLinked":true},"heading_typography_typography":"custom","heading_typography_font_size":{"unit":"px","size":14,"sizes":[]},"heading_typography_font_weight":"500","description_color":"#666666","description_typography_typography":"custom","description_typography_font_size":{"unit":"px","size":14,"sizes":[]},"image":{"id":3624,"url":"http:\/\/demo2.drfuri.com\/martfury12\/wp-content\/uploads\/sites\/53\/2019\/07\/bm4.jpg"},"heading_typography_line_height":{"unit":"em","size":1.2,"sizes":[]},"price":"","button_link":{"url":"#","is_external":true,"nofollow":true},"banner_border_border":"solid","banner_border_width":{"unit":"px","top":"0","right":"1","bottom":"1","left":"1","isLinked":false},"banner_border_color":"#d9d9d9"},"elements":[],"isInner":false,"widgetType":"martfury-banner-small","elType":"widget"}],"isInner":true,"elType":"column"},{"id":"44f51522","settings":{"_column_size":50,"_inline_size":null,"_inline_size_mobile":50},"elements":[{"id":"7a92f6a8","settings":{"title":"VOUCHER BODY CARE\nAT BRATUS SPA","desc":"<p><span style=\"color: #ff3300;\">25%<\/span> Off<\/p>","height":{"unit":"px","size":187,"sizes":[]},"banner_padding":{"unit":"px","top":"20","right":"20","bottom":"20","left":"20","isLinked":true},"heading_typography_typography":"custom","heading_typography_font_size":{"unit":"px","size":14,"sizes":[]},"heading_typography_font_weight":"500","description_color":"#666666","description_typography_typography":"custom","description_typography_font_size":{"unit":"px","size":14,"sizes":[]},"image":{"id":3625,"url":"http:\/\/demo2.drfuri.com\/martfury12\/wp-content\/uploads\/sites\/53\/2019\/07\/bm5.jpg"},"heading_typography_line_height":{"unit":"em","size":1.2,"sizes":[]},"banner_justify_content":"flex-start","banner_border_border":"solid","banner_border_width":{"unit":"px","top":"0","right":"1","bottom":"1","left":"0","isLinked":false},"banner_border_color":"#d9d9d9","price":"","button_link":{"url":"#","is_external":true,"nofollow":true}},"elements":[],"isInner":false,"widgetType":"martfury-banner-small","elType":"widget"}],"isInner":true,"elType":"column"}],"isInner":true,"elType":"section"},{"id":"7f5c58ee","settings":{"title":"<strong>Fluence<\/strong> Minimal\nSpeaker","desc":"<p>Price Just<br \/><span style=\"color: #669900; font-size: 24px; font-weight: 600;\">$159.99<\/span><\/p>","height":{"unit":"px","size":187,"sizes":[]},"banner_padding":{"unit":"px","top":"20","right":"20","bottom":"20","left":"20","isLinked":true},"heading_typography_typography":"custom","heading_typography_font_size":{"unit":"px","size":24,"sizes":[]},"heading_typography_font_weight":"300","description_color":"#000000","description_typography_typography":"custom","description_typography_font_size":{"unit":"px","size":14,"sizes":[]},"image":{"id":2548,"url":"http:\/\/demo2.drfuri.com\/martfury12\/wp-content\/uploads\/sites\/53\/2018\/08\/b3.jpg"},"heading_typography_line_height":{"unit":"em","size":1.2,"sizes":[]},"banner_border_border":"solid","banner_border_width":{"unit":"px","top":"0","right":"1","bottom":"1","left":"1","isLinked":false},"banner_border_color":"#d9d9d9","description_typography_line_height":{"unit":"em","size":1.8,"sizes":[]},"price":"","button_link":{"url":"#","is_external":true,"nofollow":true}},"elements":[],"isInner":false,"widgetType":"martfury-banner-small","elType":"widget"}],"isInner":false,"elType":"column"}],"isInner":false,"elType":"section"},{"id":"605f000a","settings":{"background_background":"classic","background_color":"#eeeeee","gap":"extended"},"elements":[{"id":"6753ddcb","settings":{"_column_size":100},"elements":[{"id":"7c88a25b","settings":{"space":{"unit":"px","size":40,"sizes":[]}},"elements":[],"isInner":false,"widgetType":"spacer","elType":"widget"},{"id":"78b36f97","settings":{"image_size":"thumbnail","title":"Search Trending","subtitle":"Updated at 9:00AM","tab_title_1":"","tags_1":[{"image_tag":{"url":"http:\/\/demo2.drfuri.com\/martfury12\/wp-content\/uploads\/sites\/53\/2017\/12\/1.jpg","id":534},"title_tag":"#television","link_tag":{"url":"#","is_external":true,"nofollow":true},"_id":"80e2754","hot_trending":"no"},{"title_tag":"#camera","_id":"ca04c99","image_tag":{"url":"http:\/\/demo2.drfuri.com\/martfury12\/wp-content\/uploads\/sites\/53\/2018\/01\/t2.jpg","id":2349},"link_tag":{"url":"#","is_external":true,"nofollow":true},"hot_trending":"yes"},{"title_tag":"#watch","_id":"c5f62af","image_tag":{"url":"http:\/\/demo2.drfuri.com\/martfury12\/wp-content\/uploads\/sites\/53\/2013\/06\/11a.jpg","id":210},"link_tag":{"url":"#","is_external":true,"nofollow":true},"hot_trending":"no"},{"image_tag":{"url":"http:\/\/demo2.drfuri.com\/martfury12\/wp-content\/uploads\/sites\/53\/2013\/06\/26a.jpg","id":271},"title_tag":"#chair","link_tag":{"url":"#","is_external":true,"nofollow":true},"_id":"b34a073","hot_trending":"no"},{"image_tag":{"url":"http:\/\/demo2.drfuri.com\/martfury12\/wp-content\/uploads\/sites\/53\/2018\/01\/t5.jpg","id":2350},"title_tag":"#sneaker","link_tag":{"url":"#","is_external":true,"nofollow":true},"_id":"dcc944e","hot_trending":"no"},{"title_tag":"#xbox","_id":"6fed7f5","image_tag":{"url":"http:\/\/demo2.drfuri.com\/martfury12\/wp-content\/uploads\/sites\/53\/2018\/01\/t6.jpg","id":2351},"link_tag":{"url":"#","is_external":true,"nofollow":true},"hot_trending":"no"},{"title_tag":"#gopro","_id":"ea1c715","image_tag":{"url":"http:\/\/demo2.drfuri.com\/martfury12\/wp-content\/uploads\/sites\/53\/2018\/01\/t7.jpg","id":2352},"link_tag":{"url":"#","is_external":true,"nofollow":true},"hot_trending":"no"},{"image_tag":{"url":"http:\/\/demo2.drfuri.com\/martfury12\/wp-content\/uploads\/sites\/53\/2018\/01\/t8.jpg","id":2353},"title_tag":"#lipstick","link_tag":{"url":"#","is_external":true,"nofollow":true},"_id":"52620fd","hot_trending":"no"},{"image_tag":{"url":"http:\/\/demo2.drfuri.com\/martfury12\/wp-content\/uploads\/sites\/53\/2018\/01\/t11.jpg","id":2356},"title_tag":"#speaker","link_tag":{"url":"#","is_external":true,"nofollow":true},"_id":"6fa0e94","hot_trending":"yes"},{"image_tag":{"url":"http:\/\/demo2.drfuri.com\/martfury12\/wp-content\/uploads\/sites\/53\/2018\/01\/t12.jpg","id":2357},"title_tag":"#book","link_tag":{"url":"#","is_external":true,"nofollow":true},"_id":"7a6f967","hot_trending":"no"},{"image_tag":{"url":"http:\/\/demo2.drfuri.com\/martfury12\/wp-content\/uploads\/sites\/53\/2018\/01\/t13.jpg","id":2358},"title_tag":"#blender","link_tag":{"url":"#","is_external":true,"nofollow":true},"_id":"8a429dd","hot_trending":"no"},{"title_tag":"#phone","_id":"a6299ce","image_tag":{"url":"http:\/\/demo2.drfuri.com\/martfury12\/wp-content\/uploads\/sites\/53\/2018\/01\/t9.jpg","id":2354},"link_tag":{"url":"#","is_external":true,"nofollow":true},"hot_trending":"no"},{"title_tag":"#laptop","_id":"67511b4","image_tag":{"url":"http:\/\/demo2.drfuri.com\/martfury12\/wp-content\/uploads\/sites\/53\/2018\/01\/t10.jpg","id":2355},"link_tag":{"url":"#","is_external":true,"nofollow":true},"hot_trending":"yes"},{"image_tag":{"url":"http:\/\/demo2.drfuri.com\/martfury12\/wp-content\/uploads\/sites\/53\/2018\/01\/t14.jpg","id":2359},"title_tag":"#bag","link_tag":{"url":"#","is_external":true,"nofollow":true},"_id":"7f4383e","hot_trending":"no"},{"image_tag":{"url":"http:\/\/demo2.drfuri.com\/martfury12\/wp-content\/uploads\/sites\/53\/2018\/01\/t15.jpg","id":2360},"title_tag":"#headphone","link_tag":{"url":"#","is_external":true,"nofollow":true},"_id":"f4b3967","hot_trending":"no"},{"image_tag":{"url":"http:\/\/demo2.drfuri.com\/martfury12\/wp-content\/uploads\/sites\/53\/2018\/01\/t17.jpg","id":2361},"title_tag":"#camp","link_tag":{"url":"#","is_external":true,"nofollow":true},"_id":"7bf7b3f","hot_trending":"no"}],"tab_title_2":"","tags_2":[],"tab_title_3":"","tags_3":[],"tab_title_4":"","tags_4":[],"tab_title_5":"","tags_5":[],"tab_title_6":"","tags_6":[],"tab_title_7":"","tags_7":[],"tab_title_8":"","tags_8":[],"tab_title_9":"Tab #9","tags_9":[],"tab_title_10":"Tab #10","tags_10":[],"icon_2":"","icon_3":"","enable_hot_trending":"","title_hot_trending":"","icon_1":"","icon_4":"","icon_5":"","icon_6":"","icon_7":"","icon_8":"","enable_tab_9":"","enable_tab_10":"","icon_hot_trending":"","enable_tab_2":"","enable_tab_3":"","enable_tab_4":"","enable_tab_5":"","enable_tab_6":"","enable_tab_7":"","enable_tab_8":"","tab_header_padding":{"unit":"px","top":"0","right":"0","bottom":"0","left":"0","isLinked":true},"tab_header_border_style":"none","tab_header_active_item_border_width":{"unit":"px","size":0,"sizes":[]},"tab_content_padding":{"unit":"px","top":"20","right":"10","bottom":"40","left":"10","isLinked":false},"tab_content_padding_mobile":{"unit":"px","top":"20","right":"5","bottom":"30","left":"5","isLinked":false},"tab_content_title_typography_typography":"custom","tab_content_title_typography_font_size_mobile":{"unit":"px","size":13,"sizes":[]}},"elements":[],"isInner":false,"widgetType":"martfury-category-tabs","elType":"widget"},{"id":"1bcfc77f","settings":{"space":{"unit":"px","size":30,"sizes":[]}},"elements":[],"isInner":false,"widgetType":"spacer","elType":"widget"}],"isInner":false,"elType":"column"}],"isInner":false,"elType":"section"},{"id":"71bfd923","settings":{"background_background":"classic","background_color":"#eeeeee","gap":"extended"},"elements":[{"id":"37e96bb5","settings":{"_column_size":100},"elements":[{"id":"33032a2d","settings":{"title":"Deals Of The Day","ends_in":"Ends In","view_all_text":"View All","heading_background_color":"#ffffff","navigation":"dots","heading_padding":{"unit":"px","top":"13","right":"20","bottom":"13","left":"20","isLinked":false},"heading_title_typography_typography":"custom","heading_title_typography_font_size_mobile":{"unit":"px","size":20,"sizes":[]},"show_ends_in_mobile":"none","show_heading_view_all_mobile":"none","products_padding":{"unit":"px","top":"20","right":"20","bottom":"20","left":"20","isLinked":false}},"elements":[],"isInner":false,"widgetType":"martfury-product-deals-carousel","elType":"widget"},{"id":"79e4313b","settings":{"space":{"unit":"px","size":30,"sizes":[]}},"elements":[],"isInner":false,"widgetType":"spacer","elType":"widget"}],"isInner":false,"elType":"column"}],"isInner":false,"elType":"section"},{"id":"142445c3","settings":{"background_background":"classic","background_color":"#eeeeee","gap":"extended"},"elements":[{"id":"53ddd989","settings":{"_column_size":100},"elements":[{"id":"506cde2b","settings":{"image":{"url":"http:\/\/demo2.drfuri.com\/martfury12\/wp-content\/uploads\/sites\/53\/2019\/07\/banner38m.jpg","id":3674},"title":"Unero Classical\nSimple Backlpack","desc":"","button_text":"","bg_color":"#fdedc1","highlight_title":"","regular_price":"$219.05","sale_price":"$260.50","banner_border_border":"solid","banner_border_width":{"unit":"px","top":"1","right":"1","bottom":"1","left":"1","isLinked":true},"banner_border_color":"#cccccc","banner_padding_mobile":{"unit":"px","top":"30","right":"20","bottom":"30","left":"20","isLinked":false},"banner_content_spacing_mobile":{"unit":"px","size":0,"sizes":[]},"heading_typography_typography":"custom","heading_typography_font_size_mobile":{"unit":"px","size":24,"sizes":[]},"description_spacing_mobile":{"unit":"px","size":0,"sizes":[]},"description_typography_typography":"custom","description_typography_font_size_mobile":{"unit":"px","size":0,"sizes":[]},"regular_price_typography_typography":"custom","regular_price_typography_font_size_mobile":{"unit":"px","size":30,"sizes":[]},"sale_price_typography_typography":"custom","sale_price_typography_font_size_mobile":{"unit":"px","size":16,"sizes":[]},"height":{"unit":"px","size":200,"sizes":[]},"heading_spacing":{"unit":"px","size":26,"sizes":[]},"heading_typography_font_weight":"300","heading_typography_line_height_mobile":{"unit":"em","size":1.2,"sizes":[]}},"elements":[],"isInner":false,"widgetType":"martfury-banner-large","elType":"widget"},{"id":"f6c80c2","settings":{"space":{"unit":"px","size":30,"sizes":[]}},"elements":[],"isInner":false,"widgetType":"spacer","elType":"widget"}],"isInner":false,"elType":"column"}],"isInner":false,"elType":"section"},{"id":"10ee1c7a","settings":{"background_background":"classic","background_color":"#eeeeee","gap":"extended"},"elements":[{"id":"42c1ff2c","settings":{"_column_size":100},"elements":[{"id":"fe2d9ce","settings":{"title":"Consumer Electronic","icon":"","links_group":[{"link_text":"View All","link_url":{"url":"#"},"_id":"9ad21a4"}],"banners":[{"image":{"url":"http:\/\/demo2.drfuri.com\/martfury12\/wp-content\/uploads\/sites\/53\/2019\/07\/banner31.jpg","id":3678},"image_link":{"url":"#"},"_id":"7d03ad3"}],"product_cats":["consumer-electrics"],"tabs":[{"tab_title":"New Arrivals","tab_products":"recent","_id":"621a69d","tab_orderby":"","tab_order":""}],"side_title":"Recommended For You","side_link_text":"View More","products":"top_rated","side_product_cats":["consumer-electrics"],"side_products":"top_rated","products_navigation_mobile":"dots","side_products_hide_tablet":"yes","side_products_hide_mobile":"yes","show_heading_tab_mobile":"none"},"elements":[],"isInner":false,"widgetType":"martfury-products-of-category-2","elType":"widget"},{"id":"10c1a944","settings":{"space":{"unit":"px","size":30,"sizes":[]}},"elements":[],"isInner":false,"widgetType":"spacer","elType":"widget"}],"isInner":false,"elType":"column"}],"isInner":false,"elType":"section"},{"id":"467f2602","settings":{"background_background":"classic","background_color":"#eeeeee","gap":"extended"},"elements":[{"id":"16d24274","settings":{"_column_size":100},"elements":[{"id":"60c9fb0f","settings":{"title":"Clothing & Appreal","links_group":[{"link_text":"View All","link_url":{"url":"#"},"_id":"9ad21a4"}],"banners":[{"image":{"url":"http:\/\/demo2.drfuri.com\/martfury12\/wp-content\/uploads\/sites\/53\/2019\/07\/banner32.jpg","id":3679},"image_link":{"url":"","is_external":true,"nofollow":true},"_id":"c3e5597"}],"product_cats":["clothing-apparel"],"tabs":[{"tab_title":"New Arrivals","tab_products":"recent","_id":"621a69d","tab_orderby":"","tab_order":""}],"side_title":"Recommended For You","side_link_text":"View More","products":"top_rated","side_product_cats":["clothing-apparel"],"side_products":"top_rated","products_navigation_mobile":"dots","side_products_hide_tablet":"yes","side_products_hide_mobile":"yes","icon":"","show_heading_tab_mobile":"none"},"elements":[],"isInner":false,"widgetType":"martfury-products-of-category-2","elType":"widget"},{"id":"51738273","settings":{"space":{"unit":"px","size":30,"sizes":[]}},"elements":[],"isInner":false,"widgetType":"spacer","elType":"widget"}],"isInner":false,"elType":"column"}],"isInner":false,"elType":"section"},{"id":"31519a32","settings":{"background_background":"classic","background_color":"#eeeeee","gap":"extended"},"elements":[{"id":"9f85d79","settings":{"_column_size":100},"elements":[{"id":"61295d7c","settings":{"title":"Garden & Kitchen","icon":"","links_group":[{"link_text":"View All","link_url":{"url":"#"},"_id":"9ad21a4"}],"banners":[{"image":{"url":"http:\/\/demo2.drfuri.com\/martfury12\/wp-content\/uploads\/sites\/53\/2019\/07\/banner33.jpg","id":3680},"image_link":{"url":"#"},"_id":"7d03ad3"}],"product_cats":["garden-kitchen"],"tabs":[{"tab_title":"New Arrivals","tab_products":"recent","_id":"621a69d","tab_orderby":"","tab_order":""}],"side_title":"Recommended For You","side_link_text":"View More","products":"top_rated","side_product_cats":["garden-kitchen"],"side_products":"top_rated","products_navigation_mobile":"dots","heading_links_padding_mobile":{"unit":"px","top":"0","right":"15","bottom":"0","left":"0","isLinked":false},"side_products_hide_tablet":"yes","side_products_hide_mobile":"yes","show_heading_tab_mobile":"none"},"elements":[],"isInner":false,"widgetType":"martfury-products-of-category-2","elType":"widget"},{"id":"4226da32","settings":{"space":{"unit":"px","size":30,"sizes":[]}},"elements":[],"isInner":false,"widgetType":"spacer","elType":"widget"}],"isInner":false,"elType":"column"}],"isInner":false,"elType":"section"}]}