{"version":"0.4","title":"Home Marketplace 3","type":"page","content":[{"id":"31841284","settings":{"background_background":"classic","background_color":"#eeeeee"},"elements":[{"id":"345b2b92","settings":{"_column_size":100},"elements":[{"id":"509e2e24","settings":{"space":{"unit":"px","size":30,"sizes":[]}},"elements":[],"isInner":false,"widgetType":"spacer","elType":"widget"}],"isInner":false,"elType":"column"}],"isInner":false,"elType":"section"},{"id":"76ec75bb","settings":{"structure":"30","background_background":"classic","background_color":"#eeeeee"},"elements":[{"id":"1e82f67b","settings":{"_column_size":33,"_inline_size":23.5,"_inline_size_tablet":100},"elements":[],"isInner":false,"elType":"column"},{"id":"9c3a665","settings":{"_column_size":33,"_inline_size":42.55,"padding":{"unit":"px","top":"0","right":"0","bottom":"0","left":"0","isLinked":true},"_inline_size_tablet":60,"border_border":"solid","border_width":{"unit":"px","top":"1","right":"1","bottom":"1","left":"1","isLinked":false},"border_color":"#d9d9d9"},"elements":[{"id":"10dcbf1f","settings":{"slides":[{"subtitle":"LIMITED EDITION ","heading":"Experience<br>\nVirtual Reality Now!<br>\nVersion 2.0 ","description":"<p>Discount<br \/><span style=\"color: #f14705; font-size: 24px;\">40% OFF<\/span><\/p>","button_text":"Shop Now","background_color":"#f4f5f5","_id":"38b4454","background_image":{"id":395,"url":"http:\/\/demo2.drfuri.com\/martfury12\/wp-content\/uploads\/sites\/53\/2017\/12\/s5-1.jpg"},"background_size":"cover","background_ken_burns":"","zoom_direction":"out","background_overlay":"","background_overlay_color":"rgba(0,0,0,0.5)","background_overlay_blend_mode":"","link":{"url":"#","is_external":"","nofollow":""},"link_click":"button","price_box_type":"text","price_box_text":"","price_box_image":{"url":"","id":""},"price_box_image_size":"full","price_box_image_custom_dimension":{"width":"","height":""},"custom_style":"","horizontal_position":"","vertical_position":"","text_align":"","subtitle_custom_color":"","heading_custom_color":"","content_custom_color":"","button_custom_color":"","button_custom_bg_color":"","price_box_custom_color":"","price_box_custom_bg_color":"","background_image_tablet":{"url":"","id":""},"background_image_mobile":{"url":"","id":""},"background_size_tablet":"","background_size_mobile":"","background_position":"","background_position_tablet":"","background_position_mobile":"","background_position_custom":{"unit":"px","top":"","right":"","bottom":"","left":"","isLinked":true},"background_position_custom_tablet":{"unit":"px","top":"","right":"","bottom":"","left":"","isLinked":true},"background_position_custom_mobile":{"unit":"px","top":"","right":"","bottom":"","left":"","isLinked":true}},{"subtitle":"LIVEBYCARE ","heading":"Combo<br>\n5x Pillows<br>\nColor ","description":"<p>Discount<br \/><span style=\"color: #669900; font-size: 24px;\">20% OFF<\/span><\/p>","button_text":"Shop Now","background_color":"#f4f5f5","_id":"a70508f","background_image":{"id":396,"url":"http:\/\/demo2.drfuri.com\/martfury12\/wp-content\/uploads\/sites\/53\/2017\/12\/s5-2.jpg"},"background_size":"cover","background_ken_burns":"","zoom_direction":"in","background_overlay":"","background_overlay_color":"rgba(0,0,0,0.5)","background_overlay_blend_mode":"","link":{"url":"#","is_external":"","nofollow":""},"link_click":"button","price_box_type":"text","price_box_text":"20%\nOFF","price_box_image":{"url":"","id":""},"price_box_image_size":"full","price_box_image_custom_dimension":{"width":"","height":""},"custom_style":"yes","horizontal_position":"right","vertical_position":"","text_align":"right","subtitle_custom_color":"","heading_custom_color":"","content_custom_color":"","button_custom_color":"","button_custom_bg_color":"","price_box_custom_color":"","price_box_custom_bg_color":"","background_image_tablet":{"url":"","id":""},"background_image_mobile":{"url":"","id":""},"background_size_tablet":"","background_size_mobile":"","background_position":"","background_position_tablet":"","background_position_mobile":"","background_position_custom":{"unit":"px","top":"","right":"","bottom":"","left":"","isLinked":true},"background_position_custom_tablet":{"unit":"px","top":"","right":"","bottom":"","left":"","isLinked":true},"background_position_custom_mobile":{"unit":"px","top":"","right":"","bottom":"","left":"","isLinked":true}},{"subtitle":"DISCOUNT ","heading":"Wooden<br>\nMinimalist<br>\nChair ","description":"<p>Price just<br \/><span style=\"color: #669900; font-size: 24px; font-weight: 600;\">$199.99<\/span><\/p>","button_text":"Shop Now","background_color":"#f4f5f5","_id":"5320779","background_image":{"id":397,"url":"http:\/\/demo2.drfuri.com\/martfury12\/wp-content\/uploads\/sites\/53\/2017\/12\/s5-3.jpg"},"background_size":"cover","background_ken_burns":"","zoom_direction":"in","background_overlay":"","background_overlay_color":"rgba(0,0,0,0.5)","background_overlay_blend_mode":"","link":{"url":"#","is_external":"","nofollow":""},"link_click":"button","price_box_type":"text","price_box_text":"","price_box_image":{"url":"","id":""},"price_box_image_size":"full","price_box_image_custom_dimension":{"width":"","height":""},"custom_style":"","horizontal_position":"","vertical_position":"","text_align":"","subtitle_custom_color":"","heading_custom_color":"","content_custom_color":"","button_custom_color":"","button_custom_bg_color":"","price_box_custom_color":"","price_box_custom_bg_color":"","background_image_tablet":{"url":"","id":""},"background_image_mobile":{"url":"","id":""},"background_size_tablet":"","background_size_mobile":"","background_position":"","background_position_tablet":"","background_position_mobile":"","background_position_custom":{"unit":"px","top":"","right":"","bottom":"","left":"","isLinked":true},"background_position_custom_tablet":{"unit":"px","top":"","right":"","bottom":"","left":"","isLinked":true},"background_position_custom_mobile":{"unit":"px","top":"","right":"","bottom":"","left":"","isLinked":true}}],"slides_height":{"unit":"px","size":373,"sizes":[]},"content_animation":"fadeIn","transition":"fade","content_max_width":{"unit":"px","size":"","sizes":[]},"slides_padding":{"unit":"px","top":"0","right":"30","bottom":"0","left":"30","isLinked":false},"arrows_spacing":{"unit":"px","size":0,"sizes":[]},"navigation":"dots","navigation_tablet":"dots","navigation_mobile":"dots","autoplay_speed":8000,"transition_speed":800,"slides_padding_tablet":{"unit":"px","top":"0","right":"30","bottom":"0","left":"30","isLinked":false},"heading_typography_typography":"custom","heading_typography_font_size_tablet":{"unit":"px","size":30,"sizes":[]},"dots_background_color":"rgba(255,255,255,0.5)","dots_hover_background_color":"#fcb800","dots_active_background_color":"#fcb800","slides_padding_mobile":{"unit":"px","top":"15","right":"15","bottom":"15","left":"15","isLinked":true},"heading_typography_font_size_mobile":{"unit":"px","size":28,"sizes":[]},"autoplay":"","slides_horizontal_position":"","subtitle_color":"#999999","subtitle_typography_typography":"custom","subtitle_typography_font_size":{"unit":"px","size":12,"sizes":[]},"subtitle_typography_font_weight":"600","heading_typography_font_size":{"unit":"px","size":36,"sizes":[]},"heading_typography_font_weight":"300","description_color":"#000000","description_typography_typography":"custom","description_typography_font_size":{"unit":"px","size":12,"sizes":[]},"price_box_width":{"unit":"px","size":80,"sizes":[]},"price_box_height":{"unit":"px","size":80,"sizes":[]},"price_box_top":{"unit":"px","size":39,"sizes":[]},"price_box_left":{"unit":"px","size":167,"sizes":[]},"price_box_bg_color":"#f14705","price_box_typography_typography":"custom","price_box_typography_font_size":{"unit":"px","size":23,"sizes":[]}},"elements":[],"isInner":false,"widgetType":"martfury-slides","elType":"widget"},{"id":"1a57cab0","settings":{"title":"<strong>Fluence<\/strong> Minimal\nSpeaker","desc":"<p>Price Just<br \/><span style=\"color: #669900; font-size: 24px; font-weight: 600;\">$159.99<\/span><\/p>","height":{"unit":"px","size":187,"sizes":[]},"banner_padding":{"unit":"px","top":"20","right":"20","bottom":"20","left":"20","isLinked":true},"heading_typography_typography":"custom","heading_typography_font_size":{"unit":"px","size":24,"sizes":[]},"heading_typography_font_weight":"300","description_color":"#000000","description_typography_typography":"custom","description_typography_font_size":{"unit":"px","size":14,"sizes":[]},"image":{"id":3620,"url":"http:\/\/demo2.drfuri.com\/martfury12\/wp-content\/uploads\/sites\/53\/2019\/07\/bm6.jpg"},"heading_typography_line_height":{"unit":"em","size":1.2,"sizes":[]},"banner_border_border":"solid","banner_border_width":{"unit":"px","top":"1","right":"0","bottom":"0","left":"0","isLinked":false},"banner_border_color":"#d9d9d9","description_typography_line_height":{"unit":"em","size":1.8,"sizes":[]},"price":"","button_link":{"url":"#","is_external":true,"nofollow":true}},"elements":[],"isInner":false,"widgetType":"martfury-banner-small","elType":"widget"}],"isInner":false,"elType":"column"},{"id":"5fd3dee7","settings":{"_column_size":33,"_inline_size":33.946,"_inline_size_tablet":40,"border_border":"solid","border_width":{"unit":"px","top":"1","right":"1","bottom":"1","left":"0","isLinked":false},"border_color":"#d9d9d9","margin":{"unit":"px","top":"0","right":"10","bottom":"0","left":"0","isLinked":false}},"elements":[{"id":"64f31601","settings":{"structure":"20"},"elements":[{"id":"7126a849","settings":{"_column_size":50,"_inline_size":50.63,"padding":{"unit":"px","top":"0","right":"0","bottom":"0","left":"0","isLinked":true},"_inline_size_mobile":50},"elements":[{"id":"6e1409d5","settings":{"title":"XBOX CONTROLLER\nWHITE COLOR","desc":"<p>Discount <span style=\"color: #690;\">30%<\/span><\/p>","height":{"unit":"px","size":186,"sizes":[]},"banner_padding":{"unit":"px","top":"20","right":"20","bottom":"20","left":"20","isLinked":true},"heading_typography_typography":"custom","heading_typography_font_size":{"unit":"px","size":14,"sizes":[]},"heading_typography_font_weight":"500","description_color":"#666666","description_typography_typography":"custom","description_typography_font_size":{"unit":"px","size":14,"sizes":[]},"image":{"id":3621,"url":"http:\/\/demo2.drfuri.com\/martfury12\/wp-content\/uploads\/sites\/53\/2019\/07\/bm1.jpg"},"heading_typography_line_height":{"unit":"em","size":1.2,"sizes":[]},"banner_justify_content":"flex-start","banner_padding_mobile":{"unit":"px","top":"10","right":"10","bottom":"10","left":"10","isLinked":true},"banner_bg_position_mobile":"center bottom","price":"","button_link":{"url":"#","is_external":true,"nofollow":true}},"elements":[],"isInner":false,"widgetType":"martfury-banner-small","elType":"widget"}],"isInner":true,"elType":"column"},{"id":"5630728","settings":{"_column_size":50,"_inline_size":49.284,"padding":{"unit":"px","top":"0","right":"0","bottom":"0","left":"0","isLinked":true},"_inline_size_mobile":50},"elements":[{"id":"4d0a356b","settings":{"title":"APPLE\nIPHONE\n6S","desc":"<p><strong><span class=\"semobold\" style=\"color: #669900;\">$599.00<\/span><\/strong><br \/><del>$899.00<\/del><\/p>","height":{"unit":"px","size":186,"sizes":[]},"banner_padding":{"unit":"px","top":"20","right":"20","bottom":"20","left":"20","isLinked":true},"heading_typography_typography":"custom","heading_typography_font_size":{"unit":"px","size":14,"sizes":[]},"heading_typography_font_weight":"500","description_color":"#666666","description_typography_typography":"custom","description_typography_font_size":{"unit":"px","size":14,"sizes":[]},"image":{"id":3622,"url":"http:\/\/demo2.drfuri.com\/martfury12\/wp-content\/uploads\/sites\/53\/2019\/07\/bm2.jpg"},"heading_typography_line_height":{"unit":"em","size":1.2,"sizes":[]},"banner_justify_content":"flex-start","heading_spacing":{"unit":"px","size":25,"sizes":[]},"banner_border_border":"solid","banner_border_width":{"unit":"px","top":"0","right":"0","bottom":"0","left":"1","isLinked":false},"banner_border_color":"#d9d9d9","price":"","button_link":{"url":"#","is_external":true,"nofollow":true}},"elements":[],"isInner":false,"widgetType":"martfury-banner-small","elType":"widget"}],"isInner":true,"elType":"column"}],"isInner":true,"elType":"section"},{"id":"79a9d2ef","settings":[],"elements":[{"id":"5232e99b","settings":{"_column_size":100,"_inline_size":null,"padding":{"unit":"px","top":"0","right":"0","bottom":"0","left":"0","isLinked":true}},"elements":[{"id":"cbe00f5","settings":{"title":"COMBO 5X\nGIORDANO PACKS\nT-SHIRT","desc":"<p>Discount <span style=\"color: #ff3300;\">20%<\/span><\/p>","height":{"unit":"px","size":187,"sizes":[]},"banner_padding":{"unit":"px","top":"20","right":"20","bottom":"20","left":"20","isLinked":true},"heading_typography_typography":"custom","heading_typography_font_size":{"unit":"px","size":14,"sizes":[]},"heading_typography_font_weight":"500","description_color":"#666666","description_typography_typography":"custom","description_typography_font_size":{"unit":"px","size":14,"sizes":[]},"image":{"id":3623,"url":"http:\/\/demo2.drfuri.com\/martfury12\/wp-content\/uploads\/sites\/53\/2019\/07\/bm3.jpg"},"heading_typography_line_height":{"unit":"em","size":1.2,"sizes":[]},"banner_border_border":"solid","banner_border_width":{"unit":"px","top":"1","right":"0","bottom":"1","left":"0","isLinked":false},"banner_border_color":"#d9d9d9","price":"","button_link":{"url":"#","is_external":true,"nofollow":true}},"elements":[],"isInner":false,"widgetType":"martfury-banner-small","elType":"widget"}],"isInner":true,"elType":"column"}],"isInner":true,"elType":"section"},{"id":"715fdc2f","settings":{"structure":"20"},"elements":[{"id":"727fc723","settings":{"_column_size":50,"_inline_size":50.63,"padding":{"unit":"px","top":"0","right":"0","bottom":"0","left":"0","isLinked":true},"_inline_size_mobile":50},"elements":[{"id":"3e97b19a","settings":{"title":"MAGIC\nBLENDER\nMIXED","desc":"<p><strong><span class=\"semobold\" style=\"color: #669900;\">$49.00<\/span><\/strong><br \/><del>$69.00<\/del><\/p>","height":{"unit":"px","size":186,"sizes":[]},"banner_padding":{"unit":"px","top":"20","right":"20","bottom":"20","left":"20","isLinked":true},"heading_typography_typography":"custom","heading_typography_font_size":{"unit":"px","size":14,"sizes":[]},"heading_typography_font_weight":"500","description_color":"#666666","description_typography_typography":"custom","description_typography_font_size":{"unit":"px","size":14,"sizes":[]},"image":{"id":3624,"url":"http:\/\/demo2.drfuri.com\/martfury12\/wp-content\/uploads\/sites\/53\/2019\/07\/bm4.jpg"},"heading_typography_line_height":{"unit":"em","size":1.2,"sizes":[]},"price":"","button_link":{"url":"#","is_external":true,"nofollow":true}},"elements":[],"isInner":false,"widgetType":"martfury-banner-small","elType":"widget"}],"isInner":true,"elType":"column"},{"id":"395e9e37","settings":{"_column_size":50,"_inline_size":49.284,"padding":{"unit":"px","top":"0","right":"0","bottom":"0","left":"0","isLinked":true},"_inline_size_mobile":50},"elements":[{"id":"190458","settings":{"title":"VOUCHER BODY CARE\nAT BRATUS SPA","desc":"<p><span style=\"color: #ff3300;\">25%<\/span> Off<\/p>","height":{"unit":"px","size":187,"sizes":[]},"banner_padding":{"unit":"px","top":"20","right":"20","bottom":"20","left":"20","isLinked":true},"heading_typography_typography":"custom","heading_typography_font_size":{"unit":"px","size":14,"sizes":[]},"heading_typography_font_weight":"500","description_color":"#666666","description_typography_typography":"custom","description_typography_font_size":{"unit":"px","size":14,"sizes":[]},"image":{"id":3625,"url":"http:\/\/demo2.drfuri.com\/martfury12\/wp-content\/uploads\/sites\/53\/2019\/07\/bm5.jpg"},"heading_typography_line_height":{"unit":"em","size":1.2,"sizes":[]},"banner_justify_content":"flex-start","banner_border_border":"solid","banner_border_width":{"unit":"px","top":"0","right":"0","bottom":"0","left":"1","isLinked":false},"banner_border_color":"#d9d9d9","price":"","button_link":{"url":"#","is_external":true,"nofollow":true}},"elements":[],"isInner":false,"widgetType":"martfury-banner-small","elType":"widget"}],"isInner":true,"elType":"column"}],"isInner":true,"elType":"section"}],"isInner":false,"elType":"column"}],"isInner":false,"elType":"section"},{"id":"6ccc7b76","settings":{"background_background":"classic","background_color":"#eeeeee"},"elements":[{"id":"6b30cce7","settings":{"_column_size":100},"elements":[{"id":"6d7fa299","settings":{"space":{"unit":"px","size":30,"sizes":[]}},"elements":[],"isInner":false,"widgetType":"spacer","elType":"widget"},{"id":"7ad702f4","settings":{"style":"2","icons":[{"icon":"icon-rocket","title":"Free Delivery","desc":"For all oders over $99","_id":"12e2301","link":{"url":"","is_external":true,"nofollow":true}},{"icon":"icon-sync","title":"90 Days Return","desc":"If goods have problems","_id":"038001d","link":{"url":"","is_external":true,"nofollow":true}},{"icon":"icon-credit-card","title":"Secure Payment","desc":"100% secure payment","_id":"dba94b9","link":{"url":"","is_external":true,"nofollow":true}},{"icon":"icon-bubbles","title":"24\/7 Support","desc":"Dedicated support","_id":"e425867","link":{"url":"","is_external":true,"nofollow":true}}],"background_color":"#ffffff","padding":{"unit":"px","top":"25","right":"25","bottom":"25","left":"25","isLinked":true},"content_padding":{"unit":"px","top":"0","right":"0","bottom":"0","left":"0","isLinked":true},"columns_tablet":"2","content_padding_tablet":{"unit":"px","top":"10","right":"10","bottom":"10","left":"10","isLinked":true},"content_padding_mobile":{"unit":"px","top":"10","right":"0","bottom":"10","left":"0","isLinked":false},"sep_width_mobile":{"unit":"px","size":0,"sizes":[]},"content_bottom_spacing_mobile":{"unit":"px","size":10,"sizes":[]}},"elements":[],"isInner":false,"widgetType":"martfury-icons-list","elType":"widget"},{"id":"7f2af3fa","settings":[],"elements":[],"isInner":false,"widgetType":"spacer","elType":"widget"}],"isInner":false,"elType":"column"}],"isInner":false,"elType":"section"},{"id":"771e5162","settings":{"background_background":"classic","background_color":"#eeeeee","gap":"extended"},"elements":[{"id":"58781928","settings":{"_column_size":100},"elements":[{"id":"34a1a4fe","settings":{"image_size":"thumbnail","title":"Search Trending","subtitle":"Updated at 9:00AM","tab_title_1":"Cell Phones","tags_1":[{"title_tag":"#camera","_id":"ca04c99","image_tag":{"url":"http:\/\/demo2.drfuri.com\/martfury12\/wp-content\/uploads\/sites\/53\/2018\/01\/t2.jpg","id":2349},"link_tag":{"url":"#","is_external":true,"nofollow":true},"hot_trending":"yes"},{"title_tag":"#watch","_id":"c5f62af","image_tag":{"url":"http:\/\/demo2.drfuri.com\/martfury12\/wp-content\/uploads\/sites\/53\/2013\/06\/11a.jpg","id":210},"link_tag":{"url":"#","is_external":true,"nofollow":true},"hot_trending":"no"},{"title_tag":"#xbox","_id":"6fed7f5","image_tag":{"url":"http:\/\/demo2.drfuri.com\/martfury12\/wp-content\/uploads\/sites\/53\/2018\/01\/t6.jpg","id":2351},"link_tag":{"url":"#","is_external":true,"nofollow":true},"hot_trending":"no"},{"title_tag":"#gopro","_id":"ea1c715","image_tag":{"url":"http:\/\/demo2.drfuri.com\/martfury12\/wp-content\/uploads\/sites\/53\/2018\/01\/t7.jpg","id":2352},"link_tag":{"url":"#","is_external":true,"nofollow":true},"hot_trending":"no"},{"title_tag":"#phone","_id":"a6299ce","image_tag":{"url":"http:\/\/demo2.drfuri.com\/martfury12\/wp-content\/uploads\/sites\/53\/2018\/01\/t9.jpg","id":2354},"link_tag":{"url":"#","is_external":true,"nofollow":true},"hot_trending":"no"},{"title_tag":"#laptop","_id":"67511b4","image_tag":{"url":"http:\/\/demo2.drfuri.com\/martfury12\/wp-content\/uploads\/sites\/53\/2018\/01\/t10.jpg","id":2355},"link_tag":{"url":"#","is_external":true,"nofollow":true},"hot_trending":"yes"},{"image_tag":{"url":"http:\/\/demo2.drfuri.com\/martfury12\/wp-content\/uploads\/sites\/53\/2018\/01\/t11.jpg","id":2356},"title_tag":"#speaker","link_tag":{"url":"#","is_external":true,"nofollow":true},"_id":"a62b939","hot_trending":"yes"},{"image_tag":{"url":"http:\/\/demo2.drfuri.com\/martfury12\/wp-content\/uploads\/sites\/53\/2018\/01\/t13.jpg","id":2358},"title_tag":"#blender","link_tag":{"url":"#","is_external":true,"nofollow":true},"_id":"329655a","hot_trending":"no"}],"tab_title_2":"Computers","tags_2":[{"title_tag":"#televison","_id":"bf37f68","image_tag":{"url":"http:\/\/demo2.drfuri.com\/martfury12\/wp-content\/uploads\/sites\/53\/2013\/06\/18a.jpg","id":238},"link_tag":{"url":"#","is_external":true,"nofollow":true},"hot_trending":"yes"},{"title_tag":"#watch","_id":"804a405","image_tag":{"url":"http:\/\/demo2.drfuri.com\/martfury12\/wp-content\/uploads\/sites\/53\/2013\/06\/11a.jpg","id":210},"link_tag":{"url":"#","is_external":true,"nofollow":true},"hot_trending":"no"},{"title_tag":"#sneaker","_id":"0e30a86","image_tag":{"url":"http:\/\/demo2.drfuri.com\/martfury12\/wp-content\/uploads\/sites\/53\/2018\/01\/t5.jpg","id":2350},"link_tag":{"url":"#","is_external":true,"nofollow":true},"hot_trending":"yes"},{"title_tag":"#xbox","_id":"6f92dfc","image_tag":{"url":"http:\/\/demo2.drfuri.com\/martfury12\/wp-content\/uploads\/sites\/53\/2018\/01\/t6.jpg","id":2351},"link_tag":{"url":"#","is_external":true,"nofollow":true},"hot_trending":"no"},{"title_tag":"#phone","_id":"ae67f79","image_tag":{"url":"http:\/\/demo2.drfuri.com\/martfury12\/wp-content\/uploads\/sites\/53\/2018\/01\/t9.jpg","id":2354},"link_tag":{"url":"#","is_external":true,"nofollow":true},"hot_trending":"no"},{"title_tag":"#laptop","_id":"4b80951","image_tag":{"url":"http:\/\/demo2.drfuri.com\/martfury12\/wp-content\/uploads\/sites\/53\/2018\/01\/t10.jpg","id":2355},"link_tag":{"url":"#","is_external":true,"nofollow":true},"hot_trending":"no"},{"title_tag":"#speaker","_id":"7671352","image_tag":{"url":"http:\/\/demo2.drfuri.com\/martfury12\/wp-content\/uploads\/sites\/53\/2018\/01\/t11.jpg","id":2356},"link_tag":{"url":"#","is_external":true,"nofollow":true},"hot_trending":"no"},{"title_tag":"#headphone","_id":"be0f550","image_tag":{"url":"http:\/\/demo2.drfuri.com\/martfury12\/wp-content\/uploads\/sites\/53\/2018\/01\/t15.jpg","id":2360},"link_tag":{"url":"","is_external":true,"nofollow":true},"hot_trending":"yes"}],"tab_title_3":"Furnitures","tags_3":[{"title_tag":"#chair","_id":"c40d2c1","image_tag":{"url":"http:\/\/demo2.drfuri.com\/martfury12\/wp-content\/uploads\/sites\/53\/2013\/06\/26a.jpg","id":271},"link_tag":{"url":"#","is_external":true,"nofollow":true},"hot_trending":"yes"},{"title_tag":"#sneaker","_id":"b7ada99","image_tag":{"url":"http:\/\/demo2.drfuri.com\/martfury12\/wp-content\/uploads\/sites\/53\/2018\/01\/t5.jpg","id":2350},"link_tag":{"url":"#","is_external":true,"nofollow":true},"hot_trending":"no"},{"title_tag":"#xbox","_id":"dae1535","image_tag":{"url":"http:\/\/demo2.drfuri.com\/martfury12\/wp-content\/uploads\/sites\/53\/2018\/01\/t6.jpg","id":2351},"link_tag":{"url":"#","is_external":true,"nofollow":true},"hot_trending":"yes"},{"title_tag":"#phone","_id":"18df72e","image_tag":{"url":"http:\/\/demo2.drfuri.com\/martfury12\/wp-content\/uploads\/sites\/53\/2018\/01\/t9.jpg","id":2354},"link_tag":{"url":"#","is_external":true,"nofollow":true},"hot_trending":"no"},{"title_tag":"#laptop","_id":"65e5574","image_tag":{"url":"http:\/\/demo2.drfuri.com\/martfury12\/wp-content\/uploads\/sites\/53\/2018\/01\/t10.jpg","id":2355},"link_tag":{"url":"#","is_external":true,"nofollow":true},"hot_trending":"no"},{"title_tag":"#book","_id":"2b9150a","image_tag":{"url":"http:\/\/demo2.drfuri.com\/martfury12\/wp-content\/uploads\/sites\/53\/2018\/01\/t12.jpg","id":2357},"link_tag":{"url":"#","is_external":true,"nofollow":true},"hot_trending":"yes"},{"title_tag":"#headphone","_id":"5e60a22","image_tag":{"url":"http:\/\/demo2.drfuri.com\/martfury12\/wp-content\/uploads\/sites\/53\/2018\/01\/t15.jpg","id":2360},"link_tag":{"url":"#","is_external":true,"nofollow":true},"hot_trending":"no"},{"title_tag":"#camping","_id":"99448dd","image_tag":{"url":"http:\/\/demo2.drfuri.com\/martfury12\/wp-content\/uploads\/sites\/53\/2018\/01\/t17.jpg","id":2361},"link_tag":{"url":"#","is_external":true,"nofollow":true},"hot_trending":"yes"}],"tab_title_4":"T-Shirts","tags_4":[{"title_tag":"#television","_id":"3e1389f","image_tag":{"url":"http:\/\/demo2.drfuri.com\/martfury12\/wp-content\/uploads\/sites\/53\/2013\/06\/18a.jpg","id":238},"link_tag":{"url":"#","is_external":true,"nofollow":true},"hot_trending":"no"},{"title_tag":"#watch","_id":"18b9057","image_tag":{"url":"http:\/\/demo2.drfuri.com\/martfury12\/wp-content\/uploads\/sites\/53\/2013\/06\/11a.jpg","id":210},"link_tag":{"url":"#","is_external":true,"nofollow":true},"hot_trending":"no"},{"title_tag":"#chair","_id":"e3b8df8","image_tag":{"url":"http:\/\/demo2.drfuri.com\/martfury12\/wp-content\/uploads\/sites\/53\/2013\/06\/26a.jpg","id":271},"link_tag":{"url":"#","is_external":true,"nofollow":true},"hot_trending":"no"},{"title_tag":"#sneaker","_id":"4ff7fd6","image_tag":{"url":"http:\/\/demo2.drfuri.com\/martfury12\/wp-content\/uploads\/sites\/53\/2018\/01\/t5.jpg","id":2350},"link_tag":{"url":"#","is_external":true,"nofollow":true},"hot_trending":"no"},{"title_tag":"#laptop","_id":"d88de4e","image_tag":{"url":"http:\/\/demo2.drfuri.com\/martfury12\/wp-content\/uploads\/sites\/53\/2018\/01\/t10.jpg","id":2355},"link_tag":{"url":"#","is_external":true,"nofollow":true},"hot_trending":"no"},{"title_tag":"#lipstick","_id":"bd3f265","image_tag":{"url":"http:\/\/demo2.drfuri.com\/martfury12\/wp-content\/uploads\/sites\/53\/2018\/01\/t8.jpg","id":2353},"link_tag":{"url":"#","is_external":true,"nofollow":true},"hot_trending":"yes"},{"title_tag":"#blender","_id":"7293222","image_tag":{"url":"http:\/\/demo2.drfuri.com\/martfury12\/wp-content\/uploads\/sites\/53\/2018\/01\/t13.jpg","id":2358},"link_tag":{"url":"#","is_external":true,"nofollow":true},"hot_trending":"yes"},{"title_tag":"#headphone","_id":"23a48dd","image_tag":{"url":"http:\/\/demo2.drfuri.com\/martfury12\/wp-content\/uploads\/sites\/53\/2018\/01\/t15.jpg","id":2360},"link_tag":{"url":"#","is_external":true,"nofollow":true},"hot_trending":"no"}],"tab_title_5":"Baby & Mom","tags_5":[{"title_tag":"#chair","_id":"978cf38","image_tag":{"url":"http:\/\/demo2.drfuri.com\/martfury12\/wp-content\/uploads\/sites\/53\/2013\/06\/26a.jpg","id":271},"link_tag":{"url":"#","is_external":true,"nofollow":true},"hot_trending":"no"},{"title_tag":"#gopro","_id":"6c52f9b","image_tag":{"url":"http:\/\/demo2.drfuri.com\/martfury12\/wp-content\/uploads\/sites\/53\/2018\/01\/t7.jpg","id":2352},"link_tag":{"url":"#","is_external":true,"nofollow":true},"hot_trending":"yes"},{"title_tag":"#phone","_id":"2fb0f3a","image_tag":{"url":"http:\/\/demo2.drfuri.com\/martfury12\/wp-content\/uploads\/sites\/53\/2018\/01\/t9.jpg","id":2354},"link_tag":{"url":"#","is_external":true,"nofollow":true},"hot_trending":"yes"},{"title_tag":"#laptop","_id":"08a1d49","image_tag":{"url":"http:\/\/demo2.drfuri.com\/martfury12\/wp-content\/uploads\/sites\/53\/2018\/01\/t10.jpg","id":2355},"link_tag":{"url":"#","is_external":true,"nofollow":true},"hot_trending":"no"},{"title_tag":"#speaker","_id":"2385d80","image_tag":{"url":"http:\/\/demo2.drfuri.com\/martfury12\/wp-content\/uploads\/sites\/53\/2018\/01\/t11.jpg","id":2356},"link_tag":{"url":"#","is_external":true,"nofollow":true},"hot_trending":"no"},{"title_tag":"#book","_id":"65a6f09","image_tag":{"url":"http:\/\/demo2.drfuri.com\/martfury12\/wp-content\/uploads\/sites\/53\/2018\/01\/t12.jpg","id":2357},"link_tag":{"url":"#","is_external":true,"nofollow":true},"hot_trending":"no"},{"title_tag":"#blender","_id":"8b5ff79","image_tag":{"url":"http:\/\/demo2.drfuri.com\/martfury12\/wp-content\/uploads\/sites\/53\/2018\/01\/t13.jpg","id":2358},"link_tag":{"url":"#","is_external":true,"nofollow":true},"hot_trending":"no"},{"title_tag":"#bag","_id":"46df8d5","image_tag":{"url":"http:\/\/demo2.drfuri.com\/martfury12\/wp-content\/uploads\/sites\/53\/2018\/01\/t14.jpg","id":2359},"link_tag":{"url":"#","is_external":true,"nofollow":true},"hot_trending":"yes"}],"tab_title_6":"Sports","tags_6":[{"title_tag":"#camera","_id":"f34c6a7","image_tag":{"url":"http:\/\/demo2.drfuri.com\/martfury12\/wp-content\/uploads\/sites\/53\/2018\/01\/t2.jpg","id":2349},"link_tag":{"url":"#","is_external":true,"nofollow":true},"hot_trending":"no"},{"title_tag":"#chair","_id":"529fcdc","image_tag":{"url":"http:\/\/demo2.drfuri.com\/martfury12\/wp-content\/uploads\/sites\/53\/2013\/06\/26a.jpg","id":271},"link_tag":{"url":"#","is_external":true,"nofollow":true},"hot_trending":"no"},{"title_tag":"#sneaker","_id":"39fddb3","image_tag":{"url":"http:\/\/demo2.drfuri.com\/martfury12\/wp-content\/uploads\/sites\/53\/2018\/01\/t5.jpg","id":2350},"link_tag":{"url":"#","is_external":true,"nofollow":true},"hot_trending":"no"},{"title_tag":"#gopro","_id":"699f140","image_tag":{"url":"http:\/\/demo2.drfuri.com\/martfury12\/wp-content\/uploads\/sites\/53\/2018\/01\/t7.jpg","id":2352},"link_tag":{"url":"#","is_external":true,"nofollow":true},"hot_trending":"no"},{"title_tag":"#phone","_id":"d403d90","image_tag":{"url":"http:\/\/demo2.drfuri.com\/martfury12\/wp-content\/uploads\/sites\/53\/2018\/01\/t9.jpg","id":2354},"link_tag":{"url":"","is_external":true,"nofollow":true},"hot_trending":"no"},{"title_tag":"#laptop","_id":"b15bdc1","image_tag":{"url":"http:\/\/demo2.drfuri.com\/martfury12\/wp-content\/uploads\/sites\/53\/2018\/01\/t10.jpg","id":2355},"link_tag":{"url":"#","is_external":true,"nofollow":true},"hot_trending":"no"},{"title_tag":"#book","_id":"b0bc59a","image_tag":{"url":"http:\/\/demo2.drfuri.com\/martfury12\/wp-content\/uploads\/sites\/53\/2018\/01\/t12.jpg","id":2357},"link_tag":{"url":"#","is_external":true,"nofollow":true},"hot_trending":"no"},{"title_tag":"#headphone","_id":"7269f4e","image_tag":{"url":"http:\/\/demo2.drfuri.com\/martfury12\/wp-content\/uploads\/sites\/53\/2018\/01\/t15.jpg","id":2360},"link_tag":{"url":"#","is_external":true,"nofollow":true},"hot_trending":"no"}],"tab_title_7":"Books & Office","tags_7":[{"title_tag":"#camera","_id":"1cc4e3b","image_tag":{"url":"http:\/\/demo2.drfuri.com\/martfury12\/wp-content\/uploads\/sites\/53\/2018\/01\/t2.jpg","id":2349},"link_tag":{"url":"#","is_external":true,"nofollow":true},"hot_trending":"no"},{"title_tag":"#xbox","_id":"05ce60d","image_tag":{"url":"http:\/\/demo2.drfuri.com\/martfury12\/wp-content\/uploads\/sites\/53\/2018\/01\/t6.jpg","id":2351},"link_tag":{"url":"#","is_external":true,"nofollow":true},"hot_trending":"no"},{"title_tag":"#gopro","_id":"9471171","image_tag":{"url":"http:\/\/demo2.drfuri.com\/martfury12\/wp-content\/uploads\/sites\/53\/2018\/01\/t7.jpg","id":2352},"link_tag":{"url":"#","is_external":true,"nofollow":true},"hot_trending":"no"},{"title_tag":"#phone","_id":"b93bc85","image_tag":{"url":"http:\/\/demo2.drfuri.com\/martfury12\/wp-content\/uploads\/sites\/53\/2018\/01\/t9.jpg","id":2354},"link_tag":{"url":"#","is_external":true,"nofollow":true},"hot_trending":"no"},{"title_tag":"#laptop","_id":"9b67af6","image_tag":{"url":"http:\/\/demo2.drfuri.com\/martfury12\/wp-content\/uploads\/sites\/53\/2018\/01\/t10.jpg","id":2355},"link_tag":{"url":"#","is_external":true,"nofollow":true},"hot_trending":"no"},{"title_tag":"#speaker","_id":"9de19f7","image_tag":{"url":"http:\/\/demo2.drfuri.com\/martfury12\/wp-content\/uploads\/sites\/53\/2018\/01\/t11.jpg","id":2356},"link_tag":{"url":"#","is_external":true,"nofollow":true},"hot_trending":"no"},{"title_tag":"#book","_id":"51eb92a","image_tag":{"url":"http:\/\/demo2.drfuri.com\/martfury12\/wp-content\/uploads\/sites\/53\/2018\/01\/t12.jpg","id":2357},"link_tag":{"url":"#","is_external":true,"nofollow":true},"hot_trending":"no"},{"title_tag":"#blender","_id":"52ca613","image_tag":{"url":"http:\/\/demo2.drfuri.com\/martfury12\/wp-content\/uploads\/sites\/53\/2018\/01\/t13.jpg","id":2358},"link_tag":{"url":"#","is_external":true,"nofollow":true},"hot_trending":"no"}],"tab_title_8":"Cars","tags_8":[{"title_tag":"#camera","_id":"6b1310d","image_tag":{"url":"http:\/\/demo2.drfuri.com\/martfury12\/wp-content\/uploads\/sites\/53\/2018\/01\/t2.jpg","id":2349},"link_tag":{"url":"#","is_external":true,"nofollow":true},"hot_trending":"no"},{"title_tag":"#watch","_id":"d6eaa1d","image_tag":{"url":"http:\/\/demo2.drfuri.com\/martfury12\/wp-content\/uploads\/sites\/53\/2013\/06\/11a.jpg","id":210},"link_tag":{"url":"#","is_external":true,"nofollow":true},"hot_trending":"yes"},{"title_tag":"#chair","_id":"ab18642","image_tag":{"url":"http:\/\/demo2.drfuri.com\/martfury12\/wp-content\/uploads\/sites\/53\/2013\/06\/26a.jpg","id":271},"link_tag":{"url":"#","is_external":true,"nofollow":true},"hot_trending":"no"},{"title_tag":"#gopro","_id":"3b7fb88","image_tag":{"url":"http:\/\/demo2.drfuri.com\/martfury12\/wp-content\/uploads\/sites\/53\/2018\/01\/t7.jpg","id":2352},"link_tag":{"url":"#","is_external":true,"nofollow":true},"hot_trending":"no"},{"title_tag":"#laptop","_id":"cc12ccb","image_tag":{"url":"http:\/\/demo2.drfuri.com\/martfury12\/wp-content\/uploads\/sites\/53\/2018\/01\/t10.jpg","id":2355},"link_tag":{"url":"#","is_external":true,"nofollow":true},"hot_trending":"no"},{"title_tag":"#speaker","_id":"2ea021b","image_tag":{"url":"http:\/\/demo2.drfuri.com\/martfury12\/wp-content\/uploads\/sites\/53\/2018\/01\/t11.jpg","id":2356},"link_tag":{"url":"#","is_external":true,"nofollow":true},"hot_trending":"no"},{"title_tag":"#book","_id":"f4feb82","image_tag":{"url":"http:\/\/demo2.drfuri.com\/martfury12\/wp-content\/uploads\/sites\/53\/2018\/01\/t12.jpg","id":2357},"link_tag":{"url":"#","is_external":true,"nofollow":true},"hot_trending":"no"},{"title_tag":"#bag","_id":"8db8caa","image_tag":{"url":"http:\/\/demo2.drfuri.com\/martfury12\/wp-content\/uploads\/sites\/53\/2018\/01\/t13.jpg","id":2358},"link_tag":{"url":"#","is_external":true,"nofollow":true},"hot_trending":"no"}],"tab_title_9":"Tab #9","tags_9":[{"title_tag":"#tag1","_id":"9a564dc","image_tag":{"url":"https:\/\/via.placeholder.com\/150x150\/f8f8f8?text=150x150","id":""},"link_tag":{"url":"#","is_external":true,"nofollow":true},"hot_trending":"no"},{"title_tag":"#tag2","_id":"a76baa8","image_tag":{"url":"https:\/\/via.placeholder.com\/150x150\/f8f8f8?text=150x150","id":""},"link_tag":{"url":"#","is_external":true,"nofollow":true},"hot_trending":"no"},{"title_tag":"#tag3","_id":"8ae837a","image_tag":{"url":"https:\/\/via.placeholder.com\/150x150\/f8f8f8?text=150x150","id":""},"link_tag":{"url":"#","is_external":true,"nofollow":true},"hot_trending":"no"},{"title_tag":"#tag4","_id":"940bbb7","image_tag":{"url":"https:\/\/via.placeholder.com\/150x150\/f8f8f8?text=150x150","id":""},"link_tag":{"url":"#","is_external":true,"nofollow":true},"hot_trending":"no"},{"title_tag":"#tag5","_id":"4a21c8a","image_tag":{"url":"https:\/\/via.placeholder.com\/150x150\/f8f8f8?text=150x150","id":""},"link_tag":{"url":"#","is_external":true,"nofollow":true},"hot_trending":"no"},{"title_tag":"#tag6","_id":"54f5e91","image_tag":{"url":"https:\/\/via.placeholder.com\/150x150\/f8f8f8?text=150x150","id":""},"link_tag":{"url":"#","is_external":true,"nofollow":true},"hot_trending":"no"},{"title_tag":"#tag7","_id":"f8189dc","image_tag":{"url":"https:\/\/via.placeholder.com\/150x150\/f8f8f8?text=150x150","id":""},"link_tag":{"url":"#","is_external":true,"nofollow":true},"hot_trending":"no"},{"title_tag":"#tag8","_id":"4d4293c","image_tag":{"url":"https:\/\/via.placeholder.com\/150x150\/f8f8f8?text=150x150","id":""},"link_tag":{"url":"#","is_external":true,"nofollow":true},"hot_trending":"no"}],"tab_title_10":"Tab #10","tags_10":[{"title_tag":"#tag1","_id":"e81da8b","image_tag":{"url":"https:\/\/via.placeholder.com\/150x150\/f8f8f8?text=150x150","id":""},"link_tag":{"url":"#","is_external":true,"nofollow":true},"hot_trending":"no"},{"title_tag":"#tag2","_id":"f8482ab","image_tag":{"url":"https:\/\/via.placeholder.com\/150x150\/f8f8f8?text=150x150","id":""},"link_tag":{"url":"#","is_external":true,"nofollow":true},"hot_trending":"no"},{"title_tag":"#tag3","_id":"913cf50","image_tag":{"url":"https:\/\/via.placeholder.com\/150x150\/f8f8f8?text=150x150","id":""},"link_tag":{"url":"#","is_external":true,"nofollow":true},"hot_trending":"no"},{"title_tag":"#tag4","_id":"5294c07","image_tag":{"url":"https:\/\/via.placeholder.com\/150x150\/f8f8f8?text=150x150","id":""},"link_tag":{"url":"#","is_external":true,"nofollow":true},"hot_trending":"no"},{"title_tag":"#tag5","_id":"0e73f59","image_tag":{"url":"https:\/\/via.placeholder.com\/150x150\/f8f8f8?text=150x150","id":""},"link_tag":{"url":"#","is_external":true,"nofollow":true},"hot_trending":"no"},{"title_tag":"#tag6","_id":"783d884","image_tag":{"url":"https:\/\/via.placeholder.com\/150x150\/f8f8f8?text=150x150","id":""},"link_tag":{"url":"#","is_external":true,"nofollow":true},"hot_trending":"no"},{"title_tag":"#tag7","_id":"9f70bfd","image_tag":{"url":"https:\/\/via.placeholder.com\/150x150\/f8f8f8?text=150x150","id":""},"link_tag":{"url":"#","is_external":true,"nofollow":true},"hot_trending":"no"},{"title_tag":"#tag8","_id":"37af7fa","image_tag":{"url":"https:\/\/via.placeholder.com\/150x150\/f8f8f8?text=150x150","id":""},"link_tag":{"url":"#","is_external":true,"nofollow":true},"hot_trending":"no"}],"icon_2":"icon-desktop","icon_3":"icon-lampshade","enable_hot_trending":"yes","title_hot_trending":"Hot Trending","icon_1":"icon-smartphone","icon_4":"icon-shirt","icon_5":"icon-baby-bottle","icon_6":"icon-baseball","icon_7":"icon-book2","icon_8":"icon-car-siren","enable_tab_9":"","enable_tab_10":"","tab_header_icon_typography_typography":"custom","tab_header_icon_typography_font_size_mobile":{"unit":"px","size":30,"sizes":[]},"tab_content_padding_tablet":{"unit":"px","top":"20","right":"20","bottom":"20","left":"20","isLinked":true},"tab_content_padding_mobile":{"unit":"px","top":"10","right":"5","bottom":"10","left":"5","isLinked":false},"tab_content_item_spacing_mobile":{"unit":"px","size":15,"sizes":[]},"tab_content_title_typography_typography":"custom","tab_content_title_typography_font_size_mobile":{"unit":"px","size":13,"sizes":[]}},"elements":[],"isInner":false,"widgetType":"martfury-category-tabs","elType":"widget"},{"id":"3b20eb4","settings":{"space":{"unit":"px","size":30,"sizes":[]}},"elements":[],"isInner":false,"widgetType":"spacer","elType":"widget"}],"isInner":false,"elType":"column"}],"isInner":false,"elType":"section"},{"id":"3d97fcd1","settings":{"background_background":"classic","background_color":"#eeeeee","gap":"extended"},"elements":[{"id":"472d7adb","settings":{"_column_size":100},"elements":[{"id":"6fb664f4","settings":{"title":"Deals Of The Day","ends_in":"Ends In","view_all_text":"View All","heading_background_color":"#ffffff","navigation":"dots","heading_padding":{"unit":"px","top":"13","right":"20","bottom":"13","left":"20","isLinked":false},"heading_title_typography_typography":"custom","heading_title_typography_font_size_mobile":{"unit":"px","size":20,"sizes":[]},"show_ends_in_mobile":"none","show_heading_view_all_mobile":"none","products_padding":{"unit":"px","top":"20","right":"20","bottom":"20","left":"20","isLinked":false}},"elements":[],"isInner":false,"widgetType":"martfury-product-deals-carousel","elType":"widget"},{"id":"1eb381da","settings":{"space":{"unit":"px","size":30,"sizes":[]}},"elements":[],"isInner":false,"widgetType":"spacer","elType":"widget"}],"isInner":false,"elType":"column"}],"isInner":false,"elType":"section"},{"id":"6ab09181","settings":{"background_background":"classic","background_color":"#eeeeee","gap":"extended"},"elements":[{"id":"2aa1f494","settings":{"_column_size":100},"elements":[{"id":"4b3b9d75","settings":{"image":{"url":"http:\/\/demo2.drfuri.com\/martfury12\/wp-content\/uploads\/sites\/53\/2019\/07\/banner38.jpg","id":3645},"title":"Unero Classical Simple\nBacklpack","desc":"<p>Crisp powerful sound from the best sounding wireless<br \/>headphone in its class<\/p>","button_text":"Shop Now","bg_color":"#fdedc1","highlight_title":"","regular_price":"$219.05","sale_price":"$260.50","banner_border_border":"solid","banner_border_width":{"unit":"px","top":"1","right":"1","bottom":"1","left":"1","isLinked":true},"banner_border_color":"#cccccc","banner_padding_mobile":{"unit":"px","top":"20","right":"50","bottom":"20","left":"20","isLinked":false},"banner_content_spacing_mobile":{"unit":"px","size":0,"sizes":[]},"heading_typography_typography":"custom","heading_typography_font_size_mobile":{"unit":"px","size":26,"sizes":[]},"description_spacing_mobile":{"unit":"px","size":0,"sizes":[]},"description_typography_typography":"custom","description_typography_font_size_mobile":{"unit":"px","size":0,"sizes":[]},"regular_price_typography_typography":"custom","sale_price_typography_typography":"custom","banner_padding_tablet":{"unit":"px","top":"30","right":"30","bottom":"30","left":"30","isLinked":true},"banner_bg_position_custom_tablet":{"unit":"%","top":"0","right":0,"bottom":0,"left":"31","isLinked":false},"banner_bg_position_custom_mobile":{"unit":"%","top":"50","right":0,"bottom":0,"left":"60","isLinked":false},"banner_bg_size_tablet":"auto","banner_bg_size_mobile":"auto","heading_spacing":{"unit":"px","size":59,"sizes":[]},"show_button_mobile":"none"},"elements":[],"isInner":false,"widgetType":"martfury-banner-large","elType":"widget"},{"id":"42e8f2b6","settings":{"space":{"unit":"px","size":30,"sizes":[]}},"elements":[],"isInner":false,"widgetType":"spacer","elType":"widget"}],"isInner":false,"elType":"column"}],"isInner":false,"elType":"section"},{"id":"748fc8ab","settings":{"background_background":"classic","background_color":"#eeeeee","gap":"extended"},"elements":[{"id":"6b4f46d3","settings":{"_column_size":100},"elements":[{"id":"68d750ab","settings":{"title":"Consumer Electronic","icon":"icon-laundry","links_group":[{"link_text":"TV Televisions","link_url":{"url":"#"},"_id":"9ad21a4"},{"link_text":"Air Conditioner","link_url":{"url":"#"},"_id":"c29b1b1"},{"link_text":"Washing Machine","link_url":{"url":"#"},"_id":"4298ba3"},{"link_text":"Refrigerator","link_url":{"url":"#"},"_id":"a3f95a4"},{"link_text":"Microwave","link_url":{"url":"#"},"_id":"5fc9954"}],"banners":[{"image":{"url":"http:\/\/demo2.drfuri.com\/martfury12\/wp-content\/uploads\/sites\/53\/2017\/12\/b1-1.jpg","id":523},"image_link":{"url":"#"},"_id":"7d03ad3"},{"image":{"url":"http:\/\/demo2.drfuri.com\/martfury12\/wp-content\/uploads\/sites\/53\/2017\/12\/b2-1.jpg","id":524},"image_link":{"url":"#"},"_id":"f6e26c5"}],"product_cats":["consumer-electrics"],"tabs":[{"tab_title":"New Arrivals","tab_products":"recent","_id":"621a69d","tab_orderby":"","tab_order":""},{"tab_title":"Best Seller","tab_products":"best_selling","_id":"8b25a23","tab_orderby":"","tab_order":""},{"tab_title":"Sale","tab_products":"sale","_id":"1e635fe","tab_orderby":"","tab_order":""}],"side_title":"Recommended For You","side_link_text":"View More","products":"top_rated","side_product_cats":["consumer-electrics"],"side_products":"top_rated","products_navigation_mobile":"dots","side_products_hide_tablet":"yes","side_products_hide_mobile":"yes"},"elements":[],"isInner":false,"widgetType":"martfury-products-of-category-2","elType":"widget"},{"id":"4bc8ded2","settings":{"space":{"unit":"px","size":30,"sizes":[]}},"elements":[],"isInner":false,"widgetType":"spacer","elType":"widget"}],"isInner":false,"elType":"column"}],"isInner":false,"elType":"section"},{"id":"4c957b17","settings":{"background_background":"classic","background_color":"#eeeeee","gap":"extended"},"elements":[{"id":"5c5e6292","settings":{"_column_size":100},"elements":[{"id":"546b7a3c","settings":{"title":"Clothing & Appreal","links_group":[{"link_text":"Women","link_url":{"url":"#"},"_id":"9ad21a4"},{"link_text":"Men","link_url":{"url":"#"},"_id":"c29b1b1"},{"link_text":"Girl","link_url":{"url":"#"},"_id":"4298ba3"},{"link_text":"Boy","link_url":{"url":"#"},"_id":"a3f95a4"},{"link_text":"Baby ","link_url":{"url":"#"},"_id":"5fc9954"},{"link_text":"Accessories","link_url":{"url":"#","is_external":true,"nofollow":true},"_id":"65ecf3a"}],"banners":[{"image":{"url":"http:\/\/demo2.drfuri.com\/martfury12\/wp-content\/uploads\/sites\/53\/2017\/12\/b3.jpg","id":527},"image_link":{"url":"#"},"_id":"7d03ad3"},{"image":{"url":"http:\/\/demo2.drfuri.com\/martfury12\/wp-content\/uploads\/sites\/53\/2017\/12\/b4.jpg","id":528},"image_link":{"url":"#"},"_id":"f6e26c5"}],"product_cats":["clothing-apparel"],"tabs":[{"tab_title":"New Arrivals","tab_products":"recent","_id":"621a69d","tab_orderby":"","tab_order":""},{"tab_title":"Best Seller","tab_products":"best_selling","_id":"8b25a23","tab_orderby":"","tab_order":""},{"tab_title":"Sale","tab_products":"sale","_id":"1e635fe","tab_orderby":"","tab_order":""}],"side_title":"Recommended For You","side_link_text":"View More","products":"top_rated","side_product_cats":["clothing-apparel"],"side_products":"top_rated","products_navigation_mobile":"dots","side_products_hide_tablet":"yes","side_products_hide_mobile":"yes"},"elements":[],"isInner":false,"widgetType":"martfury-products-of-category-2","elType":"widget"},{"id":"3fc8ee7d","settings":{"space":{"unit":"px","size":30,"sizes":[]}},"elements":[],"isInner":false,"widgetType":"spacer","elType":"widget"}],"isInner":false,"elType":"column"}],"isInner":false,"elType":"section"},{"id":"d13f8c6","settings":{"background_background":"classic","background_color":"#eeeeee","gap":"extended"},"elements":[{"id":"7378597a","settings":{"_column_size":100},"elements":[{"id":"4a3b253d","settings":{"title":"Home, Garden & Kitchen","icon":"icon-lampshade","links_group":[{"link_text":"Furniture","link_url":{"url":"#"},"_id":"9ad21a4"},{"link_text":"Home Decor","link_url":{"url":"#"},"_id":"c29b1b1"},{"link_text":"Cookware","link_url":{"url":"#"},"_id":"4298ba3"},{"link_text":"Utensil & Gadget","link_url":{"url":"#"},"_id":"a3f95a4"},{"link_text":"Garden Tools","link_url":{"url":"#"},"_id":"5fc9954"}],"banners":[{"image":{"url":"http:\/\/demo2.drfuri.com\/martfury12\/wp-content\/uploads\/sites\/53\/2017\/12\/b5.jpg","id":529},"image_link":{"url":"#"},"_id":"7d03ad3"},{"image":{"url":"http:\/\/demo2.drfuri.com\/martfury12\/wp-content\/uploads\/sites\/53\/2017\/12\/b6.jpg","id":530},"image_link":{"url":"#"},"_id":"f6e26c5"}],"product_cats":["garden-kitchen"],"tabs":[{"tab_title":"New Arrivals","tab_products":"recent","_id":"621a69d","tab_orderby":"","tab_order":""},{"tab_title":"Best Seller","tab_products":"best_selling","_id":"8b25a23","tab_orderby":"","tab_order":""},{"tab_title":"Sale","tab_products":"sale","_id":"1e635fe","tab_orderby":"","tab_order":""}],"side_title":"Recommended For You","side_link_text":"View More","products":"top_rated","side_product_cats":["garden-kitchen"],"side_products":"top_rated","products_navigation_mobile":"dots","heading_links_padding_mobile":{"unit":"px","top":"0","right":"15","bottom":"0","left":"0","isLinked":false},"side_products_hide_tablet":"yes","side_products_hide_mobile":"yes"},"elements":[],"isInner":false,"widgetType":"martfury-products-of-category-2","elType":"widget"},{"id":"948aa40","settings":{"space":{"unit":"px","size":30,"sizes":[]}},"elements":[],"isInner":false,"widgetType":"spacer","elType":"widget"}],"isInner":false,"elType":"column"}],"isInner":false,"elType":"section"}]}