{"version":"0.4","title":"Order Tracking","type":"page","content":[{"id":"17457912","settings":{"structure":"30"},"elements":[{"id":"73e0aaa5","settings":{"_column_size":33,"_inline_size":16.66666667},"elements":[],"isInner":false,"elType":"column"},{"id":"598c4c71","settings":{"_column_size":33,"_inline_size":65.998},"elements":[{"id":"1d843eea","settings":{"shortcode":"[woocommerce_order_tracking]"},"elements":[],"isInner":false,"widgetType":"shortcode","elType":"widget"}],"isInner":false,"elType":"column"},{"id":"fd2a7f2","settings":{"_column_size":33,"_inline_size":16.66666667},"elements":[],"isInner":false,"elType":"column"}],"isInner":false,"elType":"section"}]}