{"version":"0.4","title":"Contact","type":"page","content":[{"id":"3a6e04e0","settings":{"stretch_section":"section-stretched","layout":"full_width","gap":"no"},"elements":[{"id":"1e2a7b09","settings":{"_column_size":100,"_inline_size":null},"elements":[{"id":"35ef9fe8","settings":{"address":"London Eye, London, United Kingdom","height":{"unit":"px","size":530,"sizes":[]}},"elements":[],"isInner":false,"widgetType":"google_maps","elType":"widget"}],"isInner":false,"elType":"column"}],"isInner":false,"elType":"section"},{"id":"789f3e0f","settings":[],"elements":[{"id":"50d4acff","settings":{"_column_size":100},"elements":[{"id":"55d3fd8e","settings":{"space":{"unit":"px","size":123,"sizes":[]},"space_tablet":{"unit":"px","size":80,"sizes":[]}},"elements":[],"isInner":false,"widgetType":"spacer","elType":"widget"},{"id":"174eb4d2","settings":{"title":"Contact Us For Any Questions","align":"center","title_color":"#000000","typography_typography":"custom","typography_font_size":{"unit":"px","size":36,"sizes":[]},"typography_font_weight":"600","typography_line_height":{"unit":"px","size":36,"sizes":[]},"typography_font_size_mobile":{"unit":"px","size":30,"sizes":[]},"typography_line_height_mobile":{"unit":"px","size":34,"sizes":[]}},"elements":[],"isInner":false,"widgetType":"heading","elType":"widget"},{"id":"756a47ac","settings":{"space":{"unit":"px","size":84,"sizes":[]},"space_tablet":{"unit":"px","size":60,"sizes":[]}},"elements":[],"isInner":false,"widgetType":"spacer","elType":"widget"}],"isInner":false,"elType":"column"}],"isInner":false,"elType":"section"},{"id":"7b3d4a0e","settings":{"structure":"30"},"elements":[{"id":"3edf658b","settings":{"_column_size":33,"_inline_size":null},"elements":[{"id":"5222ccf8","settings":{"title":"Contact Directly","header_size":"h3","align":"center","title_color":"#000000","typography_typography":"custom","typography_font_family":"Work Sans","typography_font_size":{"unit":"px","size":20,"sizes":[]},"typography_font_weight":"600","typography_line_height":{"unit":"px","size":"","sizes":[]},"_margin":{"unit":"px","top":"0","right":"0","bottom":"0","left":"0","isLinked":false}},"elements":[],"isInner":false,"widgetType":"heading","elType":"widget"},{"id":"4da9dd37","settings":{"space":{"unit":"px","size":30,"sizes":[]},"space_tablet":{"unit":"px","size":20,"sizes":[]},"space_mobile":{"unit":"px","size":10,"sizes":[]}},"elements":[],"isInner":false,"widgetType":"spacer","elType":"widget"},{"id":"3f2285de","settings":{"editor":"<div>\ncontact@martfury.com<br>\n(+004) 912-3548-07\n<\/div>","align":"center","typography_typography":"custom","typography_font_family":"Work Sans"},"elements":[],"isInner":false,"widgetType":"text-editor","elType":"widget"}],"isInner":false,"elType":"column"},{"id":"5f66981","settings":{"_column_size":33,"_inline_size":null},"elements":[{"id":"7bba016a","settings":{"space":{"unit":"px","size":0,"sizes":[]},"space_tablet":{"unit":"px","size":0,"sizes":[]},"space_mobile":{"unit":"px","size":30,"sizes":[]}},"elements":[],"isInner":false,"widgetType":"spacer","elType":"widget"},{"id":"2c566425","settings":{"title":"Head Quater","header_size":"h3","align":"center","title_color":"#000000","typography_typography":"custom","typography_font_family":"Work Sans","typography_font_size":{"unit":"px","size":20,"sizes":[]},"typography_font_weight":"600","typography_line_height":{"unit":"px","size":"","sizes":[]}},"elements":[],"isInner":false,"widgetType":"heading","elType":"widget"},{"id":"186ee805","settings":{"space":{"unit":"px","size":30,"sizes":[]},"space_tablet":{"unit":"px","size":20,"sizes":[]},"space_mobile":{"unit":"px","size":10,"sizes":[]}},"elements":[],"isInner":false,"widgetType":"spacer","elType":"widget"},{"id":"1840346c","settings":{"editor":"17 Queen St, Southbank, Melbourne <br>\n10560, Australia","align":"center","typography_typography":"custom","typography_font_family":"Work Sans"},"elements":[],"isInner":false,"widgetType":"text-editor","elType":"widget"}],"isInner":false,"elType":"column"},{"id":"71ba3b18","settings":{"_column_size":33,"_inline_size":null},"elements":[{"id":"20478075","settings":{"space":{"unit":"px","size":0,"sizes":[]},"space_tablet":{"unit":"px","size":0,"sizes":[]},"space_mobile":{"unit":"px","size":30,"sizes":[]}},"elements":[],"isInner":false,"widgetType":"spacer","elType":"widget"},{"id":"585aad5c","settings":{"title":"Work With Us","header_size":"h3","align":"center","title_color":"#000000","typography_typography":"custom","typography_font_family":"Work Sans","typography_font_size":{"unit":"px","size":20,"sizes":[]},"typography_font_weight":"600","typography_line_height":{"unit":"px","size":"","sizes":[]}},"elements":[],"isInner":false,"widgetType":"heading","elType":"widget"},{"id":"68e15f34","settings":{"space":{"unit":"px","size":30,"sizes":[]},"space_tablet":{"unit":"px","size":20,"sizes":[]},"space_mobile":{"unit":"px","size":10,"sizes":[]}},"elements":[],"isInner":false,"widgetType":"spacer","elType":"widget"},{"id":"6c3f5111","settings":{"editor":"Send your CV to our email:<br>\ncareer@martfury.com","align":"center","typography_typography":"custom","typography_font_family":"Work Sans"},"elements":[],"isInner":false,"widgetType":"text-editor","elType":"widget"}],"isInner":false,"elType":"column"}],"isInner":false,"elType":"section"},{"id":"63c18a14","settings":[],"elements":[{"id":"29e7a407","settings":{"_column_size":100},"elements":[{"id":"4b167261","settings":{"space":{"unit":"px","size":53,"sizes":[]},"space_tablet":{"unit":"px","size":40,"sizes":[]}},"elements":[],"isInner":false,"widgetType":"spacer","elType":"widget"}],"isInner":false,"elType":"column"}],"isInner":false,"elType":"section"},{"id":"1ae81086","settings":{"structure":"30"},"elements":[{"id":"5e048a22","settings":{"_column_size":33,"_inline_size":null},"elements":[{"id":"21e5c9f2","settings":{"title":"Customer Service","header_size":"h3","align":"center","title_color":"#000000","typography_typography":"custom","typography_font_family":"Work Sans","typography_font_size":{"unit":"px","size":20,"sizes":[]},"typography_font_weight":"600","typography_line_height":{"unit":"px","size":"","sizes":[]},"_margin":{"unit":"px","top":"0","right":"0","bottom":"0","left":"0","isLinked":false}},"elements":[],"isInner":false,"widgetType":"heading","elType":"widget"},{"id":"1b91d9c8","settings":{"space":{"unit":"px","size":30,"sizes":[]},"space_tablet":{"unit":"px","size":20,"sizes":[]},"space_mobile":{"unit":"px","size":10,"sizes":[]}},"elements":[],"isInner":false,"widgetType":"spacer","elType":"widget"},{"id":"1866fb4e","settings":{"editor":"customercare@martfury.com<br>\n(800) 843-2446","align":"center","typography_typography":"custom","typography_font_family":"Work Sans"},"elements":[],"isInner":false,"widgetType":"text-editor","elType":"widget"}],"isInner":false,"elType":"column"},{"id":"7e58308b","settings":{"_column_size":33,"_inline_size":null},"elements":[{"id":"5a6a4db7","settings":{"space":{"unit":"px","size":0,"sizes":[]},"space_tablet":{"unit":"px","size":0,"sizes":[]},"space_mobile":{"unit":"px","size":30,"sizes":[]}},"elements":[],"isInner":false,"widgetType":"spacer","elType":"widget"},{"id":"5f56b1e6","settings":{"title":"Media Relations","header_size":"h3","align":"center","title_color":"#000000","typography_typography":"custom","typography_font_family":"Work Sans","typography_font_size":{"unit":"px","size":20,"sizes":[]},"typography_font_weight":"600","typography_line_height":{"unit":"px","size":"","sizes":[]}},"elements":[],"isInner":false,"widgetType":"heading","elType":"widget"},{"id":"5f26c326","settings":{"space":{"unit":"px","size":30,"sizes":[]},"space_tablet":{"unit":"px","size":20,"sizes":[]},"space_mobile":{"unit":"px","size":10,"sizes":[]}},"elements":[],"isInner":false,"widgetType":"spacer","elType":"widget"},{"id":"3d562e6b","settings":{"editor":"media@martfury.com<br>\n(801) 947-3564","align":"center","typography_typography":"custom","typography_font_family":"Work Sans"},"elements":[],"isInner":false,"widgetType":"text-editor","elType":"widget"}],"isInner":false,"elType":"column"},{"id":"129c65a0","settings":{"_column_size":33,"_inline_size":null},"elements":[{"id":"222ccc31","settings":{"space":{"unit":"px","size":0,"sizes":[]},"space_tablet":{"unit":"px","size":0,"sizes":[]},"space_mobile":{"unit":"px","size":30,"sizes":[]}},"elements":[],"isInner":false,"widgetType":"spacer","elType":"widget"},{"id":"218ebf8b","settings":{"title":"Vendor Support","header_size":"h3","align":"center","title_color":"#000000","typography_typography":"custom","typography_font_family":"Work Sans","typography_font_size":{"unit":"px","size":20,"sizes":[]},"typography_font_weight":"600","typography_line_height":{"unit":"px","size":"","sizes":[]}},"elements":[],"isInner":false,"widgetType":"heading","elType":"widget"},{"id":"10ef5ad8","settings":{"space":{"unit":"px","size":30,"sizes":[]},"space_tablet":{"unit":"px","size":20,"sizes":[]},"space_mobile":{"unit":"px","size":10,"sizes":[]}},"elements":[],"isInner":false,"widgetType":"spacer","elType":"widget"},{"id":"8f362c3","settings":{"editor":"vendorsupport@martfury.com<br>\n(801) 947-3100","align":"center","typography_typography":"custom","typography_font_family":"Work Sans"},"elements":[],"isInner":false,"widgetType":"text-editor","elType":"widget"}],"isInner":false,"elType":"column"}],"isInner":false,"elType":"section"},{"id":"1909c95a","settings":[],"elements":[{"id":"5b1cdd2e","settings":{"_column_size":100},"elements":[{"id":"3d0e26b8","settings":{"space":{"unit":"px","size":130,"sizes":[]},"space_tablet":{"unit":"px","size":80,"sizes":[]}},"elements":[],"isInner":false,"widgetType":"spacer","elType":"widget"}],"isInner":false,"elType":"column"}],"isInner":false,"elType":"section"},{"id":"290f6fe","settings":{"stretch_section":"section-stretched","background_background":"classic","background_color":"#f6f6f6"},"elements":[{"id":"da43d8c","settings":{"_column_size":100},"elements":[{"id":"10e14925","settings":{"space":{"unit":"px","size":115,"sizes":[]},"space_tablet":{"unit":"px","size":80,"sizes":[]}},"elements":[],"isInner":false,"widgetType":"spacer","elType":"widget"},{"id":"4d9412a5","settings":{"title":"Get In Touch","align":"center","title_color":"#000000","typography_typography":"custom","typography_font_family":"Work Sans","typography_font_size":{"unit":"px","size":36,"sizes":[]},"typography_font_weight":"600","typography_font_size_mobile":{"unit":"px","size":30,"sizes":[]}},"elements":[],"isInner":false,"widgetType":"heading","elType":"widget"},{"id":"4cd158a3","settings":{"space":{"unit":"px","size":80,"sizes":[]},"space_tablet":{"unit":"px","size":60,"sizes":[]}},"elements":[],"isInner":false,"widgetType":"spacer","elType":"widget"},{"id":"44a281dd","settings":{"form":"377"},"elements":[],"isInner":false,"widgetType":"martfury-contact-form-7","elType":"widget"},{"id":"694e6467","settings":{"space":{"unit":"px","size":130,"sizes":[]},"space_tablet":{"unit":"px","size":80,"sizes":[]}},"elements":[],"isInner":false,"widgetType":"spacer","elType":"widget"}],"isInner":false,"elType":"column"}],"isInner":false,"elType":"section"}]}