{"version":"0.4","title":"Home Kids Ajax","type":"page","content":[{"id":"212e0ce9","settings":{"background_background":"classic"},"elements":[{"id":"4d06ca0b","settings":{"_column_size":100},"elements":[{"id":"35001012","settings":{"space":{"unit":"px","size":30,"sizes":[]}},"elements":[],"isInner":false,"widgetType":"spacer","elType":"widget"}],"isInner":false,"elType":"column"}],"isInner":false,"elType":"section"},{"id":"7d4bab38","settings":{"structure":"30","background_background":"classic","gap":"extended"},"elements":[{"id":"1607d641","settings":{"_column_size":33,"_inline_size":23.5,"_inline_size_tablet":100},"elements":[],"isInner":false,"elType":"column"},{"id":"7ee5b34e","settings":{"_column_size":33,"_inline_size":42.55,"padding":{"unit":"px","top":"0","right":"0","bottom":"0","left":"0","isLinked":true},"_inline_size_tablet":60,"border_width":{"unit":"px","top":"1","right":"1","bottom":"1","left":"1","isLinked":false},"border_color":"#d9d9d9","margin_mobile":{"unit":"px","top":"0","right":"0","bottom":"0","left":"0","isLinked":true},"padding_mobile":{"unit":"px","top":"0","right":"15","bottom":"0","left":"15","isLinked":false}},"elements":[{"id":"7035ba13","settings":{"slides":[{"subtitle":"LIMITED EDITION ","heading":"Baby Hipseat<br>\nCarrier<br>\nWaist Stool","description":"<p>Discount<br \/><span style=\"color: #f14705; font-size: 24px; font-weight: 500;\">40% OFF<\/span><\/p>","button_text":"Shop Now","background_color":"#f4f5f5","_id":"38b4454","background_image":{"id":3819,"url":"http:\/\/demo2.drfuri.com\/martfury18\/wp-content\/uploads\/sites\/59\/2019\/11\/b1-1.jpg"},"background_size":"cover","background_ken_burns":"","zoom_direction":"out","background_overlay":"","background_overlay_color":"rgba(0,0,0,0.5)","background_overlay_blend_mode":"","link":{"url":"#","is_external":"","nofollow":""},"link_click":"button","price_box_type":"text","price_box_text":"","price_box_image":{"url":"","id":""},"price_box_image_size":"full","price_box_image_custom_dimension":{"width":"","height":""},"custom_style":"","horizontal_position":"","vertical_position":"","text_align":"","subtitle_custom_color":"","heading_custom_color":"","content_custom_color":"","button_custom_color":"","button_custom_bg_color":"","price_box_custom_color":"","price_box_custom_bg_color":"","background_image_tablet":{"url":"","id":""},"background_image_mobile":{"url":"","id":""},"background_size_tablet":"","background_size_mobile":"","background_position":"","background_position_tablet":"","background_position_mobile":"","background_position_custom":{"unit":"px","top":"","right":"","bottom":"","left":"","isLinked":true},"background_position_custom_tablet":{"unit":"px","top":"","right":"","bottom":"","left":"","isLinked":true},"background_position_custom_mobile":{"unit":"px","top":"","right":"","bottom":"","left":"","isLinked":true},"subtitle_custom_bg_color":""},{"subtitle":"EVENFLO","heading":"Exersaucer<br>\nDoor<br>\nJumper","description":"<p>Discount<br \/><span style=\"color: #669900; font-size: 24px;\">20% OFF<\/span><\/p>","button_text":"Shop Now","background_color":"#f4f5f5","_id":"a70508f","background_image":{"id":3821,"url":"http:\/\/demo2.drfuri.com\/martfury18\/wp-content\/uploads\/sites\/59\/2019\/11\/b2-1.jpg"},"background_size":"cover","background_ken_burns":"","zoom_direction":"in","background_overlay":"","background_overlay_color":"rgba(0,0,0,0.5)","background_overlay_blend_mode":"","link":{"url":"#","is_external":"","nofollow":""},"link_click":"button","price_box_type":"text","price_box_text":"20%\nOFF","price_box_image":{"url":"","id":""},"price_box_image_size":"full","price_box_image_custom_dimension":{"width":"","height":""},"custom_style":"yes","horizontal_position":"right","vertical_position":"","text_align":"right","subtitle_custom_color":"","heading_custom_color":"","content_custom_color":"","button_custom_color":"","button_custom_bg_color":"","price_box_custom_color":"","price_box_custom_bg_color":"","background_image_tablet":{"url":"","id":""},"background_image_mobile":{"url":"","id":""},"background_size_tablet":"","background_size_mobile":"","background_position":"","background_position_tablet":"","background_position_mobile":"","background_position_custom":{"unit":"px","top":"","right":"","bottom":"","left":"","isLinked":true},"background_position_custom_tablet":{"unit":"px","top":"","right":"","bottom":"","left":"","isLinked":true},"background_position_custom_mobile":{"unit":"px","top":"","right":"","bottom":"","left":"","isLinked":true},"subtitle_custom_bg_color":""},{"subtitle":"LEACHCO","heading":"Infant<br>\nSeat<br>\nLounger","description":"<p>Price just<br \/><span style=\"color: #669900; font-size: 24px; font-weight: 600;\">$199.99<\/span><\/p>","button_text":"Shop Now","background_color":"#f4f5f5","_id":"5320779","background_image":{"id":3807,"url":"http:\/\/demo2.drfuri.com\/martfury18\/wp-content\/uploads\/sites\/59\/2019\/11\/b3.jpg"},"background_size":"cover","background_ken_burns":"","zoom_direction":"in","background_overlay":"","background_overlay_color":"rgba(0,0,0,0.5)","background_overlay_blend_mode":"","link":{"url":"#","is_external":"","nofollow":""},"link_click":"button","price_box_type":"text","price_box_text":"","price_box_image":{"url":"","id":""},"price_box_image_size":"full","price_box_image_custom_dimension":{"width":"","height":""},"custom_style":"","horizontal_position":"","vertical_position":"","text_align":"","subtitle_custom_color":"","heading_custom_color":"","content_custom_color":"","button_custom_color":"","button_custom_bg_color":"","price_box_custom_color":"","price_box_custom_bg_color":"","background_image_tablet":{"url":"","id":""},"background_image_mobile":{"url":"","id":""},"background_size_tablet":"","background_size_mobile":"","background_position":"","background_position_tablet":"","background_position_mobile":"","background_position_custom":{"unit":"px","top":"","right":"","bottom":"","left":"","isLinked":true},"background_position_custom_tablet":{"unit":"px","top":"","right":"","bottom":"","left":"","isLinked":true},"background_position_custom_mobile":{"unit":"px","top":"","right":"","bottom":"","left":"","isLinked":true},"subtitle_custom_bg_color":""}],"slides_height":{"unit":"px","size":373,"sizes":[]},"content_animation":"fadeIn","transition":"fade","content_max_width":{"unit":"px","size":"","sizes":[]},"slides_padding":{"unit":"px","top":"0","right":"30","bottom":"0","left":"30","isLinked":false},"arrows_spacing":{"unit":"px","size":0,"sizes":[]},"navigation":"dots","navigation_tablet":"dots","navigation_mobile":"dots","autoplay_speed":8000,"transition_speed":800,"slides_padding_tablet":{"unit":"px","top":"0","right":"30","bottom":"0","left":"30","isLinked":false},"heading_typography_typography":"custom","heading_typography_font_size_tablet":{"unit":"px","size":30,"sizes":[]},"dots_background_color":"rgba(255,255,255,0.5)","dots_hover_background_color":"#fcb800","dots_active_background_color":"#fcb800","slides_padding_mobile":{"unit":"px","top":"15","right":"15","bottom":"15","left":"15","isLinked":true},"heading_typography_font_size_mobile":{"unit":"px","size":28,"sizes":[]},"autoplay":"","slides_horizontal_position":"","subtitle_color":"#3078a6","subtitle_typography_typography":"custom","subtitle_typography_font_size":{"unit":"px","size":12,"sizes":[]},"subtitle_typography_font_weight":"600","heading_typography_font_size":{"unit":"px","size":36,"sizes":[]},"heading_typography_font_weight":"300","description_color":"#000000","description_typography_typography":"custom","description_typography_font_size":{"unit":"px","size":12,"sizes":[]},"price_box_width":{"unit":"px","size":80,"sizes":[]},"price_box_height":{"unit":"px","size":80,"sizes":[]},"price_box_top":{"unit":"px","size":39,"sizes":[]},"price_box_left":{"unit":"px","size":167,"sizes":[]},"price_box_bg_color":"#f14705","price_box_typography_typography":"custom","price_box_typography_font_size":{"unit":"px","size":23,"sizes":[]},"heading_spacing":{"unit":"px","size":25,"sizes":[]},"description_spacing":{"unit":"px","size":16,"sizes":[]},"banner_border_border":"solid","banner_border_width":{"unit":"px","top":"1","right":"1","bottom":"1","left":"1","isLinked":true},"banner_border_color":"#d9d9d9","_background_background":"classic","_background_color":"#ffffff"},"elements":[],"isInner":false,"widgetType":"martfury-slides","elType":"widget"},{"id":"54d013b9","settings":{"title":"<strong>LZTET<\/strong> Baby \nRocking Wood Chair","desc":"<p>Price Just<br \/><span style=\"color: #669900; font-size: 24px; font-weight: 600;\">$159.99<\/span><\/p>","height":{"unit":"px","size":187,"sizes":[]},"banner_padding":{"unit":"px","top":"20","right":"20","bottom":"20","left":"20","isLinked":true},"heading_typography_typography":"custom","heading_typography_font_size":{"unit":"px","size":24,"sizes":[]},"heading_typography_font_weight":"300","description_color":"#000000","description_typography_typography":"custom","description_typography_font_size":{"unit":"px","size":14,"sizes":[]},"image":{"id":3825,"url":"http:\/\/demo2.drfuri.com\/martfury18\/wp-content\/uploads\/sites\/59\/2019\/11\/b25.jpg"},"heading_typography_line_height":{"unit":"em","size":1.2,"sizes":[]},"banner_border_border":"solid","banner_border_width":{"unit":"px","top":"00","right":"1","bottom":"1","left":"1","isLinked":false},"banner_border_color":"#d9d9d9","description_typography_line_height":{"unit":"em","size":1.8,"sizes":[]},"price":"","button_link":{"url":"#","is_external":true,"nofollow":true},"heading_color":"#3078a6"},"elements":[],"isInner":false,"widgetType":"martfury-banner-small","elType":"widget"}],"isInner":false,"elType":"column"},{"id":"3abd191b","settings":{"_column_size":33,"_inline_size":33.946,"_inline_size_tablet":40,"border_width":{"unit":"px","top":"1","right":"1","bottom":"1","left":"0","isLinked":false},"border_color":"#d9d9d9","margin":{"unit":"px","top":"0","right":"15","bottom":"0","left":"0","isLinked":false},"margin_mobile":{"unit":"px","top":"0","right":"0","bottom":"0","left":"0","isLinked":true}},"elements":[{"id":"5af4d86d","settings":{"structure":"20","gap":"extended"},"elements":[{"id":"5ba9125c","settings":{"_column_size":50,"_inline_size":50.63,"padding":{"unit":"px","top":"0","right":"0","bottom":"0","left":"0","isLinked":true},"_inline_size_mobile":50,"padding_mobile":{"unit":"px","top":"0","right":"0","bottom":"0","left":"15","isLinked":false}},"elements":[{"id":"731bd04e","settings":{"title":"MILK BLACKMORES\nTODDLER 300G","desc":"<p>Discount <span style=\"color: #ff3300; font-weight: 600;\">30%<\/span><\/p>","height":{"unit":"px","size":187,"sizes":[]},"banner_padding":{"unit":"px","top":"15","right":"15","bottom":"15","left":"15","isLinked":true},"heading_typography_typography":"custom","heading_typography_font_size":{"unit":"px","size":14,"sizes":[]},"heading_typography_font_weight":"600","description_color":"#666666","description_typography_typography":"custom","description_typography_font_size":{"unit":"px","size":14,"sizes":[]},"image":{"id":3809,"url":"http:\/\/demo2.drfuri.com\/martfury18\/wp-content\/uploads\/sites\/59\/2019\/11\/b4.jpg"},"heading_typography_line_height":{"unit":"em","size":1.2,"sizes":[]},"banner_justify_content":"flex-start","banner_padding_mobile":{"unit":"px","top":"10","right":"10","bottom":"10","left":"10","isLinked":true},"banner_bg_position_mobile":"center bottom","price":"","button_link":{"url":"#","is_external":true,"nofollow":true},"heading_color":"#3078a6","banner_border_border":"solid","banner_border_width":{"unit":"px","top":"1","right":"1","bottom":"1","left":"0","isLinked":false},"banner_border_width_mobile":{"unit":"px","top":"0","right":"1","bottom":"1","left":"1","isLinked":false},"banner_border_color":"#d9d9d9"},"elements":[],"isInner":false,"widgetType":"martfury-banner-small","elType":"widget"}],"isInner":true,"elType":"column"},{"id":"43d4a378","settings":{"_column_size":50,"_inline_size":49.284,"padding":{"unit":"px","top":"0","right":"0","bottom":"0","left":"0","isLinked":true},"_inline_size_mobile":50,"padding_mobile":{"unit":"px","top":"0","right":"15","bottom":"0","left":"0","isLinked":false}},"elements":[{"id":"5cf71ad7","settings":{"title":"BABY\nSTROLLER\n3IN1","desc":"<p><strong><span class=\"semobold\" style=\"color: #669900;\">$599<\/span><\/strong><br \/><del>$899<\/del><\/p>","height":{"unit":"px","size":187,"sizes":[]},"banner_padding":{"unit":"px","top":"15","right":"15","bottom":"15","left":"15","isLinked":true},"heading_typography_typography":"custom","heading_typography_font_size":{"unit":"px","size":14,"sizes":[]},"heading_typography_font_weight":"600","description_color":"#666666","description_typography_typography":"custom","description_typography_font_size":{"unit":"px","size":14,"sizes":[]},"image":{"id":3810,"url":"http:\/\/demo2.drfuri.com\/martfury18\/wp-content\/uploads\/sites\/59\/2019\/11\/b5.jpg"},"heading_typography_line_height":{"unit":"em","size":1.2,"sizes":[]},"heading_spacing":{"unit":"px","size":25,"sizes":[]},"banner_border_border":"solid","banner_border_width":{"unit":"px","top":"1","right":"1","bottom":"1","left":"0","isLinked":false},"banner_border_color":"#d9d9d9","price":"","button_link":{"url":"#","is_external":true,"nofollow":true},"heading_color":"#3078a6","banner_border_width_mobile":{"unit":"px","top":"0","right":"1","bottom":"1","left":"0","isLinked":false}},"elements":[],"isInner":false,"widgetType":"martfury-banner-small","elType":"widget"}],"isInner":true,"elType":"column"}],"isInner":true,"elType":"section"},{"id":"32916cb7","settings":{"gap":"extended"},"elements":[{"id":"3696883e","settings":{"_column_size":100,"_inline_size":null,"padding":{"unit":"px","top":"0","right":"0","bottom":"0","left":"0","isLinked":true},"padding_mobile":{"unit":"px","top":"0","right":"15","bottom":"0","left":"15","isLinked":false}},"elements":[{"id":"2517c2ea","settings":{"title":"COMBO 5X\nNEWBORN DISAPER\nBAMBO","desc":"<p>Discount <span style=\"color: #ff3300; font-weight: 600;\">20%<\/span><\/p>","height":{"unit":"px","size":188,"sizes":[]},"banner_padding":{"unit":"px","top":"15","right":"15","bottom":"15","left":"15","isLinked":true},"heading_typography_typography":"custom","heading_typography_font_size":{"unit":"px","size":14,"sizes":[]},"heading_typography_font_weight":"600","description_color":"#666666","description_typography_typography":"custom","description_typography_font_size":{"unit":"px","size":14,"sizes":[]},"image":{"id":3812,"url":"http:\/\/demo2.drfuri.com\/martfury18\/wp-content\/uploads\/sites\/59\/2019\/11\/b7.jpg"},"heading_typography_line_height":{"unit":"em","size":1.2,"sizes":[]},"price":"","button_link":{"url":"#","is_external":true,"nofollow":true},"banner_padding_mobile":{"unit":"px","top":"10","right":"10","bottom":"10","left":"10","isLinked":true},"banner_bg_position_mobile":"center bottom","heading_color":"#3078a6","banner_border_border":"solid","banner_border_width":{"unit":"px","top":"0","right":"1","bottom":"1","left":"0","isLinked":false},"banner_border_width_mobile":{"unit":"px","top":"0","right":"1","bottom":"1","left":"1","isLinked":false},"banner_border_color":"#d9d9d9"},"elements":[],"isInner":false,"widgetType":"martfury-banner-small","elType":"widget"}],"isInner":true,"elType":"column"}],"isInner":true,"elType":"section"},{"id":"23151374","settings":{"structure":"20","gap":"extended"},"elements":[{"id":"15a3ebfb","settings":{"_column_size":50,"_inline_size":50.63,"padding":{"unit":"px","top":"0","right":"0","bottom":"0","left":"0","isLinked":true},"_inline_size_mobile":50,"padding_mobile":{"unit":"px","top":"0","right":"00","bottom":"0","left":"15","isLinked":false}},"elements":[{"id":"74ba58eb","settings":{"title":"SNAP SWIM \nDIAPER","desc":"<p><strong><span class=\"semobold\" style=\"color: #669900;\">$49.00<\/span><\/strong><br \/><del>$69.00<\/del><\/p>","height":{"unit":"px","size":187,"sizes":[]},"banner_padding":{"unit":"px","top":"15","right":"15","bottom":"15","left":"15","isLinked":true},"heading_typography_typography":"custom","heading_typography_font_size":{"unit":"px","size":14,"sizes":[]},"heading_typography_font_weight":"600","description_color":"#666666","description_typography_typography":"custom","description_typography_font_size":{"unit":"px","size":14,"sizes":[]},"image":{"id":3813,"url":"http:\/\/demo2.drfuri.com\/martfury18\/wp-content\/uploads\/sites\/59\/2019\/11\/b6.jpg"},"heading_typography_line_height":{"unit":"em","size":1.2,"sizes":[]},"price":"","button_link":{"url":"#","is_external":true,"nofollow":true},"banner_border_border":"solid","banner_border_width":{"unit":"px","top":"0","right":"1","bottom":"1","left":"0","isLinked":false},"banner_border_color":"#d9d9d9","heading_spacing":{"unit":"px","size":25,"sizes":[]},"heading_color":"#3078a6","banner_border_width_mobile":{"unit":"px","top":"0","right":"1","bottom":"1","left":"1","isLinked":false}},"elements":[],"isInner":false,"widgetType":"martfury-banner-small","elType":"widget"}],"isInner":true,"elType":"column"},{"id":"3fc09a81","settings":{"_column_size":50,"_inline_size":49.284,"padding":{"unit":"px","top":"0","right":"0","bottom":"0","left":"0","isLinked":true},"_inline_size_mobile":50,"padding_mobile":{"unit":"px","top":"0","right":"15","bottom":"0","left":"0","isLinked":false}},"elements":[{"id":"1efd64a0","settings":{"title":"VOUCHER BODY CARE\nAT BRATUS SPA","desc":"<p><span style=\"color: #ff3300; font-weight: 600;\">25%<\/span> Off<\/p>","height":{"unit":"px","size":187,"sizes":[]},"banner_padding":{"unit":"px","top":"15","right":"15","bottom":"15","left":"15","isLinked":true},"heading_typography_typography":"custom","heading_typography_font_size":{"unit":"px","size":14,"sizes":[]},"heading_typography_font_weight":"600","description_color":"#666666","description_typography_typography":"custom","description_typography_font_size":{"unit":"px","size":14,"sizes":[]},"image":{"id":3814,"url":"http:\/\/demo2.drfuri.com\/martfury18\/wp-content\/uploads\/sites\/59\/2019\/11\/b8.jpg"},"heading_typography_line_height":{"unit":"em","size":1.2,"sizes":[]},"banner_justify_content":"flex-start","price":"","button_link":{"url":"#","is_external":true,"nofollow":true},"banner_padding_mobile":{"unit":"px","top":"10","right":"10","bottom":"10","left":"10","isLinked":true},"banner_bg_position_mobile":"center bottom","heading_color":"#3078a6","banner_border_border":"solid","banner_border_width":{"unit":"px","top":"0","right":"1","bottom":"1","left":"0","isLinked":false},"banner_border_color":"#d9d9d9"},"elements":[],"isInner":false,"widgetType":"martfury-banner-small","elType":"widget"}],"isInner":true,"elType":"column"}],"isInner":true,"elType":"section"}],"isInner":false,"elType":"column"}],"isInner":false,"elType":"section"},{"id":"80cd63d","settings":{"background_background":"classic"},"elements":[{"id":"45f1ad27","settings":{"_column_size":100},"elements":[{"id":"34889fdc","settings":{"space":{"unit":"px","size":30,"sizes":[]}},"elements":[],"isInner":false,"widgetType":"spacer","elType":"widget"}],"isInner":false,"elType":"column"}],"isInner":false,"elType":"section"},{"id":"2914462a","settings":{"structure":"30"},"elements":[{"id":"2fd40775","settings":{"_column_size":33,"_inline_size":null},"elements":[{"id":"5852a515","settings":{"title":"Freeship\nfor oders in\nLocal","desc":"<p><span style=\"display: flex; align-items: center;\"><i class=\"icon-telephone2\"><\/i> <strong style=\"font-weight: 600; padding-left: 10px;\">1800-6088<\/strong><\/span><\/p>","height":{"unit":"px","size":186,"sizes":[]},"banner_padding":{"unit":"px","top":"20","right":"20","bottom":"20","left":"20","isLinked":true},"heading_typography_typography":"custom","heading_typography_font_size":{"unit":"px","size":24,"sizes":[]},"heading_typography_font_weight":"400","description_color":"#669900","description_typography_typography":"custom","description_typography_font_size":{"unit":"px","size":20,"sizes":[]},"image":{"id":3831,"url":"http:\/\/demo2.drfuri.com\/martfury18\/wp-content\/uploads\/sites\/59\/2019\/11\/b9.jpg"},"heading_typography_line_height":{"unit":"em","size":1,"sizes":[]},"price":"","button_link":{"url":"#","is_external":true,"nofollow":true},"banner_padding_mobile":{"unit":"px","top":"10","right":"10","bottom":"10","left":"10","isLinked":true},"banner_bg_position_mobile":"center bottom","heading_typography_font_size_mobile":{"unit":"px","size":20,"sizes":[]}},"elements":[],"isInner":false,"widgetType":"martfury-banner-small","elType":"widget"},{"id":"564fb530","settings":{"space":{"unit":"px","size":20,"sizes":[]}},"elements":[],"isInner":false,"widgetType":"spacer","elType":"widget"}],"isInner":false,"elType":"column"},{"id":"110dc73c","settings":{"_column_size":33,"_inline_size":null},"elements":[{"id":"3e642a72","settings":{"title":"Diono\nConvertible\nCar Seat","desc":"<p>3RX All in one<br \/>from Diono Radian<\/p>","height":{"unit":"px","size":186,"sizes":[]},"banner_padding":{"unit":"px","top":"20","right":"20","bottom":"20","left":"20","isLinked":true},"heading_typography_typography":"custom","heading_typography_font_size":{"unit":"px","size":24,"sizes":[]},"heading_typography_font_weight":"400","description_color":"#666666","description_typography_typography":"custom","description_typography_font_size":{"unit":"px","size":14,"sizes":[]},"image":{"id":3832,"url":"http:\/\/demo2.drfuri.com\/martfury18\/wp-content\/uploads\/sites\/59\/2019\/11\/b10.jpg"},"heading_typography_line_height":{"unit":"em","size":1,"sizes":[]},"price":"20% OFF","button_link":{"url":"#","is_external":true,"nofollow":true},"banner_padding_mobile":{"unit":"px","top":"10","right":"10","bottom":"10","left":"10","isLinked":true},"banner_bg_position_mobile":"center bottom","description_typography_line_height":{"unit":"em","size":1.2,"sizes":[]},"price_position_top":{"unit":"%","size":29,"sizes":[]},"price_position_left":{"unit":"%","size":58,"sizes":[]},"price_typography_typography":"custom","price_typography_font_size":{"unit":"px","size":16,"sizes":[]},"heading_typography_font_size_mobile":{"unit":"px","size":20,"sizes":[]}},"elements":[],"isInner":false,"widgetType":"martfury-banner-small","elType":"widget"},{"id":"48a5219a","settings":{"space":{"unit":"px","size":20,"sizes":[]}},"elements":[],"isInner":false,"widgetType":"spacer","elType":"widget"}],"isInner":false,"elType":"column"},{"id":"23ae9af8","settings":{"_column_size":33,"_inline_size":null},"elements":[{"id":"649f3b4d","settings":{"title":"Versatile\nDiaper\nBag Tote","desc":"<p>with Multiple<br \/>Separate Pocket<\/p>","height":{"unit":"px","size":186,"sizes":[]},"banner_padding":{"unit":"px","top":"20","right":"20","bottom":"20","left":"20","isLinked":true},"heading_typography_typography":"custom","heading_typography_font_size":{"unit":"px","size":24,"sizes":[]},"heading_typography_font_weight":"400","description_color":"#666666","description_typography_typography":"custom","description_typography_font_size":{"unit":"px","size":14,"sizes":[]},"image":{"id":3834,"url":"http:\/\/demo2.drfuri.com\/martfury18\/wp-content\/uploads\/sites\/59\/2019\/11\/b11.jpg"},"heading_typography_line_height":{"unit":"em","size":1,"sizes":[]},"price":"30% OFF","button_link":{"url":"#","is_external":true,"nofollow":true},"banner_padding_mobile":{"unit":"px","top":"10","right":"10","bottom":"10","left":"10","isLinked":true},"banner_bg_position_mobile":"center bottom","description_typography_line_height":{"unit":"em","size":1.2,"sizes":[]},"price_position_top":{"unit":"%","size":62,"sizes":[]},"price_position_left":{"unit":"%","size":48,"sizes":[]},"price_typography_typography":"custom","price_typography_font_size":{"unit":"px","size":16,"sizes":[]},"heading_typography_font_size_mobile":{"unit":"px","size":20,"sizes":[]}},"elements":[],"isInner":false,"widgetType":"martfury-banner-small","elType":"widget"},{"id":"296cc9e7","settings":{"space":{"unit":"px","size":20,"sizes":[]}},"elements":[],"isInner":false,"widgetType":"spacer","elType":"widget"}],"isInner":false,"elType":"column"}],"isInner":false,"elType":"section"},{"id":"6dd78c11","settings":{"background_background":"classic"},"elements":[{"id":"340cbe22","settings":{"_column_size":100},"elements":[{"id":"59318c1f","settings":{"space":{"unit":"px","size":30,"sizes":[]}},"elements":[],"isInner":false,"widgetType":"spacer","elType":"widget"},{"id":"2beea2a2","settings":{"title":"Best Seller Brands","title_color":"#000000","typography_typography":"custom","typography_font_size":{"unit":"px","size":20,"sizes":[]},"typography_font_weight":"600","_margin":{"unit":"px","top":"0","right":"0","bottom":"24","left":"0","isLinked":false}},"elements":[],"isInner":false,"widgetType":"heading","elType":"widget"},{"id":"125fb932","settings":{"group_setting":[{"image":{"url":"http:\/\/demo2.drfuri.com\/martfury18\/wp-content\/uploads\/sites\/59\/2019\/11\/b26.jpg","id":3839},"_id":"41b2cde","link":{"url":"#","is_external":true,"nofollow":true}},{"image":{"url":"http:\/\/demo2.drfuri.com\/martfury18\/wp-content\/uploads\/sites\/59\/2019\/11\/b27.jpg","id":3840},"_id":"095d77c","link":{"url":"#","is_external":true,"nofollow":true}},{"image":{"url":"http:\/\/demo2.drfuri.com\/martfury18\/wp-content\/uploads\/sites\/59\/2019\/11\/b28.jpg","id":3841},"_id":"8734032","link":{"url":"#","is_external":true,"nofollow":true}},{"image":{"url":"http:\/\/demo2.drfuri.com\/martfury18\/wp-content\/uploads\/sites\/59\/2019\/11\/b29.jpg","id":3842},"_id":"f78132a","link":{"url":"#","is_external":true,"nofollow":true}},{"image":{"url":"http:\/\/demo2.drfuri.com\/martfury18\/wp-content\/uploads\/sites\/59\/2019\/11\/b30.jpg","id":3843},"_id":"bd49f19","link":{"url":"#","is_external":true,"nofollow":true}},{"image":{"url":"http:\/\/demo2.drfuri.com\/martfury18\/wp-content\/uploads\/sites\/59\/2019\/11\/b31.jpg","id":3844},"_id":"ccb4b25","link":{"url":"#","is_external":true,"nofollow":true}},{"image":{"url":"http:\/\/demo2.drfuri.com\/martfury18\/wp-content\/uploads\/sites\/59\/2019\/11\/b32.jpg","id":3845},"_id":"58a5fc9","link":{"url":"#","is_external":true,"nofollow":true}},{"image":{"url":"http:\/\/demo2.drfuri.com\/martfury18\/wp-content\/uploads\/sites\/59\/2019\/11\/b33.jpg","id":3846},"_id":"b8d8eeb","link":{"url":"#","is_external":true,"nofollow":true}},{"image":{"url":"http:\/\/demo2.drfuri.com\/martfury18\/wp-content\/uploads\/sites\/59\/2019\/11\/b34.jpg","id":3847},"_id":"ac81e51","link":{"url":"#","is_external":true,"nofollow":true}},{"image":{"url":"http:\/\/demo2.drfuri.com\/martfury18\/wp-content\/uploads\/sites\/59\/2019\/11\/b35.jpg","id":3848},"_id":"4d88294","link":{"url":"#","is_external":true,"nofollow":true}}],"item_border_style":"solid","item_border_color":"#c6c6c6","_background_background":"classic","_background_color":"#ffffff","columns_tablet":"5","columns_mobile":"2"},"elements":[],"isInner":false,"widgetType":"martfury-images-grid","elType":"widget"}],"isInner":false,"elType":"column"}],"isInner":false,"elType":"section"},{"id":"2e3d6ee9","settings":{"background_background":"classic","gap":"extended"},"elements":[{"id":"6e563fa4","settings":{"_column_size":100},"elements":[{"id":"b93b5e0","settings":[],"elements":[],"isInner":false,"widgetType":"spacer","elType":"widget"},{"id":"19ed398e","settings":{"image_size":"thumbnail","title":"Search Trending","subtitle":"Updated at 9:00AM","tab_title_1":"Baby Hygiene","tags_1":[{"title_tag":"#bodysuit","_id":"ca04c99","image_tag":{"url":"http:\/\/demo2.drfuri.com\/martfury18\/wp-content\/uploads\/sites\/59\/2019\/11\/bt01.jpg","id":3853},"link_tag":{"url":"#","is_external":true,"nofollow":true},"hot_trending":"yes"},{"title_tag":"#bag","_id":"c5f62af","image_tag":{"url":"http:\/\/demo2.drfuri.com\/martfury18\/wp-content\/uploads\/sites\/59\/2019\/11\/bt08.jpg","id":3860},"link_tag":{"url":"#","is_external":true,"nofollow":true},"hot_trending":"no"},{"title_tag":"#chair","_id":"6fed7f5","image_tag":{"url":"http:\/\/demo2.drfuri.com\/martfury18\/wp-content\/uploads\/sites\/59\/2019\/11\/bt15.jpg","id":3867},"link_tag":{"url":"#","is_external":true,"nofollow":true},"hot_trending":"no"},{"title_tag":"#woolcap","_id":"ea1c715","image_tag":{"url":"http:\/\/demo2.drfuri.com\/martfury18\/wp-content\/uploads\/sites\/59\/2019\/11\/bt13.jpg","id":3865},"link_tag":{"url":"#","is_external":true,"nofollow":true},"hot_trending":"no"},{"title_tag":"#boys","_id":"a6299ce","image_tag":{"url":"http:\/\/demo2.drfuri.com\/martfury18\/wp-content\/uploads\/sites\/59\/2019\/11\/bt14.jpg","id":3866},"link_tag":{"url":"#","is_external":true,"nofollow":true},"hot_trending":"no"},{"title_tag":"#carseat","_id":"67511b4","image_tag":{"url":"http:\/\/demo2.drfuri.com\/martfury18\/wp-content\/uploads\/sites\/59\/2019\/11\/bt02.jpg","id":3854},"link_tag":{"url":"#","is_external":true,"nofollow":true},"hot_trending":"yes"},{"image_tag":{"url":"http:\/\/demo2.drfuri.com\/martfury18\/wp-content\/uploads\/sites\/59\/2019\/11\/bt10.jpg","id":3862},"title_tag":"#crib","link_tag":{"url":"#","is_external":true,"nofollow":true},"_id":"a62b939","hot_trending":"yes"},{"image_tag":{"url":"http:\/\/demo2.drfuri.com\/martfury18\/wp-content\/uploads\/sites\/59\/2019\/11\/bt04.jpg","id":3856},"title_tag":"#nipples","link_tag":{"url":"#","is_external":true,"nofollow":true},"_id":"329655a","hot_trending":"no"}],"tab_title_2":"Baby Sleeping","tags_2":[{"title_tag":"#cream","_id":"bf37f68","image_tag":{"url":"http:\/\/demo2.drfuri.com\/martfury18\/wp-content\/uploads\/sites\/59\/2019\/11\/bt03.jpg","id":3855},"link_tag":{"url":"#","is_external":true,"nofollow":true},"hot_trending":"yes"},{"title_tag":"#diapers","_id":"804a405","image_tag":{"url":"http:\/\/demo2.drfuri.com\/martfury18\/wp-content\/uploads\/sites\/59\/2019\/11\/bt09.jpg","id":3861},"link_tag":{"url":"#","is_external":true,"nofollow":true},"hot_trending":"no"},{"title_tag":"#woolcap","_id":"0e30a86","image_tag":{"url":"http:\/\/demo2.drfuri.com\/martfury18\/wp-content\/uploads\/sites\/59\/2019\/11\/bt13.jpg","id":3865},"link_tag":{"url":"#","is_external":true,"nofollow":true},"hot_trending":"yes"},{"title_tag":"#ointment","_id":"6f92dfc","image_tag":{"url":"http:\/\/demo2.drfuri.com\/martfury18\/wp-content\/uploads\/sites\/59\/2019\/11\/bt11.jpg","id":3863},"link_tag":{"url":"#","is_external":true,"nofollow":true},"hot_trending":"no"},{"title_tag":"#crib","_id":"ae67f79","image_tag":{"url":"http:\/\/demo2.drfuri.com\/martfury18\/wp-content\/uploads\/sites\/59\/2019\/11\/bt10.jpg","id":3862},"link_tag":{"url":"#","is_external":true,"nofollow":true},"hot_trending":"no"},{"title_tag":"#chair","_id":"4b80951","image_tag":{"url":"http:\/\/demo2.drfuri.com\/martfury18\/wp-content\/uploads\/sites\/59\/2019\/11\/bt15.jpg","id":3867},"link_tag":{"url":"#","is_external":true,"nofollow":true},"hot_trending":"no"},{"title_tag":"#pregnancy","_id":"7671352","image_tag":{"url":"http:\/\/demo2.drfuri.com\/martfury18\/wp-content\/uploads\/sites\/59\/2019\/11\/bt16.jpg","id":3868},"link_tag":{"url":"#","is_external":true,"nofollow":true},"hot_trending":"no"},{"title_tag":"#bathseat","_id":"be0f550","image_tag":{"url":"http:\/\/demo2.drfuri.com\/martfury18\/wp-content\/uploads\/sites\/59\/2019\/11\/bt05.jpg","id":3857},"link_tag":{"url":"","is_external":true,"nofollow":true},"hot_trending":"yes"}],"tab_title_3":"Baby Out","tags_3":[{"title_tag":"#nipples","_id":"c40d2c1","image_tag":{"url":"http:\/\/demo2.drfuri.com\/martfury18\/wp-content\/uploads\/sites\/59\/2019\/11\/bt06.jpg","id":3858},"link_tag":{"url":"#","is_external":true,"nofollow":true},"hot_trending":"yes"},{"title_tag":"#boys","_id":"b7ada99","image_tag":{"url":"http:\/\/demo2.drfuri.com\/martfury18\/wp-content\/uploads\/sites\/59\/2019\/11\/bt14.jpg","id":3866},"link_tag":{"url":"#","is_external":true,"nofollow":true},"hot_trending":"no"},{"title_tag":"#underwear","_id":"dae1535","image_tag":{"url":"http:\/\/demo2.drfuri.com\/martfury18\/wp-content\/uploads\/sites\/59\/2019\/11\/bt12.jpg","id":3864},"link_tag":{"url":"#","is_external":true,"nofollow":true},"hot_trending":"yes"},{"title_tag":"#bag","_id":"18df72e","image_tag":{"url":"http:\/\/demo2.drfuri.com\/martfury18\/wp-content\/uploads\/sites\/59\/2019\/11\/bt08.jpg","id":3860},"link_tag":{"url":"#","is_external":true,"nofollow":true},"hot_trending":"no"},{"title_tag":"#diapers","_id":"65e5574","image_tag":{"url":"http:\/\/demo2.drfuri.com\/martfury18\/wp-content\/uploads\/sites\/59\/2019\/11\/bt09.jpg","id":3861},"link_tag":{"url":"#","is_external":true,"nofollow":true},"hot_trending":"no"},{"title_tag":"#ointment","_id":"2b9150a","image_tag":{"url":"http:\/\/demo2.drfuri.com\/martfury18\/wp-content\/uploads\/sites\/59\/2019\/11\/bt11.jpg","id":3863},"link_tag":{"url":"#","is_external":true,"nofollow":true},"hot_trending":"yes"},{"title_tag":"#woolcap","_id":"5e60a22","image_tag":{"url":"http:\/\/demo2.drfuri.com\/martfury18\/wp-content\/uploads\/sites\/59\/2019\/11\/bt13.jpg","id":3865},"link_tag":{"url":"#","is_external":true,"nofollow":true},"hot_trending":"no"},{"title_tag":"#chair","_id":"99448dd","image_tag":{"url":"http:\/\/demo2.drfuri.com\/martfury18\/wp-content\/uploads\/sites\/59\/2019\/11\/bt15.jpg","id":3867},"link_tag":{"url":"#","is_external":true,"nofollow":true},"hot_trending":"yes"}],"tab_title_4":"Apparels","tags_4":[{"title_tag":"#seat","_id":"3e1389f","image_tag":{"url":"http:\/\/demo2.drfuri.com\/martfury18\/wp-content\/uploads\/sites\/59\/2019\/11\/bt04.jpg","id":3856},"link_tag":{"url":"#","is_external":true,"nofollow":true},"hot_trending":"no"},{"title_tag":"#crib","_id":"18b9057","image_tag":{"url":"http:\/\/demo2.drfuri.com\/martfury18\/wp-content\/uploads\/sites\/59\/2019\/11\/bt10.jpg","id":3862},"link_tag":{"url":"#","is_external":true,"nofollow":true},"hot_trending":"no"},{"title_tag":"#diapers","_id":"e3b8df8","image_tag":{"url":"http:\/\/demo2.drfuri.com\/martfury18\/wp-content\/uploads\/sites\/59\/2019\/11\/bt09.jpg","id":3861},"link_tag":{"url":"#","is_external":true,"nofollow":true},"hot_trending":"no"},{"title_tag":"#nipples","_id":"4ff7fd6","image_tag":{"url":"http:\/\/demo2.drfuri.com\/martfury18\/wp-content\/uploads\/sites\/59\/2019\/11\/bt06.jpg","id":3858},"link_tag":{"url":"#","is_external":true,"nofollow":true},"hot_trending":"no"},{"title_tag":"#bodysuit","_id":"d88de4e","image_tag":{"url":"http:\/\/demo2.drfuri.com\/martfury18\/wp-content\/uploads\/sites\/59\/2019\/11\/bt01.jpg","id":3853},"link_tag":{"url":"#","is_external":true,"nofollow":true},"hot_trending":"no"},{"title_tag":"#boys","_id":"bd3f265","image_tag":{"url":"http:\/\/demo2.drfuri.com\/martfury18\/wp-content\/uploads\/sites\/59\/2019\/11\/bt14.jpg","id":3866},"link_tag":{"url":"#","is_external":true,"nofollow":true},"hot_trending":"yes"},{"title_tag":"#diapers","_id":"7293222","image_tag":{"url":"http:\/\/demo2.drfuri.com\/martfury18\/wp-content\/uploads\/sites\/59\/2019\/11\/bt09.jpg","id":3861},"link_tag":{"url":"#","is_external":true,"nofollow":true},"hot_trending":"yes"},{"title_tag":"#ointment","_id":"23a48dd","image_tag":{"url":"http:\/\/demo2.drfuri.com\/martfury18\/wp-content\/uploads\/sites\/59\/2019\/11\/bt11.jpg","id":3863},"link_tag":{"url":"#","is_external":true,"nofollow":true},"hot_trending":"no"}],"tab_title_5":"Eat & Drink","tags_5":[{"title_tag":"#seat","_id":"978cf38","image_tag":{"url":"http:\/\/demo2.drfuri.com\/martfury18\/wp-content\/uploads\/sites\/59\/2019\/11\/bt04.jpg","id":3856},"link_tag":{"url":"#","is_external":true,"nofollow":true},"hot_trending":"yes"},{"title_tag":"#bag","_id":"6c52f9b","image_tag":{"url":"http:\/\/demo2.drfuri.com\/martfury18\/wp-content\/uploads\/sites\/59\/2019\/11\/bt08.jpg","id":3860},"link_tag":{"url":"#","is_external":true,"nofollow":true},"hot_trending":""},{"title_tag":"#carriers","_id":"2fb0f3a","image_tag":{"url":"http:\/\/demo2.drfuri.com\/martfury18\/wp-content\/uploads\/sites\/59\/2019\/11\/bt07.jpg","id":3859},"link_tag":{"url":"#","is_external":true,"nofollow":true},"hot_trending":"yes"},{"title_tag":"#pregnancy","_id":"08a1d49","image_tag":{"url":"http:\/\/demo2.drfuri.com\/martfury18\/wp-content\/uploads\/sites\/59\/2019\/11\/bt16.jpg","id":3868},"link_tag":{"url":"#","is_external":true,"nofollow":true},"hot_trending":"no"},{"title_tag":"#chair","_id":"2385d80","image_tag":{"url":"http:\/\/demo2.drfuri.com\/martfury18\/wp-content\/uploads\/sites\/59\/2019\/11\/bt15.jpg","id":3867},"link_tag":{"url":"#","is_external":true,"nofollow":true},"hot_trending":"no"},{"title_tag":"#woolcap","_id":"65a6f09","image_tag":{"url":"http:\/\/demo2.drfuri.com\/martfury18\/wp-content\/uploads\/sites\/59\/2019\/11\/bt13.jpg","id":3865},"link_tag":{"url":"#","is_external":true,"nofollow":true},"hot_trending":"no"},{"title_tag":"#nipples","_id":"8b5ff79","image_tag":{"url":"http:\/\/demo2.drfuri.com\/martfury18\/wp-content\/uploads\/sites\/59\/2019\/11\/bt06.jpg","id":3858},"link_tag":{"url":"#","is_external":true,"nofollow":true},"hot_trending":"no"},{"title_tag":"#bag","_id":"46df8d5","image_tag":{"url":"http:\/\/demo2.drfuri.com\/martfury18\/wp-content\/uploads\/sites\/59\/2019\/11\/bt08.jpg","id":3860},"link_tag":{"url":"#","is_external":true,"nofollow":true},"hot_trending":"yes"}],"tab_title_6":"Toys","tags_6":[{"title_tag":"#cream","_id":"f34c6a7","image_tag":{"url":"http:\/\/demo2.drfuri.com\/martfury18\/wp-content\/uploads\/sites\/59\/2019\/11\/bt03.jpg","id":3855},"link_tag":{"url":"#","is_external":true,"nofollow":true},"hot_trending":"no"},{"title_tag":"#bathseat","_id":"529fcdc","image_tag":{"url":"http:\/\/demo2.drfuri.com\/martfury18\/wp-content\/uploads\/sites\/59\/2019\/11\/bt05.jpg","id":3857},"link_tag":{"url":"#","is_external":true,"nofollow":true},"hot_trending":"no"},{"title_tag":"#carriers","_id":"39fddb3","image_tag":{"url":"http:\/\/demo2.drfuri.com\/martfury18\/wp-content\/uploads\/sites\/59\/2019\/11\/bt07.jpg","id":3859},"link_tag":{"url":"#","is_external":true,"nofollow":true},"hot_trending":"no"},{"title_tag":"#diapers","_id":"699f140","image_tag":{"url":"http:\/\/demo2.drfuri.com\/martfury18\/wp-content\/uploads\/sites\/59\/2019\/11\/bt09.jpg","id":3861},"link_tag":{"url":"#","is_external":true,"nofollow":true},"hot_trending":"no"},{"title_tag":"#ointment","_id":"d403d90","image_tag":{"url":"http:\/\/demo2.drfuri.com\/martfury18\/wp-content\/uploads\/sites\/59\/2019\/11\/bt11.jpg","id":3863},"link_tag":{"url":"","is_external":true,"nofollow":true},"hot_trending":"no"},{"title_tag":"#woolcap","_id":"b15bdc1","image_tag":{"url":"http:\/\/demo2.drfuri.com\/martfury18\/wp-content\/uploads\/sites\/59\/2019\/11\/bt13.jpg","id":3865},"link_tag":{"url":"#","is_external":true,"nofollow":true},"hot_trending":"no"},{"title_tag":"#chair","_id":"b0bc59a","image_tag":{"url":"http:\/\/demo2.drfuri.com\/martfury18\/wp-content\/uploads\/sites\/59\/2019\/11\/bt15.jpg","id":3867},"link_tag":{"url":"#","is_external":true,"nofollow":true},"hot_trending":"no"},{"title_tag":"#carseat","_id":"7269f4e","image_tag":{"url":"http:\/\/demo2.drfuri.com\/martfury18\/wp-content\/uploads\/sites\/59\/2019\/11\/bt02.jpg","id":3854},"link_tag":{"url":"#","is_external":true,"nofollow":true},"hot_trending":"no"}],"tab_title_7":"Home Wares","tags_7":[{"title_tag":"#carseat","_id":"1cc4e3b","image_tag":{"url":"http:\/\/demo2.drfuri.com\/martfury18\/wp-content\/uploads\/sites\/59\/2019\/11\/bt02.jpg","id":3854},"link_tag":{"url":"#","is_external":true,"nofollow":true},"hot_trending":"no"},{"title_tag":"#seat","_id":"05ce60d","image_tag":{"url":"http:\/\/demo2.drfuri.com\/martfury18\/wp-content\/uploads\/sites\/59\/2019\/11\/bt04.jpg","id":3856},"link_tag":{"url":"#","is_external":true,"nofollow":true},"hot_trending":"no"},{"title_tag":"#nipples","_id":"9471171","image_tag":{"url":"http:\/\/demo2.drfuri.com\/martfury18\/wp-content\/uploads\/sites\/59\/2019\/11\/bt06.jpg","id":3858},"link_tag":{"url":"#","is_external":true,"nofollow":true},"hot_trending":"no"},{"title_tag":"#bag","_id":"b93bc85","image_tag":{"url":"http:\/\/demo2.drfuri.com\/martfury18\/wp-content\/uploads\/sites\/59\/2019\/11\/bt08.jpg","id":3860},"link_tag":{"url":"#","is_external":true,"nofollow":true},"hot_trending":"no"},{"title_tag":"#crib","_id":"9b67af6","image_tag":{"url":"http:\/\/demo2.drfuri.com\/martfury18\/wp-content\/uploads\/sites\/59\/2019\/11\/bt10.jpg","id":3862},"link_tag":{"url":"#","is_external":true,"nofollow":true},"hot_trending":"no"},{"title_tag":"#underwear","_id":"9de19f7","image_tag":{"url":"http:\/\/demo2.drfuri.com\/martfury18\/wp-content\/uploads\/sites\/59\/2019\/11\/bt12.jpg","id":3864},"link_tag":{"url":"#","is_external":true,"nofollow":true},"hot_trending":"no"},{"title_tag":"#boys","_id":"51eb92a","image_tag":{"url":"http:\/\/demo2.drfuri.com\/martfury18\/wp-content\/uploads\/sites\/59\/2019\/11\/bt14.jpg","id":3866},"link_tag":{"url":"#","is_external":true,"nofollow":true},"hot_trending":"no"},{"title_tag":"#chair","_id":"52ca613","image_tag":{"url":"http:\/\/demo2.drfuri.com\/martfury18\/wp-content\/uploads\/sites\/59\/2019\/11\/bt15.jpg","id":3867},"link_tag":{"url":"#","is_external":true,"nofollow":true},"hot_trending":"no"}],"tab_title_8":"Cars","tags_8":[{"title_tag":"#carseat","_id":"6b1310d","image_tag":{"url":"http:\/\/demo2.drfuri.com\/martfury18\/wp-content\/uploads\/sites\/59\/2019\/11\/bt02.jpg","id":3854},"link_tag":{"url":"#","is_external":true,"nofollow":true},"hot_trending":"no"},{"title_tag":"#pregnancy","_id":"d6eaa1d","image_tag":{"url":"http:\/\/demo2.drfuri.com\/martfury18\/wp-content\/uploads\/sites\/59\/2019\/11\/bt16.jpg","id":3868},"link_tag":{"url":"#","is_external":true,"nofollow":true},"hot_trending":"yes"},{"title_tag":"#woolcap","_id":"ab18642","image_tag":{"url":"http:\/\/demo2.drfuri.com\/martfury18\/wp-content\/uploads\/sites\/59\/2019\/11\/bt13.jpg","id":3865},"link_tag":{"url":"#","is_external":true,"nofollow":true},"hot_trending":"no"},{"title_tag":"#crib","_id":"3b7fb88","image_tag":{"url":"http:\/\/demo2.drfuri.com\/martfury18\/wp-content\/uploads\/sites\/59\/2019\/11\/bt10.jpg","id":3862},"link_tag":{"url":"#","is_external":true,"nofollow":true},"hot_trending":"no"},{"title_tag":"#carriers","_id":"cc12ccb","image_tag":{"url":"http:\/\/demo2.drfuri.com\/martfury18\/wp-content\/uploads\/sites\/59\/2019\/11\/bt07.jpg","id":3859},"link_tag":{"url":"#","is_external":true,"nofollow":true},"hot_trending":"no"},{"title_tag":"#seat","_id":"2ea021b","image_tag":{"url":"http:\/\/demo2.drfuri.com\/martfury18\/wp-content\/uploads\/sites\/59\/2019\/11\/bt04.jpg","id":3856},"link_tag":{"url":"#","is_external":true,"nofollow":true},"hot_trending":"no"},{"title_tag":"#bodysuit","_id":"f4feb82","image_tag":{"url":"http:\/\/demo2.drfuri.com\/martfury18\/wp-content\/uploads\/sites\/59\/2019\/11\/bt01.jpg","id":3853},"link_tag":{"url":"#","is_external":true,"nofollow":true},"hot_trending":"no"},{"title_tag":"#cream","_id":"8db8caa","image_tag":{"url":"http:\/\/demo2.drfuri.com\/martfury18\/wp-content\/uploads\/sites\/59\/2019\/11\/bt03.jpg","id":3855},"link_tag":{"url":"#","is_external":true,"nofollow":true},"hot_trending":"no"}],"tab_title_9":"Tab #9","tags_9":[{"title_tag":"#tag1","_id":"9a564dc","image_tag":{"url":"https:\/\/via.placeholder.com\/150x150\/f8f8f8?text=150x150","id":""},"link_tag":{"url":"#","is_external":true,"nofollow":true},"hot_trending":"no"},{"title_tag":"#tag2","_id":"a76baa8","image_tag":{"url":"https:\/\/via.placeholder.com\/150x150\/f8f8f8?text=150x150","id":""},"link_tag":{"url":"#","is_external":true,"nofollow":true},"hot_trending":"no"},{"title_tag":"#tag3","_id":"8ae837a","image_tag":{"url":"https:\/\/via.placeholder.com\/150x150\/f8f8f8?text=150x150","id":""},"link_tag":{"url":"#","is_external":true,"nofollow":true},"hot_trending":"no"},{"title_tag":"#tag4","_id":"940bbb7","image_tag":{"url":"https:\/\/via.placeholder.com\/150x150\/f8f8f8?text=150x150","id":""},"link_tag":{"url":"#","is_external":true,"nofollow":true},"hot_trending":"no"},{"title_tag":"#tag5","_id":"4a21c8a","image_tag":{"url":"https:\/\/via.placeholder.com\/150x150\/f8f8f8?text=150x150","id":""},"link_tag":{"url":"#","is_external":true,"nofollow":true},"hot_trending":"no"},{"title_tag":"#tag6","_id":"54f5e91","image_tag":{"url":"https:\/\/via.placeholder.com\/150x150\/f8f8f8?text=150x150","id":""},"link_tag":{"url":"#","is_external":true,"nofollow":true},"hot_trending":"no"},{"title_tag":"#tag7","_id":"f8189dc","image_tag":{"url":"https:\/\/via.placeholder.com\/150x150\/f8f8f8?text=150x150","id":""},"link_tag":{"url":"#","is_external":true,"nofollow":true},"hot_trending":"no"},{"title_tag":"#tag8","_id":"4d4293c","image_tag":{"url":"https:\/\/via.placeholder.com\/150x150\/f8f8f8?text=150x150","id":""},"link_tag":{"url":"#","is_external":true,"nofollow":true},"hot_trending":"no"}],"tab_title_10":"Tab #10","tags_10":[{"title_tag":"#tag1","_id":"e81da8b","image_tag":{"url":"https:\/\/via.placeholder.com\/150x150\/f8f8f8?text=150x150","id":""},"link_tag":{"url":"#","is_external":true,"nofollow":true},"hot_trending":"no"},{"title_tag":"#tag2","_id":"f8482ab","image_tag":{"url":"https:\/\/via.placeholder.com\/150x150\/f8f8f8?text=150x150","id":""},"link_tag":{"url":"#","is_external":true,"nofollow":true},"hot_trending":"no"},{"title_tag":"#tag3","_id":"913cf50","image_tag":{"url":"https:\/\/via.placeholder.com\/150x150\/f8f8f8?text=150x150","id":""},"link_tag":{"url":"#","is_external":true,"nofollow":true},"hot_trending":"no"},{"title_tag":"#tag4","_id":"5294c07","image_tag":{"url":"https:\/\/via.placeholder.com\/150x150\/f8f8f8?text=150x150","id":""},"link_tag":{"url":"#","is_external":true,"nofollow":true},"hot_trending":"no"},{"title_tag":"#tag5","_id":"0e73f59","image_tag":{"url":"https:\/\/via.placeholder.com\/150x150\/f8f8f8?text=150x150","id":""},"link_tag":{"url":"#","is_external":true,"nofollow":true},"hot_trending":"no"},{"title_tag":"#tag6","_id":"783d884","image_tag":{"url":"https:\/\/via.placeholder.com\/150x150\/f8f8f8?text=150x150","id":""},"link_tag":{"url":"#","is_external":true,"nofollow":true},"hot_trending":"no"},{"title_tag":"#tag7","_id":"9f70bfd","image_tag":{"url":"https:\/\/via.placeholder.com\/150x150\/f8f8f8?text=150x150","id":""},"link_tag":{"url":"#","is_external":true,"nofollow":true},"hot_trending":"no"},{"title_tag":"#tag8","_id":"37af7fa","image_tag":{"url":"https:\/\/via.placeholder.com\/150x150\/f8f8f8?text=150x150","id":""},"link_tag":{"url":"#","is_external":true,"nofollow":true},"hot_trending":"no"}],"icon_2":"icon-lampshade","icon_3":"icon-umbrella","enable_hot_trending":"yes","title_hot_trending":"Hot Trending","icon_1":"icon-baby3","icon_4":"icon-shirt","icon_5":"icon-baby-bottle","icon_6":"icon-baseball","icon_7":"icon-book2","icon_8":"icon-car-siren","enable_tab_9":"","enable_tab_10":"","tab_header_icon_typography_typography":"custom","tab_header_icon_typography_font_size_mobile":{"unit":"px","size":30,"sizes":[]},"tab_content_padding_tablet":{"unit":"px","top":"20","right":"20","bottom":"20","left":"20","isLinked":true},"tab_content_padding_mobile":{"unit":"px","top":"10","right":"5","bottom":"10","left":"5","isLinked":false},"tab_content_item_spacing_mobile":{"unit":"px","size":15,"sizes":[]},"tab_content_title_typography_typography":"custom","tab_content_title_typography_font_size_mobile":{"unit":"px","size":13,"sizes":[]},"heading_title_color":"#000000","heading_title_typography_typography":"custom","heading_title_typography_font_size":{"unit":"px","size":20,"sizes":[]},"heading_title_typography_font_weight":"600","tab_header_color":"#000000","tab_header_icon_color":"#3078a6","tab_header_active_item_color":"#fcb800"},"elements":[],"isInner":false,"widgetType":"martfury-category-tabs","elType":"widget"},{"id":"552cde47","settings":{"space":{"unit":"px","size":70,"sizes":[]}},"elements":[],"isInner":false,"widgetType":"spacer","elType":"widget"}],"isInner":false,"elType":"column"}],"isInner":false,"elType":"section"},{"id":"1b3876f7","settings":[],"elements":[{"id":"e66f7b9","settings":{"_column_size":100},"elements":[{"id":"47c0471d","settings":{"title":"Eat & Drink for Baby","links_group":[{"link_text":"Best Seller","link_url":{"url":"#","is_external":true,"nofollow":true},"_id":"078dc19"},{"link_text":"New Arrivals","link_url":{"url":"#","is_external":true,"nofollow":true},"_id":"8e44330"},{"link_text":"On Sales","link_url":{"url":"#","is_external":true,"nofollow":true},"_id":"0087051"},{"link_text":"Milks","link_url":{"url":"#","is_external":true,"nofollow":true},"_id":"45995f3"},{"link_text":"Milk Bottles","link_url":{"url":"#","is_external":true,"nofollow":true},"_id":"5f936fd"},{"link_text":"Weaning Foods","link_url":{"url":"#","is_external":true,"nofollow":true},"_id":"9fe9990"},{"link_text":"Nipples","link_url":{"url":"#","is_external":true,"nofollow":true},"_id":"271a53c"},{"link_text":"Others","link_url":{"url":"#","is_external":true,"nofollow":true},"_id":"830c907"},{"link_text":"Sales & Deal","link_url":{"url":"#","is_external":true,"nofollow":true},"_id":"d9eb64f"}],"view_all_text":"View All","banners":[{"image":{"url":"http:\/\/demo2.drfuri.com\/martfury18\/wp-content\/uploads\/sites\/59\/2019\/11\/b12.jpg","id":3871},"image_link":{"url":"#"},"_id":"2bd52f4"},{"image":{"url":"http:\/\/demo2.drfuri.com\/martfury18\/wp-content\/uploads\/sites\/59\/2019\/11\/b13.jpg","id":3872},"image_link":{"url":"#"},"_id":"f1fe49b"},{"image":{"url":"http:\/\/demo2.drfuri.com\/martfury18\/wp-content\/uploads\/sites\/59\/2019\/11\/b14.jpg","id":3873},"image_link":{"url":"#","is_external":true,"nofollow":true},"_id":"1ae7863"}],"product_cats":["eat-drink-for-baby"],"heading_title_typography_typography":"custom","heading_title_typography_font_weight":"600","quick_links_mobile":"none","lazy_loading":"yes","lazy_loading_height":{"unit":"px","size":600,"sizes":[]}},"elements":[],"isInner":false,"widgetType":"martfury-products-of-category","elType":"widget"},{"id":"16466ebb","settings":{"space":{"unit":"px","size":70,"sizes":[]}},"elements":[],"isInner":false,"widgetType":"spacer","elType":"widget"},{"id":"69a3a0f6","settings":{"title":"Apparels for Baby","links_group":[{"link_text":"Best Seller","link_url":{"url":"#","is_external":true,"nofollow":true},"_id":"078dc19"},{"link_text":"New Arrivals","link_url":{"url":"#","is_external":true,"nofollow":true},"_id":"8e44330"},{"link_text":"For Newborns","link_url":{"url":"#","is_external":true,"nofollow":true},"_id":"45995f3"},{"link_text":"Boy Fashion","link_url":{"url":"#","is_external":true,"nofollow":true},"_id":"5f936fd"},{"link_text":"Girl Fashion","link_url":{"url":"#","is_external":true,"nofollow":true},"_id":"9fe9990"},{"link_text":"Accessories","link_url":{"url":"#","is_external":true,"nofollow":true},"_id":"271a53c"},{"link_text":"Sales & Deals","link_url":{"url":"#","is_external":true,"nofollow":true},"_id":"830c907"}],"view_all_text":"View All","banners":[{"image":{"url":"http:\/\/demo2.drfuri.com\/martfury18\/wp-content\/uploads\/sites\/59\/2019\/11\/b15.jpg","id":3964},"image_link":{"url":"#"},"_id":"2bd52f4"},{"image":{"url":"http:\/\/demo2.drfuri.com\/martfury18\/wp-content\/uploads\/sites\/59\/2019\/11\/b16.jpg","id":3965},"image_link":{"url":"#"},"_id":"f1fe49b"},{"image":{"url":"http:\/\/demo2.drfuri.com\/martfury18\/wp-content\/uploads\/sites\/59\/2019\/11\/b17.jpg","id":3966},"image_link":{"url":"#","is_external":true,"nofollow":true},"_id":"1ae7863"}],"product_cats":["appreal-for-baby"],"heading_title_typography_typography":"custom","heading_title_typography_font_weight":"600","quick_links_mobile":"none","lazy_loading":"yes","lazy_loading_height":{"unit":"px","size":600,"sizes":[]}},"elements":[],"isInner":false,"widgetType":"martfury-products-of-category","elType":"widget"},{"id":"3d7119c4","settings":{"space":{"unit":"px","size":70,"sizes":[]}},"elements":[],"isInner":false,"widgetType":"spacer","elType":"widget"},{"id":"3439fed9","settings":{"title":"Baby Out","links_group":[{"link_text":"Best Seller","link_url":{"url":"#","is_external":true,"nofollow":true},"_id":"078dc19"},{"link_text":"New Arrivals","link_url":{"url":"#","is_external":true,"nofollow":true},"_id":"8e44330"},{"link_text":"Strollers","link_url":{"url":"#","is_external":true,"nofollow":true},"_id":"0087051"},{"link_text":"Kids Scooters","link_url":{"url":"#","is_external":true,"nofollow":true},"_id":"45995f3"},{"link_text":"Travel Gears","link_url":{"url":"#","is_external":true,"nofollow":true},"_id":"5f936fd"},{"link_text":"Car Seat","link_url":{"url":"#","is_external":true,"nofollow":true},"_id":"9fe9990"},{"link_text":"Hipseat Carrier","link_url":{"url":"#","is_external":true,"nofollow":true},"_id":"271a53c"},{"link_text":"Car Electronic","link_url":{"url":"#","is_external":true,"nofollow":true},"_id":"830c907"},{"link_text":"Sales & Deal","link_url":{"url":"#","is_external":true,"nofollow":true},"_id":"d9eb64f"}],"view_all_text":"View All","banners":[{"image":{"url":"http:\/\/demo2.drfuri.com\/martfury18\/wp-content\/uploads\/sites\/59\/2019\/11\/b18.jpg","id":3967},"image_link":{"url":"#"},"_id":"2bd52f4"},{"image":{"url":"http:\/\/demo2.drfuri.com\/martfury18\/wp-content\/uploads\/sites\/59\/2019\/11\/b19.jpg","id":3968},"image_link":{"url":"#"},"_id":"f1fe49b"},{"image":{"url":"http:\/\/demo2.drfuri.com\/martfury18\/wp-content\/uploads\/sites\/59\/2019\/11\/b20.jpg","id":3969},"image_link":{"url":"#","is_external":true,"nofollow":true},"_id":"1ae7863"}],"product_cats":["baby-out"],"heading_title_typography_typography":"custom","heading_title_typography_font_weight":"600","quick_links_mobile":"none","lazy_loading":"yes","lazy_loading_height":{"unit":"px","size":600,"sizes":[]}},"elements":[],"isInner":false,"widgetType":"martfury-products-of-category","elType":"widget"},{"id":"2797aae9","settings":{"space":{"unit":"px","size":70,"sizes":[]}},"elements":[],"isInner":false,"widgetType":"spacer","elType":"widget"},{"id":"7c7046d9","settings":{"title":"Pregnancy & Maternity","links_group":[{"link_text":"Best Seller","link_url":{"url":"#","is_external":true,"nofollow":true},"_id":"078dc19"},{"link_text":"New Arrivals","link_url":{"url":"#","is_external":true,"nofollow":true},"_id":"8e44330"},{"link_text":"Milk pump","link_url":{"url":"#","is_external":true,"nofollow":true},"_id":"0087051"},{"link_text":"Shampoo & Shower Gel","link_url":{"url":"#","is_external":true,"nofollow":true},"_id":"45995f3"},{"link_text":"For Pregnant","link_url":{"url":"#","is_external":true,"nofollow":true},"_id":"5f936fd"},{"link_text":"For Mom After Borned","link_url":{"url":"#","is_external":true,"nofollow":true},"_id":"9fe9990"},{"link_text":"Maternity Pillows","link_url":{"url":"#","is_external":true,"nofollow":true},"_id":"271a53c"},{"link_text":"Others","link_url":{"url":"#","is_external":true,"nofollow":true},"_id":"830c907"},{"link_text":"Sales & Deal","link_url":{"url":"#","is_external":true,"nofollow":true},"_id":"d9eb64f"}],"view_all_text":"View All","banners":[{"image":{"url":"http:\/\/demo2.drfuri.com\/martfury18\/wp-content\/uploads\/sites\/59\/2019\/11\/b21.jpg","id":3972},"image_link":{"url":"#"},"_id":"2bd52f4"},{"image":{"url":"http:\/\/demo2.drfuri.com\/martfury18\/wp-content\/uploads\/sites\/59\/2019\/11\/b22.jpg","id":3973},"image_link":{"url":"#"},"_id":"f1fe49b"},{"image":{"url":"http:\/\/demo2.drfuri.com\/martfury18\/wp-content\/uploads\/sites\/59\/2019\/11\/b23.jpg","id":3974},"image_link":{"url":"#","is_external":true,"nofollow":true},"_id":"1ae7863"}],"product_cats":["pregnancy-maternity"],"heading_title_typography_typography":"custom","heading_title_typography_font_weight":"600","heading_title_typography_font_size_mobile":{"unit":"px","size":18,"sizes":[]},"quick_links_mobile":"none","lazy_loading":"yes","lazy_loading_height":{"unit":"px","size":600,"sizes":[]}},"elements":[],"isInner":false,"widgetType":"martfury-products-of-category","elType":"widget"}],"isInner":false,"elType":"column"}],"isInner":false,"elType":"section"}],"page_settings":{"background_background":"classic","background_image":{"url":"http:\/\/demo2.drfuri.com\/martfury18\/wp-content\/uploads\/sites\/59\/2019\/11\/bg02.jpg","id":"3802"},"background_repeat":"repeat"}}