{"version":"0.4","title":"Home Kids Mobile Ajax","type":"page","content":[{"id":"1090c210","settings":{"background_background":"classic"},"elements":[{"id":"3ec20d65","settings":{"_column_size":100},"elements":[{"id":"5540e7f5","settings":{"space":{"unit":"px","size":30,"sizes":[]}},"elements":[],"isInner":false,"widgetType":"spacer","elType":"widget"}],"isInner":false,"elType":"column"}],"isInner":false,"elType":"section"},{"id":"3954db85","settings":{"structure":"30","background_background":"classic","gap":"extended"},"elements":[{"id":"2744cbb7","settings":{"_column_size":33,"_inline_size":23.5,"_inline_size_tablet":100},"elements":[],"isInner":false,"elType":"column"},{"id":"13d93da4","settings":{"_column_size":33,"_inline_size":42.55,"padding":{"unit":"px","top":"0","right":"0","bottom":"0","left":"0","isLinked":true},"_inline_size_tablet":60,"border_width":{"unit":"px","top":"1","right":"1","bottom":"1","left":"1","isLinked":false},"border_color":"#d9d9d9","padding_mobile":{"unit":"px","top":"0","right":"15","bottom":"0","left":"15","isLinked":false},"margin_mobile":{"unit":"px","top":"0","right":"0","bottom":"0","left":"0","isLinked":false}},"elements":[{"id":"dd55af9","settings":{"slides":[{"subtitle":"LIMITED EDITION ","heading":"Baby Hipseat<br>\nCarrier<br>\nWaist Stool","description":"<p>Discount<br \/><span style=\"color: #f14705; font-size: 24px; font-weight: 500;\">40% OFF<\/span><\/p>","button_text":"Shop Now","background_color":"#f4f5f5","_id":"38b4454","background_image":{"id":3819,"url":"http:\/\/demo2.drfuri.com\/martfury18\/wp-content\/uploads\/sites\/59\/2019\/11\/b1-1.jpg"},"background_size":"cover","background_ken_burns":"","zoom_direction":"out","background_overlay":"","background_overlay_color":"rgba(0,0,0,0.5)","background_overlay_blend_mode":"","link":{"url":"#","is_external":"","nofollow":""},"link_click":"button","price_box_type":"text","price_box_text":"","price_box_image":{"url":"","id":""},"price_box_image_size":"full","price_box_image_custom_dimension":{"width":"","height":""},"custom_style":"","horizontal_position":"","vertical_position":"","text_align":"","subtitle_custom_color":"","heading_custom_color":"","content_custom_color":"","button_custom_color":"","button_custom_bg_color":"","price_box_custom_color":"","price_box_custom_bg_color":"","background_image_tablet":{"url":"","id":""},"background_image_mobile":{"url":"","id":""},"background_size_tablet":"","background_size_mobile":"","background_position":"","background_position_tablet":"","background_position_mobile":"","background_position_custom":{"unit":"px","top":"","right":"","bottom":"","left":"","isLinked":true},"background_position_custom_tablet":{"unit":"px","top":"","right":"","bottom":"","left":"","isLinked":true},"background_position_custom_mobile":{"unit":"px","top":"","right":"","bottom":"","left":"","isLinked":true},"subtitle_custom_bg_color":""},{"subtitle":"EVENFLO","heading":"Exersaucer<br>\nDoor<br>\nJumper","description":"<p>Discount<br \/><span style=\"color: #669900; font-size: 24px;\">20% OFF<\/span><\/p>","button_text":"Shop Now","background_color":"#f4f5f5","_id":"a70508f","background_image":{"id":3821,"url":"http:\/\/demo2.drfuri.com\/martfury18\/wp-content\/uploads\/sites\/59\/2019\/11\/b2-1.jpg"},"background_size":"cover","background_ken_burns":"","zoom_direction":"in","background_overlay":"","background_overlay_color":"rgba(0,0,0,0.5)","background_overlay_blend_mode":"","link":{"url":"#","is_external":"","nofollow":""},"link_click":"button","price_box_type":"text","price_box_text":"20%\nOFF","price_box_image":{"url":"","id":""},"price_box_image_size":"full","price_box_image_custom_dimension":{"width":"","height":""},"custom_style":"yes","horizontal_position":"right","vertical_position":"","text_align":"right","subtitle_custom_color":"","heading_custom_color":"","content_custom_color":"","button_custom_color":"","button_custom_bg_color":"","price_box_custom_color":"","price_box_custom_bg_color":"","background_image_tablet":{"url":"","id":""},"background_image_mobile":{"url":"","id":""},"background_size_tablet":"","background_size_mobile":"","background_position":"","background_position_tablet":"","background_position_mobile":"","background_position_custom":{"unit":"px","top":"","right":"","bottom":"","left":"","isLinked":true},"background_position_custom_tablet":{"unit":"px","top":"","right":"","bottom":"","left":"","isLinked":true},"background_position_custom_mobile":{"unit":"px","top":"","right":"","bottom":"","left":"","isLinked":true},"subtitle_custom_bg_color":""},{"subtitle":"LEACHCO","heading":"Infant<br>\nSeat<br>\nLounger","description":"<p>Price just<br \/><span style=\"color: #669900; font-size: 24px; font-weight: 600;\">$199.99<\/span><\/p>","button_text":"Shop Now","background_color":"#f4f5f5","_id":"5320779","background_image":{"id":3807,"url":"http:\/\/demo2.drfuri.com\/martfury18\/wp-content\/uploads\/sites\/59\/2019\/11\/b3.jpg"},"background_size":"cover","background_ken_burns":"","zoom_direction":"in","background_overlay":"","background_overlay_color":"rgba(0,0,0,0.5)","background_overlay_blend_mode":"","link":{"url":"#","is_external":"","nofollow":""},"link_click":"button","price_box_type":"text","price_box_text":"","price_box_image":{"url":"","id":""},"price_box_image_size":"full","price_box_image_custom_dimension":{"width":"","height":""},"custom_style":"","horizontal_position":"","vertical_position":"","text_align":"","subtitle_custom_color":"","heading_custom_color":"","content_custom_color":"","button_custom_color":"","button_custom_bg_color":"","price_box_custom_color":"","price_box_custom_bg_color":"","background_image_tablet":{"url":"","id":""},"background_image_mobile":{"url":"","id":""},"background_size_tablet":"","background_size_mobile":"","background_position":"","background_position_tablet":"","background_position_mobile":"","background_position_custom":{"unit":"px","top":"","right":"","bottom":"","left":"","isLinked":true},"background_position_custom_tablet":{"unit":"px","top":"","right":"","bottom":"","left":"","isLinked":true},"background_position_custom_mobile":{"unit":"px","top":"","right":"","bottom":"","left":"","isLinked":true},"subtitle_custom_bg_color":""}],"slides_height":{"unit":"px","size":373,"sizes":[]},"content_animation":"fadeIn","transition":"fade","content_max_width":{"unit":"px","size":"","sizes":[]},"slides_padding":{"unit":"px","top":"0","right":"30","bottom":"0","left":"30","isLinked":false},"arrows_spacing":{"unit":"px","size":0,"sizes":[]},"navigation":"dots","navigation_tablet":"dots","navigation_mobile":"dots","autoplay_speed":8000,"transition_speed":800,"slides_padding_tablet":{"unit":"px","top":"0","right":"30","bottom":"0","left":"30","isLinked":false},"heading_typography_typography":"custom","heading_typography_font_size_tablet":{"unit":"px","size":30,"sizes":[]},"dots_background_color":"rgba(255,255,255,0.5)","dots_hover_background_color":"#fcb800","dots_active_background_color":"#fcb800","slides_padding_mobile":{"unit":"px","top":"15","right":"15","bottom":"15","left":"15","isLinked":true},"heading_typography_font_size_mobile":{"unit":"px","size":28,"sizes":[]},"autoplay":"","slides_horizontal_position":"","subtitle_color":"#3078a6","subtitle_typography_typography":"custom","subtitle_typography_font_size":{"unit":"px","size":12,"sizes":[]},"subtitle_typography_font_weight":"600","heading_typography_font_size":{"unit":"px","size":36,"sizes":[]},"heading_typography_font_weight":"300","description_color":"#000000","description_typography_typography":"custom","description_typography_font_size":{"unit":"px","size":12,"sizes":[]},"price_box_width":{"unit":"px","size":80,"sizes":[]},"price_box_height":{"unit":"px","size":80,"sizes":[]},"price_box_top":{"unit":"px","size":39,"sizes":[]},"price_box_left":{"unit":"px","size":167,"sizes":[]},"price_box_bg_color":"#f14705","price_box_typography_typography":"custom","price_box_typography_font_size":{"unit":"px","size":23,"sizes":[]},"heading_spacing":{"unit":"px","size":25,"sizes":[]},"description_spacing":{"unit":"px","size":16,"sizes":[]},"banner_border_border":"solid","banner_border_width_mobile":{"unit":"px","top":"1","right":"1","bottom":"1","left":"1","isLinked":false},"banner_border_color":"#d9d9d9","_margin_mobile":{"unit":"px","top":"0","right":"0","bottom":"15","left":"0","isLinked":false},"banner_border_width":{"unit":"px","top":"1","right":"1","bottom":"1","left":"1","isLinked":true}},"elements":[],"isInner":false,"widgetType":"martfury-slides","elType":"widget"},{"id":"63247c62","settings":{"title":"<strong>LZTET<\/strong> Baby \nRocking Wood Chair","desc":"<p>Price Just<br \/><span style=\"color: #669900; font-size: 24px; font-weight: 600;\">$159.99<\/span><\/p>","height":{"unit":"px","size":187,"sizes":[]},"banner_padding":{"unit":"px","top":"20","right":"20","bottom":"20","left":"20","isLinked":true},"heading_typography_typography":"custom","heading_typography_font_size":{"unit":"px","size":24,"sizes":[]},"heading_typography_font_weight":"300","description_color":"#000000","description_typography_typography":"custom","description_typography_font_size":{"unit":"px","size":14,"sizes":[]},"image":{"id":3825,"url":"http:\/\/demo2.drfuri.com\/martfury18\/wp-content\/uploads\/sites\/59\/2019\/11\/b25.jpg"},"heading_typography_line_height":{"unit":"em","size":1.2,"sizes":[]},"banner_border_border":"solid","banner_border_width":{"unit":"px","top":"0","right":"1","bottom":"1","left":"1","isLinked":false},"banner_border_color":"#d9d9d9","description_typography_line_height":{"unit":"em","size":1.8,"sizes":[]},"price":"","button_link":{"url":"#","is_external":true,"nofollow":true},"heading_color":"#3078a6","banner_border_width_mobile":{"unit":"px","top":"1","right":"1","bottom":"1","left":"1","isLinked":true}},"elements":[],"isInner":false,"widgetType":"martfury-banner-small","elType":"widget"}],"isInner":false,"elType":"column"},{"id":"7d49d707","settings":{"_column_size":33,"_inline_size":33.946,"_inline_size_tablet":40,"border_width":{"unit":"px","top":"1","right":"1","bottom":"1","left":"0","isLinked":false},"border_color":"#d9d9d9","margin":{"unit":"px","top":"0","right":"10","bottom":"0","left":"0","isLinked":false},"margin_mobile":{"unit":"px","top":"0","right":"0","bottom":"0","left":"0","isLinked":true}},"elements":[{"id":"44664aae","settings":{"structure":"20","gap":"extended"},"elements":[{"id":"72f20ef5","settings":{"_column_size":50,"_inline_size":50.63,"padding":{"unit":"px","top":"0","right":"0","bottom":"0","left":"0","isLinked":true},"_inline_size_mobile":50,"padding_mobile":{"unit":"px","top":"0","right":"0","bottom":"0","left":"15","isLinked":false}},"elements":[{"id":"2dc14975","settings":{"title":"MILK BLACKMORES\nTODDLER 300G","desc":"<p>Discount <span style=\"color: #ff3300; font-weight: 600;\">30%<\/span><\/p>","height":{"unit":"px","size":186,"sizes":[]},"banner_padding":{"unit":"px","top":"15","right":"15","bottom":"15","left":"15","isLinked":true},"heading_typography_typography":"custom","heading_typography_font_size":{"unit":"px","size":14,"sizes":[]},"heading_typography_font_weight":"600","description_color":"#666666","description_typography_typography":"custom","description_typography_font_size":{"unit":"px","size":14,"sizes":[]},"image":{"id":3809,"url":"http:\/\/demo2.drfuri.com\/martfury18\/wp-content\/uploads\/sites\/59\/2019\/11\/b4.jpg"},"heading_typography_line_height":{"unit":"em","size":1.2,"sizes":[]},"banner_justify_content":"flex-start","banner_padding_mobile":{"unit":"px","top":"10","right":"10","bottom":"10","left":"10","isLinked":true},"banner_bg_position_mobile":"center bottom","price":"","button_link":{"url":"#","is_external":true,"nofollow":true},"heading_color":"#3078a6","banner_border_border":"solid","banner_border_width_mobile":{"unit":"px","top":"0","right":"1","bottom":"1","left":"1","isLinked":false},"banner_border_color":"#d9d9d9","banner_border_width":{"unit":"px","top":"1","right":"1","bottom":"1","left":"0","isLinked":false}},"elements":[],"isInner":false,"widgetType":"martfury-banner-small","elType":"widget"}],"isInner":true,"elType":"column"},{"id":"4b424f7c","settings":{"_column_size":50,"_inline_size":49.284,"_inline_size_mobile":50,"padding_mobile":{"unit":"px","top":"0","right":"15","bottom":"0","left":"0","isLinked":false},"margin_mobile":{"unit":"px","top":"0","right":"0","bottom":"0","left":"0","isLinked":false},"padding":{"unit":"px","top":"0","right":"0","bottom":"0","left":"0","isLinked":true}},"elements":[{"id":"497bcc1d","settings":{"title":"BABY\nSTROLLER\n3IN1","desc":"<p><strong><span class=\"semobold\" style=\"color: #669900;\">$599<\/span><\/strong><br \/><del>$899<\/del><\/p>","height":{"unit":"px","size":186,"sizes":[]},"banner_padding":{"unit":"px","top":"15","right":"15","bottom":"15","left":"15","isLinked":true},"heading_typography_typography":"custom","heading_typography_font_size":{"unit":"px","size":14,"sizes":[]},"heading_typography_font_weight":"600","description_color":"#666666","description_typography_typography":"custom","description_typography_font_size":{"unit":"px","size":14,"sizes":[]},"image":{"id":3810,"url":"http:\/\/demo2.drfuri.com\/martfury18\/wp-content\/uploads\/sites\/59\/2019\/11\/b5.jpg"},"heading_typography_line_height":{"unit":"em","size":1.2,"sizes":[]},"heading_spacing":{"unit":"px","size":25,"sizes":[]},"banner_border_border":"solid","banner_border_width":{"unit":"px","top":"1","right":"1","bottom":"1","left":"0","isLinked":false},"banner_border_color":"#d9d9d9","price":"","button_link":{"url":"#","is_external":true,"nofollow":true},"heading_color":"#3078a6","banner_border_width_mobile":{"unit":"px","top":"0","right":"1","bottom":"1","left":"0","isLinked":false}},"elements":[],"isInner":false,"widgetType":"martfury-banner-small","elType":"widget"}],"isInner":true,"elType":"column"}],"isInner":true,"elType":"section"},{"id":"2304229a","settings":{"gap":"extended"},"elements":[{"id":"58160a1b","settings":{"_column_size":100,"_inline_size":null,"padding":{"unit":"px","top":"0","right":"0","bottom":"0","left":"0","isLinked":true},"margin_mobile":{"unit":"px","top":"0","right":"0","bottom":"0","left":"0","isLinked":true},"padding_mobile":{"unit":"px","top":"0","right":"15","bottom":"0","left":"15","isLinked":false}},"elements":[{"id":"317e6a97","settings":{"title":"COMBO 5X\nNEWBORN DISAPER\nBAMBO","desc":"<p>Discount <span style=\"color: #ff3300; font-weight: 600;\">20%<\/span><\/p>","height":{"unit":"px","size":186,"sizes":[]},"banner_padding":{"unit":"px","top":"15","right":"15","bottom":"15","left":"15","isLinked":true},"heading_typography_typography":"custom","heading_typography_font_size":{"unit":"px","size":14,"sizes":[]},"heading_typography_font_weight":"600","description_color":"#666666","description_typography_typography":"custom","description_typography_font_size":{"unit":"px","size":14,"sizes":[]},"image":{"id":3812,"url":"http:\/\/demo2.drfuri.com\/martfury18\/wp-content\/uploads\/sites\/59\/2019\/11\/b7.jpg"},"heading_typography_line_height":{"unit":"em","size":1.2,"sizes":[]},"price":"","button_link":{"url":"#","is_external":true,"nofollow":true},"banner_padding_mobile":{"unit":"px","top":"10","right":"10","bottom":"10","left":"10","isLinked":true},"banner_bg_position_mobile":"center bottom","heading_color":"#3078a6","banner_border_border":"solid","banner_border_width_mobile":{"unit":"px","top":"00","right":"1","bottom":"1","left":"1","isLinked":false},"banner_border_color":"#d9d9d9","banner_border_width":{"unit":"px","top":"0","right":"1","bottom":"1","left":"0","isLinked":false}},"elements":[],"isInner":false,"widgetType":"martfury-banner-small","elType":"widget"}],"isInner":true,"elType":"column"}],"isInner":true,"elType":"section"},{"id":"68a0729a","settings":{"structure":"20","gap":"extended"},"elements":[{"id":"5967cfc3","settings":{"_column_size":50,"_inline_size":50.63,"padding":{"unit":"px","top":"0","right":"0","bottom":"0","left":"0","isLinked":true},"_inline_size_mobile":50,"padding_mobile":{"unit":"px","top":"0","right":"0","bottom":"0","left":"15","isLinked":false}},"elements":[{"id":"47be3d23","settings":{"title":"SNAP SWIM \nDIAPER","desc":"<p><strong><span class=\"semobold\" style=\"color: #669900;\">$49.00<\/span><\/strong><br \/><del>$69.00<\/del><\/p>","height":{"unit":"px","size":187,"sizes":[]},"banner_padding":{"unit":"px","top":"15","right":"15","bottom":"15","left":"15","isLinked":true},"heading_typography_typography":"custom","heading_typography_font_size":{"unit":"px","size":14,"sizes":[]},"heading_typography_font_weight":"600","description_color":"#666666","description_typography_typography":"custom","description_typography_font_size":{"unit":"px","size":14,"sizes":[]},"image":{"id":3813,"url":"http:\/\/demo2.drfuri.com\/martfury18\/wp-content\/uploads\/sites\/59\/2019\/11\/b6.jpg"},"heading_typography_line_height":{"unit":"em","size":1.2,"sizes":[]},"price":"","button_link":{"url":"#","is_external":true,"nofollow":true},"banner_border_border":"solid","banner_border_width":{"unit":"px","top":"0","right":"1","bottom":"1","left":"0","isLinked":false},"banner_border_color":"#d9d9d9","heading_spacing":{"unit":"px","size":25,"sizes":[]},"heading_color":"#3078a6","banner_border_width_mobile":{"unit":"px","top":"0","right":"1","bottom":"1","left":"1","isLinked":false}},"elements":[],"isInner":false,"widgetType":"martfury-banner-small","elType":"widget"}],"isInner":true,"elType":"column"},{"id":"300b05ca","settings":{"_column_size":50,"_inline_size":49.284,"padding":{"unit":"px","top":"0","right":"0","bottom":"0","left":"0","isLinked":true},"_inline_size_mobile":50,"padding_mobile":{"unit":"px","top":"0","right":"15","bottom":"0","left":"0","isLinked":false}},"elements":[{"id":"4c036046","settings":{"title":"VOUCHER BODY CARE\nAT BRATUS SPA","desc":"<p><span style=\"color: #ff3300; font-weight: 600;\">25%<\/span> Off<\/p>","height":{"unit":"px","size":187,"sizes":[]},"banner_padding":{"unit":"px","top":"15","right":"15","bottom":"15","left":"15","isLinked":true},"heading_typography_typography":"custom","heading_typography_font_size":{"unit":"px","size":14,"sizes":[]},"heading_typography_font_weight":"600","description_color":"#666666","description_typography_typography":"custom","description_typography_font_size":{"unit":"px","size":14,"sizes":[]},"image":{"id":3814,"url":"http:\/\/demo2.drfuri.com\/martfury18\/wp-content\/uploads\/sites\/59\/2019\/11\/b8.jpg"},"heading_typography_line_height":{"unit":"em","size":1.2,"sizes":[]},"banner_justify_content":"flex-start","price":"","button_link":{"url":"#","is_external":true,"nofollow":true},"banner_padding_mobile":{"unit":"px","top":"10","right":"10","bottom":"10","left":"10","isLinked":true},"banner_bg_position_mobile":"center bottom","heading_color":"#3078a6","banner_border_border":"solid","banner_border_width_mobile":{"unit":"px","top":"0","right":"1","bottom":"1","left":"0","isLinked":false},"banner_border_color":"#d9d9d9","banner_border_width":{"unit":"px","top":"0","right":"1","bottom":"1","left":"0","isLinked":false}},"elements":[],"isInner":false,"widgetType":"martfury-banner-small","elType":"widget"}],"isInner":true,"elType":"column"}],"isInner":true,"elType":"section"}],"isInner":false,"elType":"column"}],"isInner":false,"elType":"section"},{"id":"503d96a7","settings":{"background_background":"classic","gap":"extended"},"elements":[{"id":"62aa989b","settings":{"_column_size":100},"elements":[{"id":"17759d43","settings":[],"elements":[],"isInner":false,"widgetType":"spacer","elType":"widget"},{"id":"4265c9f0","settings":{"image_size":"thumbnail","title":"Search Trending","subtitle":"Updated at 9:00AM","tab_title_1":"Baby Hygiene","tags_1":[{"title_tag":"#bodysuit","_id":"ca04c99","image_tag":{"url":"http:\/\/demo2.drfuri.com\/martfury18\/wp-content\/uploads\/sites\/59\/2019\/11\/bt01.jpg","id":3853},"link_tag":{"url":"#","is_external":true,"nofollow":true},"hot_trending":"yes"},{"title_tag":"#carseat","_id":"3fa4870","image_tag":{"url":"http:\/\/demo2.drfuri.com\/martfury18\/wp-content\/uploads\/sites\/59\/2019\/11\/bt02.jpg","id":3854},"link_tag":{"url":"#","is_external":true,"nofollow":true},"hot_trending":"yes"},{"image_tag":{"url":"http:\/\/demo2.drfuri.com\/martfury18\/wp-content\/uploads\/sites\/59\/2019\/11\/bt10.jpg","id":3862},"title_tag":"#crib","link_tag":{"url":"#","is_external":true,"nofollow":true},"_id":"9c25cdc","hot_trending":"yes"},{"image_tag":{"url":"http:\/\/demo2.drfuri.com\/martfury18\/wp-content\/uploads\/sites\/59\/2019\/11\/bt03.jpg","id":3855},"title_tag":"#cream","link_tag":{"url":"#","is_external":true,"nofollow":true},"hot_trending":"no","_id":"91e6bd0"},{"title_tag":"#woolcap","_id":"f9ef8c5","image_tag":{"url":"http:\/\/demo2.drfuri.com\/martfury18\/wp-content\/uploads\/sites\/59\/2019\/11\/bt13.jpg","id":3865},"link_tag":{"url":"#","is_external":true,"nofollow":true},"hot_trending":"no"},{"image_tag":{"url":"http:\/\/demo2.drfuri.com\/martfury18\/wp-content\/uploads\/sites\/59\/2019\/11\/bt05.jpg","id":3857},"title_tag":"#bathseat","link_tag":{"url":"#","is_external":true,"nofollow":true},"hot_trending":"no","_id":"13b93fc"},{"image_tag":{"url":"http:\/\/demo2.drfuri.com\/martfury18\/wp-content\/uploads\/sites\/59\/2019\/11\/bt06.jpg","id":3858},"title_tag":"#nipples","link_tag":{"url":"#","is_external":true,"nofollow":true},"hot_trending":"no","_id":"4a184ff"},{"image_tag":{"url":"http:\/\/demo2.drfuri.com\/martfury18\/wp-content\/uploads\/sites\/59\/2019\/11\/bt12.jpg","id":3864},"title_tag":"#underwear","link_tag":{"url":"#","is_external":true,"nofollow":true},"hot_trending":"no","_id":"2c60e14"},{"image_tag":{"url":"http:\/\/demo2.drfuri.com\/martfury18\/wp-content\/uploads\/sites\/59\/2019\/11\/bt11.jpg","id":3863},"title_tag":"#ointment","link_tag":{"url":"#","is_external":true,"nofollow":true},"hot_trending":"no","_id":"b3ced20"},{"title_tag":"#chair","_id":"49e3d33","image_tag":{"url":"http:\/\/demo2.drfuri.com\/martfury18\/wp-content\/uploads\/sites\/59\/2019\/11\/bt15.jpg","id":3867},"link_tag":{"url":"#","is_external":true,"nofollow":true},"hot_trending":"no"},{"title_tag":"#boys","_id":"7b674e4","image_tag":{"url":"http:\/\/demo2.drfuri.com\/martfury18\/wp-content\/uploads\/sites\/59\/2019\/11\/bt14.jpg","id":3866},"link_tag":{"url":"#","is_external":true,"nofollow":true},"hot_trending":"no"},{"image_tag":{"url":"http:\/\/demo2.drfuri.com\/martfury18\/wp-content\/uploads\/sites\/59\/2019\/11\/bt09.jpg","id":3861},"title_tag":"#diapers","link_tag":{"url":"#","is_external":true,"nofollow":true},"hot_trending":"no","_id":"502fdf3"},{"image_tag":{"url":"http:\/\/demo2.drfuri.com\/martfury18\/wp-content\/uploads\/sites\/59\/2019\/11\/bt04.jpg","id":3856},"title_tag":"#seat","link_tag":{"url":"#","is_external":true,"nofollow":true},"_id":"8ef7b21","hot_trending":"no"},{"image_tag":{"url":"http:\/\/demo2.drfuri.com\/martfury18\/wp-content\/uploads\/sites\/59\/2019\/11\/bt07.jpg","id":3859},"title_tag":"#carriers","link_tag":{"url":"#","is_external":true,"nofollow":true},"hot_trending":"no","_id":"e54a47b"},{"title_tag":"#bag","_id":"c5f62af","image_tag":{"url":"http:\/\/demo2.drfuri.com\/martfury18\/wp-content\/uploads\/sites\/59\/2019\/11\/bt08.jpg","id":3860},"link_tag":{"url":"#","is_external":true,"nofollow":true},"hot_trending":"no"},{"image_tag":{"url":"http:\/\/demo2.drfuri.com\/martfury18\/wp-content\/uploads\/sites\/59\/2019\/11\/bt16.jpg","id":3868},"title_tag":"#pregnancy","link_tag":{"url":"#","is_external":true,"nofollow":true},"hot_trending":"no","_id":"274712b"}],"tab_title_2":"","tags_2":[],"tab_title_3":"","tags_3":[],"tab_title_4":"","tags_4":[],"tab_title_5":"","tags_5":[],"tab_title_6":"","tags_6":[],"tab_title_7":"","tags_7":[],"tab_title_8":"","tags_8":[],"tab_title_9":"Tab #9","tags_9":[{"title_tag":"#tag1","_id":"9a564dc","image_tag":{"url":"https:\/\/via.placeholder.com\/150x150\/f8f8f8?text=150x150","id":""},"link_tag":{"url":"#","is_external":true,"nofollow":true},"hot_trending":"no"},{"title_tag":"#tag2","_id":"a76baa8","image_tag":{"url":"https:\/\/via.placeholder.com\/150x150\/f8f8f8?text=150x150","id":""},"link_tag":{"url":"#","is_external":true,"nofollow":true},"hot_trending":"no"},{"title_tag":"#tag3","_id":"8ae837a","image_tag":{"url":"https:\/\/via.placeholder.com\/150x150\/f8f8f8?text=150x150","id":""},"link_tag":{"url":"#","is_external":true,"nofollow":true},"hot_trending":"no"},{"title_tag":"#tag4","_id":"940bbb7","image_tag":{"url":"https:\/\/via.placeholder.com\/150x150\/f8f8f8?text=150x150","id":""},"link_tag":{"url":"#","is_external":true,"nofollow":true},"hot_trending":"no"},{"title_tag":"#tag5","_id":"4a21c8a","image_tag":{"url":"https:\/\/via.placeholder.com\/150x150\/f8f8f8?text=150x150","id":""},"link_tag":{"url":"#","is_external":true,"nofollow":true},"hot_trending":"no"},{"title_tag":"#tag6","_id":"54f5e91","image_tag":{"url":"https:\/\/via.placeholder.com\/150x150\/f8f8f8?text=150x150","id":""},"link_tag":{"url":"#","is_external":true,"nofollow":true},"hot_trending":"no"},{"title_tag":"#tag7","_id":"f8189dc","image_tag":{"url":"https:\/\/via.placeholder.com\/150x150\/f8f8f8?text=150x150","id":""},"link_tag":{"url":"#","is_external":true,"nofollow":true},"hot_trending":"no"},{"title_tag":"#tag8","_id":"4d4293c","image_tag":{"url":"https:\/\/via.placeholder.com\/150x150\/f8f8f8?text=150x150","id":""},"link_tag":{"url":"#","is_external":true,"nofollow":true},"hot_trending":"no"}],"tab_title_10":"Tab #10","tags_10":[{"title_tag":"#tag1","_id":"e81da8b","image_tag":{"url":"https:\/\/via.placeholder.com\/150x150\/f8f8f8?text=150x150","id":""},"link_tag":{"url":"#","is_external":true,"nofollow":true},"hot_trending":"no"},{"title_tag":"#tag2","_id":"f8482ab","image_tag":{"url":"https:\/\/via.placeholder.com\/150x150\/f8f8f8?text=150x150","id":""},"link_tag":{"url":"#","is_external":true,"nofollow":true},"hot_trending":"no"},{"title_tag":"#tag3","_id":"913cf50","image_tag":{"url":"https:\/\/via.placeholder.com\/150x150\/f8f8f8?text=150x150","id":""},"link_tag":{"url":"#","is_external":true,"nofollow":true},"hot_trending":"no"},{"title_tag":"#tag4","_id":"5294c07","image_tag":{"url":"https:\/\/via.placeholder.com\/150x150\/f8f8f8?text=150x150","id":""},"link_tag":{"url":"#","is_external":true,"nofollow":true},"hot_trending":"no"},{"title_tag":"#tag5","_id":"0e73f59","image_tag":{"url":"https:\/\/via.placeholder.com\/150x150\/f8f8f8?text=150x150","id":""},"link_tag":{"url":"#","is_external":true,"nofollow":true},"hot_trending":"no"},{"title_tag":"#tag6","_id":"783d884","image_tag":{"url":"https:\/\/via.placeholder.com\/150x150\/f8f8f8?text=150x150","id":""},"link_tag":{"url":"#","is_external":true,"nofollow":true},"hot_trending":"no"},{"title_tag":"#tag7","_id":"9f70bfd","image_tag":{"url":"https:\/\/via.placeholder.com\/150x150\/f8f8f8?text=150x150","id":""},"link_tag":{"url":"#","is_external":true,"nofollow":true},"hot_trending":"no"},{"title_tag":"#tag8","_id":"37af7fa","image_tag":{"url":"https:\/\/via.placeholder.com\/150x150\/f8f8f8?text=150x150","id":""},"link_tag":{"url":"#","is_external":true,"nofollow":true},"hot_trending":"no"}],"icon_2":"","icon_3":"","enable_hot_trending":"","title_hot_trending":"","icon_1":"icon-baby3","icon_4":"","icon_5":"","icon_6":"","icon_7":"","icon_8":"","enable_tab_9":"","enable_tab_10":"","tab_header_icon_typography_typography":"custom","tab_header_icon_typography_font_size_mobile":{"unit":"px","size":30,"sizes":[]},"tab_content_padding_tablet":{"unit":"px","top":"20","right":"20","bottom":"20","left":"20","isLinked":true},"tab_content_padding_mobile":{"unit":"px","top":"10","right":"5","bottom":"10","left":"5","isLinked":false},"tab_content_item_spacing_mobile":{"unit":"px","size":15,"sizes":[]},"tab_content_title_typography_typography":"custom","tab_content_title_typography_font_size_mobile":{"unit":"px","size":13,"sizes":[]},"heading_title_color":"#000000","heading_title_typography_typography":"custom","heading_title_typography_font_size":{"unit":"px","size":20,"sizes":[]},"heading_title_typography_font_weight":"600","icon_hot_trending":"","enable_tab_2":"","enable_tab_3":"","enable_tab_4":"","enable_tab_5":"","enable_tab_7":"","show_button":"none"},"elements":[],"isInner":false,"widgetType":"martfury-category-tabs","elType":"widget"},{"id":"6cd0bcfe","settings":{"space":{"unit":"px","size":30,"sizes":[]},"space_mobile":{"unit":"px","size":30,"sizes":[]}},"elements":[],"isInner":false,"widgetType":"spacer","elType":"widget"}],"isInner":false,"elType":"column"}],"isInner":false,"elType":"section"},{"id":"6966977c","settings":[],"elements":[{"id":"71e82a96","settings":{"_column_size":100},"elements":[{"id":"4982c6e7","settings":{"title":"Eat & Drink for Baby","links_group":[],"view_all_text":"View All","banners":[],"product_cats":["eat-drink-for-baby"],"heading_title_typography_typography":"custom","heading_title_typography_font_weight":"600","quick_links_mobile":"none","banners_carousel":"","lazy_loading":"yes"},"elements":[],"isInner":false,"widgetType":"martfury-products-of-category","elType":"widget"},{"id":"316f31fb","settings":{"space":{"unit":"px","size":30,"sizes":[]},"space_mobile":{"unit":"px","size":30,"sizes":[]}},"elements":[],"isInner":false,"widgetType":"spacer","elType":"widget"},{"id":"5b03eca0","settings":{"title":"Apparels for Baby","links_group":[],"view_all_text":"View All","banners":[],"product_cats":["appreal-for-baby"],"heading_title_typography_typography":"custom","heading_title_typography_font_weight":"600","quick_links_mobile":"none","banners_carousel":"","lazy_loading":"yes"},"elements":[],"isInner":false,"widgetType":"martfury-products-of-category","elType":"widget"},{"id":"6b2dd392","settings":{"space":{"unit":"px","size":30,"sizes":[]}},"elements":[],"isInner":false,"widgetType":"spacer","elType":"widget"},{"id":"739a231a","settings":{"title":"Baby Out","links_group":[],"view_all_text":"View All","banners":[],"product_cats":["baby-out"],"heading_title_typography_typography":"custom","heading_title_typography_font_weight":"600","quick_links_mobile":"none","banners_carousel":"","lazy_loading":"yes"},"elements":[],"isInner":false,"widgetType":"martfury-products-of-category","elType":"widget"},{"id":"266db5e9","settings":{"space":{"unit":"px","size":30,"sizes":[]}},"elements":[],"isInner":false,"widgetType":"spacer","elType":"widget"},{"id":"7db705d3","settings":{"title":"Pregnancy & Maternity","links_group":[],"view_all_text":"View All","banners":[],"product_cats":["pregnancy-maternity"],"heading_title_typography_typography":"custom","heading_title_typography_font_weight":"600","heading_title_typography_font_size_mobile":{"unit":"px","size":18,"sizes":[]},"quick_links_mobile":"none","banners_carousel":"","lazy_loading":"yes"},"elements":[],"isInner":false,"widgetType":"martfury-products-of-category","elType":"widget"},{"id":"50ce75b2","settings":{"space":{"unit":"px","size":30,"sizes":[]},"space_mobile":{"unit":"px","size":50,"sizes":[]}},"elements":[],"isInner":false,"widgetType":"spacer","elType":"widget"}],"isInner":false,"elType":"column"}],"isInner":false,"elType":"section"}],"page_settings":{"background_background":"classic","background_image":{"url":"http:\/\/demo2.drfuri.com\/martfury18\/wp-content\/uploads\/sites\/59\/2019\/11\/bg02.jpg","id":"3802"},"background_repeat":"repeat"}}