{"version":"0.4","title":"Home Medical","type":"page","content":[{"id":"222ffc14","settings":[],"elements":[{"id":"7cce649a","settings":{"_column_size":100,"_inline_size":null},"elements":[{"id":"499a480d","settings":{"space":{"unit":"px","size":30,"sizes":[]}},"elements":[],"isInner":false,"widgetType":"spacer","elType":"widget"}],"isInner":false,"elType":"column"}],"isInner":false,"elType":"section"},{"id":"31aa223","settings":{"layout":"full_width","structure":"20","gap":"extended"},"elements":[{"id":"31d58438","settings":{"_column_size":50,"_inline_size":75.509,"_inline_size_tablet":100},"elements":[{"id":"1c2e36f7","settings":{"slides":[{"subtitle":"COVID-19 PREVENT","heading":"<strong>ESSENTIAL PRODUCTS<\/strong>\n<br>IN THE PANDEMIC","description":"<p>Drugs that enhance resistance and the<\/p><p>support items to prevent the Corona virus<\/p>","button_text":"Shop Now","background_color":"#f4f5f5","_id":"2f77908","background_image":{"id":4219,"url":"http:\/\/demo2.drfuri.com\/martfury19\/wp-content\/uploads\/sites\/60\/2020\/05\/s1.jpg"},"background_image_tablet":{"url":"","id":""},"background_image_mobile":{"url":"","id":""},"background_size":"cover","background_size_tablet":"","background_size_mobile":"","background_position":"","background_position_tablet":"","background_position_mobile":"","background_position_custom":{"unit":"px","top":"","right":"","bottom":"","left":"","isLinked":true},"background_position_custom_tablet":{"unit":"px","top":"","right":"","bottom":"","left":"","isLinked":true},"background_position_custom_mobile":{"unit":"px","top":"","right":"","bottom":"","left":"","isLinked":true},"background_ken_burns":"","zoom_direction":"in","background_overlay":"","background_overlay_color":"rgba(0,0,0,0.5)","background_overlay_blend_mode":"","link":{"url":"","is_external":"","nofollow":"","custom_attributes":""},"link_click":"button","price_box_type":"text","price_box_text":"","price_box_image":{"url":"","id":""},"price_box_image_size":"full","price_box_image_custom_dimension":{"width":"","height":""},"custom_style":"yes","horizontal_position":"center","vertical_position":"middle","text_align":"left","subtitle_custom_color":"#FFFFFF","heading_custom_color":"","content_custom_color":"","button_custom_color":"","button_custom_bg_color":"","price_box_custom_color":"","price_box_custom_bg_color":"","subtitle_custom_bg_color":"#E0673D"},{"subtitle":"BEST SELLER","heading":"<strong>BETTER PROTEIN.<\/strong><br>\n<strong style=\"color:#e0673d\">BETTER MUSCLE HEALTH<\/strong>","description":"<p>Increase your muscle health faster<\/p>","button_text":"Shop Now","background_color":"#f4f5f5","_id":"4d3e845","background_image":{"id":4220,"url":"http:\/\/demo2.drfuri.com\/martfury19\/wp-content\/uploads\/sites\/60\/2020\/05\/s2..jpg"},"background_image_tablet":{"url":"","id":""},"background_image_mobile":{"url":"","id":""},"background_size":"cover","background_size_tablet":"","background_size_mobile":"cover","background_position":"","background_position_tablet":"","background_position_mobile":"center center","background_position_custom":{"unit":"px","top":"","right":"","bottom":"","left":"","isLinked":true},"background_position_custom_tablet":{"unit":"px","top":"","right":"","bottom":"","left":"","isLinked":true},"background_position_custom_mobile":{"unit":"px","top":"","right":"","bottom":"","left":"","isLinked":true},"background_ken_burns":"","zoom_direction":"in","background_overlay":"","background_overlay_color":"rgba(0,0,0,0.5)","background_overlay_blend_mode":"","link":{"url":"","is_external":"","nofollow":"","custom_attributes":""},"link_click":"button","price_box_type":"text","price_box_text":"","price_box_image":{"url":"","id":""},"price_box_image_size":"full","price_box_image_custom_dimension":{"width":"","height":""},"custom_style":"yes","horizontal_position":"center","vertical_position":"","text_align":"center","subtitle_custom_color":"","heading_custom_color":"#28AFB1","content_custom_color":"#000000","button_custom_color":"#FFFFFF","button_custom_bg_color":"#E0673D","price_box_custom_color":"","price_box_custom_bg_color":"","subtitle_custom_bg_color":""},{"subtitle":"FAST HEALTHCARE","heading":"Reliable on time<br>\nhome delivery","description":"<p>Our in-house pharmacists ensure your medicines<\/p><p>reach you when you need them<\/p>","button_text":"Shop Now","background_color":"#f4f5f5","_id":"3f0e8cb","background_image":{"id":4221,"url":"http:\/\/demo2.drfuri.com\/martfury19\/wp-content\/uploads\/sites\/60\/2020\/05\/s3.jpg"},"background_image_tablet":{"url":"","id":""},"background_image_mobile":{"url":"","id":""},"background_size":"cover","background_size_tablet":"","background_size_mobile":"","background_position":"","background_position_tablet":"","background_position_mobile":"","background_position_custom":{"unit":"px","top":"","right":"","bottom":"","left":"","isLinked":true},"background_position_custom_tablet":{"unit":"px","top":"","right":"","bottom":"","left":"","isLinked":true},"background_position_custom_mobile":{"unit":"px","top":"","right":"","bottom":"","left":"","isLinked":true},"background_ken_burns":"","zoom_direction":"in","background_overlay":"","background_overlay_color":"rgba(0,0,0,0.5)","background_overlay_blend_mode":"","link":{"url":"","is_external":"","nofollow":"","custom_attributes":""},"link_click":"button","price_box_type":"text","price_box_text":"","price_box_image":{"url":"","id":""},"price_box_image_size":"full","price_box_image_custom_dimension":{"width":"","height":""},"custom_style":"yes","horizontal_position":"center","vertical_position":"","text_align":"","subtitle_custom_color":"#FFFFFF","heading_custom_color":"","content_custom_color":"","button_custom_color":"#FFFFFF","button_custom_bg_color":"#28AFB1","price_box_custom_color":"","price_box_custom_bg_color":"","subtitle_custom_bg_color":"#E0673D"}],"slides_height":{"unit":"px","size":417,"sizes":[]},"autoplay":"","navigation":"arrows","subtitle_color":"#999999","heading_color":"#FFFFFF","heading_typography_typography":"custom","heading_typography_font_weight":"400","heading_typography_line_height":{"unit":"em","size":1.1,"sizes":[]},"description_color":"#FFFFFF","button_text_color":"#28AFB1","button_background_color":"#FFFFFF","arrows_position":"outside","arrows_hover_background_color":"#FFFFFF","slides_height_mobile":{"unit":"px","size":400,"sizes":[]},"navigation_mobile":"dots","content_max_width_mobile":{"unit":"%","size":85,"sizes":[]},"slides_horizontal_position":"left","heading_spacing":{"unit":"px","size":12,"sizes":[]},"heading_typography_font_size_mobile":{"unit":"px","size":24,"sizes":[]},"description_typography_typography":"custom","description_typography_font_size_mobile":{"unit":"px","size":0,"sizes":[]},"button_spacing":{"unit":"px","size":0,"sizes":[]}},"elements":[],"isInner":false,"widgetType":"martfury-slides","elType":"widget"},{"id":"57b0b16e","settings":{"icons":[{"icon":"icon-rocket","title":"Reliable","desc":"Over 25K products","_id":"7b1df78","icon_type":"custom_icons","custom_icon":{"value":"icon icon-pills","library":"linearicons"},"link":{"url":"","is_external":true,"nofollow":true,"custom_attributes":""}},{"icon":"icon-sync","title":"Home Delivery","desc":"Free delivery to your home","_id":"c344cf5","icon_type":"custom_icons","custom_icon":{"value":"icon icon-truck","library":"linearicons"},"link":{"url":"","is_external":true,"nofollow":true,"custom_attributes":""}},{"icon":"icon-credit-card","title":"Secure Payment","desc":"100% secure payments","_id":"8b85826","icon_type":"icons","custom_icon":{"value":"fas fa-star","library":"fa-solid"},"link":{"url":"","is_external":true,"nofollow":true,"custom_attributes":""}},{"icon":"icon-bubbles","title":"24\/7 Support","desc":"Dedicated support in 24h","_id":"04c9d49","icon_type":"icons","custom_icon":{"value":"fas fa-star","library":"fa-solid"},"link":{"url":"","is_external":true,"nofollow":true,"custom_attributes":""}}],"background_color":"#FFFFFF","content_padding":{"unit":"px","top":"20","right":"10","bottom":"20","left":"10","isLinked":false},"icon_color":"#28AFB1","sep_background_color":"","sep_width":{"unit":"px","size":0,"sizes":[]},"sep_height":{"unit":"px","size":0,"sizes":[]},"columns_tablet":"2","columns_mobile":"1"},"elements":[],"isInner":false,"widgetType":"martfury-icons-list","elType":"widget"}],"isInner":false,"elType":"column"},{"id":"17698cd4","settings":{"_column_size":50,"_inline_size":24.45,"_inline_size_tablet":100,"margin_tablet":{"unit":"px","top":"30","right":"0","bottom":"0","left":"0","isLinked":false}},"elements":[{"id":"7cbd895f","settings":{"title":"Women\u2019s<br>Mutilvitamin<br>by EXP","desc":"<p>100% leather<\/p><p>handmade<\/p>","price":"","image":{"id":4222,"url":"http:\/\/demo2.drfuri.com\/martfury19\/wp-content\/uploads\/sites\/60\/2020\/05\/b1.jpg"},"height":{"unit":"px","size":243,"sizes":[]},"heading_typography_typography":"custom","heading_typography_font_size":{"unit":"px","size":24,"sizes":[]},"heading_typography_line_height":{"unit":"em","size":1.2,"sizes":[]},"background_color":"#FFFFFF","banner_bg_position_tablet":"right bottom","banner_bg_size_tablet":"auto","banner_padding_mobile":{"unit":"px","top":"20","right":"20","bottom":"20","left":"20","isLinked":true}},"elements":[],"isInner":false,"widgetType":"martfury-banner-small","elType":"widget"},{"id":"34810dc4","settings":{"space":{"unit":"px","size":30,"sizes":[]}},"elements":[],"isInner":false,"widgetType":"spacer","elType":"widget"},{"id":"34be83c6","settings":{"highlight_title":"Omron ","title":"Blood <br>Pressure Monitor<br>Upper Arm","desc":"<p>25% <span style=\"font-size: 16px; font-weight: 400;\">Off<\/span><\/p>","button_text":"Shop Now","image":{"id":4223,"url":"http:\/\/demo2.drfuri.com\/martfury19\/wp-content\/uploads\/sites\/60\/2020\/05\/b2.jpg"},"height":{"unit":"px","size":234,"sizes":[]},"highlight_title_color":"#FFFFFF","heading_color":"#FFFFFF","heading_typography_typography":"custom","heading_typography_font_size":{"unit":"px","size":20,"sizes":[]},"description_spacing":{"unit":"px","size":15,"sizes":[]},"description_color":"#FFFFFF","description_typography_typography":"custom","description_typography_font_size":{"unit":"px","size":30,"sizes":[]},"description_typography_font_weight":"600","button_text_color":"#FFFFFF","button_background_color":"#28AFB1","background_color":"#E0673D","banner_bg_position_tablet":"right bottom","banner_bg_size_tablet":"auto","banner_padding_mobile":{"unit":"px","top":"20","right":"20","bottom":"20","left":"20","isLinked":true}},"elements":[],"isInner":false,"widgetType":"martfury-banner-medium","elType":"widget"}],"isInner":false,"elType":"column"}],"isInner":false,"elType":"section"},{"id":"7cfce2b7","settings":[],"elements":[{"id":"6be9fabd","settings":{"_column_size":100,"_inline_size":null},"elements":[{"id":"5d783017","settings":{"space":{"unit":"px","size":70,"sizes":[]}},"elements":[],"isInner":false,"widgetType":"spacer","elType":"widget"}],"isInner":false,"elType":"column"}],"isInner":false,"elType":"section"},{"id":"23d88e78","settings":{"layout":"full_width","background_background":"classic","padding":{"unit":"px","top":"0","right":"15","bottom":"0","left":"15","isLinked":false}},"elements":[{"id":"7981d8ed","settings":{"_column_size":100,"_inline_size":null,"background_background":"classic","background_color":"#FFFFFF","padding":{"unit":"px","top":"35","right":"40","bottom":"55","left":"40","isLinked":false},"padding_mobile":{"unit":"px","top":"20","right":"0","bottom":"0","left":"0","isLinked":false}},"elements":[{"id":"34e65f22","settings":{"title":"Shop By Category","title_color":"#000000","typography_typography":"custom","typography_font_size":{"unit":"px","size":24,"sizes":[]},"typography_font_weight":"400","_margin":{"unit":"px","top":"0","right":"0","bottom":"0","left":"0","isLinked":false},"_padding_mobile":{"unit":"px","top":"0","right":"0","bottom":"0","left":"15","isLinked":false}},"elements":[],"isInner":false,"widgetType":"heading","elType":"widget"},{"id":"3a800a4d","settings":{"space":{"unit":"px","size":40,"sizes":[]}},"elements":[],"isInner":false,"widgetType":"spacer","elType":"widget"},{"id":"59ce3836","settings":{"layout":"full_width","gap":"extended","structure":"70"},"elements":[{"id":"3d779fd9","settings":{"_column_size":14,"_inline_size":null,"_inline_size_tablet":33.33,"_inline_size_mobile":50},"elements":[{"id":"1c2b18c0","settings":{"image":{"id":4224,"url":"http:\/\/localhost\/martfury5\/wp-content\/uploads\/sites\/17\/2020\/05\/image-box-1.jpg"},"image_position":"top","title":"Ayush","show_subtitles":"none","subtitles":[{"title":"Subtitle 1","_id":"e92d22c","link":{"url":"#","is_external":true,"nofollow":true,"custom_attributes":""}},{"title":"Subtitle 2","_id":"89f14e2","link":{"url":"#","is_external":true,"nofollow":true,"custom_attributes":""}},{"title":"Subtitle 3","_id":"00dd60c","link":{"url":"#","is_external":true,"nofollow":true,"custom_attributes":""}},{"title":"Subtitle 4","_id":"a989fc4","link":{"url":"#","is_external":true,"nofollow":true,"custom_attributes":""}}],"show_extra_link":"none","background_color":"rgba(2, 1, 1, 0)","border_color":"rgba(2, 1, 1, 0)","hover_border_color":"#28AFB1","text_align":"center","content_padding":{"unit":"px","top":"4","right":"0","bottom":"4","left":"0","isLinked":false},"title_typography_typography":"custom","title_typography_font_weight":"600","link":{"url":"http:\/\/demo2.drfuri.com\/martfury19\/product-category\/ayush\/","is_external":"","nofollow":"","custom_attributes":""}},"elements":[],"isInner":false,"widgetType":"martfury-image-box","elType":"widget"}],"isInner":true,"elType":"column"},{"id":"1e96ef49","settings":{"_column_size":14,"_inline_size":null,"_inline_size_tablet":33.33,"_inline_size_mobile":50},"elements":[{"id":"5aa95d80","settings":{"image":{"id":4225,"url":"http:\/\/localhost\/martfury5\/wp-content\/uploads\/sites\/17\/2020\/05\/image-box-2.jpg"},"image_position":"top","title":"Fitness","show_subtitles":"none","subtitles":[{"title":"Subtitle 1","_id":"e92d22c","link":{"url":"#","is_external":true,"nofollow":true,"custom_attributes":""}},{"title":"Subtitle 2","_id":"89f14e2","link":{"url":"#","is_external":true,"nofollow":true,"custom_attributes":""}},{"title":"Subtitle 3","_id":"00dd60c","link":{"url":"#","is_external":true,"nofollow":true,"custom_attributes":""}},{"title":"Subtitle 4","_id":"a989fc4","link":{"url":"#","is_external":true,"nofollow":true,"custom_attributes":""}}],"show_extra_link":"none","background_color":"rgba(2, 1, 1, 0)","border_color":"rgba(2, 1, 1, 0)","hover_border_color":"#28AFB1","text_align":"center","content_padding":{"unit":"px","top":"4","right":"0","bottom":"4","left":"0","isLinked":false},"title_typography_typography":"custom","title_typography_font_weight":"600","link":{"url":"http:\/\/demo2.drfuri.com\/martfury19\/product-category\/fitness\/","is_external":"","nofollow":"","custom_attributes":""}},"elements":[],"isInner":false,"widgetType":"martfury-image-box","elType":"widget"}],"isInner":true,"elType":"column"},{"id":"4f914385","settings":{"_column_size":14,"_inline_size":null,"_inline_size_tablet":33.33,"_inline_size_mobile":50},"elements":[{"id":"263ddf55","settings":{"image":{"id":4226,"url":"http:\/\/localhost\/martfury5\/wp-content\/uploads\/sites\/17\/2020\/05\/image-box-3.jpg"},"image_position":"top","title":"Personal Care","show_subtitles":"none","subtitles":[{"title":"Subtitle 1","_id":"e92d22c","link":{"url":"#","is_external":true,"nofollow":true,"custom_attributes":""}},{"title":"Subtitle 2","_id":"89f14e2","link":{"url":"#","is_external":true,"nofollow":true,"custom_attributes":""}},{"title":"Subtitle 3","_id":"00dd60c","link":{"url":"#","is_external":true,"nofollow":true,"custom_attributes":""}},{"title":"Subtitle 4","_id":"a989fc4","link":{"url":"#","is_external":true,"nofollow":true,"custom_attributes":""}}],"show_extra_link":"none","background_color":"rgba(2, 1, 1, 0)","border_color":"rgba(2, 1, 1, 0)","hover_border_color":"#28AFB1","text_align":"center","content_padding":{"unit":"px","top":"4","right":"0","bottom":"4","left":"0","isLinked":false},"title_typography_typography":"custom","title_typography_font_weight":"600","link":{"url":"http:\/\/demo2.drfuri.com\/martfury19\/product-category\/personal-care\/","is_external":"","nofollow":"","custom_attributes":""}},"elements":[],"isInner":false,"widgetType":"martfury-image-box","elType":"widget"}],"isInner":true,"elType":"column"},{"id":"3efff043","settings":{"_column_size":14,"_inline_size":null,"_inline_size_tablet":33.33,"_inline_size_mobile":50},"elements":[{"id":"60b3bc49","settings":{"image":{"id":4227,"url":"http:\/\/localhost\/martfury5\/wp-content\/uploads\/sites\/17\/2020\/05\/image-box-4.jpg"},"image_position":"top","title":"Family Care","show_subtitles":"none","subtitles":[{"title":"Subtitle 1","_id":"e92d22c","link":{"url":"#","is_external":true,"nofollow":true,"custom_attributes":""}},{"title":"Subtitle 2","_id":"89f14e2","link":{"url":"#","is_external":true,"nofollow":true,"custom_attributes":""}},{"title":"Subtitle 3","_id":"00dd60c","link":{"url":"#","is_external":true,"nofollow":true,"custom_attributes":""}},{"title":"Subtitle 4","_id":"a989fc4","link":{"url":"#","is_external":true,"nofollow":true,"custom_attributes":""}}],"show_extra_link":"none","background_color":"rgba(2, 1, 1, 0)","border_color":"rgba(2, 1, 1, 0)","hover_border_color":"#28AFB1","text_align":"center","content_padding":{"unit":"px","top":"4","right":"0","bottom":"4","left":"0","isLinked":false},"title_typography_typography":"custom","title_typography_font_weight":"600","link":{"url":"http:\/\/demo2.drfuri.com\/martfury19\/product-category\/family-care\/","is_external":"","nofollow":"","custom_attributes":""}},"elements":[],"isInner":false,"widgetType":"martfury-image-box","elType":"widget"}],"isInner":true,"elType":"column"},{"id":"2599b1e8","settings":{"_column_size":14,"_inline_size":null,"_inline_size_tablet":33.33,"_inline_size_mobile":50},"elements":[{"id":"1cd17df8","settings":{"image":{"id":4228,"url":"http:\/\/localhost\/martfury5\/wp-content\/uploads\/sites\/17\/2020\/05\/image-box-5.jpg"},"image_position":"top","title":"Lifestyle","show_subtitles":"none","subtitles":[{"title":"Subtitle 1","_id":"e92d22c","link":{"url":"#","is_external":true,"nofollow":true,"custom_attributes":""}},{"title":"Subtitle 2","_id":"89f14e2","link":{"url":"#","is_external":true,"nofollow":true,"custom_attributes":""}},{"title":"Subtitle 3","_id":"00dd60c","link":{"url":"#","is_external":true,"nofollow":true,"custom_attributes":""}},{"title":"Subtitle 4","_id":"a989fc4","link":{"url":"#","is_external":true,"nofollow":true,"custom_attributes":""}}],"show_extra_link":"none","background_color":"rgba(2, 1, 1, 0)","border_color":"rgba(2, 1, 1, 0)","hover_border_color":"#28AFB1","text_align":"center","content_padding":{"unit":"px","top":"4","right":"0","bottom":"4","left":"0","isLinked":false},"title_typography_typography":"custom","title_typography_font_weight":"600","link":{"url":"http:\/\/demo2.drfuri.com\/martfury19\/product-category\/lifestyle\/","is_external":"","nofollow":"","custom_attributes":""}},"elements":[],"isInner":false,"widgetType":"martfury-image-box","elType":"widget"}],"isInner":true,"elType":"column"},{"id":"7cff321e","settings":{"_column_size":14,"_inline_size":null,"_inline_size_tablet":33.33,"_inline_size_mobile":50},"elements":[{"id":"2d29f8c9","settings":{"image":{"id":4229,"url":"http:\/\/localhost\/martfury5\/wp-content\/uploads\/sites\/17\/2020\/05\/image-box-6.jpg"},"image_position":"top","title":"Treatments","show_subtitles":"none","subtitles":[{"title":"Subtitle 1","_id":"e92d22c","link":{"url":"#","is_external":true,"nofollow":true,"custom_attributes":""}},{"title":"Subtitle 2","_id":"89f14e2","link":{"url":"#","is_external":true,"nofollow":true,"custom_attributes":""}},{"title":"Subtitle 3","_id":"00dd60c","link":{"url":"#","is_external":true,"nofollow":true,"custom_attributes":""}},{"title":"Subtitle 4","_id":"a989fc4","link":{"url":"#","is_external":true,"nofollow":true,"custom_attributes":""}}],"show_extra_link":"none","background_color":"rgba(2, 1, 1, 0)","border_color":"rgba(2, 1, 1, 0)","hover_border_color":"#28AFB1","text_align":"center","content_padding":{"unit":"px","top":"4","right":"0","bottom":"4","left":"0","isLinked":false},"title_typography_typography":"custom","title_typography_font_weight":"600","link":{"url":"http:\/\/demo2.drfuri.com\/martfury19\/product-category\/treatments\/","is_external":"","nofollow":"","custom_attributes":""}},"elements":[],"isInner":false,"widgetType":"martfury-image-box","elType":"widget"}],"isInner":true,"elType":"column"},{"id":"c3edfc0","settings":{"_column_size":14,"_inline_size":null,"hide_tablet":"hidden-tablet","hide_mobile":"hidden-phone"},"elements":[{"id":"603cba09","settings":{"image":{"id":4230,"url":"http:\/\/localhost\/martfury5\/wp-content\/uploads\/sites\/17\/2020\/05\/image-box-7.jpg"},"image_position":"top","title":"Devices","show_subtitles":"none","subtitles":[{"title":"Subtitle 1","_id":"e92d22c","link":{"url":"#","is_external":true,"nofollow":true,"custom_attributes":""}},{"title":"Subtitle 2","_id":"89f14e2","link":{"url":"#","is_external":true,"nofollow":true,"custom_attributes":""}},{"title":"Subtitle 3","_id":"00dd60c","link":{"url":"#","is_external":true,"nofollow":true,"custom_attributes":""}},{"title":"Subtitle 4","_id":"a989fc4","link":{"url":"#","is_external":true,"nofollow":true,"custom_attributes":""}}],"show_extra_link":"none","background_color":"rgba(2, 1, 1, 0)","border_color":"rgba(2, 1, 1, 0)","hover_border_color":"#28AFB1","text_align":"center","content_padding":{"unit":"px","top":"4","right":"0","bottom":"4","left":"0","isLinked":false},"title_typography_typography":"custom","title_typography_font_weight":"600","link":{"url":"http:\/\/demo2.drfuri.com\/martfury19\/product-category\/devices\/","is_external":"","nofollow":"","custom_attributes":""}},"elements":[],"isInner":false,"widgetType":"martfury-image-box","elType":"widget"}],"isInner":true,"elType":"column"}],"isInner":true,"elType":"section"}],"isInner":false,"elType":"column"}],"isInner":false,"elType":"section"},{"id":"5f5df3f9","settings":[],"elements":[{"id":"383ab721","settings":{"_column_size":100,"_inline_size":null},"elements":[{"id":"58ee7707","settings":{"space":{"unit":"px","size":70,"sizes":[]}},"elements":[],"isInner":false,"widgetType":"spacer","elType":"widget"}],"isInner":false,"elType":"column"}],"isInner":false,"elType":"section"},{"id":"65f878e9","settings":{"layout":"full_width","gap":"extended","padding":{"unit":"px","top":"0","right":"15","bottom":"0","left":"15","isLinked":false}},"elements":[{"id":"56aa092","settings":{"_column_size":100,"_inline_size":null,"background_background":"classic","background_color":"#FFFFFF","padding":{"unit":"px","top":"35","right":"40","bottom":"50","left":"40","isLinked":false},"padding_mobile":{"unit":"px","top":"20","right":"15","bottom":"20","left":"15","isLinked":false}},"elements":[{"id":"d49c595","settings":{"title":"Deals Of The Day","ends_in":"Ends In","view_all_text":"View All","navigation":"dots","slidesToShow":"6","slidesToScroll":"6","heading_background_color":"#FFFFFF","heading_border_type":"none","progress_bar_active_bg_color":"#28AFB1","product_type":"day","heading_title_typography_typography":"custom","heading_title_typography_font_size_mobile":{"unit":"px","size":20,"sizes":[]},"show_ends_in_mobile":"none","show_heading_view_all_mobile":"none"},"elements":[],"isInner":false,"widgetType":"martfury-product-deals-carousel","elType":"widget"}],"isInner":false,"elType":"column"}],"isInner":false,"elType":"section"},{"id":"79ef7a39","settings":[],"elements":[{"id":"5749defe","settings":{"_column_size":100,"_inline_size":null},"elements":[{"id":"4c63935a","settings":{"space":{"unit":"px","size":70,"sizes":[]}},"elements":[],"isInner":false,"widgetType":"spacer","elType":"widget"}],"isInner":false,"elType":"column"}],"isInner":false,"elType":"section"},{"id":"5fe07155","settings":{"layout":"full_width","gap":"extended"},"elements":[{"id":"1a8fcc63","settings":{"_column_size":100,"_inline_size":null,"background_background":"classic","background_color":"#FFFFFF","margin":{"unit":"px","top":"0","right":"15","bottom":"0","left":"15","isLinked":false},"padding":{"unit":"px","top":"35","right":"40","bottom":"50","left":"40","isLinked":false},"padding_mobile":{"unit":"px","top":"20","right":"15","bottom":"20","left":"15","isLinked":false}},"elements":[{"id":"364d2301","settings":{"title":"Shop By Health Concerns","title_color":"#000000","typography_typography":"custom","typography_font_size":{"unit":"px","size":24,"sizes":[]},"typography_font_weight":"400","typography_line_height":{"unit":"em","size":1,"sizes":[]},"_margin":{"unit":"px","top":"0","right":"0","bottom":"0","left":"0","isLinked":false}},"elements":[],"isInner":false,"widgetType":"heading","elType":"widget"},{"id":"38ddd4e4","settings":[],"elements":[],"isInner":false,"widgetType":"spacer","elType":"widget"},{"id":"a47ae66","settings":{"layout":"full_width","gap":"no","structure":"40"},"elements":[{"id":"326e5780","settings":{"_column_size":25,"_inline_size":null,"_inline_size_tablet":50,"_inline_size_mobile":100},"elements":[{"id":"5b943987","settings":{"type":"custom_icon","custom_icon":{"value":{"url":"http:\/\/demo2.drfuri.com\/martfury19\/wp-content\/uploads\/sites\/60\/2020\/05\/Cancer.svg","id":4442},"library":"svg"},"title":"Cancer","desc":"","icon_font_size":{"unit":"px","size":37,"sizes":[]},"title_hover_color":"#28AFB1","image":{"id":4231,"url":"http:\/\/localhost\/martfury5\/wp-content\/uploads\/sites\/17\/2020\/05\/placeholder.png"},"icon_color":"#4054B2","title_typography_typography":"custom","title_typography_font_size":{"unit":"px","size":16,"sizes":[]},"title_typography_font_weight":"600","link":{"url":"http:\/\/demo2.drfuri.com\/martfury19\/product-tag\/cancer\/","is_external":"","nofollow":"","custom_attributes":""}},"elements":[],"isInner":false,"widgetType":"mf-elementor-icon-box","elType":"widget"},{"id":"7828e01b","settings":{"space":{"unit":"px","size":22,"sizes":[]}},"elements":[],"isInner":false,"widgetType":"spacer","elType":"widget"},{"id":"1ff55073","settings":{"type":"custom_icon","custom_icon":{"value":{"url":"http:\/\/demo2.drfuri.com\/martfury19\/wp-content\/uploads\/sites\/60\/2020\/05\/Respiratory.svg","id":4458},"library":"svg"},"title":"Respiratory","desc":"","icon_font_size":{"unit":"px","size":37,"sizes":[]},"title_hover_color":"#28AFB1","image":{"id":4231,"url":"http:\/\/localhost\/martfury5\/wp-content\/uploads\/sites\/17\/2020\/05\/placeholder.png"},"title_typography_typography":"custom","title_typography_font_size":{"unit":"px","size":16,"sizes":[]},"title_typography_font_weight":"600","link":{"url":"http:\/\/demo2.drfuri.com\/martfury19\/product-tag\/respiratory\/","is_external":"","nofollow":"","custom_attributes":""}},"elements":[],"isInner":false,"widgetType":"mf-elementor-icon-box","elType":"widget"},{"id":"4b282052","settings":{"space":{"unit":"px","size":22,"sizes":[]}},"elements":[],"isInner":false,"widgetType":"spacer","elType":"widget"},{"id":"f330b06","settings":{"type":"custom_icon","custom_icon":{"value":{"url":"http:\/\/demo2.drfuri.com\/martfury19\/wp-content\/uploads\/sites\/60\/2020\/05\/Pregnant.svg","id":4457},"library":"svg"},"title":"Pregnantation","desc":"","icon_font_size":{"unit":"px","size":37,"sizes":[]},"title_hover_color":"#28AFB1","image":{"id":4231,"url":"http:\/\/localhost\/martfury5\/wp-content\/uploads\/sites\/17\/2020\/05\/placeholder.png"},"title_typography_typography":"custom","title_typography_font_size":{"unit":"px","size":16,"sizes":[]},"title_typography_font_weight":"600","link":{"url":"http:\/\/demo2.drfuri.com\/martfury19\/product-tag\/pregnantation\/","is_external":"","nofollow":"","custom_attributes":""}},"elements":[],"isInner":false,"widgetType":"mf-elementor-icon-box","elType":"widget"},{"id":"156cdd14","settings":{"space":{"unit":"px","size":22,"sizes":[]}},"elements":[],"isInner":false,"widgetType":"spacer","elType":"widget"},{"id":"58a39519","settings":{"type":"custom_icon","custom_icon":{"value":{"url":"http:\/\/demo2.drfuri.com\/martfury19\/wp-content\/uploads\/sites\/60\/2020\/05\/Immunization.svg","id":4449},"library":"svg"},"title":"Immunization","desc":"","icon_font_size":{"unit":"px","size":37,"sizes":[]},"title_hover_color":"#28AFB1","image":{"id":4231,"url":"http:\/\/localhost\/martfury5\/wp-content\/uploads\/sites\/17\/2020\/05\/placeholder.png"},"title_typography_typography":"custom","title_typography_font_size":{"unit":"px","size":16,"sizes":[]},"title_typography_font_weight":"600","link":{"url":"http:\/\/demo2.drfuri.com\/martfury19\/product-tag\/immunization\/","is_external":"","nofollow":"","custom_attributes":""}},"elements":[],"isInner":false,"widgetType":"mf-elementor-icon-box","elType":"widget"},{"id":"312edd58","settings":{"space":{"unit":"px","size":22,"sizes":[]}},"elements":[],"isInner":false,"widgetType":"spacer","elType":"widget"},{"id":"5d3439b6","settings":{"type":"custom_icon","custom_icon":{"value":{"url":"http:\/\/demo2.drfuri.com\/martfury19\/wp-content\/uploads\/sites\/60\/2020\/05\/Dentomaxillofacial.svg","id":4444},"library":"svg"},"title":"Dentomaxillofacial","desc":"","icon_font_size":{"unit":"px","size":37,"sizes":[]},"title_hover_color":"#28AFB1","image":{"id":4231,"url":"http:\/\/localhost\/martfury5\/wp-content\/uploads\/sites\/17\/2020\/05\/placeholder.png"},"title_typography_typography":"custom","title_typography_font_size":{"unit":"px","size":16,"sizes":[]},"title_typography_font_weight":"600","link":{"url":"http:\/\/demo2.drfuri.com\/martfury19\/product-tag\/dentomaxillofacial\/","is_external":"","nofollow":"","custom_attributes":""}},"elements":[],"isInner":false,"widgetType":"mf-elementor-icon-box","elType":"widget"}],"isInner":true,"elType":"column"},{"id":"585cf2a5","settings":{"_column_size":25,"_inline_size":null,"_inline_size_tablet":50,"_inline_size_mobile":100,"margin_mobile":{"unit":"px","top":"030","right":"0","bottom":"0","left":"0","isLinked":false},"padding_mobile":{"unit":"px","top":"0","right":"0","bottom":"0","left":"0","isLinked":true}},"elements":[{"id":"d20d203","settings":{"type":"custom_icon","custom_icon":{"value":{"url":"http:\/\/demo2.drfuri.com\/martfury19\/wp-content\/uploads\/sites\/60\/2020\/05\/Sexual.svg","id":4459},"library":"svg"},"title":"Sexual","desc":"","icon_font_size":{"unit":"px","size":37,"sizes":[]},"title_hover_color":"#28AFB1","image":{"id":4231,"url":"http:\/\/localhost\/martfury5\/wp-content\/uploads\/sites\/17\/2020\/05\/placeholder.png"},"title_typography_typography":"custom","title_typography_font_size":{"unit":"px","size":16,"sizes":[]},"title_typography_font_weight":"600","link":{"url":"http:\/\/demo2.drfuri.com\/martfury19\/product-tag\/sexual\/","is_external":"","nofollow":"","custom_attributes":""}},"elements":[],"isInner":false,"widgetType":"mf-elementor-icon-box","elType":"widget"},{"id":"65be3bca","settings":{"space":{"unit":"px","size":22,"sizes":[]}},"elements":[],"isInner":false,"widgetType":"spacer","elType":"widget"},{"id":"636bf9d6","settings":{"type":"custom_icon","custom_icon":{"value":{"url":"http:\/\/demo2.drfuri.com\/martfury19\/wp-content\/uploads\/sites\/60\/2020\/05\/Osteoarthritis.svg","id":4456},"library":"svg"},"title":"Osteoarthritis","desc":"","icon_font_size":{"unit":"px","size":37,"sizes":[]},"title_hover_color":"#28AFB1","image":{"id":4231,"url":"http:\/\/localhost\/martfury5\/wp-content\/uploads\/sites\/17\/2020\/05\/placeholder.png"},"title_typography_typography":"custom","title_typography_font_size":{"unit":"px","size":16,"sizes":[]},"title_typography_font_weight":"600","link":{"url":"http:\/\/demo2.drfuri.com\/martfury19\/product-tag\/osteoarthritis\/","is_external":"","nofollow":"","custom_attributes":""}},"elements":[],"isInner":false,"widgetType":"mf-elementor-icon-box","elType":"widget"},{"id":"f1140db","settings":{"space":{"unit":"px","size":22,"sizes":[]}},"elements":[],"isInner":false,"widgetType":"spacer","elType":"widget"},{"id":"7e5831f2","settings":{"type":"custom_icon","custom_icon":{"value":{"url":"http:\/\/demo2.drfuri.com\/martfury19\/wp-content\/uploads\/sites\/60\/2020\/05\/Kidney.svg","id":4451},"library":"svg"},"title":"Kidney","desc":"","icon_font_size":{"unit":"px","size":37,"sizes":[]},"title_hover_color":"#28AFB1","image":{"id":4231,"url":"http:\/\/localhost\/martfury5\/wp-content\/uploads\/sites\/17\/2020\/05\/placeholder.png"},"title_typography_typography":"custom","title_typography_font_size":{"unit":"px","size":16,"sizes":[]},"title_typography_font_weight":"600","link":{"url":"http:\/\/demo2.drfuri.com\/martfury19\/product-tag\/kidney\/","is_external":"","nofollow":"","custom_attributes":""}},"elements":[],"isInner":false,"widgetType":"mf-elementor-icon-box","elType":"widget"},{"id":"513943f1","settings":{"space":{"unit":"px","size":22,"sizes":[]}},"elements":[],"isInner":false,"widgetType":"spacer","elType":"widget"},{"id":"67ef75bc","settings":{"type":"custom_icon","custom_icon":{"value":{"url":"http:\/\/demo2.drfuri.com\/martfury19\/wp-content\/uploads\/sites\/60\/2020\/05\/Liver.svg","id":4452},"library":"svg"},"title":"Liver \/ Hepatobiliary","desc":"","icon_font_size":{"unit":"px","size":37,"sizes":[]},"title_hover_color":"#28AFB1","image":{"id":4231,"url":"http:\/\/localhost\/martfury5\/wp-content\/uploads\/sites\/17\/2020\/05\/placeholder.png"},"title_typography_typography":"custom","title_typography_font_size":{"unit":"px","size":16,"sizes":[]},"title_typography_font_weight":"600","link":{"url":"http:\/\/demo2.drfuri.com\/martfury19\/product-tag\/liver-hepatobiliary\/","is_external":"","nofollow":"","custom_attributes":""}},"elements":[],"isInner":false,"widgetType":"mf-elementor-icon-box","elType":"widget"},{"id":"70e51a15","settings":{"space":{"unit":"px","size":22,"sizes":[]}},"elements":[],"isInner":false,"widgetType":"spacer","elType":"widget"},{"id":"2aefb86d","settings":{"type":"custom_icon","custom_icon":{"value":{"url":"http:\/\/demo2.drfuri.com\/martfury19\/wp-content\/uploads\/sites\/60\/2020\/05\/Nutrition.svg","id":4454},"library":"svg"},"title":"Nutrition","desc":"","icon_font_size":{"unit":"px","size":37,"sizes":[]},"title_hover_color":"#28AFB1","image":{"id":4231,"url":"http:\/\/localhost\/martfury5\/wp-content\/uploads\/sites\/17\/2020\/05\/placeholder.png"},"title_typography_typography":"custom","title_typography_font_size":{"unit":"px","size":16,"sizes":[]},"title_typography_font_weight":"600","link":{"url":"http:\/\/demo2.drfuri.com\/martfury19\/product-tag\/nutrition\/","is_external":"","nofollow":"","custom_attributes":""}},"elements":[],"isInner":false,"widgetType":"mf-elementor-icon-box","elType":"widget"}],"isInner":true,"elType":"column"},{"id":"4714916f","settings":{"_column_size":25,"_inline_size":null,"_inline_size_tablet":50,"margin_tablet":{"unit":"px","top":"30","right":"0","bottom":"0","left":"0","isLinked":false}},"elements":[{"id":"676d29cd","settings":{"type":"custom_icon","custom_icon":{"value":{"url":"http:\/\/demo2.drfuri.com\/martfury19\/wp-content\/uploads\/sites\/60\/2020\/05\/Cardiac.svg","id":4443},"library":"svg"},"title":"Cardiac","desc":"","icon_font_size":{"unit":"px","size":37,"sizes":[]},"title_hover_color":"#28AFB1","image":{"id":4231,"url":"http:\/\/localhost\/martfury5\/wp-content\/uploads\/sites\/17\/2020\/05\/placeholder.png"},"title_typography_typography":"custom","title_typography_font_size":{"unit":"px","size":16,"sizes":[]},"title_typography_font_weight":"600","link":{"url":"http:\/\/demo2.drfuri.com\/martfury19\/product-tag\/cardiac\/","is_external":"","nofollow":"","custom_attributes":""}},"elements":[],"isInner":false,"widgetType":"mf-elementor-icon-box","elType":"widget"},{"id":"14a257cd","settings":{"space":{"unit":"px","size":22,"sizes":[]}},"elements":[],"isInner":false,"widgetType":"spacer","elType":"widget"},{"id":"1b7be32c","settings":{"type":"custom_icon","custom_icon":{"value":{"url":"http:\/\/demo2.drfuri.com\/martfury19\/wp-content\/uploads\/sites\/60\/2020\/05\/Ear.svg","id":4446},"library":"svg"},"title":"Ear, nose and throat","desc":"","icon_font_size":{"unit":"px","size":37,"sizes":[]},"title_hover_color":"#28AFB1","image":{"id":4231,"url":"http:\/\/localhost\/martfury5\/wp-content\/uploads\/sites\/17\/2020\/05\/placeholder.png"},"title_typography_typography":"custom","title_typography_font_size":{"unit":"px","size":16,"sizes":[]},"title_typography_font_weight":"600","link":{"url":"http:\/\/demo2.drfuri.com\/martfury19\/product-tag\/ear-nose-and-throat\/","is_external":"","nofollow":"","custom_attributes":""}},"elements":[],"isInner":false,"widgetType":"mf-elementor-icon-box","elType":"widget"},{"id":"1742c157","settings":{"space":{"unit":"px","size":22,"sizes":[]}},"elements":[],"isInner":false,"widgetType":"spacer","elType":"widget"},{"id":"16cc70e9","settings":{"type":"custom_icon","custom_icon":{"value":{"url":"http:\/\/demo2.drfuri.com\/martfury19\/wp-content\/uploads\/sites\/60\/2020\/05\/Infectious.svg","id":4450},"library":"svg"},"title":"Infectious","desc":"","icon_font_size":{"unit":"px","size":37,"sizes":[]},"title_hover_color":"#28AFB1","image":{"id":4231,"url":"http:\/\/localhost\/martfury5\/wp-content\/uploads\/sites\/17\/2020\/05\/placeholder.png"},"title_typography_typography":"custom","title_typography_font_size":{"unit":"px","size":16,"sizes":[]},"title_typography_font_weight":"600","link":{"url":"http:\/\/demo2.drfuri.com\/martfury19\/product-tag\/infectious\/","is_external":"","nofollow":"","custom_attributes":""}},"elements":[],"isInner":false,"widgetType":"mf-elementor-icon-box","elType":"widget"},{"id":"730b6c06","settings":{"space":{"unit":"px","size":22,"sizes":[]}},"elements":[],"isInner":false,"widgetType":"spacer","elType":"widget"},{"id":"2b7195ab","settings":{"type":"custom_icon","custom_icon":{"value":{"url":"http:\/\/demo2.drfuri.com\/martfury19\/wp-content\/uploads\/sites\/60\/2020\/05\/Genetic.svg","id":4447},"library":"svg"},"title":"Genetic, immune, allergic","desc":"","icon_font_size":{"unit":"px","size":37,"sizes":[]},"title_hover_color":"#28AFB1","image":{"id":4231,"url":"http:\/\/localhost\/martfury5\/wp-content\/uploads\/sites\/17\/2020\/05\/placeholder.png"},"title_typography_typography":"custom","title_typography_font_size":{"unit":"px","size":16,"sizes":[]},"title_typography_font_weight":"600","link":{"url":"http:\/\/demo2.drfuri.com\/martfury19\/product-tag\/genetic-immune-allergic\/","is_external":"","nofollow":"","custom_attributes":""}},"elements":[],"isInner":false,"widgetType":"mf-elementor-icon-box","elType":"widget"},{"id":"334cd819","settings":{"space":{"unit":"px","size":22,"sizes":[]}},"elements":[],"isInner":false,"widgetType":"spacer","elType":"widget"},{"id":"1ce55d8a","settings":{"type":"custom_icon","custom_icon":{"value":{"url":"http:\/\/demo2.drfuri.com\/martfury19\/wp-content\/uploads\/sites\/60\/2020\/05\/Hematology.svg","id":4448},"library":"svg"},"title":"Hematology","desc":"","icon_font_size":{"unit":"px","size":37,"sizes":[]},"title_hover_color":"#28AFB1","image":{"id":4231,"url":"http:\/\/localhost\/martfury5\/wp-content\/uploads\/sites\/17\/2020\/05\/placeholder.png"},"title_typography_typography":"custom","title_typography_font_size":{"unit":"px","size":16,"sizes":[]},"title_typography_font_weight":"600","link":{"url":"http:\/\/demo2.drfuri.com\/martfury19\/product-tag\/hematology\/","is_external":"","nofollow":"","custom_attributes":""}},"elements":[],"isInner":false,"widgetType":"mf-elementor-icon-box","elType":"widget"}],"isInner":true,"elType":"column"},{"id":"73df1d51","settings":{"_column_size":25,"_inline_size":null,"_inline_size_tablet":50,"margin_tablet":{"unit":"px","top":"30","right":"0","bottom":"0","left":"0","isLinked":false},"margin_mobile":{"unit":"px","top":"30","right":"0","bottom":"0","left":"0","isLinked":false}},"elements":[{"id":"b622c3f","settings":{"type":"custom_icon","custom_icon":{"value":{"url":"http:\/\/demo2.drfuri.com\/martfury19\/wp-content\/uploads\/sites\/60\/2020\/05\/Nerve.svg","id":4453},"library":"svg"},"title":"Nerve","desc":"","icon_font_size":{"unit":"px","size":37,"sizes":[]},"title_hover_color":"#28AFB1","image":{"id":4231,"url":"http:\/\/localhost\/martfury5\/wp-content\/uploads\/sites\/17\/2020\/05\/placeholder.png"},"title_typography_typography":"custom","title_typography_font_size":{"unit":"px","size":16,"sizes":[]},"title_typography_font_weight":"600","link":{"url":"http:\/\/demo2.drfuri.com\/martfury19\/product-tag\/nerve\/","is_external":"","nofollow":"","custom_attributes":""}},"elements":[],"isInner":false,"widgetType":"mf-elementor-icon-box","elType":"widget"},{"id":"4a5dab34","settings":{"space":{"unit":"px","size":22,"sizes":[]}},"elements":[],"isInner":false,"widgetType":"spacer","elType":"widget"},{"id":"47ac2170","settings":{"type":"custom_icon","custom_icon":{"value":{"url":"http:\/\/demo2.drfuri.com\/martfury19\/wp-content\/uploads\/sites\/60\/2020\/05\/Stomach.svg","id":4460},"library":"svg"},"title":"Stomach \/ Gastrointestinal","desc":"","icon_font_size":{"unit":"px","size":37,"sizes":[]},"title_hover_color":"#28AFB1","image":{"id":4231,"url":"http:\/\/localhost\/martfury5\/wp-content\/uploads\/sites\/17\/2020\/05\/placeholder.png"},"title_typography_typography":"custom","title_typography_font_size":{"unit":"px","size":16,"sizes":[]},"title_typography_font_weight":"600","link":{"url":"http:\/\/demo2.drfuri.com\/martfury19\/product-tag\/stomach-gastrointestinal\/","is_external":"","nofollow":"","custom_attributes":""}},"elements":[],"isInner":false,"widgetType":"mf-elementor-icon-box","elType":"widget"},{"id":"750c3a4","settings":{"space":{"unit":"px","size":22,"sizes":[]}},"elements":[],"isInner":false,"widgetType":"spacer","elType":"widget"},{"id":"2e387947","settings":{"type":"custom_icon","custom_icon":{"value":{"url":"http:\/\/demo2.drfuri.com\/martfury19\/wp-content\/uploads\/sites\/60\/2020\/05\/Opthalmology.svg","id":4455},"library":"svg"},"title":"Opthamonology","desc":"","icon_font_size":{"unit":"px","size":37,"sizes":[]},"title_hover_color":"#28AFB1","image":{"id":4231,"url":"http:\/\/localhost\/martfury5\/wp-content\/uploads\/sites\/17\/2020\/05\/placeholder.png"},"title_typography_typography":"custom","title_typography_font_size":{"unit":"px","size":16,"sizes":[]},"title_typography_font_weight":"600","link":{"url":"http:\/\/demo2.drfuri.com\/martfury19\/product-tag\/opthamonology\/","is_external":"","nofollow":"","custom_attributes":""}},"elements":[],"isInner":false,"widgetType":"mf-elementor-icon-box","elType":"widget"},{"id":"43ea0597","settings":{"space":{"unit":"px","size":22,"sizes":[]}},"elements":[],"isInner":false,"widgetType":"spacer","elType":"widget"},{"id":"7d93ce00","settings":{"type":"custom_icon","custom_icon":{"value":{"url":"http:\/\/demo2.drfuri.com\/martfury19\/wp-content\/uploads\/sites\/60\/2020\/05\/Diabetes.svg","id":4445},"library":"svg"},"title":"Diabetes","desc":"","icon_font_size":{"unit":"px","size":37,"sizes":[]},"title_hover_color":"#28AFB1","image":{"id":4231,"url":"http:\/\/localhost\/martfury5\/wp-content\/uploads\/sites\/17\/2020\/05\/placeholder.png"},"title_typography_typography":"custom","title_typography_font_size":{"unit":"px","size":16,"sizes":[]},"title_typography_font_weight":"600","link":{"url":"http:\/\/demo2.drfuri.com\/martfury19\/product-tag\/diabetes\/","is_external":"","nofollow":"","custom_attributes":""}},"elements":[],"isInner":false,"widgetType":"mf-elementor-icon-box","elType":"widget"},{"id":"11133bf3","settings":{"space":{"unit":"px","size":22,"sizes":[]}},"elements":[],"isInner":false,"widgetType":"spacer","elType":"widget"},{"id":"49c6f505","settings":{"type":"custom_icon","custom_icon":{"value":"icon icon-baby","library":"linearicons"},"title":"Dentomaxillofacial","desc":"","icon_font_size":{"unit":"px","size":37,"sizes":[]},"title_hover_color":"#28AFB1","image":{"id":4231,"url":"http:\/\/localhost\/martfury5\/wp-content\/uploads\/sites\/17\/2020\/05\/placeholder.png"},"icon_color":"#28AFB1","title_typography_typography":"custom","title_typography_font_size":{"unit":"px","size":16,"sizes":[]},"title_typography_font_weight":"600","link":{"url":"http:\/\/demo2.drfuri.com\/martfury19\/product-tag\/dentomaxillofacial\/","is_external":"","nofollow":"","custom_attributes":""}},"elements":[],"isInner":false,"widgetType":"mf-elementor-icon-box","elType":"widget"}],"isInner":true,"elType":"column"}],"isInner":true,"elType":"section"}],"isInner":false,"elType":"column"}],"isInner":false,"elType":"section"},{"id":"7d036be5","settings":{"layout":"full_width"},"elements":[{"id":"55698e7b","settings":{"_column_size":100,"_inline_size":null},"elements":[{"id":"793ee844","settings":{"space":{"unit":"px","size":70,"sizes":[]}},"elements":[],"isInner":false,"widgetType":"spacer","elType":"widget"}],"isInner":false,"elType":"column"}],"isInner":false,"elType":"section"},{"id":"4cc25aac","settings":{"layout":"full_width","gap":"extended"},"elements":[{"id":"48851e04","settings":{"_column_size":100,"_inline_size":null},"elements":[{"id":"2b45db8f","settings":{"discount_text":"20%","discount_subtitle":"Discount","discount_title":"Limited Stock Only","title":"MASKS, SANITIZERS AND <br> SAFETY GEAR","regular_price":"$160.50","sale_price":"$89.05","link_text":"Shop Now","banners_background_image":{"id":4232,"url":"http:\/\/demo2.drfuri.com\/martfury19\/wp-content\/uploads\/sites\/60\/2020\/05\/banner-2-bg.jpg"},"banners_background_position":"center center","banners_background_repeat":"no-repeat","banners_background_size":"cover","description":"<div>Stay safe, stay protected! Choose a safety kit to help <br> your family prevetation Covid-19  <\/div>","discount_box_horizontal_content":"","discount_box_position_y":{"unit":"px","size":70,"sizes":[]},"discount_typography_font_size":{"unit":"px","size":60,"sizes":[]},"discount_typography_font_weight":"600","discount_subtitle_typography_font_size":{"unit":"px","size":14,"sizes":[]},"discount_subtitle_typography_font_weight":"600","discount_title_typography_font_size":{"unit":"px","size":22,"sizes":[]},"title_typography_font_size":{"unit":"px","size":26,"sizes":[]},"regular_price_typography_font_size":{"unit":"px","size":20,"sizes":[]},"sale_price_typography_font_size":{"unit":"px","size":35,"sizes":[]},"sale_price_typography_font_weight":"400","typography_font_size":{"unit":"px","size":16,"sizes":[]},"padding":{"unit":"px","top":"6","right":"15","bottom":"7","left":"15","isLinked":false},"discount_typography_typography":"custom","discount_title_typography_typography":"custom","discount_title_typography_font_weight":"400","banners_background_color":"#5656A2","banners_background_position_tablet":"center center","banners_background_size_tablet":"auto","discount_box_horizontal_content_tablet":"left","discount_box_position_x_tablet":{"unit":"px","size":20,"sizes":[]},"discount_box_padding_tablet":{"unit":"px","top":"0","right":"0","bottom":"0","left":"20","isLinked":false},"discount_typography_font_size_tablet":{"unit":"px","size":40,"sizes":[]},"discount_title_typography_font_size_tablet":{"unit":"px","size":14,"sizes":[]},"content_box_horizontal_content_tablet":"center","content_box_position_x_tablet":{"unit":"px","size":169,"sizes":[]},"title_typography_typography":"custom","title_typography_font_size_tablet":{"unit":"px","size":18,"sizes":[]},"desc_typography_typography":"custom","desc_typography_font_size_tablet":{"unit":"px","size":14,"sizes":[]},"price_box_horizontal_content_tablet":"right","price_box_position_x_tablet":{"unit":"px","size":557,"sizes":[]},"price_box_padding_tablet":{"unit":"px","top":"0","right":"20","bottom":"0","left":"0","isLinked":false},"show_discount_box_tablet":"block","show_content_box_mobile":"none"},"elements":[],"isInner":false,"widgetType":"martfury-banner-large-2","elType":"widget"}],"isInner":false,"elType":"column"}],"isInner":false,"elType":"section"},{"id":"38841ee0","settings":[],"elements":[{"id":"1f06c253","settings":{"_column_size":100,"_inline_size":null},"elements":[{"id":"4e5d524","settings":{"space":{"unit":"px","size":70,"sizes":[]}},"elements":[],"isInner":false,"widgetType":"spacer","elType":"widget"}],"isInner":false,"elType":"column"}],"isInner":false,"elType":"section"},{"id":"3c28d2a2","settings":{"layout":"full_width","gap":"extended","structure":"20","padding":{"unit":"px","top":"0","right":"15","bottom":"0","left":"15","isLinked":false}},"elements":[{"id":"10c4052","settings":{"_column_size":50,"_inline_size":68,"background_background":"classic","background_color":"#FFFFFF","margin":{"unit":"px","top":"0","right":"15","bottom":"0","left":"0","isLinked":false},"padding":{"unit":"px","top":"35","right":"0","bottom":"0","left":"0","isLinked":false},"_inline_size_tablet":100,"margin_tablet":{"unit":"px","top":"0","right":"0","bottom":"0","left":"0","isLinked":true},"padding_mobile":{"unit":"px","top":"20","right":"15","bottom":"20","left":"15","isLinked":false}},"elements":[{"id":"590bb872","settings":{"title":"Best Seller Brands","number":10,"orderby":"menu_order","heading_spacing":{"unit":"px","size":50,"sizes":[]},"brand_item_padding":{"unit":"px","top":"0","right":"5","bottom":"65","left":"5","isLinked":false},"brand_title":"yes","brand_image_border_radius":{"unit":"%","top":"100","right":"100","bottom":"100","left":"100","isLinked":true},"image_size":"thumbnail","heading_padding":{"unit":"px","top":"0","right":"0","bottom":"0","left":"40","isLinked":false},"heading_typography_typography":"custom","heading_typography_font_size":{"unit":"px","size":24,"sizes":[]},"heading_typography_font_weight":"400","heading_padding_mobile":{"unit":"px","top":"0","right":"0","bottom":"0","left":"0","isLinked":false},"brand_item_padding_mobile":{"unit":"px","top":"0","right":"10","bottom":"40","left":"10","isLinked":false}},"elements":[],"isInner":false,"widgetType":"mf-brand-images","elType":"widget"}],"isInner":false,"elType":"column"},{"id":"74e6af44","settings":{"_column_size":50,"_inline_size":32,"padding":{"unit":"px","top":"0","right":"0","bottom":"0","left":"15","isLinked":false},"_inline_size_tablet":100,"margin_tablet":{"unit":"px","top":"30","right":"0","bottom":"0","left":"0","isLinked":false},"padding_tablet":{"unit":"px","top":"0","right":"0","bottom":"0","left":"0","isLinked":true}},"elements":[{"id":"41b0b961","settings":{"title":"What Buyer Says","settings":[{"desc":"\u201cI ordered medicines and it was delivered right time. With big discount.\u201d","image":{"id":3490,"url":"http:\/\/localhost\/martfury5\/wp-content\/uploads\/sites\/17\/2019\/05\/journey1-40.png"},"name":"Robbie Kane","job":"Telesale at IBM Corp.","_id":"7be37ed"},{"desc":"\u201cI ordered medicines and it was delivered right time. With big discount.\u201d","image":{"id":3497,"url":"http:\/\/demo2.drfuri.com\/martfury19\/wp-content\/uploads\/sites\/60\/2019\/05\/team-2-40.jpg"},"name":"Kanye West","job":"Head Chef at BBQ","_id":"34b219b"},{"desc":"\u201cI ordered medicines and it was delivered right time. With big discount.\u201d","image":{"id":3490,"url":"http:\/\/demo2.drfuri.com\/martfury19\/wp-content\/uploads\/sites\/60\/2019\/05\/journey1-40.png"},"name":"Anabella Kleva ","job":"Boss at TocoToco","_id":"0b4bfa8"}],"autoplay":"","arrows_style":"yes","dots_style":"yes","sliders_dots_top_spacing":{"unit":"px","size":135,"sizes":[]},"sliders_dots_bottom_spacing":{"unit":"px","size":30,"sizes":[]},"slidesToShow_tablet":1,"slidesToShow_mobile":1,"slidesToScroll_tablet":1,"slidesToScroll_mobile":1,"navigation_tablet":"dots","image_size":"custom","image_custom_dimension":{"width":"70","height":"70"},"_background_background":"classic","_background_color":"#FFFFFF","_background_image":{"url":"http:\/\/demo2.drfuri.com\/martfury19\/wp-content\/uploads\/sites\/60\/2020\/05\/testimonial-bg.jpg","id":4367},"_background_position":"bottom right","_background_repeat":"no-repeat","heading_padding_mobile":{"unit":"px","top":"20","right":"0","bottom":"0","left":"15","isLinked":false},"content_padding_mobile":{"unit":"px","top":"30","right":"15","bottom":"020","left":"15","isLinked":false}},"elements":[],"isInner":false,"widgetType":"martfury-testimonial-slides-2","elType":"widget"}],"isInner":false,"elType":"column"}],"isInner":false,"elType":"section"},{"id":"68463e90","settings":[],"elements":[{"id":"353fc8b9","settings":{"_column_size":100,"_inline_size":null},"elements":[{"id":"7e87ae46","settings":{"space":{"unit":"px","size":70,"sizes":[]}},"elements":[],"isInner":false,"widgetType":"spacer","elType":"widget"}],"isInner":false,"elType":"column"}],"isInner":false,"elType":"section"},{"id":"2135498f","settings":{"layout":"full_width","padding":{"unit":"px","top":"0","right":"15","bottom":"0","left":"15","isLinked":false}},"elements":[{"id":"ee050b2","settings":{"_column_size":100,"_inline_size":null,"background_background":"classic","background_color":"#FFFFFF","margin":{"unit":"px","top":"0","right":"0","bottom":"0","left":"0","isLinked":false},"padding":{"unit":"px","top":"35","right":"40","bottom":"20","left":"40","isLinked":false},"padding_mobile":{"unit":"px","top":"20","right":"15","bottom":"20","left":"15","isLinked":false}},"elements":[{"id":"147a5c2d","settings":{"title":"Recommended Products","special_products_tabs":[{"title":"New Arrivals","tab_products":"recent","_id":"4dde55e","tab_orderby":"","tab_order":""},{"title":"Best Seller","tab_products":"best_selling","_id":"2556779","tab_orderby":"","tab_order":""},{"title":"Sale","tab_products":"sale","_id":"a7de139","tab_orderby":"","tab_order":""}],"view_all_text":"","all_link":{"url":"","is_external":true,"nofollow":true,"custom_attributes":""},"columns":"7","heading_padding":{"unit":"px","top":"0","right":"0","bottom":"0","left":"0","isLinked":false},"heading_border_width":{"unit":"px","top":"0","right":"0","bottom":"0","left":"0","isLinked":true},"heading_border_style":"none","title_typography_typography":"custom","title_typography_font_size":{"unit":"px","size":24,"sizes":[]},"title_typography_font_weight":"400","navigation":"dots","title_typography_font_size_mobile":{"unit":"px","size":23,"sizes":[]},"show_product_tabs_mobile":"none"},"elements":[],"isInner":false,"widgetType":"martfury-product-tabs-carousel","elType":"widget"},{"id":"4935fa12","settings":{"space":{"unit":"px","size":25,"sizes":[]}},"elements":[],"isInner":false,"widgetType":"spacer","elType":"widget"}],"isInner":false,"elType":"column"}],"isInner":false,"elType":"section"},{"id":"395d9ead","settings":[],"elements":[{"id":"26ad5508","settings":{"_column_size":100,"_inline_size":null},"elements":[{"id":"6b7a12de","settings":{"space":{"unit":"px","size":70,"sizes":[]}},"elements":[],"isInner":false,"widgetType":"spacer","elType":"widget"}],"isInner":false,"elType":"column"}],"isInner":false,"elType":"section"},{"id":"44f865f8","settings":{"layout":"full_width","gap":"extended"},"elements":[{"id":"11511498","settings":{"_column_size":100,"_inline_size":null},"elements":[{"id":"43eca453","settings":{"banners_background_image":{"id":4238,"url":"http:\/\/demo2.drfuri.com\/martfury19\/wp-content\/uploads\/sites\/60\/2020\/05\/banner-app-bg.jpg"},"banners_background_repeat":"no-repeat","banners_background_size":"cover","image":{"id":4239,"url":"http:\/\/localhost\/martfury5\/wp-content\/uploads\/sites\/17\/2020\/05\/banner-app-image.png"},"title":"Buy Medicines Faster With One Tap Away","form":"436","btn_settings":[{"btn_image":{"id":4240,"url":"http:\/\/localhost\/martfury5\/wp-content\/uploads\/sites\/17\/2020\/05\/google-play.png"},"button_link":{"url":"#","is_external":true,"nofollow":true,"custom_attributes":""},"_id":"965c606"},{"btn_image":{"id":4241,"url":"http:\/\/localhost\/martfury5\/wp-content\/uploads\/sites\/17\/2020\/05\/app-store.png"},"button_link":{"url":"#","is_external":true,"nofollow":true,"custom_attributes":""},"_id":"8b23211"}],"main_content_width":{"unit":"%","size":"","sizes":[]},"description":"<div>Search & buy medicines faster on your mobile<\/div>","button_h_spacing":{"unit":"px","size":"","sizes":[]},"banners_background_position_tablet":"center center","banners_background_size_tablet":"auto","banners_background_position_mobile":"center left","banners_background_size_mobile":"cover","button_box_alignment_mobile":"row","button_box_vertical_align_mobile":"flex-start","button_box_horizontal_align_mobile":"center","title_typography_typography":"custom","title_typography_font_size_mobile":{"unit":"px","size":24,"sizes":[]}},"elements":[],"isInner":false,"widgetType":"martfury-banner-app","elType":"widget"}],"isInner":false,"elType":"column"}],"isInner":false,"elType":"section"},{"id":"27e611e7","settings":[],"elements":[{"id":"2234de11","settings":{"_column_size":100,"_inline_size":null},"elements":[{"id":"2f6dd59c","settings":{"space":{"unit":"px","size":70,"sizes":[]}},"elements":[],"isInner":false,"widgetType":"spacer","elType":"widget"}],"isInner":false,"elType":"column"}],"isInner":false,"elType":"section"},{"id":"26c09b99","settings":{"layout":"full_width","padding":{"unit":"px","top":"0","right":"15","bottom":"0","left":"15","isLinked":false}},"elements":[{"id":"7a5bf2b3","settings":{"_column_size":100,"_inline_size":null,"background_background":"classic","background_color":"#FFFFFF","padding":{"unit":"px","top":"35","right":"40","bottom":"0","left":"40","isLinked":false},"padding_mobile":{"unit":"px","top":"20","right":"15","bottom":"20","left":"15","isLinked":false}},"elements":[{"id":"4ea0e9bd","settings":{"title":"Advice From Health Experts","links_group":[],"view_all_text":"View All Articles","per_page":4,"columns":"4","heading_padding":{"unit":"px","top":"0","right":"0","bottom":"4","left":"0","isLinked":false},"heading_border_style":"none","title_typography_typography":"custom","title_typography_font_size":{"unit":"px","size":24,"sizes":[]},"title_typography_font_weight":"400","image_custom_dimension":{"width":"100","height":"100"},"show_post_links_mobile":"none","post_link_typography_typography":"custom","post_link_typography_font_size_mobile":{"unit":"px","size":0,"sizes":[]}},"elements":[],"isInner":false,"widgetType":"martfury-post-grid","elType":"widget"},{"id":"25ca48c7","settings":{"space":{"unit":"px","size":5,"sizes":[]}},"elements":[],"isInner":false,"widgetType":"spacer","elType":"widget"}],"isInner":false,"elType":"column"}],"isInner":false,"elType":"section"},{"id":"7baa520a","settings":{"layout":"full_width","gap":"extended","padding":{"unit":"px","top":"70","right":"70","bottom":"70","left":"70","isLinked":false},"padding_tablet":{"unit":"px","top":"50","right":"30","bottom":"50","left":"30","isLinked":false},"padding_mobile":{"unit":"px","top":"50","right":"0","bottom":"50","left":"0","isLinked":false}},"elements":[{"id":"426071fe","settings":{"_column_size":100,"_inline_size":null},"elements":[{"id":"663a340d","settings":{"title":"Martfury - Your One-Stop Online Pharmacy","header_size":"h3","title_color":"#000000","typography_typography":"custom","typography_font_size":{"unit":"px","size":18,"sizes":[]},"typography_font_weight":"600","_margin":{"unit":"px","top":"0","right":"0","bottom":"20","left":"0","isLinked":false}},"elements":[],"isInner":false,"widgetType":"heading","elType":"widget"},{"id":"22423bfb","settings":{"editor":"<div>With a dynamic legacy of over 100 years in the pharma business, it comes as no surprise that Martfury.com is the first choice of over 4 million+ satisfied customers when it comes to an online pharmacy in USA. Martfury.com has a pan USA presence as we deliver health care essentials to every state in the country. We take your health seriously at Martfury.com. Be it purchasing medicines online, lab tests or online doctor consultations, we've got it all covered for our customers! Martfury provides added advantages which include:<\/div>","_margin":{"unit":"px","top":"0","right":"0","bottom":"17","left":"0","isLinked":false}},"elements":[],"isInner":false,"widgetType":"text-editor","elType":"widget"},{"id":"2757d4c9","settings":{"editor":"- Automated prescription refill: Set up scheduled refills for your online medicine orders and never worry about running out of your meds <br>\n- Doorstep delivery: No more trips to the pharmacy, with on-time delivery of your medicines right to your doorstep <br>\n- Medicine order history: No more scrolling through pages to find what you need. Just check your medicine order history and re-order <br>\n- Exclusive offers and discounts: Enjoy cashbacks, flat discounts and other exclusive offers on your medicine orders","text_color":"#000000","_margin":{"unit":"px","top":"0","right":"0","bottom":"37","left":"0","isLinked":false}},"elements":[],"isInner":false,"widgetType":"text-editor","elType":"widget"},{"id":"a28fb74","settings":{"title":"Get every medicine on time & everytime:","header_size":"h3","title_color":"#000000","typography_typography":"custom","typography_font_size":{"unit":"px","size":16,"sizes":[]},"typography_font_weight":"600","_margin":{"unit":"px","top":"0","right":"0","bottom":"5","left":"0","isLinked":false}},"elements":[],"isInner":false,"widgetType":"heading","elType":"widget"},{"id":"51896f97","settings":{"editor":"<div>When you purchase medicines on Martfury, you can be assured that you will get the medicines you order. Our trained pharmacists, partner pharmacies and medical stores ensure that your medicines are delivered to you on time, anywhere in USA*. Practo is powered by intelligent systems that remembers all the medicines you ordered online and makes sure they're always available whenever you need them. So, you'll always find your medicines on Martfuy's online pharmacy, anywhere in USA*.<\/div>","_margin":{"unit":"px","top":"0","right":"0","bottom":"27","left":"0","isLinked":false}},"elements":[],"isInner":false,"widgetType":"text-editor","elType":"widget"},{"id":"587b4874","settings":{"title":"Buy Fitness and Wellness Products:","header_size":"h3","title_color":"#000000","typography_typography":"custom","typography_font_size":{"unit":"px","size":16,"sizes":[]},"typography_font_weight":"600","_margin":{"unit":"px","top":"0","right":"0","bottom":"5","left":"0","isLinked":false}},"elements":[],"isInner":false,"widgetType":"heading","elType":"widget"},{"id":"10a83f7a","settings":{"editor":"<div>When you\u2019re doing your best to stay fit and healthy, you shouldn\u2019t have to worry about having everything you need to do so. With Martfury Pharmacy, you can order everything you need to stay in shape and take care of yourself. From fitness enthusiasts in need of protein supplements or health drinks, to health conscious individuals looking for herbal supplements, health food and vitamin supplements.<\/div>","_margin":{"unit":"px","top":"0","right":"0","bottom":"27","left":"0","isLinked":false}},"elements":[],"isInner":false,"widgetType":"text-editor","elType":"widget"},{"id":"57eb758d","settings":{"title":"Buy Personal Care Products:","header_size":"h3","title_color":"#000000","typography_typography":"custom","typography_font_size":{"unit":"px","size":16,"sizes":[]},"typography_font_weight":"600","_margin":{"unit":"px","top":"0","right":"0","bottom":"5","left":"0","isLinked":false}},"elements":[],"isInner":false,"widgetType":"heading","elType":"widget"},{"id":"50835d61","settings":{"editor":"<div>Giving your body the care it needs just got a whole lot simple. Choose from an extensive list of personal care products that includes top brands like Pantene, Himalaya, Neutrogena, Brylcreem, Durex and Karmasutra. Find products for skin care, hair care and lip care, as well as products for more intimate purposes like sexual wellness.<\/div>","_margin":{"unit":"px","top":"0","right":"0","bottom":"27","left":"0","isLinked":false}},"elements":[],"isInner":false,"widgetType":"text-editor","elType":"widget"},{"id":"4ac059cc","settings":{"title":"Buy Health Devices & Surgical Supplies:","header_size":"h3","title_color":"#000000","typography_typography":"custom","typography_font_size":{"unit":"px","size":16,"sizes":[]},"typography_font_weight":"600","_margin":{"unit":"px","top":"0","right":"0","bottom":"5","left":"0","isLinked":false}},"elements":[],"isInner":false,"widgetType":"heading","elType":"widget"},{"id":"5819d283","settings":{"editor":"<div>Good healthcare begins at home. Keep your first-aid kits stocked with thermometer, bandages, antiseptic solutions, mosquito repellent and other essential medical equipment such as health monitors and weighing scales.<\/div>","_margin":{"unit":"px","top":"0","right":"0","bottom":"27","left":"0","isLinked":false}},"elements":[],"isInner":false,"widgetType":"text-editor","elType":"widget"},{"id":"475e1e72","settings":{"title":"Buy Ayurvedic Medicines:","header_size":"h3","title_color":"#000000","typography_typography":"custom","typography_font_size":{"unit":"px","size":16,"sizes":[]},"typography_font_weight":"600","_margin":{"unit":"px","top":"0","right":"0","bottom":"5","left":"0","isLinked":false}},"elements":[],"isInner":false,"widgetType":"heading","elType":"widget"},{"id":"686d958f","settings":{"editor":"<div>Searching for ayurvedic medicines? Avail the benefits of traditional medicine created right here in USA, with products formulated for stomach care, liver care, sexual wellness and more<\/div>"},"elements":[],"isInner":false,"widgetType":"text-editor","elType":"widget"}],"isInner":false,"elType":"column"}],"isInner":false,"elType":"section"}],"page_settings":{"background_background":"classic","background_repeat":"repeat","background_color":"#EEEEEE"}}