{"version":"0.4","title":"Home Medical Mobile","type":"page","content":[{"id":"62b367e4","settings":{"gap":"extended","margin":{"unit":"px","top":"15","right":0,"bottom":"15","left":0,"isLinked":false}},"elements":[{"id":"6d663b82","settings":{"_column_size":100,"_inline_size":null,"_inline_size_tablet":100},"elements":[{"id":"15d3cff5","settings":{"slides":[{"subtitle":"COVID-19 PREVENT","heading":"<strong>ESSENTIAL PRODUCTS<\/strong>\n<br>IN THE PANDEMIC","description":"<p>Drugs that enhance resistance and the<\/p><p>support items to prevent the Corona virus<\/p>","button_text":"Shop Now","background_color":"#f4f5f5","_id":"2f77908","background_image":{"id":4219,"url":"http:\/\/demo2.drfuri.com\/martfury19\/wp-content\/uploads\/sites\/60\/2020\/05\/s1.jpg"},"background_image_tablet":{"url":"","id":""},"background_image_mobile":{"url":"","id":""},"background_size":"cover","background_size_tablet":"","background_size_mobile":"","background_position":"","background_position_tablet":"","background_position_mobile":"","background_position_custom":{"unit":"px","top":"","right":"","bottom":"","left":"","isLinked":true},"background_position_custom_tablet":{"unit":"px","top":"","right":"","bottom":"","left":"","isLinked":true},"background_position_custom_mobile":{"unit":"px","top":"","right":"","bottom":"","left":"","isLinked":true},"background_ken_burns":"","zoom_direction":"in","background_overlay":"","background_overlay_color":"rgba(0,0,0,0.5)","background_overlay_blend_mode":"","link":{"url":"","is_external":"","nofollow":"","custom_attributes":""},"link_click":"button","price_box_type":"text","price_box_text":"","price_box_image":{"url":"","id":""},"price_box_image_size":"full","price_box_image_custom_dimension":{"width":"","height":""},"custom_style":"yes","horizontal_position":"center","vertical_position":"middle","text_align":"left","subtitle_custom_color":"#FFFFFF","heading_custom_color":"","content_custom_color":"","button_custom_color":"","button_custom_bg_color":"","price_box_custom_color":"","price_box_custom_bg_color":"","subtitle_custom_bg_color":"#E0673D"},{"subtitle":"BEST SELLER","heading":"<strong>BETTER PROTEIN.<\/strong><br>\n<strong style=\"color:#e0673d\">BETTER MUSCLE HEALTH<\/strong>","description":"<p>Increase your muscle health faster<\/p>","button_text":"Shop Now","background_color":"#f4f5f5","_id":"4d3e845","background_image":{"id":4220,"url":"http:\/\/demo2.drfuri.com\/martfury19\/wp-content\/uploads\/sites\/60\/2020\/05\/s2..jpg"},"background_image_tablet":{"url":"","id":""},"background_image_mobile":{"url":"","id":""},"background_size":"cover","background_size_tablet":"","background_size_mobile":"cover","background_position":"","background_position_tablet":"","background_position_mobile":"center center","background_position_custom":{"unit":"px","top":"","right":"","bottom":"","left":"","isLinked":true},"background_position_custom_tablet":{"unit":"px","top":"","right":"","bottom":"","left":"","isLinked":true},"background_position_custom_mobile":{"unit":"px","top":"","right":"","bottom":"","left":"","isLinked":true},"background_ken_burns":"","zoom_direction":"in","background_overlay":"","background_overlay_color":"rgba(0,0,0,0.5)","background_overlay_blend_mode":"","link":{"url":"","is_external":"","nofollow":"","custom_attributes":""},"link_click":"button","price_box_type":"text","price_box_text":"","price_box_image":{"url":"","id":""},"price_box_image_size":"full","price_box_image_custom_dimension":{"width":"","height":""},"custom_style":"yes","horizontal_position":"center","vertical_position":"","text_align":"center","subtitle_custom_color":"","heading_custom_color":"#28AFB1","content_custom_color":"#000000","button_custom_color":"#FFFFFF","button_custom_bg_color":"#E0673D","price_box_custom_color":"","price_box_custom_bg_color":"","subtitle_custom_bg_color":""},{"subtitle":"FAST HEALTHCARE","heading":"Reliable on time<br>\nhome delivery","description":"<p>Our in-house pharmacists ensure your medicines<\/p><p>reach you when you need them<\/p>","button_text":"Shop Now","background_color":"#f4f5f5","_id":"3f0e8cb","background_image":{"id":4221,"url":"http:\/\/demo2.drfuri.com\/martfury19\/wp-content\/uploads\/sites\/60\/2020\/05\/s3.jpg"},"background_image_tablet":{"url":"","id":""},"background_image_mobile":{"url":"","id":""},"background_size":"cover","background_size_tablet":"","background_size_mobile":"","background_position":"","background_position_tablet":"","background_position_mobile":"","background_position_custom":{"unit":"px","top":"","right":"","bottom":"","left":"","isLinked":true},"background_position_custom_tablet":{"unit":"px","top":"","right":"","bottom":"","left":"","isLinked":true},"background_position_custom_mobile":{"unit":"px","top":"","right":"","bottom":"","left":"","isLinked":true},"background_ken_burns":"","zoom_direction":"in","background_overlay":"","background_overlay_color":"rgba(0,0,0,0.5)","background_overlay_blend_mode":"","link":{"url":"","is_external":"","nofollow":"","custom_attributes":""},"link_click":"button","price_box_type":"text","price_box_text":"","price_box_image":{"url":"","id":""},"price_box_image_size":"full","price_box_image_custom_dimension":{"width":"","height":""},"custom_style":"yes","horizontal_position":"center","vertical_position":"","text_align":"","subtitle_custom_color":"#FFFFFF","heading_custom_color":"","content_custom_color":"","button_custom_color":"#FFFFFF","button_custom_bg_color":"#28AFB1","price_box_custom_color":"","price_box_custom_bg_color":"","subtitle_custom_bg_color":"#E0673D"}],"slides_height":{"unit":"px","size":320,"sizes":[]},"autoplay":"","navigation":"arrows","subtitle_color":"#999999","heading_color":"#FFFFFF","heading_typography_typography":"custom","heading_typography_font_weight":"400","heading_typography_line_height":{"unit":"em","size":1.1,"sizes":[]},"description_color":"#FFFFFF","button_text_color":"#28AFB1","button_background_color":"#FFFFFF","arrows_position":"outside","arrows_hover_background_color":"#FFFFFF","navigation_mobile":"dots","content_max_width_mobile":{"unit":"%","size":100,"sizes":[]},"slides_horizontal_position":"left","heading_spacing":{"unit":"px","size":12,"sizes":[]},"heading_typography_font_size_mobile":{"unit":"px","size":24,"sizes":[]},"description_typography_typography":"custom","description_typography_font_size_mobile":{"unit":"px","size":0,"sizes":[]},"button_spacing":{"unit":"px","size":0,"sizes":[]},"slides_padding_mobile":{"unit":"px","top":"15","right":"15","bottom":"15","left":"15","isLinked":true}},"elements":[],"isInner":false,"widgetType":"martfury-slides","elType":"widget"}],"isInner":false,"elType":"column"}],"isInner":false,"elType":"section"},{"id":"13cde142","settings":{"gap":"extended","structure":"20"},"elements":[{"id":"52b8a892","settings":{"_column_size":50,"_inline_size":null,"_inline_size_mobile":50,"padding":{"unit":"px","top":"0","right":"0","bottom":"0","left":"15","isLinked":false}},"elements":[{"id":"5d116a46","settings":{"title":"Women\u2019s<br>Mutilvitamin<br>by EXP","desc":"<p>Shop Now<\/p>","price":"","image":{"id":4222,"url":"http:\/\/demo2.drfuri.com\/martfury19\/wp-content\/uploads\/sites\/60\/2020\/05\/b1.jpg"},"height":{"unit":"px","size":157,"sizes":[]},"heading_typography_typography":"custom","heading_typography_font_size":{"unit":"px","size":16,"sizes":[]},"heading_typography_line_height":{"unit":"em","size":1.2,"sizes":[]},"background_color":"#FFFFFF","banner_bg_position_tablet":"right bottom","banner_bg_size_tablet":"auto","banner_padding_mobile":{"unit":"px","top":"10","right":"10","bottom":"10","left":"10","isLinked":true},"banner_padding":{"unit":"px","top":"15","right":"15","bottom":"15","left":"15","isLinked":true},"banner_bg_position_mobile":"center top","banner_bg_position_custom_mobile":{"unit":"%","top":"37","right":0,"bottom":0,"left":"40","isLinked":false},"banner_border_border":"solid","banner_border_width":{"unit":"px","top":"1","right":"1","bottom":"1","left":"1","isLinked":true},"banner_border_color":"rgba(0, 0, 0, 0.15)","description_typography_typography":"custom","description_typography_font_size":{"unit":"px","size":12,"sizes":[]},"description_typography_font_weight":"600"},"elements":[],"isInner":false,"widgetType":"martfury-banner-small","elType":"widget"}],"isInner":false,"elType":"column"},{"id":"5248e3ca","settings":{"_column_size":50,"_inline_size":null,"_inline_size_mobile":50,"padding":{"unit":"px","top":"0","right":"15","bottom":"0","left":"0","isLinked":false}},"elements":[{"id":"75e0b215","settings":{"title":"Omron Blood <br>Pressure Monitor<br>Upper Arm","desc":"<p>Shop Now<\/p>","price":"","image":{"id":4223,"url":"http:\/\/demo2.drfuri.com\/martfury19\/wp-content\/uploads\/sites\/60\/2020\/05\/b2.jpg"},"height":{"unit":"px","size":157,"sizes":[]},"heading_typography_typography":"custom","heading_typography_font_size":{"unit":"px","size":16,"sizes":[]},"heading_typography_line_height":{"unit":"em","size":1.2,"sizes":[]},"background_color":"#FFFFFF","banner_bg_position_tablet":"right bottom","banner_bg_size_tablet":"auto","banner_padding_mobile":{"unit":"px","top":"10","right":"10","bottom":"10","left":"10","isLinked":true},"banner_padding":{"unit":"px","top":"15","right":"15","bottom":"15","left":"15","isLinked":true},"banner_bg_position_mobile":"center top","banner_bg_size_mobile":"auto","banner_border_border":"solid","banner_border_width":{"unit":"px","top":"1","right":"1","bottom":"1","left":"1","isLinked":true},"banner_border_color":"rgba(0, 0, 0, 0.15)","heading_color":"#FFFFFF","description_color":"#FFFFFF","description_typography_typography":"custom","description_typography_font_size":{"unit":"px","size":12,"sizes":[]},"description_typography_font_weight":"600"},"elements":[],"isInner":false,"widgetType":"martfury-banner-small","elType":"widget"}],"isInner":false,"elType":"column"}],"isInner":false,"elType":"section"},{"id":"42a7cd29","settings":[],"elements":[{"id":"668bcc26","settings":{"_column_size":100,"_inline_size":null},"elements":[{"id":"d95b2c8","settings":{"space":{"unit":"px","size":15,"sizes":[]}},"elements":[],"isInner":false,"widgetType":"spacer","elType":"widget"}],"isInner":false,"elType":"column"}],"isInner":false,"elType":"section"},{"id":"6cc39a3","settings":{"background_background":"classic","gap":"no","padding_mobile":{"unit":"px","top":"0","right":"15","bottom":"0","left":"15","isLinked":false}},"elements":[{"id":"6800378e","settings":{"_column_size":100,"_inline_size":null,"background_background":"classic","background_color":"#FFFFFF","padding":{"unit":"px","top":"15","right":"15","bottom":"15","left":"15","isLinked":true},"padding_mobile":{"unit":"px","top":"20","right":"15","bottom":"40","left":"15","isLinked":false}},"elements":[{"id":"7f25fbe2","settings":{"title":"Shop By Category","title_color":"#000000","typography_typography":"custom","typography_font_size":{"unit":"px","size":24,"sizes":[]},"typography_font_weight":"400"},"elements":[],"isInner":false,"widgetType":"heading","elType":"widget"},{"id":"11a20b4c","settings":{"space":{"unit":"px","size":20,"sizes":[]}},"elements":[],"isInner":false,"widgetType":"spacer","elType":"widget"},{"id":"23b7054e","settings":{"gap":"extended","structure":"60","padding_mobile":{"unit":"px","top":"0","right":"12.5","bottom":"0","left":"12.5","isLinked":false}},"elements":[{"id":"3cb0c45d","settings":{"_column_size":16,"_inline_size":16.66,"_inline_size_tablet":33.33,"_inline_size_mobile":50,"padding_mobile":{"unit":"px","top":"2.5","right":"2.5","bottom":"2.5","left":"2.5","isLinked":false}},"elements":[{"id":"80511bc","settings":{"image":{"id":4224,"url":"http:\/\/localhost\/martfury5\/wp-content\/uploads\/sites\/17\/2020\/05\/image-box-1.jpg"},"image_position":"top","title":"Ayush","show_subtitles":"none","subtitles":[{"title":"Subtitle 1","_id":"e92d22c","link":{"url":"#","is_external":true,"nofollow":true,"custom_attributes":""}},{"title":"Subtitle 2","_id":"89f14e2","link":{"url":"#","is_external":true,"nofollow":true,"custom_attributes":""}},{"title":"Subtitle 3","_id":"00dd60c","link":{"url":"#","is_external":true,"nofollow":true,"custom_attributes":""}},{"title":"Subtitle 4","_id":"a989fc4","link":{"url":"#","is_external":true,"nofollow":true,"custom_attributes":""}}],"show_extra_link":"none","background_color":"rgba(2, 1, 1, 0)","border_color":"rgba(0, 0, 0, 0.15)","hover_border_color":"#28AFB1","text_align":"center","content_padding":{"unit":"px","top":"4","right":"0","bottom":"4","left":"0","isLinked":false},"title_typography_typography":"custom","title_typography_font_weight":"400","border_width":{"unit":"px","top":"1","right":"1","bottom":"1","left":"1","isLinked":true},"border_width_mobile":{"unit":"px","top":"1","right":"1","bottom":"1","left":"1","isLinked":true},"title_typography_font_size_mobile":{"unit":"px","size":14,"sizes":[]}},"elements":[],"isInner":false,"widgetType":"martfury-image-box","elType":"widget"}],"isInner":true,"elType":"column"},{"id":"508a51ca","settings":{"_column_size":16,"_inline_size":16.66,"_inline_size_tablet":33.33,"_inline_size_mobile":50,"padding_mobile":{"unit":"px","top":"2.5","right":"2.5","bottom":"2.5","left":"2.5","isLinked":true}},"elements":[{"id":"48a3370d","settings":{"image":{"id":4225,"url":"http:\/\/localhost\/martfury5\/wp-content\/uploads\/sites\/17\/2020\/05\/image-box-2.jpg"},"image_position":"top","title":"Fitness","show_subtitles":"none","subtitles":[{"title":"Subtitle 1","_id":"e92d22c","link":{"url":"#","is_external":true,"nofollow":true,"custom_attributes":""}},{"title":"Subtitle 2","_id":"89f14e2","link":{"url":"#","is_external":true,"nofollow":true,"custom_attributes":""}},{"title":"Subtitle 3","_id":"00dd60c","link":{"url":"#","is_external":true,"nofollow":true,"custom_attributes":""}},{"title":"Subtitle 4","_id":"a989fc4","link":{"url":"#","is_external":true,"nofollow":true,"custom_attributes":""}}],"show_extra_link":"none","background_color":"rgba(2, 1, 1, 0)","border_color":"rgba(0, 0, 0, 0.15)","hover_border_color":"#28AFB1","text_align":"center","content_padding":{"unit":"px","top":"4","right":"0","bottom":"4","left":"0","isLinked":false},"title_typography_typography":"custom","title_typography_font_weight":"400","border_width":{"unit":"px","top":"1","right":"1","bottom":"1","left":"1","isLinked":true},"border_width_mobile":{"unit":"px","top":"1","right":"1","bottom":"1","left":"1","isLinked":true},"title_typography_font_size_mobile":{"unit":"px","size":14,"sizes":[]}},"elements":[],"isInner":false,"widgetType":"martfury-image-box","elType":"widget"}],"isInner":true,"elType":"column"},{"id":"b7bfa9d","settings":{"_column_size":16,"_inline_size":16.66,"_inline_size_tablet":33.33,"_inline_size_mobile":50,"padding_mobile":{"unit":"px","top":"2.5","right":"2.5","bottom":"2.5","left":"2.5","isLinked":true}},"elements":[{"id":"15ae10eb","settings":{"image":{"id":4226,"url":"http:\/\/localhost\/martfury5\/wp-content\/uploads\/sites\/17\/2020\/05\/image-box-3.jpg"},"image_position":"top","title":"Personal Care","show_subtitles":"none","subtitles":[{"title":"Subtitle 1","_id":"e92d22c","link":{"url":"#","is_external":true,"nofollow":true,"custom_attributes":""}},{"title":"Subtitle 2","_id":"89f14e2","link":{"url":"#","is_external":true,"nofollow":true,"custom_attributes":""}},{"title":"Subtitle 3","_id":"00dd60c","link":{"url":"#","is_external":true,"nofollow":true,"custom_attributes":""}},{"title":"Subtitle 4","_id":"a989fc4","link":{"url":"#","is_external":true,"nofollow":true,"custom_attributes":""}}],"show_extra_link":"none","background_color":"rgba(2, 1, 1, 0)","border_color":"rgba(0, 0, 0, 0.15)","hover_border_color":"#28AFB1","text_align":"center","content_padding":{"unit":"px","top":"4","right":"0","bottom":"4","left":"0","isLinked":false},"title_typography_typography":"custom","title_typography_font_weight":"400","border_width":{"unit":"px","top":"1","right":"1","bottom":"1","left":"1","isLinked":true},"border_width_mobile":{"unit":"px","top":"1","right":"1","bottom":"1","left":"1","isLinked":true},"title_typography_font_size_mobile":{"unit":"px","size":14,"sizes":[]}},"elements":[],"isInner":false,"widgetType":"martfury-image-box","elType":"widget"}],"isInner":true,"elType":"column"},{"id":"1e40f3b5","settings":{"_column_size":16,"_inline_size":16.66,"_inline_size_tablet":33.33,"_inline_size_mobile":50,"padding_mobile":{"unit":"px","top":"2.5","right":"2.5","bottom":"2.5","left":"2.5","isLinked":true}},"elements":[{"id":"7d9a3d08","settings":{"image":{"id":4227,"url":"http:\/\/localhost\/martfury5\/wp-content\/uploads\/sites\/17\/2020\/05\/image-box-4.jpg"},"image_position":"top","title":"Family Care","show_subtitles":"none","subtitles":[{"title":"Subtitle 1","_id":"e92d22c","link":{"url":"#","is_external":true,"nofollow":true,"custom_attributes":""}},{"title":"Subtitle 2","_id":"89f14e2","link":{"url":"#","is_external":true,"nofollow":true,"custom_attributes":""}},{"title":"Subtitle 3","_id":"00dd60c","link":{"url":"#","is_external":true,"nofollow":true,"custom_attributes":""}},{"title":"Subtitle 4","_id":"a989fc4","link":{"url":"#","is_external":true,"nofollow":true,"custom_attributes":""}}],"show_extra_link":"none","background_color":"rgba(2, 1, 1, 0)","border_color":"rgba(0, 0, 0, 0.15)","hover_border_color":"#28AFB1","text_align":"center","content_padding":{"unit":"px","top":"4","right":"0","bottom":"4","left":"0","isLinked":false},"title_typography_typography":"custom","title_typography_font_weight":"400","border_width":{"unit":"px","top":"1","right":"1","bottom":"1","left":"1","isLinked":true},"border_width_mobile":{"unit":"px","top":"1","right":"1","bottom":"1","left":"1","isLinked":true},"title_typography_font_size_mobile":{"unit":"px","size":14,"sizes":[]}},"elements":[],"isInner":false,"widgetType":"martfury-image-box","elType":"widget"}],"isInner":true,"elType":"column"},{"id":"72a45784","settings":{"_column_size":16,"_inline_size":15.36,"_inline_size_tablet":33.33,"_inline_size_mobile":50,"padding_mobile":{"unit":"px","top":"2.5","right":"2.5","bottom":"2.5","left":"2.5","isLinked":true}},"elements":[{"id":"79024cf9","settings":{"image":{"id":4228,"url":"http:\/\/localhost\/martfury5\/wp-content\/uploads\/sites\/17\/2020\/05\/image-box-5.jpg"},"image_position":"top","title":"Lifestyle","show_subtitles":"none","subtitles":[{"title":"Subtitle 1","_id":"e92d22c","link":{"url":"#","is_external":true,"nofollow":true,"custom_attributes":""}},{"title":"Subtitle 2","_id":"89f14e2","link":{"url":"#","is_external":true,"nofollow":true,"custom_attributes":""}},{"title":"Subtitle 3","_id":"00dd60c","link":{"url":"#","is_external":true,"nofollow":true,"custom_attributes":""}},{"title":"Subtitle 4","_id":"a989fc4","link":{"url":"#","is_external":true,"nofollow":true,"custom_attributes":""}}],"show_extra_link":"none","background_color":"rgba(2, 1, 1, 0)","border_color":"rgba(0, 0, 0, 0.15)","hover_border_color":"#28AFB1","text_align":"center","content_padding":{"unit":"px","top":"4","right":"0","bottom":"4","left":"0","isLinked":false},"title_typography_typography":"custom","title_typography_font_weight":"400","border_width":{"unit":"px","top":"1","right":"1","bottom":"1","left":"1","isLinked":true},"border_width_mobile":{"unit":"px","top":"1","right":"1","bottom":"1","left":"1","isLinked":true},"title_typography_font_size_mobile":{"unit":"px","size":14,"sizes":[]}},"elements":[],"isInner":false,"widgetType":"martfury-image-box","elType":"widget"}],"isInner":true,"elType":"column"},{"id":"5c3c30c9","settings":{"_column_size":16,"_inline_size":16.66,"_inline_size_tablet":33.33,"_inline_size_mobile":50,"padding_mobile":{"unit":"px","top":"2.5","right":"2.5","bottom":"2.5","left":"2.5","isLinked":true}},"elements":[{"id":"412a54fa","settings":{"image":{"id":4229,"url":"http:\/\/localhost\/martfury5\/wp-content\/uploads\/sites\/17\/2020\/05\/image-box-6.jpg"},"image_position":"top","title":"Treatments","show_subtitles":"none","subtitles":[{"title":"Subtitle 1","_id":"e92d22c","link":{"url":"#","is_external":true,"nofollow":true,"custom_attributes":""}},{"title":"Subtitle 2","_id":"89f14e2","link":{"url":"#","is_external":true,"nofollow":true,"custom_attributes":""}},{"title":"Subtitle 3","_id":"00dd60c","link":{"url":"#","is_external":true,"nofollow":true,"custom_attributes":""}},{"title":"Subtitle 4","_id":"a989fc4","link":{"url":"#","is_external":true,"nofollow":true,"custom_attributes":""}}],"show_extra_link":"none","background_color":"rgba(2, 1, 1, 0)","border_color":"rgba(0, 0, 0, 0.15)","hover_border_color":"#28AFB1","text_align":"center","content_padding":{"unit":"px","top":"4","right":"0","bottom":"4","left":"0","isLinked":false},"title_typography_typography":"custom","title_typography_font_weight":"400","border_width":{"unit":"px","top":"1","right":"1","bottom":"1","left":"1","isLinked":true},"border_width_mobile":{"unit":"px","top":"1","right":"1","bottom":"1","left":"1","isLinked":true},"title_typography_font_size_mobile":{"unit":"px","size":14,"sizes":[]}},"elements":[],"isInner":false,"widgetType":"martfury-image-box","elType":"widget"}],"isInner":true,"elType":"column"}],"isInner":true,"elType":"section"}],"isInner":false,"elType":"column"}],"isInner":false,"elType":"section"},{"id":"26c2ffd9","settings":[],"elements":[{"id":"27fab1d6","settings":{"_column_size":100,"_inline_size":null},"elements":[{"id":"2dca969e","settings":{"space":{"unit":"px","size":15,"sizes":[]}},"elements":[],"isInner":false,"widgetType":"spacer","elType":"widget"}],"isInner":false,"elType":"column"}],"isInner":false,"elType":"section"},{"id":"729e0764","settings":{"gap":"no","padding_mobile":{"unit":"px","top":"0","right":"15","bottom":"0","left":"15","isLinked":false}},"elements":[{"id":"4dc01ec6","settings":{"_column_size":100,"_inline_size":null,"background_background":"classic","background_color":"#FFFFFF","padding":{"unit":"px","top":"15","right":"15","bottom":"15","left":"15","isLinked":true},"padding_mobile":{"unit":"px","top":"20","right":"15","bottom":"40","left":"15","isLinked":false}},"elements":[{"id":"3fb9e6bb","settings":{"title":"Deals Of The Day","ends_in":"Ends In","view_all_text":"View All","navigation":"dots","slidesToShow":"6","slidesToScroll":"6","heading_background_color":"#FFFFFF","heading_border_type":"none","progress_bar_active_bg_color":"#28AFB1","product_type":"sale","heading_title_typography_typography":"custom","heading_title_typography_font_size_mobile":{"unit":"px","size":20,"sizes":[]},"show_ends_in_mobile":"none","show_heading_view_all_mobile":"none"},"elements":[],"isInner":false,"widgetType":"martfury-product-deals-carousel","elType":"widget"}],"isInner":false,"elType":"column"}],"isInner":false,"elType":"section"},{"id":"36e7f9d7","settings":[],"elements":[{"id":"1eb4e745","settings":{"_column_size":100,"_inline_size":null},"elements":[{"id":"658f61b2","settings":{"space":{"unit":"px","size":15,"sizes":[]}},"elements":[],"isInner":false,"widgetType":"spacer","elType":"widget"}],"isInner":false,"elType":"column"}],"isInner":false,"elType":"section"},{"id":"19a3560d","settings":{"gap":"no","padding_mobile":{"unit":"px","top":"0","right":"15","bottom":"0","left":"15","isLinked":false}},"elements":[{"id":"3b9ba9f7","settings":{"_column_size":100,"_inline_size":null,"background_background":"classic","background_color":"#FFFFFF","padding":{"unit":"px","top":"15","right":"15","bottom":"30","left":"15","isLinked":false},"padding_mobile":{"unit":"px","top":"20","right":"15","bottom":"40","left":"15","isLinked":false}},"elements":[{"id":"6b99d917","settings":{"title":"Shop By Health","title_color":"#000000","typography_typography":"custom","typography_font_size":{"unit":"px","size":24,"sizes":[]},"typography_font_weight":"400","typography_line_height":{"unit":"em","size":1,"sizes":[]},"_margin":{"unit":"px","top":"0","right":"0","bottom":"0","left":"0","isLinked":false}},"elements":[],"isInner":false,"widgetType":"heading","elType":"widget"},{"id":"4b6b19cb","settings":{"space":{"unit":"px","size":25,"sizes":[]}},"elements":[],"isInner":false,"widgetType":"spacer","elType":"widget"},{"id":"7ba6a674","settings":{"layout":"full_width","gap":"no","structure":"40"},"elements":[{"id":"31ed47d","settings":{"_column_size":25,"_inline_size":null,"_inline_size_tablet":50,"_inline_size_mobile":50,"border_width_mobile":{"unit":"px","top":"1","right":"1","bottom":"1","left":"1","isLinked":true},"border_color":"rgba(0, 0, 0, 0.15)","padding":{"unit":"px","top":"0","right":"2.5","bottom":"0","left":"0","isLinked":false},"padding_mobile":{"unit":"px","top":"0","right":"2.5","bottom":"0","left":"0","isLinked":false}},"elements":[{"id":"1b3a4b3","settings":{"type":"custom_icon","custom_icon":{"value":{"url":"http:\/\/demo2.drfuri.com\/martfury19\/wp-content\/uploads\/sites\/60\/2020\/05\/Cancer.svg","id":4442},"library":"svg"},"title":"Cancer","desc":"","icon_font_size":{"unit":"px","size":37,"sizes":[]},"title_hover_color":"#28AFB1","image":{"id":4231,"url":"http:\/\/localhost\/martfury5\/wp-content\/uploads\/sites\/17\/2020\/05\/placeholder.png"},"title_typography_typography":"custom","title_typography_font_size":{"unit":"px","size":16,"sizes":[]},"title_typography_font_weight":"400","icon_position":"center","icon_position_mobile":"left","padding":{"unit":"px","top":"10","right":"0","bottom":"10","left":"0","isLinked":false},"padding_mobile":{"unit":"px","top":"10","right":"0","bottom":"10","left":"0","isLinked":false},"border_border":"solid","border_width":{"unit":"px","top":"1","right":"1","bottom":"1","left":"1","isLinked":true},"border_width_mobile":{"unit":"px","top":"1","right":"1","bottom":"1","left":"1","isLinked":true},"border_color":"rgba(0, 0, 0, 0.15)","title_typography_font_size_mobile":{"unit":"px","size":16,"sizes":[]}},"elements":[],"isInner":false,"widgetType":"mf-elementor-icon-box","elType":"widget"},{"id":"6c223bc4","settings":{"space":{"unit":"px","size":22,"sizes":[]},"space_mobile":{"unit":"px","size":5,"sizes":[]}},"elements":[],"isInner":false,"widgetType":"spacer","elType":"widget"},{"id":"3b29cc40","settings":{"type":"custom_icon","custom_icon":{"value":{"url":"http:\/\/demo2.drfuri.com\/martfury19\/wp-content\/uploads\/sites\/60\/2020\/05\/Respiratory.svg","id":4458},"library":"svg"},"title":"Respiratory","desc":"","icon_font_size":{"unit":"px","size":37,"sizes":[]},"title_hover_color":"#28AFB1","image":{"id":4231,"url":"http:\/\/localhost\/martfury5\/wp-content\/uploads\/sites\/17\/2020\/05\/placeholder.png"},"title_typography_typography":"custom","title_typography_font_size":{"unit":"px","size":16,"sizes":[]},"title_typography_font_weight":"400","icon_position":"center","padding":{"unit":"px","top":"10","right":"0","bottom":"10","left":"0","isLinked":false},"padding_mobile":{"unit":"px","top":"10","right":"0","bottom":"10","left":"0","isLinked":false},"border_border":"solid","border_width":{"unit":"px","top":"1","right":"1","bottom":"1","left":"1","isLinked":true},"border_width_mobile":{"unit":"px","top":"1","right":"1","bottom":"1","left":"1","isLinked":true},"border_color":"rgba(0, 0, 0, 0.15)","title_typography_font_size_mobile":{"unit":"px","size":16,"sizes":[]}},"elements":[],"isInner":false,"widgetType":"mf-elementor-icon-box","elType":"widget"},{"id":"ee5b70","settings":{"space":{"unit":"px","size":22,"sizes":[]},"space_mobile":{"unit":"px","size":5,"sizes":[]}},"elements":[],"isInner":false,"widgetType":"spacer","elType":"widget"},{"id":"74a5c8df","settings":{"type":"custom_icon","custom_icon":{"value":{"url":"http:\/\/demo2.drfuri.com\/martfury19\/wp-content\/uploads\/sites\/60\/2020\/05\/Pregnant.svg","id":4457},"library":"svg"},"title":"Pregnantation","desc":"","icon_font_size":{"unit":"px","size":37,"sizes":[]},"title_hover_color":"#28AFB1","image":{"id":4231,"url":"http:\/\/localhost\/martfury5\/wp-content\/uploads\/sites\/17\/2020\/05\/placeholder.png"},"title_typography_typography":"custom","title_typography_font_size":{"unit":"px","size":16,"sizes":[]},"title_typography_font_weight":"400","icon_position":"center","padding":{"unit":"px","top":"10","right":"0","bottom":"10","left":"0","isLinked":false},"padding_mobile":{"unit":"px","top":"10","right":"0","bottom":"10","left":"0","isLinked":false},"border_border":"solid","border_width":{"unit":"px","top":"1","right":"1","bottom":"1","left":"1","isLinked":true},"border_width_mobile":{"unit":"px","top":"1","right":"1","bottom":"1","left":"1","isLinked":true},"border_color":"rgba(0, 0, 0, 0.15)","title_typography_font_size_mobile":{"unit":"px","size":16,"sizes":[]}},"elements":[],"isInner":false,"widgetType":"mf-elementor-icon-box","elType":"widget"},{"id":"7c2b75a5","settings":{"space":{"unit":"px","size":22,"sizes":[]},"space_mobile":{"unit":"px","size":5,"sizes":[]}},"elements":[],"isInner":false,"widgetType":"spacer","elType":"widget"},{"id":"8b086a7","settings":{"type":"custom_icon","custom_icon":{"value":{"url":"http:\/\/demo2.drfuri.com\/martfury19\/wp-content\/uploads\/sites\/60\/2020\/05\/Immunization.svg","id":4449},"library":"svg"},"title":"Immunization","desc":"","icon_font_size":{"unit":"px","size":37,"sizes":[]},"title_hover_color":"#28AFB1","image":{"id":4231,"url":"http:\/\/localhost\/martfury5\/wp-content\/uploads\/sites\/17\/2020\/05\/placeholder.png"},"title_typography_typography":"custom","title_typography_font_size":{"unit":"px","size":16,"sizes":[]},"title_typography_font_weight":"400","icon_position":"center","padding":{"unit":"px","top":"10","right":"0","bottom":"10","left":"0","isLinked":false},"padding_mobile":{"unit":"px","top":"10","right":"0","bottom":"10","left":"0","isLinked":false},"border_border":"solid","border_width":{"unit":"px","top":"1","right":"1","bottom":"1","left":"1","isLinked":true},"border_width_mobile":{"unit":"px","top":"1","right":"1","bottom":"1","left":"1","isLinked":true},"border_color":"rgba(0, 0, 0, 0.15)","title_typography_font_size_mobile":{"unit":"px","size":16,"sizes":[]}},"elements":[],"isInner":false,"widgetType":"mf-elementor-icon-box","elType":"widget"},{"id":"33dec685","settings":{"space":{"unit":"px","size":22,"sizes":[]},"space_mobile":{"unit":"px","size":5,"sizes":[]}},"elements":[],"isInner":false,"widgetType":"spacer","elType":"widget"},{"id":"596e208","settings":{"type":"custom_icon","custom_icon":{"value":{"url":"http:\/\/demo2.drfuri.com\/martfury19\/wp-content\/uploads\/sites\/60\/2020\/05\/Dentomaxillofacial.svg","id":4444},"library":"svg"},"title":"Dentomax","desc":"","icon_font_size":{"unit":"px","size":37,"sizes":[]},"title_hover_color":"#28AFB1","image":{"id":4231,"url":"http:\/\/localhost\/martfury5\/wp-content\/uploads\/sites\/17\/2020\/05\/placeholder.png"},"title_typography_typography":"custom","title_typography_font_size":{"unit":"px","size":16,"sizes":[]},"title_typography_font_weight":"400","icon_position":"center","padding":{"unit":"px","top":"10","right":"0","bottom":"10","left":"0","isLinked":false},"padding_mobile":{"unit":"px","top":"10","right":"0","bottom":"10","left":"0","isLinked":false},"border_border":"solid","border_width":{"unit":"px","top":"1","right":"1","bottom":"1","left":"1","isLinked":true},"border_width_mobile":{"unit":"px","top":"1","right":"1","bottom":"1","left":"1","isLinked":true},"border_color":"rgba(0, 0, 0, 0.15)","title_typography_font_size_mobile":{"unit":"px","size":16,"sizes":[]}},"elements":[],"isInner":false,"widgetType":"mf-elementor-icon-box","elType":"widget"},{"id":"2dea4332","settings":{"space":{"unit":"px","size":22,"sizes":[]},"space_mobile":{"unit":"px","size":5,"sizes":[]}},"elements":[],"isInner":false,"widgetType":"spacer","elType":"widget"}],"isInner":true,"elType":"column"},{"id":"68cc15e6","settings":{"_column_size":25,"_inline_size":null,"_inline_size_tablet":50,"_inline_size_mobile":50,"margin_mobile":{"unit":"px","top":"0","right":"0","bottom":"0","left":"0","isLinked":false},"padding_mobile":{"unit":"px","top":"0","right":"2.5","bottom":"0","left":"2.5","isLinked":false},"padding":{"unit":"px","top":"0","right":"0","bottom":"0","left":"2.5","isLinked":false}},"elements":[{"id":"4048ce6d","settings":{"type":"custom_icon","custom_icon":{"value":{"url":"http:\/\/demo2.drfuri.com\/martfury19\/wp-content\/uploads\/sites\/60\/2020\/05\/Sexual.svg","id":4459},"library":"svg"},"title":"Sexual","desc":"","icon_font_size":{"unit":"px","size":37,"sizes":[]},"title_hover_color":"#28AFB1","image":{"id":4231,"url":"http:\/\/localhost\/martfury5\/wp-content\/uploads\/sites\/17\/2020\/05\/placeholder.png"},"title_typography_typography":"custom","title_typography_font_size":{"unit":"px","size":16,"sizes":[]},"title_typography_font_weight":"400","icon_position":"center","padding":{"unit":"px","top":"10","right":"0","bottom":"10","left":"0","isLinked":false},"padding_mobile":{"unit":"px","top":"10","right":"0","bottom":"10","left":"0","isLinked":false},"border_border":"solid","border_width":{"unit":"px","top":"1","right":"1","bottom":"1","left":"1","isLinked":true},"border_width_mobile":{"unit":"px","top":"1","right":"1","bottom":"1","left":"1","isLinked":true},"border_color":"rgba(0, 0, 0, 0.15)","title_typography_font_size_mobile":{"unit":"px","size":16,"sizes":[]}},"elements":[],"isInner":false,"widgetType":"mf-elementor-icon-box","elType":"widget"},{"id":"f728ae4","settings":{"space":{"unit":"px","size":22,"sizes":[]},"space_mobile":{"unit":"px","size":5,"sizes":[]}},"elements":[],"isInner":false,"widgetType":"spacer","elType":"widget"},{"id":"4e814bc5","settings":{"type":"custom_icon","custom_icon":{"value":{"url":"http:\/\/demo2.drfuri.com\/martfury19\/wp-content\/uploads\/sites\/60\/2020\/05\/Osteoarthritis.svg","id":4456},"library":"svg"},"title":"Osteoarthritis","desc":"","icon_font_size":{"unit":"px","size":37,"sizes":[]},"title_hover_color":"#28AFB1","image":{"id":4231,"url":"http:\/\/localhost\/martfury5\/wp-content\/uploads\/sites\/17\/2020\/05\/placeholder.png"},"title_typography_typography":"custom","title_typography_font_size":{"unit":"px","size":16,"sizes":[]},"title_typography_font_weight":"400","icon_position":"center","padding":{"unit":"px","top":"10","right":"0","bottom":"10","left":"0","isLinked":false},"padding_mobile":{"unit":"px","top":"10","right":"0","bottom":"10","left":"0","isLinked":false},"border_border":"solid","border_width":{"unit":"px","top":"1","right":"1","bottom":"1","left":"1","isLinked":true},"border_width_mobile":{"unit":"px","top":"1","right":"1","bottom":"1","left":"1","isLinked":true},"border_color":"rgba(0, 0, 0, 0.15)","title_typography_font_size_mobile":{"unit":"px","size":16,"sizes":[]}},"elements":[],"isInner":false,"widgetType":"mf-elementor-icon-box","elType":"widget"},{"id":"f2b64af","settings":{"space":{"unit":"px","size":22,"sizes":[]},"space_mobile":{"unit":"px","size":5,"sizes":[]}},"elements":[],"isInner":false,"widgetType":"spacer","elType":"widget"},{"id":"57423ffa","settings":{"type":"custom_icon","custom_icon":{"value":{"url":"http:\/\/demo2.drfuri.com\/martfury19\/wp-content\/uploads\/sites\/60\/2020\/05\/Kidney.svg","id":4451},"library":"svg"},"title":"Kidney","desc":"","icon_font_size":{"unit":"px","size":37,"sizes":[]},"title_hover_color":"#28AFB1","image":{"id":4231,"url":"http:\/\/localhost\/martfury5\/wp-content\/uploads\/sites\/17\/2020\/05\/placeholder.png"},"title_typography_typography":"custom","title_typography_font_size":{"unit":"px","size":16,"sizes":[]},"title_typography_font_weight":"400","icon_position":"center","padding":{"unit":"px","top":"10","right":"0","bottom":"10","left":"0","isLinked":false},"padding_mobile":{"unit":"px","top":"10","right":"0","bottom":"10","left":"0","isLinked":false},"border_border":"solid","border_width":{"unit":"px","top":"1","right":"1","bottom":"1","left":"1","isLinked":true},"border_width_mobile":{"unit":"px","top":"1","right":"1","bottom":"1","left":"1","isLinked":true},"border_color":"rgba(0, 0, 0, 0.15)","title_typography_font_size_mobile":{"unit":"px","size":16,"sizes":[]}},"elements":[],"isInner":false,"widgetType":"mf-elementor-icon-box","elType":"widget"},{"id":"18b9a810","settings":{"space":{"unit":"px","size":22,"sizes":[]},"space_mobile":{"unit":"px","size":5,"sizes":[]}},"elements":[],"isInner":false,"widgetType":"spacer","elType":"widget"},{"id":"4cf42da6","settings":{"type":"custom_icon","custom_icon":{"value":{"url":"http:\/\/demo2.drfuri.com\/martfury19\/wp-content\/uploads\/sites\/60\/2020\/05\/Liver.svg","id":4452},"library":"svg"},"title":"Hepatobiliary","desc":"","icon_font_size":{"unit":"px","size":37,"sizes":[]},"title_hover_color":"#28AFB1","image":{"id":4231,"url":"http:\/\/localhost\/martfury5\/wp-content\/uploads\/sites\/17\/2020\/05\/placeholder.png"},"title_typography_typography":"custom","title_typography_font_size":{"unit":"px","size":16,"sizes":[]},"title_typography_font_weight":"400","icon_position":"center","padding":{"unit":"px","top":"10","right":"0","bottom":"10","left":"0","isLinked":false},"padding_mobile":{"unit":"px","top":"10","right":"0","bottom":"10","left":"0","isLinked":false},"border_border":"solid","border_width":{"unit":"px","top":"1","right":"1","bottom":"1","left":"1","isLinked":true},"border_width_mobile":{"unit":"px","top":"1","right":"1","bottom":"1","left":"1","isLinked":true},"border_color":"rgba(0, 0, 0, 0.15)","title_typography_font_size_mobile":{"unit":"px","size":16,"sizes":[]}},"elements":[],"isInner":false,"widgetType":"mf-elementor-icon-box","elType":"widget"},{"id":"359b1f7a","settings":{"space":{"unit":"px","size":22,"sizes":[]},"space_mobile":{"unit":"px","size":5,"sizes":[]}},"elements":[],"isInner":false,"widgetType":"spacer","elType":"widget"},{"id":"349b4386","settings":{"type":"custom_icon","custom_icon":{"value":{"url":"http:\/\/demo2.drfuri.com\/martfury19\/wp-content\/uploads\/sites\/60\/2020\/05\/Nutrition.svg","id":4454},"library":"svg"},"title":"Nutrition","desc":"","icon_font_size":{"unit":"px","size":37,"sizes":[]},"title_hover_color":"#28AFB1","image":{"id":4231,"url":"http:\/\/localhost\/martfury5\/wp-content\/uploads\/sites\/17\/2020\/05\/placeholder.png"},"title_typography_typography":"custom","title_typography_font_size":{"unit":"px","size":16,"sizes":[]},"title_typography_font_weight":"400","icon_position":"center","padding":{"unit":"px","top":"10","right":"0","bottom":"10","left":"0","isLinked":false},"padding_mobile":{"unit":"px","top":"10","right":"0","bottom":"10","left":"0","isLinked":false},"border_border":"solid","border_width":{"unit":"px","top":"1","right":"1","bottom":"1","left":"1","isLinked":true},"border_width_mobile":{"unit":"px","top":"1","right":"1","bottom":"1","left":"1","isLinked":true},"border_color":"rgba(0, 0, 0, 0.15)","title_typography_font_size_mobile":{"unit":"px","size":16,"sizes":[]}},"elements":[],"isInner":false,"widgetType":"mf-elementor-icon-box","elType":"widget"},{"id":"4a5f73d6","settings":{"space":{"unit":"px","size":22,"sizes":[]},"space_mobile":{"unit":"px","size":5,"sizes":[]}},"elements":[],"isInner":false,"widgetType":"spacer","elType":"widget"}],"isInner":true,"elType":"column"},{"id":"599ff90c","settings":{"_column_size":25,"_inline_size":null,"_inline_size_tablet":50,"_inline_size_mobile":50,"padding":{"unit":"px","top":"0","right":"2.5","bottom":"0","left":"0","isLinked":false}},"elements":[{"id":"66a34755","settings":{"type":"custom_icon","custom_icon":{"value":{"url":"http:\/\/demo2.drfuri.com\/martfury19\/wp-content\/uploads\/sites\/60\/2020\/05\/Cardiac.svg","id":4443},"library":"svg"},"title":"Cardiac","desc":"","icon_font_size":{"unit":"px","size":37,"sizes":[]},"title_hover_color":"#28AFB1","image":{"id":4231,"url":"http:\/\/localhost\/martfury5\/wp-content\/uploads\/sites\/17\/2020\/05\/placeholder.png"},"title_typography_typography":"custom","title_typography_font_size":{"unit":"px","size":16,"sizes":[]},"title_typography_font_weight":"400","icon_position":"center","padding":{"unit":"px","top":"10","right":"0","bottom":"10","left":"0","isLinked":false},"padding_mobile":{"unit":"px","top":"10","right":"0","bottom":"10","left":"0","isLinked":false},"border_border":"solid","border_width":{"unit":"px","top":"1","right":"1","bottom":"1","left":"1","isLinked":true},"border_width_mobile":{"unit":"px","top":"1","right":"1","bottom":"1","left":"1","isLinked":true},"border_color":"rgba(0, 0, 0, 0.15)","title_typography_font_size_mobile":{"unit":"px","size":16,"sizes":[]}},"elements":[],"isInner":false,"widgetType":"mf-elementor-icon-box","elType":"widget"},{"id":"7c9c63b0","settings":{"space":{"unit":"px","size":22,"sizes":[]},"space_mobile":{"unit":"px","size":5,"sizes":[]}},"elements":[],"isInner":false,"widgetType":"spacer","elType":"widget"},{"id":"80ce6de","settings":{"type":"custom_icon","custom_icon":{"value":{"url":"http:\/\/demo2.drfuri.com\/martfury19\/wp-content\/uploads\/sites\/60\/2020\/05\/Ear.svg","id":4446},"library":"svg"},"title":"Ear, nose and throat","desc":"","icon_font_size":{"unit":"px","size":37,"sizes":[]},"title_hover_color":"#28AFB1","image":{"id":4231,"url":"http:\/\/localhost\/martfury5\/wp-content\/uploads\/sites\/17\/2020\/05\/placeholder.png"},"title_typography_typography":"custom","title_typography_font_size":{"unit":"px","size":16,"sizes":[]},"title_typography_font_weight":"400","icon_position":"center","padding":{"unit":"px","top":"10","right":"0","bottom":"10","left":"0","isLinked":false},"padding_mobile":{"unit":"px","top":"10","right":"0","bottom":"10","left":"0","isLinked":false},"border_border":"solid","border_width":{"unit":"px","top":"1","right":"1","bottom":"1","left":"1","isLinked":true},"border_width_mobile":{"unit":"px","top":"1","right":"1","bottom":"1","left":"1","isLinked":true},"border_color":"rgba(0, 0, 0, 0.15)","title_typography_font_size_mobile":{"unit":"px","size":16,"sizes":[]}},"elements":[],"isInner":false,"widgetType":"mf-elementor-icon-box","elType":"widget"},{"id":"2eefb9eb","settings":{"space":{"unit":"px","size":22,"sizes":[]},"space_mobile":{"unit":"px","size":5,"sizes":[]}},"elements":[],"isInner":false,"widgetType":"spacer","elType":"widget"},{"id":"2c63317","settings":{"type":"custom_icon","custom_icon":{"value":{"url":"http:\/\/demo2.drfuri.com\/martfury19\/wp-content\/uploads\/sites\/60\/2020\/05\/Infectious.svg","id":4450},"library":"svg"},"title":"Infectious","desc":"","icon_font_size":{"unit":"px","size":37,"sizes":[]},"title_hover_color":"#28AFB1","image":{"id":4231,"url":"http:\/\/localhost\/martfury5\/wp-content\/uploads\/sites\/17\/2020\/05\/placeholder.png"},"title_typography_typography":"custom","title_typography_font_size":{"unit":"px","size":16,"sizes":[]},"title_typography_font_weight":"400","icon_position":"center","padding":{"unit":"px","top":"10","right":"0","bottom":"10","left":"0","isLinked":false},"padding_mobile":{"unit":"px","top":"10","right":"0","bottom":"10","left":"0","isLinked":false},"border_border":"solid","border_width":{"unit":"px","top":"1","right":"1","bottom":"1","left":"1","isLinked":true},"border_width_mobile":{"unit":"px","top":"1","right":"1","bottom":"1","left":"1","isLinked":true},"border_color":"rgba(0, 0, 0, 0.15)","title_typography_font_size_mobile":{"unit":"px","size":16,"sizes":[]}},"elements":[],"isInner":false,"widgetType":"mf-elementor-icon-box","elType":"widget"},{"id":"6d57412f","settings":{"space":{"unit":"px","size":22,"sizes":[]},"space_mobile":{"unit":"px","size":5,"sizes":[]}},"elements":[],"isInner":false,"widgetType":"spacer","elType":"widget"},{"id":"3c45819e","settings":{"type":"custom_icon","custom_icon":{"value":{"url":"http:\/\/demo2.drfuri.com\/martfury19\/wp-content\/uploads\/sites\/60\/2020\/05\/Genetic.svg","id":4447},"library":"svg"},"title":"Genetic","desc":"","icon_font_size":{"unit":"px","size":37,"sizes":[]},"title_hover_color":"#28AFB1","image":{"id":4231,"url":"http:\/\/localhost\/martfury5\/wp-content\/uploads\/sites\/17\/2020\/05\/placeholder.png"},"title_typography_typography":"custom","title_typography_font_size":{"unit":"px","size":16,"sizes":[]},"title_typography_font_weight":"400","icon_position":"center","padding":{"unit":"px","top":"10","right":"0","bottom":"10","left":"0","isLinked":false},"padding_mobile":{"unit":"px","top":"10","right":"0","bottom":"10","left":"0","isLinked":false},"border_border":"solid","border_width":{"unit":"px","top":"1","right":"1","bottom":"1","left":"1","isLinked":true},"border_width_mobile":{"unit":"px","top":"1","right":"1","bottom":"1","left":"1","isLinked":true},"border_color":"rgba(0, 0, 0, 0.15)","title_typography_font_size_mobile":{"unit":"px","size":16,"sizes":[]}},"elements":[],"isInner":false,"widgetType":"mf-elementor-icon-box","elType":"widget"},{"id":"68804221","settings":{"space":{"unit":"px","size":22,"sizes":[]},"space_mobile":{"unit":"px","size":5,"sizes":[]}},"elements":[],"isInner":false,"widgetType":"spacer","elType":"widget"},{"id":"495007eb","settings":{"type":"custom_icon","custom_icon":{"value":{"url":"http:\/\/demo2.drfuri.com\/martfury19\/wp-content\/uploads\/sites\/60\/2020\/05\/Hematology.svg","id":4448},"library":"svg"},"title":"Hematology","desc":"","icon_font_size":{"unit":"px","size":37,"sizes":[]},"title_hover_color":"#28AFB1","image":{"id":4231,"url":"http:\/\/localhost\/martfury5\/wp-content\/uploads\/sites\/17\/2020\/05\/placeholder.png"},"title_typography_typography":"custom","title_typography_font_size":{"unit":"px","size":16,"sizes":[]},"title_typography_font_weight":"400","icon_position":"center","padding":{"unit":"px","top":"10","right":"0","bottom":"10","left":"0","isLinked":false},"padding_mobile":{"unit":"px","top":"10","right":"0","bottom":"10","left":"0","isLinked":false},"border_border":"solid","border_width":{"unit":"px","top":"1","right":"1","bottom":"1","left":"1","isLinked":true},"border_width_mobile":{"unit":"px","top":"1","right":"1","bottom":"1","left":"1","isLinked":true},"border_color":"rgba(0, 0, 0, 0.15)","title_typography_font_size_mobile":{"unit":"px","size":16,"sizes":[]}},"elements":[],"isInner":false,"widgetType":"mf-elementor-icon-box","elType":"widget"}],"isInner":true,"elType":"column"},{"id":"51fc5091","settings":{"_column_size":25,"_inline_size":null,"_inline_size_tablet":50,"_inline_size_mobile":50,"padding":{"unit":"px","top":"0","right":"0","bottom":"0","left":"2.5","isLinked":false}},"elements":[{"id":"18b9b723","settings":{"type":"custom_icon","custom_icon":{"value":{"url":"http:\/\/demo2.drfuri.com\/martfury19\/wp-content\/uploads\/sites\/60\/2020\/05\/Nerve.svg","id":4453},"library":"svg"},"title":"Nerve","desc":"","icon_font_size":{"unit":"px","size":37,"sizes":[]},"title_hover_color":"#28AFB1","image":{"id":4231,"url":"http:\/\/localhost\/martfury5\/wp-content\/uploads\/sites\/17\/2020\/05\/placeholder.png"},"title_typography_typography":"custom","title_typography_font_size":{"unit":"px","size":16,"sizes":[]},"title_typography_font_weight":"400","icon_position":"center","padding":{"unit":"px","top":"10","right":"0","bottom":"10","left":"0","isLinked":false},"padding_mobile":{"unit":"px","top":"10","right":"0","bottom":"10","left":"0","isLinked":false},"border_border":"solid","border_width":{"unit":"px","top":"1","right":"1","bottom":"1","left":"1","isLinked":true},"border_width_mobile":{"unit":"px","top":"1","right":"1","bottom":"1","left":"1","isLinked":true},"border_color":"rgba(0, 0, 0, 0.15)","title_typography_font_size_mobile":{"unit":"px","size":16,"sizes":[]}},"elements":[],"isInner":false,"widgetType":"mf-elementor-icon-box","elType":"widget"},{"id":"67939aca","settings":{"space":{"unit":"px","size":22,"sizes":[]},"space_mobile":{"unit":"px","size":5,"sizes":[]}},"elements":[],"isInner":false,"widgetType":"spacer","elType":"widget"},{"id":"7d68bffb","settings":{"type":"custom_icon","custom_icon":{"value":{"url":"http:\/\/demo2.drfuri.com\/martfury19\/wp-content\/uploads\/sites\/60\/2020\/05\/Stomach.svg","id":4460},"library":"svg"},"title":"Stomach \/ Gastrointestinal","desc":"","icon_font_size":{"unit":"px","size":37,"sizes":[]},"title_hover_color":"#28AFB1","image":{"id":4231,"url":"http:\/\/localhost\/martfury5\/wp-content\/uploads\/sites\/17\/2020\/05\/placeholder.png"},"title_typography_typography":"custom","title_typography_font_size":{"unit":"px","size":16,"sizes":[]},"title_typography_font_weight":"400","icon_position":"center","padding":{"unit":"px","top":"10","right":"0","bottom":"10","left":"0","isLinked":false},"padding_mobile":{"unit":"px","top":"10","right":"0","bottom":"10","left":"0","isLinked":false},"border_border":"solid","border_width":{"unit":"px","top":"1","right":"1","bottom":"1","left":"1","isLinked":true},"border_width_mobile":{"unit":"px","top":"1","right":"1","bottom":"1","left":"1","isLinked":true},"border_color":"rgba(0, 0, 0, 0.15)","title_typography_font_size_mobile":{"unit":"px","size":16,"sizes":[]}},"elements":[],"isInner":false,"widgetType":"mf-elementor-icon-box","elType":"widget"},{"id":"534282bf","settings":{"space":{"unit":"px","size":22,"sizes":[]},"space_mobile":{"unit":"px","size":5,"sizes":[]}},"elements":[],"isInner":false,"widgetType":"spacer","elType":"widget"},{"id":"69495563","settings":{"type":"custom_icon","custom_icon":{"value":{"url":"http:\/\/demo2.drfuri.com\/martfury19\/wp-content\/uploads\/sites\/60\/2020\/05\/Opthalmology.svg","id":4455},"library":"svg"},"title":"Opthamonology","desc":"","icon_font_size":{"unit":"px","size":37,"sizes":[]},"title_hover_color":"#28AFB1","image":{"id":4231,"url":"http:\/\/localhost\/martfury5\/wp-content\/uploads\/sites\/17\/2020\/05\/placeholder.png"},"title_typography_typography":"custom","title_typography_font_size":{"unit":"px","size":16,"sizes":[]},"title_typography_font_weight":"400","icon_position":"center","padding":{"unit":"px","top":"10","right":"0","bottom":"10","left":"0","isLinked":false},"padding_mobile":{"unit":"px","top":"10","right":"0","bottom":"10","left":"0","isLinked":false},"border_border":"solid","border_width":{"unit":"px","top":"1","right":"1","bottom":"1","left":"1","isLinked":true},"border_width_mobile":{"unit":"px","top":"1","right":"1","bottom":"1","left":"1","isLinked":true},"border_color":"rgba(0, 0, 0, 0.15)","title_typography_font_size_mobile":{"unit":"px","size":16,"sizes":[]}},"elements":[],"isInner":false,"widgetType":"mf-elementor-icon-box","elType":"widget"},{"id":"2df47fb9","settings":{"space":{"unit":"px","size":22,"sizes":[]},"space_mobile":{"unit":"px","size":5,"sizes":[]}},"elements":[],"isInner":false,"widgetType":"spacer","elType":"widget"},{"id":"2704a7a1","settings":{"type":"custom_icon","custom_icon":{"value":{"url":"http:\/\/demo2.drfuri.com\/martfury19\/wp-content\/uploads\/sites\/60\/2020\/05\/Diabetes.svg","id":4445},"library":"svg"},"title":"Diabetes","desc":"","icon_font_size":{"unit":"px","size":37,"sizes":[]},"title_hover_color":"#28AFB1","image":{"id":4231,"url":"http:\/\/localhost\/martfury5\/wp-content\/uploads\/sites\/17\/2020\/05\/placeholder.png"},"title_typography_typography":"custom","title_typography_font_size":{"unit":"px","size":16,"sizes":[]},"title_typography_font_weight":"400","icon_position":"center","padding":{"unit":"px","top":"10","right":"0","bottom":"10","left":"0","isLinked":false},"padding_mobile":{"unit":"px","top":"10","right":"0","bottom":"10","left":"0","isLinked":false},"border_border":"solid","border_width":{"unit":"px","top":"1","right":"1","bottom":"1","left":"1","isLinked":true},"border_width_mobile":{"unit":"px","top":"1","right":"1","bottom":"1","left":"1","isLinked":true},"border_color":"rgba(0, 0, 0, 0.15)","title_typography_font_size_mobile":{"unit":"px","size":16,"sizes":[]}},"elements":[],"isInner":false,"widgetType":"mf-elementor-icon-box","elType":"widget"},{"id":"159d45fc","settings":{"space":{"unit":"px","size":22,"sizes":[]},"space_mobile":{"unit":"px","size":5,"sizes":[]}},"elements":[],"isInner":false,"widgetType":"spacer","elType":"widget"},{"id":"277e9754","settings":{"type":"custom_icon","custom_icon":{"value":"icon icon-baby","library":"linearicons"},"title":"Dentomaxi","desc":"","icon_font_size":{"unit":"px","size":37,"sizes":[]},"title_hover_color":"#28AFB1","image":{"id":4231,"url":"http:\/\/localhost\/martfury5\/wp-content\/uploads\/sites\/17\/2020\/05\/placeholder.png"},"icon_color":"#28AFB1","title_typography_typography":"custom","title_typography_font_size":{"unit":"px","size":16,"sizes":[]},"title_typography_font_weight":"400","icon_position":"center","padding":{"unit":"px","top":"10","right":"0","bottom":"10","left":"0","isLinked":false},"padding_mobile":{"unit":"px","top":"10","right":"0","bottom":"10","left":"0","isLinked":false},"border_border":"solid","border_width":{"unit":"px","top":"1","right":"1","bottom":"1","left":"1","isLinked":true},"border_width_mobile":{"unit":"px","top":"1","right":"1","bottom":"1","left":"1","isLinked":true},"border_color":"rgba(0, 0, 0, 0.15)","icon_spacing_mobile":{"unit":"px","size":20,"sizes":[]},"title_typography_font_size_mobile":{"unit":"px","size":16,"sizes":[]}},"elements":[],"isInner":false,"widgetType":"mf-elementor-icon-box","elType":"widget"}],"isInner":true,"elType":"column"}],"isInner":true,"elType":"section"}],"isInner":false,"elType":"column"}],"isInner":false,"elType":"section"},{"id":"27b2ca4c","settings":{"layout":"full_width"},"elements":[{"id":"361e7322","settings":{"_column_size":100,"_inline_size":null},"elements":[{"id":"33c1da70","settings":{"space":{"unit":"px","size":15,"sizes":[]}},"elements":[],"isInner":false,"widgetType":"spacer","elType":"widget"}],"isInner":false,"elType":"column"}],"isInner":false,"elType":"section"},{"id":"5dc31895","settings":{"gap":"no","padding":{"unit":"px","top":"0","right":"15","bottom":"0","left":"15","isLinked":false}},"elements":[{"id":"673b82ea","settings":{"_column_size":100,"_inline_size":null,"background_background":"classic","background_color":"#FFFFFF","padding":{"unit":"px","top":"15","right":"15","bottom":"15","left":"15","isLinked":true},"_inline_size_tablet":100,"margin_tablet":{"unit":"px","top":"0","right":"0","bottom":"0","left":"0","isLinked":true},"padding_mobile":{"unit":"px","top":"20","right":"15","bottom":"20","left":"15","isLinked":false}},"elements":[{"id":"190c156","settings":{"title":"Best Seller Brands","number":10,"orderby":"menu_order","heading_spacing":{"unit":"px","size":50,"sizes":[]},"brand_item_padding":{"unit":"px","top":"0","right":"5","bottom":"65","left":"5","isLinked":false},"brand_title":"yes","brand_image_border_radius":{"unit":"%","top":"100","right":"100","bottom":"100","left":"100","isLinked":true},"image_size":"thumbnail","heading_typography_typography":"custom","heading_typography_font_size":{"unit":"px","size":24,"sizes":[]},"heading_typography_font_weight":"400","heading_padding_mobile":{"unit":"px","top":"0","right":"0","bottom":"0","left":"0","isLinked":false},"brand_item_padding_mobile":{"unit":"px","top":"0","right":"10","bottom":"40","left":"10","isLinked":false},"brand_title_typography_typography":"custom","brand_title_typography_font_weight":"400"},"elements":[],"isInner":false,"widgetType":"mf-brand-images","elType":"widget"}],"isInner":false,"elType":"column"}],"isInner":false,"elType":"section"},{"id":"3b9db88a","settings":[],"elements":[{"id":"54583f41","settings":{"_column_size":100,"_inline_size":null},"elements":[{"id":"fd653a7","settings":{"space":{"unit":"px","size":15,"sizes":[]}},"elements":[],"isInner":false,"widgetType":"spacer","elType":"widget"}],"isInner":false,"elType":"column"}],"isInner":false,"elType":"section"},{"id":"726b1b","settings":{"padding":{"unit":"px","top":"0","right":"15","bottom":"0","left":"15","isLinked":false},"gap":"no"},"elements":[{"id":"10ff1725","settings":{"_column_size":100,"_inline_size":null,"background_background":"classic","background_color":"#FFFFFF","padding":{"unit":"px","top":"15","right":"15","bottom":"15","left":"15","isLinked":true},"padding_mobile":{"unit":"px","top":"20","right":"15","bottom":"40","left":"15","isLinked":false}},"elements":[{"id":"40232b8c","settings":{"title":"Recommended Products","special_products_tabs":[{"title":"New Arrivals","tab_products":"recent","_id":"4dde55e","tab_orderby":"","tab_order":""},{"title":"Best Seller","tab_products":"best_selling","_id":"2556779","tab_orderby":"","tab_order":""},{"title":"Sale","tab_products":"sale","_id":"a7de139","tab_orderby":"","tab_order":""}],"view_all_text":"","all_link":{"url":"","is_external":true,"nofollow":true,"custom_attributes":""},"columns":"7","heading_padding":{"unit":"px","top":"0","right":"0","bottom":"0","left":"0","isLinked":false},"heading_border_width":{"unit":"px","top":"0","right":"0","bottom":"0","left":"0","isLinked":true},"heading_border_style":"none","title_typography_typography":"custom","title_typography_font_size":{"unit":"px","size":24,"sizes":[]},"title_typography_font_weight":"400","navigation":"dots","title_typography_font_size_mobile":{"unit":"px","size":23,"sizes":[]},"show_product_tabs_mobile":"none"},"elements":[],"isInner":false,"widgetType":"martfury-product-tabs-carousel","elType":"widget"}],"isInner":false,"elType":"column"}],"isInner":false,"elType":"section"},{"id":"5aa8138b","settings":{"layout":"full_width","gap":"extended","padding":{"unit":"px","top":"70","right":"70","bottom":"70","left":"70","isLinked":false},"padding_tablet":{"unit":"px","top":"50","right":"30","bottom":"50","left":"30","isLinked":false},"padding_mobile":{"unit":"px","top":"50","right":"0","bottom":"50","left":"0","isLinked":false}},"elements":[{"id":"36f924f","settings":{"_column_size":100,"_inline_size":null},"elements":[{"id":"68d33958","settings":{"title":"Martfury - Your One-Stop Online Pharmacy","header_size":"h3","title_color":"#000000","typography_typography":"custom","typography_font_size":{"unit":"px","size":18,"sizes":[]},"typography_font_weight":"600","_margin":{"unit":"px","top":"0","right":"0","bottom":"20","left":"0","isLinked":false}},"elements":[],"isInner":false,"widgetType":"heading","elType":"widget"},{"id":"54df158c","settings":{"editor":"<div>With a dynamic legacy of over 100 years in the pharma business, it comes as no surprise that Martfury.com is the first choice of over 4 million+ satisfied customers when it comes to an online pharmacy in USA. Martfury.com has a pan USA presence as we deliver health care essentials to every state in the country. We take your health seriously at Martfury.com. Be it purchasing medicines online, lab tests or online doctor consultations, we've got it all covered for our customers! Martfury provides added advantages which include:<\/div>","_margin":{"unit":"px","top":"0","right":"0","bottom":"17","left":"0","isLinked":false}},"elements":[],"isInner":false,"widgetType":"text-editor","elType":"widget"},{"id":"549c3423","settings":{"editor":"- Automated prescription refill: Set up scheduled refills for your online medicine orders and never worry about running out of your meds <br>\n- Doorstep delivery: No more trips to the pharmacy, with on-time delivery of your medicines right to your doorstep <br>\n- Medicine order history: No more scrolling through pages to find what you need. Just check your medicine order history and re-order <br>\n- Exclusive offers and discounts: Enjoy cashbacks, flat discounts and other exclusive offers on your medicine orders","text_color":"#000000","_margin":{"unit":"px","top":"0","right":"0","bottom":"37","left":"0","isLinked":false}},"elements":[],"isInner":false,"widgetType":"text-editor","elType":"widget"},{"id":"39b0a391","settings":{"title":"Get every medicine on time & everytime:","header_size":"h3","title_color":"#000000","typography_typography":"custom","typography_font_size":{"unit":"px","size":16,"sizes":[]},"typography_font_weight":"600","_margin":{"unit":"px","top":"0","right":"0","bottom":"5","left":"0","isLinked":false}},"elements":[],"isInner":false,"widgetType":"heading","elType":"widget"},{"id":"537a2092","settings":{"editor":"<div>When you purchase medicines on Martfury, you can be assured that you will get the medicines you order. Our trained pharmacists, partner pharmacies and medical stores ensure that your medicines are delivered to you on time, anywhere in USA*. Practo is powered by intelligent systems that remembers all the medicines you ordered online and makes sure they're always available whenever you need them. So, you'll always find your medicines on Martfuy's online pharmacy, anywhere in USA*.<\/div>","_margin":{"unit":"px","top":"0","right":"0","bottom":"27","left":"0","isLinked":false}},"elements":[],"isInner":false,"widgetType":"text-editor","elType":"widget"},{"id":"4b2d48d","settings":{"title":"Buy Fitness and Wellness Products:","header_size":"h3","title_color":"#000000","typography_typography":"custom","typography_font_size":{"unit":"px","size":16,"sizes":[]},"typography_font_weight":"600","_margin":{"unit":"px","top":"0","right":"0","bottom":"5","left":"0","isLinked":false}},"elements":[],"isInner":false,"widgetType":"heading","elType":"widget"},{"id":"4a165af7","settings":{"editor":"<div>When you\u2019re doing your best to stay fit and healthy, you shouldn\u2019t have to worry about having everything you need to do so. With Martfury Pharmacy, you can order everything you need to stay in shape and take care of yourself. From fitness enthusiasts in need of protein supplements or health drinks, to health conscious individuals looking for herbal supplements, health food and vitamin supplements.<\/div>","_margin":{"unit":"px","top":"0","right":"0","bottom":"27","left":"0","isLinked":false}},"elements":[],"isInner":false,"widgetType":"text-editor","elType":"widget"},{"id":"41ec4d18","settings":{"title":"Buy Personal Care Products:","header_size":"h3","title_color":"#000000","typography_typography":"custom","typography_font_size":{"unit":"px","size":16,"sizes":[]},"typography_font_weight":"600","_margin":{"unit":"px","top":"0","right":"0","bottom":"5","left":"0","isLinked":false}},"elements":[],"isInner":false,"widgetType":"heading","elType":"widget"},{"id":"34b98626","settings":{"editor":"<div>Giving your body the care it needs just got a whole lot simple. Choose from an extensive list of personal care products that includes top brands like Pantene, Himalaya, Neutrogena, Brylcreem, Durex and Karmasutra. Find products for skin care, hair care and lip care, as well as products for more intimate purposes like sexual wellness.<\/div>","_margin":{"unit":"px","top":"0","right":"0","bottom":"27","left":"0","isLinked":false}},"elements":[],"isInner":false,"widgetType":"text-editor","elType":"widget"},{"id":"2a0bca1c","settings":{"title":"Buy Health Devices & Surgical Supplies:","header_size":"h3","title_color":"#000000","typography_typography":"custom","typography_font_size":{"unit":"px","size":16,"sizes":[]},"typography_font_weight":"600","_margin":{"unit":"px","top":"0","right":"0","bottom":"5","left":"0","isLinked":false}},"elements":[],"isInner":false,"widgetType":"heading","elType":"widget"},{"id":"66f96506","settings":{"editor":"<div>Good healthcare begins at home. Keep your first-aid kits stocked with thermometer, bandages, antiseptic solutions, mosquito repellent and other essential medical equipment such as health monitors and weighing scales.<\/div>","_margin":{"unit":"px","top":"0","right":"0","bottom":"27","left":"0","isLinked":false}},"elements":[],"isInner":false,"widgetType":"text-editor","elType":"widget"},{"id":"7cebc54d","settings":{"title":"Buy Ayurvedic Medicines:","header_size":"h3","title_color":"#000000","typography_typography":"custom","typography_font_size":{"unit":"px","size":16,"sizes":[]},"typography_font_weight":"600","_margin":{"unit":"px","top":"0","right":"0","bottom":"5","left":"0","isLinked":false}},"elements":[],"isInner":false,"widgetType":"heading","elType":"widget"},{"id":"2de4d37c","settings":{"editor":"<div>Searching for ayurvedic medicines? Avail the benefits of traditional medicine created right here in USA, with products formulated for stomach care, liver care, sexual wellness and more<\/div>"},"elements":[],"isInner":false,"widgetType":"text-editor","elType":"widget"}],"isInner":false,"elType":"column"}],"isInner":false,"elType":"section"}],"page_settings":{"background_background":"classic","background_color":"#EEEEEE","background_repeat":"repeat"}}