{"version":"0.4","title":"Home Funiture","type":"page","content":[{"id":"19ec9e4d","settings":{"stretch_section":"section-stretched","layout":"full_width"},"elements":[{"id":"6eb45abc","settings":{"_column_size":100},"elements":[{"id":"3b8c132e","settings":{"slides":[{"subtitle":"","heading":"Limited Edition ","description":"<p>SCADINAVIA<br \/>COLLECTIONS FOR YOUR<br \/>BEDROOM JUST <strong style=\"color: #67981a;\">$599<\/strong><\/p>","button_text":"Shop Now","background_color":"#f4f5f5","_id":"38b4454","background_image":{"id":386,"url":"http:\/\/demo2.drfuri.com\/martfury14\/wp-content\/uploads\/sites\/55\/2017\/12\/s2-1.jpg"},"background_size":"cover","background_ken_burns":"","zoom_direction":"out","background_overlay":"","background_overlay_color":"rgba(0,0,0,0.5)","background_overlay_blend_mode":"","link":{"url":"#","is_external":"","nofollow":""},"link_click":"button","price_box_type":"text","price_box_text":"","price_box_image":{"url":"","id":""},"price_box_image_size":"full","price_box_image_custom_dimension":{"width":"","height":""},"custom_style":"","horizontal_position":"","vertical_position":"","text_align":"","subtitle_custom_color":"","heading_custom_color":"","content_custom_color":"","button_custom_color":"","button_custom_bg_color":"","price_box_custom_color":"","price_box_custom_bg_color":"","background_image_tablet":{"url":"","id":""},"background_image_mobile":{"url":"","id":""},"background_size_tablet":"","background_size_mobile":"","background_position":"","background_position_tablet":"","background_position_mobile":"","background_position_custom":{"unit":"px","top":"","right":"","bottom":"","left":"","isLinked":true},"background_position_custom_tablet":{"unit":"px","top":"","right":"","bottom":"","left":"","isLinked":true},"background_position_custom_mobile":{"unit":"px","top":"","right":"","bottom":"","left":"","isLinked":true}},{"subtitle":"","heading":"Weekend Promotions ","description":"<p>HAPPY SUMMER<br \/>WOODEN FURNTITURE<br \/>SALE <strong style=\"color: #ed481d;\">40% OFF <\/strong><\/p>","button_text":"Shop Now","background_color":"#f4f5f5","_id":"a70508f","background_image":{"id":387,"url":"http:\/\/demo2.drfuri.com\/martfury14\/wp-content\/uploads\/sites\/55\/2017\/12\/s2-2.jpg"},"background_size":"cover","background_ken_burns":"","zoom_direction":"in","background_overlay":"","background_overlay_color":"rgba(0,0,0,0.5)","background_overlay_blend_mode":"","link":{"url":"#","is_external":"","nofollow":""},"link_click":"button","price_box_type":"text","price_box_text":"","price_box_image":{"url":"","id":""},"price_box_image_size":"full","price_box_image_custom_dimension":{"width":"","height":""},"custom_style":"","horizontal_position":"","vertical_position":"","text_align":"","subtitle_custom_color":"","heading_custom_color":"","content_custom_color":"","button_custom_color":"","button_custom_bg_color":"","price_box_custom_color":"","price_box_custom_bg_color":"","background_image_tablet":{"url":"","id":""},"background_image_mobile":{"url":"","id":""},"background_size_tablet":"","background_size_mobile":"","background_position":"","background_position_tablet":"","background_position_mobile":"","background_position_custom":{"unit":"px","top":"","right":"","bottom":"","left":"","isLinked":true},"background_position_custom_tablet":{"unit":"px","top":"","right":"","bottom":"","left":"","isLinked":true},"background_position_custom_mobile":{"unit":"px","top":"","right":"","bottom":"","left":"","isLinked":true}}],"slides_height":{"unit":"px","size":430,"sizes":[]},"content_animation":"fadeIn","transition":"fade","content_max_width":{"unit":"px","size":797,"sizes":[]},"slides_padding":{"unit":"%","top":"","right":"","bottom":"","left":"","isLinked":true},"arrows_spacing":{"unit":"px","size":20,"sizes":[]},"navigation":"arrows","navigation_tablet":"dots","navigation_mobile":"dots","autoplay_speed":8000,"transition_speed":800,"content_max_width_tablet":{"unit":"%","size":100,"sizes":[]},"slides_padding_tablet":{"unit":"px","top":"0","right":"0","bottom":"0","left":"30","isLinked":false},"heading_typography_typography":"custom","heading_typography_font_size_tablet":{"unit":"px","size":16,"sizes":[]},"dots_background_color":"#cccccc","dots_hover_background_color":"#cccccc","dots_active_background_color":"#000000","slides_padding_mobile":{"unit":"px","top":"15","right":"15","bottom":"15","left":"15","isLinked":true},"heading_typography_font_size_mobile":{"unit":"px","size":16,"sizes":[]},"slides_height_tablet":{"unit":"px","size":340,"sizes":[]},"slides_height_mobile":{"unit":"px","size":320,"sizes":[]},"heading_color":"#0099cc","heading_typography_font_size":{"unit":"px","size":16,"sizes":[]},"description_spacing":{"unit":"px","size":35,"sizes":[]},"description_color":"#000000","description_typography_typography":"custom","description_typography_font_size":{"unit":"px","size":36,"sizes":[]},"description_typography_font_size_tablet":{"unit":"px","size":30,"sizes":[]},"description_typography_font_size_mobile":{"unit":"px","size":22,"sizes":[]},"description_typography_font_weight":"400","description_typography_line_height":{"unit":"em","size":1.2,"sizes":[]},"button_padding":{"unit":"px","top":"12","right":"20","bottom":"12","left":"20","isLinked":false},"button_text_color":"#ffffff","button_background_color":"#fb7c00","arrows_position":"outside"},"elements":[],"isInner":false,"widgetType":"martfury-slides","elType":"widget"}],"isInner":false,"elType":"column"}],"isInner":false,"elType":"section"},{"id":"352ae06c","settings":{"gap":"extended"},"elements":[{"id":"6b495f06","settings":{"_column_size":100},"elements":[{"id":"396fea6d","settings":[],"elements":[],"isInner":false,"widgetType":"spacer","elType":"widget"},{"id":"3922452a","settings":{"icons":[{"icon":"icon-rocket","title":"Free Delivery","desc":"For all oders over $99","_id":"9a80dce","link":{"url":"","is_external":true,"nofollow":true}},{"icon":"icon-sync","title":"90 Days Return","desc":"If goods have problems","_id":"02a559f","link":{"url":"","is_external":true,"nofollow":true}},{"icon":"icon-credit-card","title":"Secure Payment","desc":"100% secure payment","_id":"202b997","link":{"url":"","is_external":true,"nofollow":true}},{"icon":"icon-bubbles","title":"24\/7 Support","desc":"Dedicated support","_id":"93b9816","link":{"url":"","is_external":true,"nofollow":true}}],"icon_color":"#fb7c00","columns_tablet":"2","content_bottom_spacing_mobile":{"unit":"px","size":10,"sizes":[]},"sep_width_mobile":{"unit":"px","size":0,"sizes":[]},"sep_height_mobile":{"unit":"px","size":0,"sizes":[]}},"elements":[],"isInner":false,"widgetType":"martfury-icons-list","elType":"widget"},{"id":"3478f2b0","settings":{"space":{"unit":"px","size":65,"sizes":[]}},"elements":[],"isInner":false,"widgetType":"spacer","elType":"widget"},{"id":"2ae5e23f","settings":{"title":"WELCOME TO <span class=\"primary-color\">MARTFURY<\/span> - CUSTOM FURNITURE <span class=\"primary-color\">SHOPPING STORE ONLINE<\/span>","header_size":"h3","align":"center","title_color":"#000000","typography_typography":"custom","typography_font_family":"Work Sans","typography_font_weight":"400","_margin":{"unit":"px","top":"0","right":"0","bottom":"15","left":"0","isLinked":false},"typography_font_size_mobile":{"unit":"px","size":18,"sizes":[]},"text_shadow_text_shadow_type":"yes","text_shadow_text_shadow":{"horizontal":0,"vertical":0,"blur":0,"color":"rgba(0,0,0,0.3)"}},"elements":[],"isInner":false,"widgetType":"heading","elType":"widget"},{"id":"2191c15","settings":{"editor":"<p>Designer furniture. Locally designed. Globally Crafted.<\/p>","align":"center","typography_typography":"custom"},"elements":[],"isInner":false,"widgetType":"text-editor","elType":"widget"}],"isInner":false,"elType":"column"}],"isInner":false,"elType":"section"},{"id":"271400db","settings":{"gap":"extended","structure":"22"},"elements":[{"id":"195fcf38","settings":{"_column_size":66,"_inline_size":null},"elements":[{"id":"500a5bd8","settings":{"image":{"url":"http:\/\/demo2.drfuri.com\/martfury14\/wp-content\/uploads\/sites\/55\/2018\/03\/bn9.jpg","id":2520},"subtitle":"Dreamsork","title":"WOODEN\nMINIMALISTIC\nCHAIRS","button_text":"Shop Now","link":{"url":"http:\/\/demo2.drfuri.com\/martfury14\/shop\/letter-printed-cushion-cover-cotton-throw-pillow\/","is_external":true,"nofollow":true},"bg_color":"#eef0f1","highlight_title":"","desc":"<p>SALE UP TO<br \/><span style=\"color: #669900; font-size: 24px;\">40% OFF<\/span><\/p>","button_link":{"url":"#","is_external":true,"nofollow":true},"height":{"unit":"px","size":331,"sizes":[]},"banner_padding":{"unit":"px","top":"43","right":"55","bottom":"43","left":"55","isLinked":false},"banner_bg_position":"left top","heading_spacing":{"unit":"px","size":16,"sizes":[]},"heading_typography_typography":"custom","heading_typography_font_size":{"unit":"px","size":30,"sizes":[]},"heading_typography_line_height":{"unit":"em","size":1.2,"sizes":[]},"description_spacing":{"unit":"px","size":40,"sizes":[]},"description_color":"#000000","description_typography_typography":"custom","description_typography_font_size":{"unit":"px","size":12,"sizes":[]},"description_typography_font_weight":"600","description_typography_line_height":{"unit":"em","size":1.8,"sizes":[]},"button_text_color":"#ffffff","button_background_color":"#fb7c00","height_mobile":{"unit":"px","size":280,"sizes":[]},"banner_padding_tablet":{"unit":"px","top":"30","right":"30","bottom":"30","left":"30","isLinked":true},"heading_typography_font_size_mobile":{"unit":"px","size":24,"sizes":[]}},"elements":[],"isInner":false,"widgetType":"martfury-banner-medium","elType":"widget"},{"id":"2a8bb76f","settings":{"space":{"unit":"px","size":30,"sizes":[]}},"elements":[],"isInner":false,"widgetType":"spacer","elType":"widget"}],"isInner":false,"elType":"column"},{"id":"6ec21629","settings":{"_column_size":33,"_inline_size":null},"elements":[{"id":"c3abe1f","settings":{"image":{"url":"http:\/\/demo2.drfuri.com\/martfury14\/wp-content\/uploads\/sites\/55\/2018\/03\/bn8.jpg","id":2522},"subtitle":"Dreamsork","title":"PACK 5 PILLOWS FOR\r\nYOUR DREAM","button_text":"","link":{"url":"http:\/\/demo2.drfuri.com\/martfury14\/shop\/letter-printed-cushion-cover-cotton-throw-pillow\/","is_external":true,"nofollow":true},"bg_color":"#eef0f1","highlight_title":"Dreamsork","highlight_title_position":"above","desc":"<p>Starting at <span style=\"color: #f30; font-weight: 600;\">$99.99<\/span><\/p>","button_link":{"url":"#","is_external":true,"nofollow":true},"background_color":"#eef0f1","height":{"unit":"px","size":331,"sizes":[]},"banner_text_align":"center","banner_bg_position":"center bottom","banner_bg_size":"auto","highlight_title_spacing":{"unit":"px","size":20,"sizes":[]},"highlight_title_color":"#000000","highlight_title_typography_typography":"custom","highlight_title_typography_font_size":{"unit":"px","size":16,"sizes":[]},"highlight_title_typography_font_weight":"600","heading_typography_typography":"custom","heading_typography_font_size":{"unit":"px","size":26,"sizes":[]},"heading_typography_font_weight":"300","highlight_title_typography_font_size_tablet":{"unit":"px","size":14,"sizes":[]},"heading_typography_font_size_tablet":{"unit":"px","size":18,"sizes":[]},"description_typography_typography":"custom","description_typography_font_size_tablet":{"unit":"px","size":14,"sizes":[]}},"elements":[],"isInner":false,"widgetType":"martfury-banner-medium","elType":"widget"},{"id":"565a487a","settings":{"space":{"unit":"px","size":30,"sizes":[]}},"elements":[],"isInner":false,"widgetType":"spacer","elType":"widget"}],"isInner":false,"elType":"column"}],"isInner":false,"elType":"section"},{"id":"4c425997","settings":{"gap":"extended"},"elements":[{"id":"269d94fe","settings":{"_column_size":100},"elements":[{"id":"6d3180e1","settings":{"space":{"unit":"px","size":40,"sizes":[]}},"elements":[],"isInner":false,"widgetType":"spacer","elType":"widget"},{"id":"2abcfe14","settings":{"title":"Best Seller Products","header":"2","link_group":[],"view_all_text":"","heading_border_style":"none","title_typography_typography":"custom","title_typography_font_size":{"unit":"px","size":24,"sizes":[]},"title_typography_font_weight":"400","title_typography_text_transform":"uppercase","navigation_tablet":"dots","title_typography_font_size_mobile":{"unit":"px","size":20,"sizes":[]},"heading_text_align":"center","products_dots_active_background":"#fb7c00"},"elements":[],"isInner":false,"widgetType":"martfury-products-carousel","elType":"widget"}],"isInner":false,"elType":"column"}],"isInner":false,"elType":"section"},{"id":"3eb0a21b","settings":{"gap":"extended"},"elements":[{"id":"2b15996e","settings":{"_column_size":100},"elements":[{"id":"673359ff","settings":{"space":{"unit":"px","size":40,"sizes":[]}},"elements":[],"isInner":false,"widgetType":"spacer","elType":"widget"},{"id":"6232dd06","settings":{"title":"SHOP BY CATEGORY","header_size":"h3","align":"center","title_color":"#000000","typography_typography":"custom","typography_font_family":"Work Sans","typography_font_weight":"400","typography_line_height":{"unit":"em","size":1,"sizes":[]},"_margin":{"unit":"px","top":"0","right":"0","bottom":"35","left":"0","isLinked":false},"typography_font_size_mobile":{"unit":"px","size":20,"sizes":[]}},"elements":[],"isInner":false,"widgetType":"heading","elType":"widget"}],"isInner":false,"elType":"column"}],"isInner":false,"elType":"section"},{"id":"4651462d","settings":{"gap":"extended","structure":"60"},"elements":[{"id":"72787d6a","settings":{"_column_size":16,"_inline_size":null,"_inline_size_tablet":33.3333,"_inline_size_mobile":50},"elements":[{"id":"63e69624","settings":{"style":"2","image":{"url":"http:\/\/demo2.drfuri.com\/martfury14\/wp-content\/uploads\/sites\/55\/2018\/01\/c1.png","id":2436},"title":"Sofas","subtitles":[],"image_size":"custom","image_custom_dimension":{"width":"170","height":"170"},"image_position":"top","text_align":"center","heading_title_spacing":{"unit":"px","size":0,"sizes":[]},"title_typography_typography":"custom","title_typography_font_size_mobile":{"unit":"px","size":14,"sizes":[]}},"elements":[],"isInner":false,"widgetType":"martfury-image-box","elType":"widget"},{"id":"51457b8c","settings":{"space":{"unit":"px","size":30,"sizes":[]}},"elements":[],"isInner":false,"widgetType":"spacer","elType":"widget"},{"id":"4f418fde","settings":{"style":"2","image":{"url":"http:\/\/demo2.drfuri.com\/martfury14\/wp-content\/uploads\/sites\/55\/2018\/01\/c7.png","id":2442},"title":"Lamps & Lighting","subtitles":[],"image_size":"custom","image_custom_dimension":{"width":"170","height":"170"},"image_position":"top","text_align":"center","heading_title_spacing":{"unit":"px","size":0,"sizes":[]},"title_typography_typography":"custom","title_typography_font_size_mobile":{"unit":"px","size":14,"sizes":[]}},"elements":[],"isInner":false,"widgetType":"martfury-image-box","elType":"widget"},{"id":"3e35141a","settings":{"space":{"unit":"px","size":30,"sizes":[]}},"elements":[],"isInner":false,"widgetType":"spacer","elType":"widget"}],"isInner":false,"elType":"column"},{"id":"124898c9","settings":{"_column_size":16,"_inline_size":null,"_inline_size_tablet":33.3333,"_inline_size_mobile":50},"elements":[{"id":"4e498fac","settings":{"style":"2","image":{"url":"http:\/\/demo2.drfuri.com\/martfury14\/wp-content\/uploads\/sites\/55\/2018\/01\/c2.png","id":2437},"title":"Chairs","subtitles":[],"image_size":"custom","image_custom_dimension":{"width":"170","height":"170"},"image_position":"top","text_align":"center","heading_title_spacing":{"unit":"px","size":0,"sizes":[]},"title_typography_typography":"custom","title_typography_font_size_mobile":{"unit":"px","size":14,"sizes":[]}},"elements":[],"isInner":false,"widgetType":"martfury-image-box","elType":"widget"},{"id":"7e18f73b","settings":{"space":{"unit":"px","size":30,"sizes":[]}},"elements":[],"isInner":false,"widgetType":"spacer","elType":"widget"},{"id":"309c31af","settings":{"style":"2","image":{"url":"http:\/\/demo2.drfuri.com\/martfury14\/wp-content\/uploads\/sites\/55\/2018\/01\/c8.png","id":2443},"title":"Furnishings","subtitles":[],"image_size":"custom","image_custom_dimension":{"width":"170","height":"170"},"image_position":"top","text_align":"center","heading_title_spacing":{"unit":"px","size":0,"sizes":[]},"title_typography_typography":"custom","title_typography_font_size_mobile":{"unit":"px","size":14,"sizes":[]}},"elements":[],"isInner":false,"widgetType":"martfury-image-box","elType":"widget"},{"id":"24b9d10","settings":{"space":{"unit":"px","size":30,"sizes":[]}},"elements":[],"isInner":false,"widgetType":"spacer","elType":"widget"}],"isInner":false,"elType":"column"},{"id":"3025d0d2","settings":{"_column_size":16,"_inline_size":null,"_inline_size_tablet":33.3333,"_inline_size_mobile":50},"elements":[{"id":"37d02bf7","settings":{"style":"2","image":{"url":"http:\/\/demo2.drfuri.com\/martfury14\/wp-content\/uploads\/sites\/55\/2018\/01\/c3.png","id":2438},"title":"Tables","subtitles":[],"image_size":"custom","image_custom_dimension":{"width":"170","height":"170"},"image_position":"top","text_align":"center","heading_title_spacing":{"unit":"px","size":0,"sizes":[]},"title_typography_typography":"custom","title_typography_font_size_mobile":{"unit":"px","size":14,"sizes":[]}},"elements":[],"isInner":false,"widgetType":"martfury-image-box","elType":"widget"},{"id":"563c61b9","settings":{"space":{"unit":"px","size":30,"sizes":[]}},"elements":[],"isInner":false,"widgetType":"spacer","elType":"widget"},{"id":"3a80103c","settings":{"style":"2","image":{"url":"http:\/\/demo2.drfuri.com\/martfury14\/wp-content\/uploads\/sites\/55\/2018\/01\/c9.png","id":2444},"title":"Ottomans","subtitles":[],"image_size":"custom","image_custom_dimension":{"width":"170","height":"170"},"image_position":"top","text_align":"center","heading_title_spacing":{"unit":"px","size":0,"sizes":[]},"title_typography_typography":"custom","title_typography_font_size_mobile":{"unit":"px","size":14,"sizes":[]}},"elements":[],"isInner":false,"widgetType":"martfury-image-box","elType":"widget"},{"id":"641cca3c","settings":{"space":{"unit":"px","size":30,"sizes":[]}},"elements":[],"isInner":false,"widgetType":"spacer","elType":"widget"}],"isInner":false,"elType":"column"},{"id":"3dbd5b6f","settings":{"_column_size":16,"_inline_size":null,"_inline_size_tablet":33.3333,"_inline_size_mobile":50},"elements":[{"id":"7865cee5","settings":{"style":"2","image":{"url":"http:\/\/demo2.drfuri.com\/martfury14\/wp-content\/uploads\/sites\/55\/2018\/01\/c4.png","id":2439},"title":"TV Boards","subtitles":[],"image_size":"custom","image_custom_dimension":{"width":"170","height":"170"},"image_position":"top","text_align":"center","heading_title_spacing":{"unit":"px","size":0,"sizes":[]},"title_typography_typography":"custom","title_typography_font_size_mobile":{"unit":"px","size":14,"sizes":[]}},"elements":[],"isInner":false,"widgetType":"martfury-image-box","elType":"widget"},{"id":"721c0a93","settings":{"space":{"unit":"px","size":30,"sizes":[]}},"elements":[],"isInner":false,"widgetType":"spacer","elType":"widget"},{"id":"1b38c862","settings":{"style":"2","image":{"url":"http:\/\/demo2.drfuri.com\/martfury14\/wp-content\/uploads\/sites\/55\/2018\/01\/c10.png","id":2445},"title":"Shelfs","subtitles":[],"image_size":"custom","image_custom_dimension":{"width":"170","height":"170"},"image_position":"top","text_align":"center","heading_title_spacing":{"unit":"px","size":0,"sizes":[]},"title_typography_typography":"custom","title_typography_font_size_mobile":{"unit":"px","size":14,"sizes":[]}},"elements":[],"isInner":false,"widgetType":"martfury-image-box","elType":"widget"},{"id":"53f259b6","settings":{"space":{"unit":"px","size":30,"sizes":[]}},"elements":[],"isInner":false,"widgetType":"spacer","elType":"widget"}],"isInner":false,"elType":"column"},{"id":"2b357e9f","settings":{"_column_size":16,"_inline_size":null,"_inline_size_tablet":33.3333,"_inline_size_mobile":50},"elements":[{"id":"7cdfaff9","settings":{"style":"2","image":{"url":"http:\/\/demo2.drfuri.com\/martfury14\/wp-content\/uploads\/sites\/55\/2018\/01\/c5.png","id":2440},"title":"Storages","subtitles":[],"image_size":"custom","image_custom_dimension":{"width":"170","height":"170"},"image_position":"top","text_align":"center","heading_title_spacing":{"unit":"px","size":0,"sizes":[]},"title_typography_typography":"custom","title_typography_font_size_mobile":{"unit":"px","size":14,"sizes":[]}},"elements":[],"isInner":false,"widgetType":"martfury-image-box","elType":"widget"},{"id":"6818bb4b","settings":{"space":{"unit":"px","size":30,"sizes":[]}},"elements":[],"isInner":false,"widgetType":"spacer","elType":"widget"},{"id":"d4f8dc6","settings":{"style":"2","image":{"url":"http:\/\/demo2.drfuri.com\/martfury14\/wp-content\/uploads\/sites\/55\/2018\/01\/c11.png","id":2446},"title":"Kid Furnitures","subtitles":[],"image_size":"custom","image_custom_dimension":{"width":"170","height":"170"},"image_position":"top","text_align":"center","heading_title_spacing":{"unit":"px","size":0,"sizes":[]},"title_typography_typography":"custom","title_typography_font_size_mobile":{"unit":"px","size":14,"sizes":[]}},"elements":[],"isInner":false,"widgetType":"martfury-image-box","elType":"widget"},{"id":"1ed7958c","settings":{"space":{"unit":"px","size":30,"sizes":[]}},"elements":[],"isInner":false,"widgetType":"spacer","elType":"widget"}],"isInner":false,"elType":"column"},{"id":"332bad64","settings":{"_column_size":16,"_inline_size":null,"_inline_size_tablet":33.3333,"_inline_size_mobile":50},"elements":[{"id":"52e55682","settings":{"style":"2","image":{"url":"http:\/\/demo2.drfuri.com\/martfury14\/wp-content\/uploads\/sites\/55\/2018\/01\/c6.png","id":2441},"title":"Rugs","subtitles":[],"image_size":"custom","image_custom_dimension":{"width":"170","height":"170"},"image_position":"top","text_align":"center","heading_title_spacing":{"unit":"px","size":0,"sizes":[]},"title_typography_typography":"custom","title_typography_font_size_mobile":{"unit":"px","size":14,"sizes":[]}},"elements":[],"isInner":false,"widgetType":"martfury-image-box","elType":"widget"},{"id":"17f94d6e","settings":{"space":{"unit":"px","size":30,"sizes":[]}},"elements":[],"isInner":false,"widgetType":"spacer","elType":"widget"},{"id":"22cba972","settings":{"style":"2","image":{"url":"http:\/\/demo2.drfuri.com\/martfury14\/wp-content\/uploads\/sites\/55\/2018\/01\/c12.png","id":2447},"title":"Kitchen","subtitles":[],"image_size":"custom","image_custom_dimension":{"width":"170","height":"170"},"image_position":"top","text_align":"center","heading_title_spacing":{"unit":"px","size":0,"sizes":[]},"title_typography_typography":"custom","title_typography_font_size_mobile":{"unit":"px","size":14,"sizes":[]}},"elements":[],"isInner":false,"widgetType":"martfury-image-box","elType":"widget"},{"id":"4161aaee","settings":{"space":{"unit":"px","size":30,"sizes":[]}},"elements":[],"isInner":false,"widgetType":"spacer","elType":"widget"}],"isInner":false,"elType":"column"}],"isInner":false,"elType":"section"},{"id":"665ea70d","settings":{"gap":"extended"},"elements":[{"id":"20fa7092","settings":{"_column_size":100},"elements":[{"id":"fe18fef","settings":{"space":{"unit":"px","size":10,"sizes":[]}},"elements":[],"isInner":false,"widgetType":"spacer","elType":"widget"},{"id":"22919470","settings":{"layout":"2","image":{"url":"http:\/\/demo2.drfuri.com\/martfury14\/wp-content\/uploads\/sites\/55\/2018\/03\/bn6.jpg","id":2523},"title":"FABRIC BED\nDISCOUNT ","desc":"<p>Strong mattress support with 10 wood slats<br \/>prevents sagging and increases mattress life<\/p>","button_text":"Shop Now","button_link":{"url":"http:\/\/demo2.drfuri.com\/martfury14\/shop\/simple-wood-combine-with-leather-chair\/","is_external":true,"nofollow":true},"highlight_title":"25% OFF","regular_price":"$219.05","sale_price":"$260.50","button_text_color":"#ffffff","button_background_color":"#fb7c00","banner_padding_tablet":{"unit":"px","top":"30","right":"30","bottom":"30","left":"30","isLinked":true},"banner_bg_position_mobile":"center center","banner_bg_size_mobile":"auto","heading_spacing":{"unit":"px","size":37,"sizes":[]},"heading_typography_typography":"custom","heading_typography_font_size_mobile":{"unit":"px","size":24,"sizes":[]},"heading_typography_line_height_mobile":{"unit":"em","size":1.2,"sizes":[]},"description_spacing_mobile":{"unit":"px","size":0,"sizes":[]},"description_typography_typography":"custom","description_typography_font_size_mobile":{"unit":"px","size":0,"sizes":[]},"show_button_mobile":"none"},"elements":[],"isInner":false,"widgetType":"martfury-banner-large","elType":"widget"}],"isInner":false,"elType":"column"}],"isInner":false,"elType":"section"},{"id":"703b8914","settings":{"gap":"extended"},"elements":[{"id":"1372284c","settings":{"_column_size":100},"elements":[{"id":"695174bd","settings":{"space":{"unit":"px","size":75,"sizes":[]}},"elements":[],"isInner":false,"widgetType":"spacer","elType":"widget"},{"id":"266dd79b","settings":{"title":"Trending Products","header":"2","link_group":[],"view_all_text":"","heading_border_width":{"unit":"px","top":"","right":"","bottom":"","left":"","isLinked":true},"heading_border_color":"","heading_border_style":"none","title_typography_typography":"custom","title_typography_font_size":{"unit":"px","size":24,"sizes":[]},"title_typography_font_weight":"400","title_typography_text_transform":"uppercase","navigation_tablet":"dots","title_typography_font_size_mobile":{"unit":"px","size":20,"sizes":[]},"heading_text_align":"center","products_dots_active_background":"#fb7c00"},"elements":[],"isInner":false,"widgetType":"martfury-products-carousel","elType":"widget"}],"isInner":false,"elType":"column"}],"isInner":false,"elType":"section"},{"id":"2cef5dd0","settings":{"gap":"extended"},"elements":[{"id":"74c716d9","settings":{"_column_size":100},"elements":[{"id":"6fc634b6","settings":{"space":{"unit":"px","size":40,"sizes":[]}},"elements":[],"isInner":false,"widgetType":"spacer","elType":"widget"},{"id":"5b000dc","settings":{"title":"SHOP BY ROOM","header_size":"h3","align":"center","title_color":"#000000","typography_typography":"custom","typography_font_family":"Work Sans","typography_font_weight":"400","typography_line_height":{"unit":"em","size":1,"sizes":[]},"_margin":{"unit":"px","top":"0","right":"0","bottom":"35","left":"0","isLinked":false},"typography_font_size_mobile":{"unit":"px","size":20,"sizes":[]}},"elements":[],"isInner":false,"widgetType":"heading","elType":"widget"}],"isInner":false,"elType":"column"}],"isInner":false,"elType":"section"},{"id":"417ce60b","settings":{"gap":"extended","structure":"40"},"elements":[{"id":"1e248f8f","settings":{"_column_size":25,"_inline_size":null,"_inline_size_mobile":50},"elements":[{"id":"31e0f35d","settings":{"style":"2","border":"","image":{"url":"http:\/\/demo2.drfuri.com\/martfury14\/wp-content\/uploads\/sites\/55\/2018\/01\/r1.png","id":2452},"title":"Living Room","subtitles":[],"image_position":"top","border_style":"none","text_align":"center","heading_title_spacing":{"unit":"px","size":0,"sizes":[]},"title_typography_typography":"custom","title_typography_font_size_mobile":{"unit":"px","size":14,"sizes":[]}},"elements":[],"isInner":false,"widgetType":"martfury-image-box","elType":"widget"},{"id":"59e04867","settings":{"space":{"unit":"px","size":20,"sizes":[]}},"elements":[],"isInner":false,"widgetType":"spacer","elType":"widget"},{"id":"66c8c5a1","settings":{"style":"2","border":"","image":{"url":"http:\/\/demo2.drfuri.com\/martfury14\/wp-content\/uploads\/sites\/55\/2018\/01\/r5.png","id":2456},"title":"Bathroom","subtitles":[],"image_position":"top","border_style":"none","text_align":"center","heading_title_spacing":{"unit":"px","size":0,"sizes":[]},"title_typography_typography":"custom","title_typography_font_size_mobile":{"unit":"px","size":14,"sizes":[]}},"elements":[],"isInner":false,"widgetType":"martfury-image-box","elType":"widget"}],"isInner":false,"elType":"column"},{"id":"648a4631","settings":{"_column_size":25,"_inline_size":null,"_inline_size_mobile":50},"elements":[{"id":"2289f483","settings":{"style":"2","border":"","image":{"url":"http:\/\/demo2.drfuri.com\/martfury14\/wp-content\/uploads\/sites\/55\/2018\/01\/r2.png","id":2453},"title":"Bedroom","subtitles":[],"image_position":"top","border_style":"none","text_align":"center","heading_title_spacing":{"unit":"px","size":0,"sizes":[]},"title_typography_typography":"custom","title_typography_font_size_mobile":{"unit":"px","size":14,"sizes":[]}},"elements":[],"isInner":false,"widgetType":"martfury-image-box","elType":"widget"},{"id":"4bb8d4e2","settings":{"space":{"unit":"px","size":20,"sizes":[]}},"elements":[],"isInner":false,"widgetType":"spacer","elType":"widget"},{"id":"427ca46d","settings":{"style":"2","border":"","image":{"url":"http:\/\/demo2.drfuri.com\/martfury14\/wp-content\/uploads\/sites\/55\/2018\/01\/r6.png","id":2457},"title":"Kid's Room","subtitles":[],"image_position":"top","border_style":"none","text_align":"center","heading_title_spacing":{"unit":"px","size":0,"sizes":[]},"title_typography_typography":"custom","title_typography_font_size_mobile":{"unit":"px","size":14,"sizes":[]}},"elements":[],"isInner":false,"widgetType":"martfury-image-box","elType":"widget"}],"isInner":false,"elType":"column"},{"id":"6153e654","settings":{"_column_size":25,"_inline_size":null,"_inline_size_mobile":50},"elements":[{"id":"4728765b","settings":{"style":"2","border":"","image":{"url":"http:\/\/demo2.drfuri.com\/martfury14\/wp-content\/uploads\/sites\/55\/2018\/01\/r3.png","id":2454},"title":"Dinning Room","subtitles":[],"image_position":"top","border_style":"none","text_align":"center","heading_title_spacing":{"unit":"px","size":0,"sizes":[]},"title_typography_typography":"custom","title_typography_font_size_mobile":{"unit":"px","size":14,"sizes":[]}},"elements":[],"isInner":false,"widgetType":"martfury-image-box","elType":"widget"},{"id":"5bb3209c","settings":{"space":{"unit":"px","size":20,"sizes":[]}},"elements":[],"isInner":false,"widgetType":"spacer","elType":"widget"},{"id":"2702eb25","settings":{"style":"2","border":"","image":{"url":"http:\/\/demo2.drfuri.com\/martfury14\/wp-content\/uploads\/sites\/55\/2018\/01\/r7.png","id":2458},"title":"Patio & Outdoor","subtitles":[],"image_position":"top","border_style":"none","text_align":"center","heading_title_spacing":{"unit":"px","size":0,"sizes":[]},"title_typography_typography":"custom","title_typography_font_size_mobile":{"unit":"px","size":14,"sizes":[]}},"elements":[],"isInner":false,"widgetType":"martfury-image-box","elType":"widget"}],"isInner":false,"elType":"column"},{"id":"31d95513","settings":{"_column_size":25,"_inline_size":null,"_inline_size_mobile":50},"elements":[{"id":"5bc165ad","settings":{"style":"2","border":"","image":{"url":"http:\/\/demo2.drfuri.com\/martfury14\/wp-content\/uploads\/sites\/55\/2018\/01\/r4.png","id":2455},"title":"Kitchen","subtitles":[],"image_position":"top","border_style":"none","text_align":"center","heading_title_spacing":{"unit":"px","size":0,"sizes":[]},"title_typography_typography":"custom","title_typography_font_size_mobile":{"unit":"px","size":14,"sizes":[]}},"elements":[],"isInner":false,"widgetType":"martfury-image-box","elType":"widget"},{"id":"3fdc645a","settings":{"space":{"unit":"px","size":20,"sizes":[]}},"elements":[],"isInner":false,"widgetType":"spacer","elType":"widget"},{"id":"32962721","settings":{"style":"2","border":"","image":{"url":"http:\/\/demo2.drfuri.com\/martfury14\/wp-content\/uploads\/sites\/55\/2018\/01\/r8.png","id":2459},"title":"Office","subtitles":[],"image_position":"top","border_style":"none","text_align":"center","heading_title_spacing":{"unit":"px","size":0,"sizes":[]},"title_typography_typography":"custom","title_typography_font_size_mobile":{"unit":"px","size":14,"sizes":[]}},"elements":[],"isInner":false,"widgetType":"martfury-image-box","elType":"widget"}],"isInner":false,"elType":"column"}],"isInner":false,"elType":"section"},{"id":"426b50eb","settings":{"gap":"extended"},"elements":[{"id":"53426504","settings":{"_column_size":100},"elements":[{"id":"3d81fe9","settings":[],"elements":[],"isInner":false,"widgetType":"spacer","elType":"widget"},{"id":"72e7deee","settings":{"title":"BEST SELL BRANDS","header_size":"h3","align":"center","title_color":"#000000","typography_typography":"custom","typography_font_family":"Work Sans","typography_font_weight":"400","typography_line_height":{"unit":"em","size":1,"sizes":[]},"_margin":{"unit":"px","top":"0","right":"0","bottom":"35","left":"0","isLinked":false},"typography_font_size_mobile":{"unit":"px","size":20,"sizes":[]}},"elements":[],"isInner":false,"widgetType":"heading","elType":"widget"},{"id":"7b8ae2c6","settings":{"title":"This is the title","group_setting":[{"image":{"url":"http:\/\/demo2.drfuri.com\/martfury14\/wp-content\/uploads\/sites\/55\/2018\/01\/b13.jpg","id":2460},"_id":"cdd4169","link":{"url":"http:\/\/demo2.drfuri.com\/martfury14\/product-brand\/usa-store\/","is_external":true,"nofollow":true}},{"image":{"url":"http:\/\/demo2.drfuri.com\/martfury14\/wp-content\/uploads\/sites\/55\/2018\/01\/b14.jpg","id":2461},"_id":"e3de90b","link":{"url":"http:\/\/demo2.drfuri.com\/martfury14\/product-brand\/atc\/","is_external":true,"nofollow":true}},{"image":{"url":"http:\/\/demo2.drfuri.com\/martfury14\/wp-content\/uploads\/sites\/55\/2018\/01\/b15.jpg","id":2462},"_id":"ff1b29a","link":{"url":"http:\/\/demo2.drfuri.com\/martfury14\/product-brand\/tada\/","is_external":true,"nofollow":true}},{"image":{"url":"http:\/\/demo2.drfuri.com\/martfury14\/wp-content\/uploads\/sites\/55\/2018\/01\/b16.jpg","id":2463},"_id":"c5de63b","link":{"url":"http:\/\/demo2.drfuri.com\/martfury14\/product-brand\/baxter\/","is_external":true,"nofollow":true}},{"image":{"url":"http:\/\/demo2.drfuri.com\/martfury14\/wp-content\/uploads\/sites\/55\/2018\/01\/b17.jpg","id":2464},"_id":"ff1fa78","link":{"url":"http:\/\/demo2.drfuri.com\/martfury14\/product-brand\/amcrest\/","is_external":true,"nofollow":true}},{"image":{"url":"http:\/\/demo2.drfuri.com\/martfury14\/wp-content\/uploads\/sites\/55\/2018\/01\/b18.jpg","id":2465},"link":{"url":"http:\/\/demo2.drfuri.com\/martfury14\/product-brand\/syma\/","is_external":true,"nofollow":true},"_id":"26a6f50"},{"image":{"url":"http:\/\/demo2.drfuri.com\/martfury14\/wp-content\/uploads\/sites\/55\/2018\/01\/b19.jpg","id":2466},"link":{"url":"http:\/\/demo2.drfuri.com\/martfury14\/product-brand\/atc\/","is_external":true,"nofollow":true},"_id":"472ce60"},{"image":{"url":"http:\/\/demo2.drfuri.com\/martfury14\/wp-content\/uploads\/sites\/55\/2018\/01\/b20.jpg","id":2467},"link":{"url":"http:\/\/demo2.drfuri.com\/martfury14\/product-brand\/baxter\/","is_external":true,"nofollow":true},"_id":"947a0be"},{"image":{"url":"http:\/\/demo2.drfuri.com\/martfury14\/wp-content\/uploads\/sites\/55\/2018\/01\/b21.jpg","id":2468},"link":{"url":"http:\/\/demo2.drfuri.com\/martfury14\/product-brand\/amcrest\/","is_external":true,"nofollow":true},"_id":"1300d38"},{"image":{"url":"http:\/\/demo2.drfuri.com\/martfury14\/wp-content\/uploads\/sites\/55\/2018\/01\/b22.jpg","id":2469},"link":{"url":"http:\/\/demo2.drfuri.com\/martfury14\/product-brand\/usa-store\/","is_external":true,"nofollow":true},"_id":"76a248b"}],"item_border_style":"solid","columns_tablet":"5","columns_mobile":"2"},"elements":[],"isInner":false,"widgetType":"martfury-images-grid","elType":"widget"},{"id":"601ff056","settings":{"space":{"unit":"px","size":90,"sizes":[]}},"elements":[],"isInner":false,"widgetType":"spacer","elType":"widget"}],"isInner":false,"elType":"column"}],"isInner":false,"elType":"section"}]}