{"version":"0.4","title":"Home Funiture &#8211; Mobile","type":"page","content":[{"id":"45c1b5de","settings":{"stretch_section":"section-stretched","layout":"full_width","gap":"no"},"elements":[{"id":"1fb23e9c","settings":{"_column_size":100},"elements":[{"id":"4f44d5b5","settings":{"slides":[{"subtitle":"","heading":"Limited Edition ","description":"<p>SCADINAVIA<br \/>COLLECTIONS FOR YOUR<br \/>BEDROOM JUST <strong style=\"color: #67981a;\">$599<\/strong><\/p>","button_text":"Shop Now","background_color":"#f4f5f5","_id":"38b4454","background_image":{"id":386,"url":"http:\/\/demo2.drfuri.com\/martfury14\/wp-content\/uploads\/sites\/55\/2017\/12\/s2-1.jpg"},"background_size":"cover","background_ken_burns":"","zoom_direction":"out","background_overlay":"","background_overlay_color":"rgba(0,0,0,0.5)","background_overlay_blend_mode":"","link":{"url":"#","is_external":"","nofollow":""},"link_click":"button","price_box_type":"text","price_box_text":"","price_box_image":{"url":"","id":""},"price_box_image_size":"full","price_box_image_custom_dimension":{"width":"","height":""},"custom_style":"","horizontal_position":"","vertical_position":"","text_align":"","subtitle_custom_color":"","heading_custom_color":"","content_custom_color":"","button_custom_color":"","button_custom_bg_color":"","price_box_custom_color":"","price_box_custom_bg_color":"","background_image_tablet":{"url":"","id":""},"background_image_mobile":{"url":"","id":""},"background_size_tablet":"","background_size_mobile":"","background_position":"","background_position_tablet":"","background_position_mobile":"","background_position_custom":{"unit":"px","top":"","right":"","bottom":"","left":"","isLinked":true},"background_position_custom_tablet":{"unit":"px","top":"","right":"","bottom":"","left":"","isLinked":true},"background_position_custom_mobile":{"unit":"px","top":"","right":"","bottom":"","left":"","isLinked":true}},{"subtitle":"","heading":"Weekend Promotions ","description":"<p>HAPPY SUMMER<br \/>WOODEN FURNTITURE<br \/>SALE <strong style=\"color: #ed481d;\">40% OFF <\/strong><\/p>","button_text":"Shop Now","background_color":"#f4f5f5","_id":"a70508f","background_image":{"id":387,"url":"http:\/\/demo2.drfuri.com\/martfury14\/wp-content\/uploads\/sites\/55\/2017\/12\/s2-2.jpg"},"background_size":"cover","background_ken_burns":"","zoom_direction":"in","background_overlay":"","background_overlay_color":"rgba(0,0,0,0.5)","background_overlay_blend_mode":"","link":{"url":"#","is_external":"","nofollow":""},"link_click":"button","price_box_type":"text","price_box_text":"","price_box_image":{"url":"","id":""},"price_box_image_size":"full","price_box_image_custom_dimension":{"width":"","height":""},"custom_style":"","horizontal_position":"","vertical_position":"","text_align":"","subtitle_custom_color":"","heading_custom_color":"","content_custom_color":"","button_custom_color":"","button_custom_bg_color":"","price_box_custom_color":"","price_box_custom_bg_color":"","background_image_tablet":{"url":"","id":""},"background_image_mobile":{"url":"","id":""},"background_size_tablet":"","background_size_mobile":"","background_position":"","background_position_tablet":"","background_position_mobile":"","background_position_custom":{"unit":"px","top":"","right":"","bottom":"","left":"","isLinked":true},"background_position_custom_tablet":{"unit":"px","top":"","right":"","bottom":"","left":"","isLinked":true},"background_position_custom_mobile":{"unit":"px","top":"","right":"","bottom":"","left":"","isLinked":true}}],"slides_height":{"unit":"px","size":430,"sizes":[]},"content_animation":"fadeIn","transition":"fade","content_max_width":{"unit":"px","size":797,"sizes":[]},"slides_padding":{"unit":"%","top":"","right":"","bottom":"","left":"","isLinked":true},"arrows_spacing":{"unit":"px","size":20,"sizes":[]},"navigation":"arrows","navigation_tablet":"dots","navigation_mobile":"dots","autoplay_speed":8000,"transition_speed":800,"content_max_width_tablet":{"unit":"%","size":100,"sizes":[]},"slides_padding_tablet":{"unit":"px","top":"0","right":"0","bottom":"0","left":"30","isLinked":false},"heading_typography_typography":"custom","heading_typography_font_size_tablet":{"unit":"px","size":16,"sizes":[]},"dots_background_color":"#cccccc","dots_hover_background_color":"#cccccc","dots_active_background_color":"#000000","slides_padding_mobile":{"unit":"px","top":"15","right":"15","bottom":"15","left":"15","isLinked":true},"heading_typography_font_size_mobile":{"unit":"px","size":16,"sizes":[]},"slides_height_tablet":{"unit":"px","size":340,"sizes":[]},"slides_height_mobile":{"unit":"px","size":320,"sizes":[]},"heading_color":"#0099cc","heading_typography_font_size":{"unit":"px","size":16,"sizes":[]},"description_spacing":{"unit":"px","size":35,"sizes":[]},"description_color":"#000000","description_typography_typography":"custom","description_typography_font_size":{"unit":"px","size":36,"sizes":[]},"description_typography_font_size_tablet":{"unit":"px","size":30,"sizes":[]},"description_typography_font_size_mobile":{"unit":"px","size":22,"sizes":[]},"description_typography_font_weight":"400","description_typography_line_height":{"unit":"em","size":1.2,"sizes":[]},"button_padding":{"unit":"px","top":"12","right":"20","bottom":"12","left":"20","isLinked":false},"button_text_color":"#ffffff","button_background_color":"#fb7c00","arrows_position":"outside"},"elements":[],"isInner":false,"widgetType":"martfury-slides","elType":"widget"}],"isInner":false,"elType":"column"}],"isInner":false,"elType":"section"},{"id":"699feef","settings":{"gap":"no","layout":"full_width"},"elements":[{"id":"e4a043a","settings":{"_column_size":100,"_inline_size":null},"elements":[{"id":"1a9cd71f","settings":{"space":{"unit":"px","size":30,"sizes":[]},"space_mobile":{"unit":"px","size":15,"sizes":[]}},"elements":[],"isInner":false,"widgetType":"spacer","elType":"widget"},{"id":"7f4e9c71","settings":{"image":{"url":"http:\/\/demo2.drfuri.com\/martfury14\/wp-content\/uploads\/sites\/55\/2018\/03\/bn9.jpg","id":2520},"subtitle":"Dreamsork","title":"WOODEN\nMINIMALISTIC\nCHAIRS","button_text":"Shop Now","link":{"url":"http:\/\/demo2.drfuri.com\/martfury14\/shop\/letter-printed-cushion-cover-cotton-throw-pillow\/","is_external":true,"nofollow":true},"bg_color":"#eef0f1","highlight_title":"","desc":"<p>SALE UP TO<br \/><span style=\"color: #669900; font-size: 24px;\">40% OFF<\/span><\/p>","button_link":{"url":"#","is_external":true,"nofollow":true},"height":{"unit":"px","size":331,"sizes":[]},"banner_padding":{"unit":"px","top":"43","right":"55","bottom":"43","left":"55","isLinked":false},"banner_bg_position":"left top","heading_spacing":{"unit":"px","size":16,"sizes":[]},"heading_typography_typography":"custom","heading_typography_font_size":{"unit":"px","size":30,"sizes":[]},"heading_typography_line_height":{"unit":"em","size":1.2,"sizes":[]},"description_spacing":{"unit":"px","size":40,"sizes":[]},"description_color":"#000000","description_typography_typography":"custom","description_typography_font_size":{"unit":"px","size":12,"sizes":[]},"description_typography_font_weight":"600","description_typography_line_height":{"unit":"em","size":1.8,"sizes":[]},"button_text_color":"#ffffff","button_background_color":"#fb7c00","height_mobile":{"unit":"px","size":280,"sizes":[]},"banner_padding_tablet":{"unit":"px","top":"30","right":"30","bottom":"30","left":"30","isLinked":true},"heading_typography_font_size_mobile":{"unit":"px","size":24,"sizes":[]}},"elements":[],"isInner":false,"widgetType":"martfury-banner-medium","elType":"widget"}],"isInner":false,"elType":"column"}],"isInner":false,"elType":"section"},{"id":"629877fb","settings":{"gap":"extended"},"elements":[{"id":"9e6f018","settings":{"_column_size":100},"elements":[{"id":"1716bcf4","settings":{"space":{"unit":"px","size":40,"sizes":[]}},"elements":[],"isInner":false,"widgetType":"spacer","elType":"widget"},{"id":"3cb331ad","settings":{"title":"Best Seller Products","header":"2","link_group":[],"view_all_text":"","heading_border_style":"none","title_typography_typography":"custom","title_typography_font_size":{"unit":"px","size":24,"sizes":[]},"title_typography_font_weight":"400","title_typography_text_transform":"uppercase","navigation_tablet":"dots","title_typography_font_size_mobile":{"unit":"px","size":20,"sizes":[]},"products_dots_active_background":"#fb7c00","heading_text_align":"center"},"elements":[],"isInner":false,"widgetType":"martfury-products-carousel","elType":"widget"}],"isInner":false,"elType":"column"}],"isInner":false,"elType":"section"},{"id":"a002449","settings":{"gap":"extended"},"elements":[{"id":"7f58f8c6","settings":{"_column_size":100},"elements":[{"id":"51171f8f","settings":{"space":{"unit":"px","size":40,"sizes":[]}},"elements":[],"isInner":false,"widgetType":"spacer","elType":"widget"},{"id":"655a2c95","settings":{"title":"SHOP BY CATEGORY","header_size":"h3","align":"center","title_color":"#000000","typography_typography":"custom","typography_font_family":"Work Sans","typography_font_weight":"400","typography_line_height":{"unit":"em","size":1,"sizes":[]},"_margin":{"unit":"px","top":"0","right":"0","bottom":"35","left":"0","isLinked":false},"typography_font_size_mobile":{"unit":"px","size":20,"sizes":[]}},"elements":[],"isInner":false,"widgetType":"heading","elType":"widget"}],"isInner":false,"elType":"column"}],"isInner":false,"elType":"section"},{"id":"2b8b0e2","settings":{"gap":"extended","structure":"60","padding_mobile":{"unit":"px","top":"0","right":"12.5","bottom":"0","left":"12.5","isLinked":false}},"elements":[{"id":"6f2a8953","settings":{"_column_size":16,"_inline_size":null,"_inline_size_tablet":33.3333,"_inline_size_mobile":33.33,"padding_mobile":{"unit":"px","top":"0","right":"2.5","bottom":"0","left":"2.5","isLinked":false}},"elements":[{"id":"10f2eba4","settings":{"style":"2","image":{"url":"http:\/\/demo2.drfuri.com\/martfury14\/wp-content\/uploads\/sites\/55\/2018\/01\/c1.png","id":2436},"title":"Sofas","subtitles":[],"image_size":"custom","image_custom_dimension":{"width":"170","height":"170"},"image_position":"top","text_align":"center","heading_title_spacing":{"unit":"px","size":0,"sizes":[]},"title_typography_typography":"custom","title_typography_font_size_mobile":{"unit":"px","size":14,"sizes":[]},"hover_border_color":"#fb7c00","title_border_color":"#fb7c00"},"elements":[],"isInner":false,"widgetType":"martfury-image-box","elType":"widget"},{"id":"48e30393","settings":{"space":{"unit":"px","size":30,"sizes":[]},"space_mobile":{"unit":"px","size":5,"sizes":[]}},"elements":[],"isInner":false,"widgetType":"spacer","elType":"widget"},{"id":"7494d8d8","settings":{"style":"2","image":{"url":"http:\/\/demo2.drfuri.com\/martfury14\/wp-content\/uploads\/sites\/55\/2018\/01\/c7.png","id":2442},"title":"Lamps & Lighting","subtitles":[],"image_size":"custom","image_custom_dimension":{"width":"170","height":"170"},"image_position":"top","text_align":"center","heading_title_spacing":{"unit":"px","size":0,"sizes":[]},"title_typography_typography":"custom","title_typography_font_size_mobile":{"unit":"px","size":14,"sizes":[]},"min_height_mobile":{"unit":"px","size":176,"sizes":[]},"hover_border_color":"#fb7c00","title_border_color":"#fb7c00"},"elements":[],"isInner":false,"widgetType":"martfury-image-box","elType":"widget"},{"id":"1a06d752","settings":{"space":{"unit":"px","size":30,"sizes":[]},"space_mobile":{"unit":"px","size":5,"sizes":[]}},"elements":[],"isInner":false,"widgetType":"spacer","elType":"widget"}],"isInner":false,"elType":"column"},{"id":"69620cf7","settings":{"_column_size":16,"_inline_size":null,"_inline_size_tablet":33.3333,"_inline_size_mobile":33.33,"padding_mobile":{"unit":"px","top":"0","right":"2.5","bottom":"0","left":"2.5","isLinked":false}},"elements":[{"id":"5dd6fe29","settings":{"style":"2","image":{"url":"http:\/\/demo2.drfuri.com\/martfury14\/wp-content\/uploads\/sites\/55\/2018\/01\/c2.png","id":2437},"title":"Chairs","subtitles":[],"image_size":"custom","image_custom_dimension":{"width":"170","height":"170"},"image_position":"top","text_align":"center","heading_title_spacing":{"unit":"px","size":0,"sizes":[]},"title_typography_typography":"custom","title_typography_font_size_mobile":{"unit":"px","size":14,"sizes":[]},"hover_border_color":"#fb7c00","title_border_color":"#fb7c00"},"elements":[],"isInner":false,"widgetType":"martfury-image-box","elType":"widget"},{"id":"3168f613","settings":{"space":{"unit":"px","size":30,"sizes":[]},"space_mobile":{"unit":"px","size":5,"sizes":[]}},"elements":[],"isInner":false,"widgetType":"spacer","elType":"widget"},{"id":"4cb988e4","settings":{"style":"2","image":{"url":"http:\/\/demo2.drfuri.com\/martfury14\/wp-content\/uploads\/sites\/55\/2018\/01\/c8.png","id":2443},"title":"Furnishings","subtitles":[],"image_size":"custom","image_custom_dimension":{"width":"170","height":"170"},"image_position":"top","text_align":"center","heading_title_spacing":{"unit":"px","size":0,"sizes":[]},"title_typography_typography":"custom","title_typography_font_size_mobile":{"unit":"px","size":14,"sizes":[]},"min_height_mobile":{"unit":"px","size":176,"sizes":[]},"hover_border_color":"#fb7c00","title_border_color":"#fb7c00"},"elements":[],"isInner":false,"widgetType":"martfury-image-box","elType":"widget"},{"id":"30bffacb","settings":{"space":{"unit":"px","size":30,"sizes":[]},"space_mobile":{"unit":"px","size":5,"sizes":[]}},"elements":[],"isInner":false,"widgetType":"spacer","elType":"widget"}],"isInner":false,"elType":"column"},{"id":"4be9a6d","settings":{"_column_size":16,"_inline_size":null,"_inline_size_tablet":33.3333,"_inline_size_mobile":33.33,"padding_mobile":{"unit":"px","top":"0","right":"2.5","bottom":"0","left":"2.5","isLinked":false}},"elements":[{"id":"7cae2a91","settings":{"style":"2","image":{"url":"http:\/\/demo2.drfuri.com\/martfury14\/wp-content\/uploads\/sites\/55\/2018\/01\/c3.png","id":2438},"title":"Tables","subtitles":[],"image_size":"custom","image_custom_dimension":{"width":"170","height":"170"},"image_position":"top","text_align":"center","heading_title_spacing":{"unit":"px","size":0,"sizes":[]},"title_typography_typography":"custom","title_typography_font_size_mobile":{"unit":"px","size":14,"sizes":[]},"hover_border_color":"#fb7c00","title_border_color":"#fb7c00"},"elements":[],"isInner":false,"widgetType":"martfury-image-box","elType":"widget"},{"id":"1365dec3","settings":{"space":{"unit":"px","size":30,"sizes":[]},"space_mobile":{"unit":"px","size":5,"sizes":[]}},"elements":[],"isInner":false,"widgetType":"spacer","elType":"widget"},{"id":"6bf20777","settings":{"style":"2","image":{"url":"http:\/\/demo2.drfuri.com\/martfury14\/wp-content\/uploads\/sites\/55\/2018\/01\/c9.png","id":2444},"title":"Ottomans","subtitles":[],"image_size":"custom","image_custom_dimension":{"width":"170","height":"170"},"image_position":"top","text_align":"center","heading_title_spacing":{"unit":"px","size":0,"sizes":[]},"title_typography_typography":"custom","title_typography_font_size_mobile":{"unit":"px","size":14,"sizes":[]},"min_height_mobile":{"unit":"px","size":176,"sizes":[]},"hover_border_color":"#fb7c00","title_border_color":"#fb7c00"},"elements":[],"isInner":false,"widgetType":"martfury-image-box","elType":"widget"},{"id":"1c8e5755","settings":{"space":{"unit":"px","size":30,"sizes":[]},"space_mobile":{"unit":"px","size":5,"sizes":[]}},"elements":[],"isInner":false,"widgetType":"spacer","elType":"widget"}],"isInner":false,"elType":"column"},{"id":"27c83c54","settings":{"_column_size":16,"_inline_size":null,"_inline_size_tablet":33.3333,"_inline_size_mobile":33.33,"padding_mobile":{"unit":"px","top":"0","right":"2.5","bottom":"0","left":"2.5","isLinked":false}},"elements":[{"id":"4a33dbac","settings":{"style":"2","image":{"url":"http:\/\/demo2.drfuri.com\/martfury14\/wp-content\/uploads\/sites\/55\/2018\/01\/c4.png","id":2439},"title":"TV Boards","subtitles":[],"image_size":"custom","image_custom_dimension":{"width":"170","height":"170"},"image_position":"top","text_align":"center","heading_title_spacing":{"unit":"px","size":0,"sizes":[]},"title_typography_typography":"custom","title_typography_font_size_mobile":{"unit":"px","size":14,"sizes":[]},"hover_border_color":"#fb7c00","title_border_color":"#fb7c00"},"elements":[],"isInner":false,"widgetType":"martfury-image-box","elType":"widget"},{"id":"33850d2","settings":{"space":{"unit":"px","size":30,"sizes":[]},"space_mobile":{"unit":"px","size":5,"sizes":[]}},"elements":[],"isInner":false,"widgetType":"spacer","elType":"widget"},{"id":"30221840","settings":{"style":"2","image":{"url":"http:\/\/demo2.drfuri.com\/martfury14\/wp-content\/uploads\/sites\/55\/2018\/01\/c10.png","id":2445},"title":"Shelfs","subtitles":[],"image_size":"custom","image_custom_dimension":{"width":"170","height":"170"},"image_position":"top","text_align":"center","heading_title_spacing":{"unit":"px","size":0,"sizes":[]},"title_typography_typography":"custom","title_typography_font_size_mobile":{"unit":"px","size":14,"sizes":[]},"min_height_mobile":{"unit":"px","size":176,"sizes":[]},"hover_border_color":"#fb7c00","title_border_color":"#fb7c00"},"elements":[],"isInner":false,"widgetType":"martfury-image-box","elType":"widget"},{"id":"14cffd5a","settings":{"space":{"unit":"px","size":30,"sizes":[]}},"elements":[],"isInner":false,"widgetType":"spacer","elType":"widget"}],"isInner":false,"elType":"column"},{"id":"41cc1f7a","settings":{"_column_size":16,"_inline_size":null,"_inline_size_tablet":33.3333,"_inline_size_mobile":33.33,"padding_mobile":{"unit":"px","top":"0","right":"2.5","bottom":"0","left":"2.5","isLinked":false}},"elements":[{"id":"4a46f28c","settings":{"style":"2","image":{"url":"http:\/\/demo2.drfuri.com\/martfury14\/wp-content\/uploads\/sites\/55\/2018\/01\/c5.png","id":2440},"title":"Storages","subtitles":[],"image_size":"custom","image_custom_dimension":{"width":"170","height":"170"},"image_position":"top","text_align":"center","heading_title_spacing":{"unit":"px","size":0,"sizes":[]},"title_typography_typography":"custom","title_typography_font_size_mobile":{"unit":"px","size":14,"sizes":[]},"hover_border_color":"#fb7c00","title_border_color":"#fb7c00"},"elements":[],"isInner":false,"widgetType":"martfury-image-box","elType":"widget"},{"id":"640d3d4","settings":{"space":{"unit":"px","size":30,"sizes":[]},"space_mobile":{"unit":"px","size":5,"sizes":[]}},"elements":[],"isInner":false,"widgetType":"spacer","elType":"widget"},{"id":"683f3b4b","settings":{"style":"2","image":{"url":"http:\/\/demo2.drfuri.com\/martfury14\/wp-content\/uploads\/sites\/55\/2018\/01\/c11.png","id":2446},"title":"Kid Furnitures","subtitles":[],"image_size":"custom","image_custom_dimension":{"width":"170","height":"170"},"image_position":"top","text_align":"center","heading_title_spacing":{"unit":"px","size":0,"sizes":[]},"title_typography_typography":"custom","title_typography_font_size_mobile":{"unit":"px","size":14,"sizes":[]},"min_height_mobile":{"unit":"px","size":176,"sizes":[]},"hover_border_color":"#fb7c00","title_border_color":"#fb7c00"},"elements":[],"isInner":false,"widgetType":"martfury-image-box","elType":"widget"},{"id":"681e3795","settings":{"space":{"unit":"px","size":30,"sizes":[]}},"elements":[],"isInner":false,"widgetType":"spacer","elType":"widget"}],"isInner":false,"elType":"column"},{"id":"221b3fa9","settings":{"_column_size":16,"_inline_size":null,"_inline_size_tablet":33.3333,"_inline_size_mobile":33.33,"padding_mobile":{"unit":"px","top":"0","right":"2.5","bottom":"0","left":"2.5","isLinked":false}},"elements":[{"id":"15a66996","settings":{"style":"2","image":{"url":"http:\/\/demo2.drfuri.com\/martfury14\/wp-content\/uploads\/sites\/55\/2018\/01\/c6.png","id":2441},"title":"Rugs","subtitles":[],"image_size":"custom","image_custom_dimension":{"width":"170","height":"170"},"image_position":"top","text_align":"center","heading_title_spacing":{"unit":"px","size":0,"sizes":[]},"title_typography_typography":"custom","title_typography_font_size_mobile":{"unit":"px","size":14,"sizes":[]},"hover_border_color":"#fb7c00","title_border_color":"#fb7c00"},"elements":[],"isInner":false,"widgetType":"martfury-image-box","elType":"widget"},{"id":"a0af8ee","settings":{"space":{"unit":"px","size":30,"sizes":[]},"space_mobile":{"unit":"px","size":5,"sizes":[]}},"elements":[],"isInner":false,"widgetType":"spacer","elType":"widget"},{"id":"74685f93","settings":{"style":"2","image":{"url":"http:\/\/demo2.drfuri.com\/martfury14\/wp-content\/uploads\/sites\/55\/2018\/01\/c12.png","id":2447},"title":"Kitchen","subtitles":[],"image_size":"custom","image_custom_dimension":{"width":"170","height":"170"},"image_position":"top","text_align":"center","heading_title_spacing":{"unit":"px","size":0,"sizes":[]},"title_typography_typography":"custom","title_typography_font_size_mobile":{"unit":"px","size":14,"sizes":[]},"min_height_mobile":{"unit":"px","size":176,"sizes":[]},"hover_border_color":"#fb7c00","title_border_color":"#fb7c00"},"elements":[],"isInner":false,"widgetType":"martfury-image-box","elType":"widget"},{"id":"56e2c079","settings":{"space":{"unit":"px","size":30,"sizes":[]}},"elements":[],"isInner":false,"widgetType":"spacer","elType":"widget"}],"isInner":false,"elType":"column"}],"isInner":false,"elType":"section"},{"id":"3ac39c33","settings":{"gap":"extended"},"elements":[{"id":"5b990fbe","settings":{"_column_size":100},"elements":[{"id":"ea5c5b6","settings":{"space":{"unit":"px","size":10,"sizes":[]}},"elements":[],"isInner":false,"widgetType":"spacer","elType":"widget"},{"id":"43dbcf47","settings":{"layout":"2","image":{"url":"http:\/\/demo2.drfuri.com\/martfury14\/wp-content\/uploads\/sites\/55\/2018\/03\/bn6.jpg","id":2523},"title":"FABRIC BED\nDISCOUNT \n","desc":"<p>Strong mattress support with 10 wood slats<br \/>prevents sagging and increases mattress life<\/p>","button_text":"Shop Now","button_link":{"url":"http:\/\/demo2.drfuri.com\/martfury14\/shop\/simple-wood-combine-with-leather-chair\/","is_external":true,"nofollow":true},"highlight_title":"25% OFF","regular_price":"$219.05","sale_price":"$260.50","button_text_color":"#ffffff","button_background_color":"#fb7c00","banner_padding_tablet":{"unit":"px","top":"30","right":"30","bottom":"30","left":"30","isLinked":true},"banner_bg_position_mobile":"center center","banner_bg_size_mobile":"auto","heading_spacing":{"unit":"px","size":41,"sizes":[]},"heading_typography_typography":"custom","heading_typography_font_size_mobile":{"unit":"px","size":24,"sizes":[]},"heading_typography_line_height_mobile":{"unit":"em","size":1.2,"sizes":[]},"description_spacing_mobile":{"unit":"px","size":0,"sizes":[]},"description_typography_typography":"custom","description_typography_font_size_mobile":{"unit":"px","size":0,"sizes":[]},"show_button_mobile":"none","banner_bg_position_custom_mobile":{"unit":"%","top":"0","right":0,"bottom":0,"left":"50","isLinked":false}},"elements":[],"isInner":false,"widgetType":"martfury-banner-large","elType":"widget"}],"isInner":false,"elType":"column"}],"isInner":false,"elType":"section"},{"id":"47f38706","settings":{"gap":"extended"},"elements":[{"id":"46ffa637","settings":{"_column_size":100},"elements":[{"id":"4f2f877b","settings":{"space":{"unit":"px","size":75,"sizes":[]}},"elements":[],"isInner":false,"widgetType":"spacer","elType":"widget"},{"id":"73656656","settings":{"title":"Trending Products","header":"2","link_group":[],"view_all_text":"","heading_border_width":{"unit":"px","top":"","right":"","bottom":"","left":"","isLinked":true},"heading_border_color":"","heading_border_style":"none","title_typography_typography":"custom","title_typography_font_size":{"unit":"px","size":24,"sizes":[]},"title_typography_font_weight":"400","title_typography_text_transform":"uppercase","navigation_tablet":"dots","title_typography_font_size_mobile":{"unit":"px","size":20,"sizes":[]},"products_dots_active_background":"#fb7c00","heading_text_align":"center"},"elements":[],"isInner":false,"widgetType":"martfury-products-carousel","elType":"widget"}],"isInner":false,"elType":"column"}],"isInner":false,"elType":"section"},{"id":"b609714","settings":{"gap":"extended"},"elements":[{"id":"4fadd50b","settings":{"_column_size":100},"elements":[{"id":"594450e2","settings":{"space":{"unit":"px","size":40,"sizes":[]}},"elements":[],"isInner":false,"widgetType":"spacer","elType":"widget"},{"id":"c07236f","settings":{"title":"SHOP BY ROOM","header_size":"h3","align":"center","title_color":"#000000","typography_typography":"custom","typography_font_family":"Work Sans","typography_font_weight":"400","typography_line_height":{"unit":"em","size":1,"sizes":[]},"_margin":{"unit":"px","top":"0","right":"0","bottom":"35","left":"0","isLinked":false},"typography_font_size_mobile":{"unit":"px","size":20,"sizes":[]}},"elements":[],"isInner":false,"widgetType":"heading","elType":"widget"}],"isInner":false,"elType":"column"}],"isInner":false,"elType":"section"},{"id":"7aaf7661","settings":{"gap":"extended","structure":"40"},"elements":[{"id":"205df471","settings":{"_column_size":25,"_inline_size":null,"_inline_size_mobile":50,"padding_mobile":{"unit":"px","top":"0","right":"7.5","bottom":"0","left":"15","isLinked":false}},"elements":[{"id":"25d03ff0","settings":{"style":"2","border":"","image":{"url":"http:\/\/demo2.drfuri.com\/martfury14\/wp-content\/uploads\/sites\/55\/2018\/01\/r1.png","id":2452},"title":"Living Room","subtitles":[],"image_position":"top","border_style":"none","text_align":"center","heading_title_spacing":{"unit":"px","size":0,"sizes":[]},"title_typography_typography":"custom","title_typography_font_size_mobile":{"unit":"px","size":14,"sizes":[]}},"elements":[],"isInner":false,"widgetType":"martfury-image-box","elType":"widget"},{"id":"41fc93a7","settings":{"space":{"unit":"px","size":20,"sizes":[]}},"elements":[],"isInner":false,"widgetType":"spacer","elType":"widget"},{"id":"750e47f","settings":{"style":"2","border":"","image":{"url":"http:\/\/demo2.drfuri.com\/martfury14\/wp-content\/uploads\/sites\/55\/2018\/01\/r5.png","id":2456},"title":"Bathroom","subtitles":[],"image_position":"top","border_style":"none","text_align":"center","heading_title_spacing":{"unit":"px","size":0,"sizes":[]},"title_typography_typography":"custom","title_typography_font_size_mobile":{"unit":"px","size":14,"sizes":[]}},"elements":[],"isInner":false,"widgetType":"martfury-image-box","elType":"widget"}],"isInner":false,"elType":"column"},{"id":"557dd1b","settings":{"_column_size":25,"_inline_size":null,"_inline_size_mobile":50,"padding_mobile":{"unit":"px","top":"0","right":"15","bottom":"0","left":"7.5","isLinked":false}},"elements":[{"id":"5a3b3a2c","settings":{"style":"2","border":"","image":{"url":"http:\/\/demo2.drfuri.com\/martfury14\/wp-content\/uploads\/sites\/55\/2018\/01\/r2.png","id":2453},"title":"Bedroom","subtitles":[],"image_position":"top","border_style":"none","text_align":"center","heading_title_spacing":{"unit":"px","size":0,"sizes":[]},"title_typography_typography":"custom","title_typography_font_size_mobile":{"unit":"px","size":14,"sizes":[]}},"elements":[],"isInner":false,"widgetType":"martfury-image-box","elType":"widget"},{"id":"7a8dde6c","settings":{"space":{"unit":"px","size":20,"sizes":[]}},"elements":[],"isInner":false,"widgetType":"spacer","elType":"widget"},{"id":"69294319","settings":{"style":"2","border":"","image":{"url":"http:\/\/demo2.drfuri.com\/martfury14\/wp-content\/uploads\/sites\/55\/2018\/01\/r6.png","id":2457},"title":"Kid's Room","subtitles":[],"image_position":"top","border_style":"none","text_align":"center","heading_title_spacing":{"unit":"px","size":0,"sizes":[]},"title_typography_typography":"custom","title_typography_font_size_mobile":{"unit":"px","size":14,"sizes":[]}},"elements":[],"isInner":false,"widgetType":"martfury-image-box","elType":"widget"}],"isInner":false,"elType":"column"},{"id":"67ede374","settings":{"_column_size":25,"_inline_size":null,"_inline_size_mobile":50,"padding_mobile":{"unit":"px","top":"0","right":"7.5","bottom":"0","left":"15","isLinked":false}},"elements":[{"id":"39bc924a","settings":{"style":"2","border":"","image":{"url":"http:\/\/demo2.drfuri.com\/martfury14\/wp-content\/uploads\/sites\/55\/2018\/01\/r3.png","id":2454},"title":"Dinning Room","subtitles":[],"image_position":"top","border_style":"none","text_align":"center","heading_title_spacing":{"unit":"px","size":0,"sizes":[]},"title_typography_typography":"custom","title_typography_font_size_mobile":{"unit":"px","size":14,"sizes":[]}},"elements":[],"isInner":false,"widgetType":"martfury-image-box","elType":"widget"},{"id":"34460fa2","settings":{"space":{"unit":"px","size":20,"sizes":[]}},"elements":[],"isInner":false,"widgetType":"spacer","elType":"widget"},{"id":"70610d1f","settings":{"style":"2","border":"","image":{"url":"http:\/\/demo2.drfuri.com\/martfury14\/wp-content\/uploads\/sites\/55\/2018\/01\/r7.png","id":2458},"title":"Patio & Outdoor","subtitles":[],"image_position":"top","border_style":"none","text_align":"center","heading_title_spacing":{"unit":"px","size":0,"sizes":[]},"title_typography_typography":"custom","title_typography_font_size_mobile":{"unit":"px","size":14,"sizes":[]}},"elements":[],"isInner":false,"widgetType":"martfury-image-box","elType":"widget"}],"isInner":false,"elType":"column"},{"id":"227b1625","settings":{"_column_size":25,"_inline_size":null,"_inline_size_mobile":50,"padding_mobile":{"unit":"px","top":"0","right":"15","bottom":"0","left":"7.5","isLinked":false}},"elements":[{"id":"516db63f","settings":{"style":"2","border":"","image":{"url":"http:\/\/demo2.drfuri.com\/martfury14\/wp-content\/uploads\/sites\/55\/2018\/01\/r4.png","id":2455},"title":"Kitchen","subtitles":[],"image_position":"top","border_style":"none","text_align":"center","heading_title_spacing":{"unit":"px","size":0,"sizes":[]},"title_typography_typography":"custom","title_typography_font_size_mobile":{"unit":"px","size":14,"sizes":[]}},"elements":[],"isInner":false,"widgetType":"martfury-image-box","elType":"widget"},{"id":"5cb34de5","settings":{"space":{"unit":"px","size":20,"sizes":[]}},"elements":[],"isInner":false,"widgetType":"spacer","elType":"widget"},{"id":"6d11c527","settings":{"style":"2","border":"","image":{"url":"http:\/\/demo2.drfuri.com\/martfury14\/wp-content\/uploads\/sites\/55\/2018\/01\/r8.png","id":2459},"title":"Office","subtitles":[],"image_position":"top","border_style":"none","text_align":"center","heading_title_spacing":{"unit":"px","size":0,"sizes":[]},"title_typography_typography":"custom","title_typography_font_size_mobile":{"unit":"px","size":14,"sizes":[]}},"elements":[],"isInner":false,"widgetType":"martfury-image-box","elType":"widget"}],"isInner":false,"elType":"column"}],"isInner":false,"elType":"section"},{"id":"74bfca52","settings":{"gap":"extended"},"elements":[{"id":"22fd8256","settings":{"_column_size":100},"elements":[{"id":"56ffa337","settings":[],"elements":[],"isInner":false,"widgetType":"spacer","elType":"widget"},{"id":"3f935fe8","settings":{"title":"BEST SELL BRANDS","header_size":"h3","align":"center","title_color":"#000000","typography_typography":"custom","typography_font_family":"Work Sans","typography_font_weight":"400","typography_line_height":{"unit":"em","size":1,"sizes":[]},"_margin":{"unit":"px","top":"0","right":"0","bottom":"35","left":"0","isLinked":false},"typography_font_size_mobile":{"unit":"px","size":20,"sizes":[]}},"elements":[],"isInner":false,"widgetType":"heading","elType":"widget"},{"id":"4c7c40d5","settings":{"title":"This is the title","group_setting":[{"image":{"url":"http:\/\/demo2.drfuri.com\/martfury14\/wp-content\/uploads\/sites\/55\/2018\/01\/b13.jpg","id":2460},"_id":"cdd4169","link":{"url":"http:\/\/demo2.drfuri.com\/martfury14\/product-brand\/usa-store\/","is_external":true,"nofollow":true}},{"image":{"url":"http:\/\/demo2.drfuri.com\/martfury14\/wp-content\/uploads\/sites\/55\/2018\/01\/b14.jpg","id":2461},"_id":"e3de90b","link":{"url":"http:\/\/demo2.drfuri.com\/martfury14\/product-brand\/atc\/","is_external":true,"nofollow":true}},{"image":{"url":"http:\/\/demo2.drfuri.com\/martfury14\/wp-content\/uploads\/sites\/55\/2018\/01\/b15.jpg","id":2462},"_id":"ff1b29a","link":{"url":"http:\/\/demo2.drfuri.com\/martfury14\/product-brand\/tada\/","is_external":true,"nofollow":true}},{"image":{"url":"http:\/\/demo2.drfuri.com\/martfury14\/wp-content\/uploads\/sites\/55\/2018\/01\/b16.jpg","id":2463},"_id":"c5de63b","link":{"url":"http:\/\/demo2.drfuri.com\/martfury14\/product-brand\/baxter\/","is_external":true,"nofollow":true}},{"image":{"url":"http:\/\/demo2.drfuri.com\/martfury14\/wp-content\/uploads\/sites\/55\/2018\/01\/b17.jpg","id":2464},"_id":"ff1fa78","link":{"url":"http:\/\/demo2.drfuri.com\/martfury14\/product-brand\/amcrest\/","is_external":true,"nofollow":true}},{"image":{"url":"http:\/\/demo2.drfuri.com\/martfury14\/wp-content\/uploads\/sites\/55\/2018\/01\/b18.jpg","id":2465},"link":{"url":"http:\/\/demo2.drfuri.com\/martfury14\/product-brand\/syma\/","is_external":true,"nofollow":true},"_id":"26a6f50"},{"image":{"url":"http:\/\/demo2.drfuri.com\/martfury14\/wp-content\/uploads\/sites\/55\/2018\/01\/b19.jpg","id":2466},"link":{"url":"http:\/\/demo2.drfuri.com\/martfury14\/product-brand\/atc\/","is_external":true,"nofollow":true},"_id":"472ce60"},{"image":{"url":"http:\/\/demo2.drfuri.com\/martfury14\/wp-content\/uploads\/sites\/55\/2018\/01\/b20.jpg","id":2467},"link":{"url":"http:\/\/demo2.drfuri.com\/martfury14\/product-brand\/baxter\/","is_external":true,"nofollow":true},"_id":"947a0be"},{"image":{"url":"http:\/\/demo2.drfuri.com\/martfury14\/wp-content\/uploads\/sites\/55\/2018\/01\/b21.jpg","id":2468},"link":{"url":"http:\/\/demo2.drfuri.com\/martfury14\/product-brand\/amcrest\/","is_external":true,"nofollow":true},"_id":"1300d38"},{"image":{"url":"http:\/\/demo2.drfuri.com\/martfury14\/wp-content\/uploads\/sites\/55\/2018\/01\/b22.jpg","id":2469},"link":{"url":"http:\/\/demo2.drfuri.com\/martfury14\/product-brand\/usa-store\/","is_external":true,"nofollow":true},"_id":"76a248b"}],"item_border_style":"solid","columns_tablet":"5","columns_mobile":"2"},"elements":[],"isInner":false,"widgetType":"martfury-images-grid","elType":"widget"},{"id":"4f667d9e","settings":{"space":{"unit":"px","size":90,"sizes":[]}},"elements":[],"isInner":false,"widgetType":"spacer","elType":"widget"}],"isInner":false,"elType":"column"}],"isInner":false,"elType":"section"}]}