{"version":"0.4","title":"Home Marketplace 1 &#8211; Mobile","type":"page","content":[{"id":"5983a3cd","settings":{"gap":"no","_title":"Main Slider","layout":"full_width"},"elements":[{"id":"50704047","settings":{"_column_size":100},"elements":[{"id":"79765ea5","settings":{"slides":[{"subtitle":"Mega Sale, Don\u2019t Miss Out !","heading":"iloveugly<br>\nClothings\n","description":"<p>Discount<br \/><span style=\"color: #669900; font-size: 24px;\">40% Off<\/span><\/p>","button_text":"Shop Now","background_color":"#f4f5f5","_id":"38b4454","background_image":{"url":"http:\/\/demo2.drfuri.com\/martfury10\/wp-content\/uploads\/sites\/51\/2019\/05\/s3-1.jpg","id":3648},"background_size":"auto","background_ken_burns":"","zoom_direction":"out","background_overlay":"","background_overlay_color":"rgba(0,0,0,0.5)","background_overlay_blend_mode":"","link":{"url":"#","is_external":"","nofollow":""},"link_click":"button","price_box_type":"text","price_box_text":"","price_box_image":{"url":"","id":""},"price_box_image_size":"full","price_box_image_custom_dimension":{"width":"","height":""},"custom_style":"","horizontal_position":"","vertical_position":"","text_align":"","subtitle_custom_color":"","heading_custom_color":"","content_custom_color":"","button_custom_color":"","button_custom_bg_color":"","price_box_custom_color":"","price_box_custom_bg_color":"","background_image_tablet":{"url":"","id":""},"background_image_mobile":{"url":"","id":""}},{"subtitle":"Limited Edition","heading":"IKEA Minimalist<br>\nOtoman","description":"<p>Discount<br \/><span style=\"color: #669900; font-size: 24px;\">30% Off<\/span><\/p>","button_text":"Shop Now","background_color":"#f4f5f5","_id":"a70508f","background_image":{"url":"http:\/\/demo2.drfuri.com\/martfury10\/wp-content\/uploads\/sites\/51\/2019\/05\/s02.jpg","id":3646},"background_size":"auto","background_ken_burns":"","zoom_direction":"in","background_overlay":"","background_overlay_color":"rgba(0,0,0,0.5)","background_overlay_blend_mode":"","link":{"url":"#","is_external":"","nofollow":""},"link_click":"button","price_box_type":"text","price_box_text":"","price_box_image":{"url":"","id":""},"price_box_image_size":"full","price_box_image_custom_dimension":{"width":"","height":""},"custom_style":"","horizontal_position":"","vertical_position":"","text_align":"","subtitle_custom_color":"","heading_custom_color":"","content_custom_color":"","button_custom_color":"","button_custom_bg_color":"","price_box_custom_color":"","price_box_custom_bg_color":"","background_image_tablet":{"url":"","id":""},"background_image_mobile":{"url":"","id":""}},{"subtitle":"Mega Sale Nov 2017","heading":"Double Combo<br> With Shop","description":"<p>Sale up to<br \/><span style=\"color: #669900; font-size: 24px;\">50% Off<\/span><\/p>","button_text":"Shop Now","background_color":"#f4f5f5","_id":"5320779","background_image":{"url":"http:\/\/demo2.drfuri.com\/martfury10\/wp-content\/uploads\/sites\/51\/2019\/05\/s03.jpg","id":3647},"background_size":"auto","background_ken_burns":"","zoom_direction":"in","background_overlay":"","background_overlay_color":"rgba(0,0,0,0.5)","background_overlay_blend_mode":"","link":{"url":"#","is_external":"","nofollow":""},"link_click":"button","price_box_type":"text","price_box_text":"","price_box_image":{"url":"","id":""},"price_box_image_size":"full","price_box_image_custom_dimension":{"width":"","height":""},"custom_style":"","horizontal_position":"","vertical_position":"","text_align":"","subtitle_custom_color":"","heading_custom_color":"","content_custom_color":"","button_custom_color":"","button_custom_bg_color":"","price_box_custom_color":"","price_box_custom_bg_color":"","background_image_tablet":{"url":"","id":""},"background_image_mobile":{"url":"","id":""}}],"slides_height":{"unit":"px","size":358,"sizes":[]},"content_animation":"fadeIn","transition":"fade","content_max_width":{"unit":"px","size":575,"sizes":[]},"slides_padding":{"unit":"%","top":"","right":"","bottom":"","left":"","isLinked":true},"arrows_spacing":{"unit":"px","size":0,"sizes":[]},"slides_horizontal_position":"center","navigation":"arrows","navigation_tablet":"dots","navigation_mobile":"dots","autoplay_speed":8000,"transition_speed":800,"content_max_width_tablet":{"unit":"%","size":100,"sizes":[]},"slides_padding_tablet":{"unit":"px","top":"0","right":"0","bottom":"0","left":"30","isLinked":false},"heading_typography_typography":"custom","heading_typography_font_size_tablet":{"unit":"px","size":30,"sizes":[]},"dots_background_color":"#ffffff","dots_active_background_color":"#fcb800","slides_padding_mobile":{"unit":"px","top":"15","right":"15","bottom":"15","left":"15","isLinked":true}},"elements":[],"isInner":false,"widgetType":"martfury-slides","elType":"widget"}],"isInner":false,"elType":"column"}],"isInner":false,"elType":"section"},{"id":"2d58581e","settings":{"_title":"Spacer","structure":"20"},"elements":[{"id":"6b19d922","settings":{"_column_size":50,"_inline_size":null},"elements":[{"id":"6cfb4675","settings":{"space":{"unit":"px","size":5,"sizes":[]}},"elements":[],"isInner":false,"widgetType":"spacer","elType":"widget"}],"isInner":false,"elType":"column"},{"id":"26bb6a9a","settings":{"_column_size":50,"_inline_size":null},"elements":[],"isInner":false,"elType":"column"}],"isInner":false,"elType":"section"},{"id":"53f3a3e2","settings":{"structure":"20","_title":"Banners","gap":"no","layout":"full_width"},"elements":[{"id":"39cd0721","settings":{"_column_size":50,"_inline_size":50,"_inline_size_tablet":50,"space_between_widgets":0,"_inline_size_mobile":50,"padding_mobile":{"unit":"px","top":"0","right":"2.5","bottom":"0","left":"0","isLinked":false},"padding":{"unit":"px","top":"0","right":"2.5","bottom":"0","left":"0","isLinked":false},"padding_tablet":{"unit":"px","top":"0","right":"2.5","bottom":"0","left":"0","isLinked":false}},"elements":[{"id":"6a08de60","settings":{"title":"Iphone 6+ \n32Gb","desc":"<p>Shop Now<\/p>","image_type":"2","button_text":"Shop Now","height":{"unit":"px","size":127,"sizes":[]},"image":{"url":"http:\/\/demo2.drfuri.com\/martfury10\/wp-content\/uploads\/sites\/51\/2018\/03\/bn1.jpg","id":2533},"price":"40% OFF","price_typography_typography":"custom","button_link":{"url":"#","is_external":true,"nofollow":true},"banner_padding_mobile":{"unit":"px","top":"15","right":"15","bottom":"15","left":"15","isLinked":true},"banner_border_border":"solid","banner_border_width":{"unit":"px","top":"1","right":"1","bottom":"1","left":"1","isLinked":true},"banner_border_width_mobile":{"unit":"px","top":"1","right":"1","bottom":"1","left":"1","isLinked":true},"banner_border_color":"rgba(0,0,0,0.15)","heading_typography_typography":"custom","heading_typography_font_size":{"unit":"px","size":18,"sizes":[]},"description_color":"#666666","description_typography_typography":"custom","description_typography_font_size_mobile":{"unit":"px","size":12,"sizes":[]},"description_typography_font_weight":"600","price_position_top":{"unit":"%","size":60,"sizes":[]},"price_position_left":{"unit":"%","size":60,"sizes":[]},"price_width":{"unit":"px","size":43,"sizes":[]},"price_typography_font_size":{"unit":"px","size":12,"sizes":[]}},"elements":[],"isInner":false,"widgetType":"martfury-banner-small","elType":"widget"}],"isInner":false,"elType":"column"},{"id":"6f7b4c12","settings":{"_column_size":50,"_inline_size":50,"_inline_size_tablet":50,"_inline_size_mobile":50,"padding_mobile":{"unit":"px","top":"0","right":"0","bottom":"0","left":"2.5","isLinked":false},"padding":{"unit":"px","top":"0","right":"0","bottom":"0","left":"2.5","isLinked":false},"padding_tablet":{"unit":"px","top":"0","right":"0","bottom":"0","left":"2.5","isLinked":false}},"elements":[{"id":"11058bde","settings":{"title":"Unio\r\nLeather\r\nBags","desc":"<p>Shop Now<\/p>","price":"20% OFF","bg_color":"#f1f1f3","price_position":"2","image_type":"2","button_text":"Shop Now","height":{"unit":"px","size":127,"sizes":[]},"image":{"url":"http:\/\/demo2.drfuri.com\/martfury10\/wp-content\/uploads\/sites\/51\/2018\/03\/bn2.jpg","id":2537},"button_link":{"url":"#","is_external":true,"nofollow":true},"banner_padding_mobile":{"unit":"px","top":"15","right":"15","bottom":"15","left":"15","isLinked":true},"banner_border_border":"solid","banner_border_width":{"unit":"px","top":"1","right":"1","bottom":"1","left":"1","isLinked":true},"banner_border_width_mobile":{"unit":"px","top":"1","right":"1","bottom":"1","left":"1","isLinked":true},"banner_border_color":"rgba(0,0,0,0.15)","heading_typography_typography":"custom","heading_typography_font_size":{"unit":"px","size":18,"sizes":[]},"heading_typography_font_size_mobile":{"unit":"px","size":16,"sizes":[]},"description_color":"#666666","description_typography_typography":"custom","description_typography_font_size":{"unit":"px","size":12,"sizes":[]},"description_typography_font_weight":"600","price_position_top_mobile":{"unit":"px","size":30,"sizes":[]},"price_position_left_mobile":{"unit":"%","size":64,"sizes":[]},"price_width":{"unit":"px","size":43,"sizes":[]},"price_typography_typography":"custom","price_typography_font_size":{"unit":"px","size":12,"sizes":[]}},"elements":[],"isInner":false,"widgetType":"martfury-banner-small","elType":"widget"}],"isInner":false,"elType":"column"}],"isInner":false,"elType":"section"},{"id":"6560934d","settings":{"gap":"extended"},"elements":[{"id":"2ec547c1","settings":{"_column_size":100},"elements":[{"id":"3fc1248c","settings":{"space":{"unit":"px","size":40,"sizes":[]}},"elements":[],"isInner":false,"widgetType":"spacer","elType":"widget"},{"id":"3c2c7c43","settings":{"space":{"unit":"px","size":5,"sizes":[]}},"elements":[],"isInner":false,"widgetType":"spacer","elType":"widget"},{"id":"5c8238d3","settings":{"title":"Deals Of The Day","ends_in":"Ends In","view_all_text":"View All","navigation_tablet":"dots","navigation_mobile":"dots","heading_title_typography_typography":"custom","heading_title_typography_font_size_mobile":{"unit":"px","size":23,"sizes":[]},"show_ends_in_mobile":"none","show_heading_view_all_mobile":"none","navigation":"dots"},"elements":[],"isInner":false,"widgetType":"martfury-product-deals-carousel","elType":"widget"},{"id":"2b2f550e","settings":{"space":{"unit":"px","size":70,"sizes":[]},"space_mobile":{"unit":"px","size":30,"sizes":[]},"space_tablet":{"unit":"px","size":40,"sizes":[]}},"elements":[],"isInner":false,"widgetType":"spacer","elType":"widget"}],"isInner":false,"elType":"column"}],"isInner":false,"elType":"section"},{"id":"36300641","settings":{"background_background":"classic","background_color":"#f4f5f5","gap":"extended"},"elements":[{"id":"5b701886","settings":{"_column_size":100},"elements":[{"id":"af4db1c","settings":[],"elements":[],"isInner":false,"widgetType":"spacer","elType":"widget"},{"id":"e814f2c","settings":{"title":"Clothing, Apparel","links_group":[],"view_all_text":"View All","product_cats":["clothing-apparel"],"product_tags":[],"quick_links":"","bannerss":[{"image":{"url":"http:\/\/localhost\/wp-demo\/martfury1\/wp-content\/plugins\/elementor\/assets\/images\/placeholder.png","id":""},"image_link":{"url":"","is_external":true,"nofollow":true},"_id":"043d557"}],"banners_carousel":"","banners":[{"image":{"url":"https:\/\/via.placeholder.com\/269x639\/e7eff1?text=269x639+Banner"},"image_link":{"url":"#"},"_id":"7de2e99"},{"image":{"url":"https:\/\/via.placeholder.com\/269x639\/e7eff1?text=269x639+Banner+2"},"image_link":{"url":"#"},"_id":"911ef74"}]},"elements":[],"isInner":false,"widgetType":"martfury-products-of-category","elType":"widget"},{"id":"619128ac","settings":[],"elements":[],"isInner":false,"widgetType":"spacer","elType":"widget"},{"id":"237e600f","settings":{"title":"Computer & Techologies","links_group":[],"view_all_text":"View All","product_cats":["computers-technologies"],"product_tags":[],"quick_links":"","banners_carousel":"","banners":[{"image":{"url":"https:\/\/via.placeholder.com\/269x639\/e7eff1?text=269x639+Banner"},"image_link":{"url":"#"},"_id":"2f5c7d8"},{"image":{"url":"https:\/\/via.placeholder.com\/269x639\/e7eff1?text=269x639+Banner+2"},"image_link":{"url":"#"},"_id":"552e57d"}],"heading_title_typography_typography":"custom","heading_title_typography_font_size_mobile":{"unit":"px","size":18,"sizes":[]}},"elements":[],"isInner":false,"widgetType":"martfury-products-of-category","elType":"widget"},{"id":"5d8a6e42","settings":[],"elements":[],"isInner":false,"widgetType":"spacer","elType":"widget"},{"id":"55b0e993","settings":{"title":"Consumer Electronics","links_group":[],"view_all_text":"View All","product_cats":["consumer-electrics"],"product_tags":[],"quick_links":"","banners_carousel":"","banners":[{"image":{"url":"https:\/\/via.placeholder.com\/269x639\/e7eff1?text=269x639+Banner"},"image_link":{"url":"#"},"_id":"998b55c"},{"image":{"url":"https:\/\/via.placeholder.com\/269x639\/e7eff1?text=269x639+Banner+2"},"image_link":{"url":"#"},"_id":"59d5d72"}]},"elements":[],"isInner":false,"widgetType":"martfury-products-of-category","elType":"widget"},{"id":"7e22befd","settings":[],"elements":[],"isInner":false,"widgetType":"spacer","elType":"widget"},{"id":"be166f9","settings":{"title":"Garden & Kitchen","links_group":[],"view_all_text":"View All","product_cats":["garden-kitchen"],"product_tags":[],"quick_links":"","banners_carousel":"","banners":[{"image":{"url":"https:\/\/via.placeholder.com\/269x639\/e7eff1?text=269x639+Banner"},"image_link":{"url":"#"},"_id":"a09c5cc"},{"image":{"url":"https:\/\/via.placeholder.com\/269x639\/e7eff1?text=269x639+Banner+2"},"image_link":{"url":"#"},"_id":"dcde684"}]},"elements":[],"isInner":false,"widgetType":"martfury-products-of-category","elType":"widget"},{"id":"17b8f9b8","settings":[],"elements":[],"isInner":false,"widgetType":"spacer","elType":"widget"},{"id":"466069bc","settings":{"title":"Healthy & Beauty","links_group":[],"view_all_text":"View All","product_cats":["health-beauty"],"product_tags":[],"quick_links":"","banners_carousel":"","banners":[{"image":{"url":"https:\/\/via.placeholder.com\/269x639\/e7eff1?text=269x639+Banner"},"image_link":{"url":"#"},"_id":"b92cc18"},{"image":{"url":"https:\/\/via.placeholder.com\/269x639\/e7eff1?text=269x639+Banner+2"},"image_link":{"url":"#"},"_id":"35ce52a"}]},"elements":[],"isInner":false,"widgetType":"martfury-products-of-category","elType":"widget"},{"id":"22f9dd09","settings":[],"elements":[],"isInner":false,"widgetType":"spacer","elType":"widget"}],"isInner":false,"elType":"column"}],"isInner":false,"elType":"section"},{"id":"1dad48c9","settings":{"layout":"full_width"},"elements":[{"id":"6b0e84a7","settings":{"_column_size":100},"elements":[],"isInner":false,"elType":"column"}],"isInner":false,"elType":"section"}]}