{"version":"0.4","title":"Home Marketplace 1","type":"page","content":[{"id":"601f24f5","settings":{"layout":"full_width"},"elements":[{"id":"19b735e2","settings":{"_column_size":100},"elements":[{"id":"622953f6","settings":{"slides":[{"subtitle":"Mega Sale, Don\u2019t Miss Out !","heading":"iloveugly Fashion<br>\nClothings\n","description":"<p>Discount<br \/><span style=\"color: #669900; font-size: 24px;\">40% Off<\/span><\/p>","button_text":"Shop Now","background_color":"#f4f5f5","_id":"38b4454","background_image":{"url":"http:\/\/demo2.drfuri.com\/martfury10\/wp-content\/uploads\/sites\/51\/2017\/12\/s3-1.jpg","id":389},"background_size":"cover","background_ken_burns":"","zoom_direction":"out","background_overlay":"","background_overlay_color":"rgba(0,0,0,0.5)","background_overlay_blend_mode":"","link":{"url":"#","is_external":"","nofollow":""},"link_click":"button","price_box_type":"text","price_box_text":"","price_box_image":{"url":"","id":""},"price_box_image_size":"full","price_box_image_custom_dimension":{"width":"","height":""},"custom_style":"","horizontal_position":"","vertical_position":"","text_align":"","subtitle_custom_color":"","heading_custom_color":"","content_custom_color":"","button_custom_color":"","button_custom_bg_color":"","price_box_custom_color":"","price_box_custom_bg_color":"","background_image_tablet":{"url":"","id":""},"background_image_mobile":{"url":"","id":""}},{"subtitle":"Limited Edition","heading":"IKEA Minimalist<br>\nOtoman","description":"<p>Discount<br \/><span style=\"color: #669900; font-size: 24px;\">30% Off<\/span><\/p>","button_text":"Shop Now","background_color":"#f4f5f5","_id":"a70508f","background_image":{"url":"http:\/\/demo2.drfuri.com\/martfury10\/wp-content\/uploads\/sites\/51\/2017\/12\/s02.jpg","id":2206},"background_size":"cover","background_ken_burns":"","zoom_direction":"in","background_overlay":"","background_overlay_color":"rgba(0,0,0,0.5)","background_overlay_blend_mode":"","link":{"url":"#","is_external":"","nofollow":""},"link_click":"button","price_box_type":"text","price_box_text":"","price_box_image":{"url":"","id":""},"price_box_image_size":"full","price_box_image_custom_dimension":{"width":"","height":""},"custom_style":"","horizontal_position":"","vertical_position":"","text_align":"","subtitle_custom_color":"","heading_custom_color":"","content_custom_color":"","button_custom_color":"","button_custom_bg_color":"","price_box_custom_color":"","price_box_custom_bg_color":"","background_image_tablet":{"url":"","id":""},"background_image_mobile":{"url":"","id":""}},{"subtitle":"Mega Sale Nov 2017","heading":"Double Combo With<br>The Body Shop","description":"<p>Sale up to<br \/><span style=\"color: #669900; font-size: 24px;\">50% Off<\/span><\/p>","button_text":"Shop Now","background_color":"#f4f5f5","_id":"5320779","background_image":{"url":"http:\/\/demo2.drfuri.com\/martfury10\/wp-content\/uploads\/sites\/51\/2017\/12\/s03.jpg","id":2207},"background_size":"cover","background_ken_burns":"","zoom_direction":"in","background_overlay":"","background_overlay_color":"rgba(0,0,0,0.5)","background_overlay_blend_mode":"","link":{"url":"#","is_external":"","nofollow":""},"link_click":"button","price_box_type":"text","price_box_text":"","price_box_image":{"url":"","id":""},"price_box_image_size":"full","price_box_image_custom_dimension":{"width":"","height":""},"custom_style":"","horizontal_position":"","vertical_position":"","text_align":"","subtitle_custom_color":"","heading_custom_color":"","content_custom_color":"","button_custom_color":"","button_custom_bg_color":"","price_box_custom_color":"","price_box_custom_bg_color":"","background_image_tablet":{"url":"","id":""},"background_image_mobile":{"url":"","id":""}}],"slides_height":{"unit":"px","size":358,"sizes":[]},"content_animation":"fadeIn","transition":"fade","content_max_width":{"unit":"px","size":575,"sizes":[]},"slides_padding":{"unit":"%","top":"","right":"","bottom":"","left":"","isLinked":true},"arrows_spacing":{"unit":"px","size":0,"sizes":[]},"slides_horizontal_position":"center","navigation":"arrows","navigation_tablet":"dots","navigation_mobile":"dots","autoplay_speed":8000,"transition_speed":800,"content_max_width_tablet":{"unit":"%","size":100,"sizes":[]},"slides_padding_tablet":{"unit":"px","top":"0","right":"0","bottom":"0","left":"30","isLinked":false},"heading_typography_typography":"custom","heading_typography_font_size_tablet":{"unit":"px","size":30,"sizes":[]},"dots_background_color":"#ffffff","dots_hover_background_color":"#fcb800","dots_active_background_color":"#fcb800","slides_padding_mobile":{"unit":"px","top":"15","right":"15","bottom":"15","left":"15","isLinked":true},"heading_typography_font_size_mobile":{"unit":"px","size":28,"sizes":[]}},"elements":[],"isInner":false,"widgetType":"martfury-slides","elType":"widget"}],"isInner":false,"elType":"column"}],"isInner":false,"elType":"section"},{"id":"68572a02","settings":{"_title":"Icons List","gap":"extended"},"elements":[{"id":"11aad929","settings":{"_column_size":100},"elements":[{"id":"f674458","settings":{"space":{"unit":"px","size":52,"sizes":[]}},"elements":[],"isInner":false,"widgetType":"spacer","elType":"widget"},{"id":"638b097c","settings":{"icons":[{"icon":"icon-rocket","title":"Free Delivery","desc":"For all oders over $99","_id":"4a3d35b","link":{"url":"","is_external":true,"nofollow":true}},{"icon":"icon-sync","title":"90 Days Return","desc":"If goods have problems","_id":"39dd289","link":{"url":"","is_external":true,"nofollow":true}},{"icon":"icon-credit-card","title":"Secure Payment","desc":"100% secure payment","_id":"b2b2db8","link":{"url":"","is_external":true,"nofollow":true}},{"icon":"icon-bubbles","title":"24\/7 Support","desc":"Dedicated support","_id":"44712d9","link":{"url":"","is_external":true,"nofollow":true}}],"columns_tablet":"2","sep_width_mobile":{"unit":"px","size":0,"sizes":[]},"sep_height_mobile":{"unit":"px","size":0,"sizes":[]}},"elements":[],"isInner":false,"widgetType":"martfury-icons-list","elType":"widget"},{"id":"7c306504","settings":{"space":{"unit":"px","size":52,"sizes":[]}},"elements":[],"isInner":false,"widgetType":"spacer","elType":"widget"}],"isInner":false,"elType":"column"}],"isInner":false,"elType":"section"},{"id":"4d24eecf","settings":{"structure":"30","_title":"Banners","gap":"extended"},"elements":[{"id":"593e9efd","settings":{"_column_size":33,"_inline_size":null,"_inline_size_tablet":50,"space_between_widgets":0},"elements":[{"id":"58938bc8","settings":{"title":"Iphone 6+ \n32Gb","desc":"<p>Experience with<br \/>best smartphone<br \/>on the world<\/p>","image":{"url":"http:\/\/demo2.drfuri.com\/martfury10\/wp-content\/uploads\/sites\/51\/2018\/03\/bn1.jpg","id":2533},"price":"40% OFF","banner_padding":{"unit":"px","top":"","right":"","bottom":"","left":"","isLinked":true},"banner_padding_mobile":{"unit":"px","top":"20","right":"20","bottom":"20","left":"20","isLinked":true},"price_position_left_mobile":{"unit":"%","size":"","sizes":[]}},"elements":[],"isInner":false,"widgetType":"martfury-banner-small","elType":"widget"},{"id":"547aaf32","settings":{"space":{"unit":"px","size":20,"sizes":[]}},"elements":[],"isInner":false,"widgetType":"spacer","elType":"widget"}],"isInner":false,"elType":"column"},{"id":"d1d4eaa","settings":{"_column_size":33,"_inline_size":null,"_inline_size_tablet":50},"elements":[{"id":"65cf15df","settings":{"title":"Unio\r\nLeather\r\nBags","desc":"<p>100% leather<br \/>handmade<\/p>","price":"20% OFF","bg_color":"#f1f1f3","price_position":"2","image":{"url":"http:\/\/demo2.drfuri.com\/martfury10\/wp-content\/uploads\/sites\/51\/2018\/03\/bn2.jpg","id":2537},"banner_padding":{"unit":"px","top":"","right":"","bottom":"","left":"","isLinked":true},"price_position_top":{"unit":"%","size":22,"sizes":[]},"price_position_left":{"unit":"%","size":45,"sizes":[]},"banner_padding_mobile":{"unit":"px","top":"20","right":"20","bottom":"20","left":"20","isLinked":true},"price_position_left_mobile":{"unit":"%","size":50,"sizes":[]}},"elements":[],"isInner":false,"widgetType":"martfury-banner-small","elType":"widget"},{"id":"7dc624b8","settings":{"space":{"unit":"px","size":20,"sizes":[]}},"elements":[],"isInner":false,"widgetType":"spacer","elType":"widget"}],"isInner":false,"elType":"column"},{"id":"6e3426fb","settings":{"_column_size":33,"_inline_size":null,"_inline_size_tablet":50},"elements":[{"id":"33788757","settings":{"title":"Nutrillet\r\nBlender\r\nCombo","desc":"<p>Includes blender,<br \/>cup, etc<\/p>","price":"30% OFF","bg_color":"#faf6eb","price_position":"3","image":{"url":"http:\/\/demo2.drfuri.com\/martfury10\/wp-content\/uploads\/sites\/51\/2018\/03\/bn3.jpg","id":2535},"banner_padding":{"unit":"px","top":"","right":"","bottom":"","left":"","isLinked":true},"price_position_top":{"unit":"%","size":40,"sizes":[]},"price_position_left":{"unit":"%","size":53,"sizes":[]},"banner_padding_mobile":{"unit":"px","top":"20","right":"20","bottom":"20","left":"20","isLinked":true},"price_position_left_mobile":{"unit":"%","size":59,"sizes":[]}},"elements":[],"isInner":false,"widgetType":"martfury-banner-small","elType":"widget"},{"id":"35c1c326","settings":{"space":{"unit":"px","size":20,"sizes":[]}},"elements":[],"isInner":false,"widgetType":"spacer","elType":"widget"}],"isInner":false,"elType":"column"}],"isInner":false,"elType":"section"},{"id":"2189cdb4","settings":{"gap":"extended"},"elements":[{"id":"2a4454c6","settings":{"_column_size":100},"elements":[{"id":"7921b37b","settings":{"space":{"unit":"px","size":40,"sizes":[]}},"elements":[],"isInner":false,"widgetType":"spacer","elType":"widget"},{"id":"39ce66a7","settings":{"title":"Deals Of The Day","ends_in":"Ends In","view_all_text":"View All","product_type":"day","infinite":"no","navigation_tablet":"dots","navigation_mobile":"dots","show_ends_in_mobile":"none","show_heading_view_all_mobile":"none"},"elements":[],"isInner":false,"widgetType":"martfury-product-deals-carousel","elType":"widget"},{"id":"7666221c","settings":{"space":{"unit":"px","size":70,"sizes":[]},"space_mobile":{"unit":"px","size":30,"sizes":[]},"space_tablet":{"unit":"px","size":40,"sizes":[]}},"elements":[],"isInner":false,"widgetType":"spacer","elType":"widget"}],"isInner":false,"elType":"column"}],"isInner":false,"elType":"section"},{"id":"72c64071","settings":{"background_background":"classic","background_color":"#f4f5f5","gap":"extended"},"elements":[{"id":"e0ba406","settings":{"_column_size":100},"elements":[{"id":"59c0c83e","settings":{"space":{"unit":"px","size":74,"sizes":[]}},"elements":[],"isInner":false,"widgetType":"spacer","elType":"widget"},{"id":"165d05a","settings":{"title":"Clothing, Apparel","links_group":[{"link_text":"Best Seller","link_url":{"url":"#","is_external":true,"nofollow":true},"_id":"0fde54b"},{"link_text":"New Arrivals","link_url":{"url":"#","is_external":true,"nofollow":true},"_id":"b2665c0"},{"link_text":"Women","link_url":{"url":"#","is_external":true,"nofollow":true},"_id":"f8750ff"},{"link_text":"Men","link_url":{"url":"#","is_external":true,"nofollow":true},"_id":"4d76d2f"},{"link_text":"Girls","link_url":{"url":"#","is_external":true,"nofollow":true},"_id":"84408e6"},{"link_text":"Boys","link_url":{"url":"#","is_external":true,"nofollow":true},"_id":"f8491e6"},{"link_text":"Baby","link_url":{"url":"#","is_external":true,"nofollow":true},"_id":"08646ce"},{"link_text":"Sales & Deals","link_url":{"url":"#","is_external":true,"nofollow":true},"_id":"ef38443"}],"view_all_text":"View All","banners":[{"image":{"id":428,"url":"http:\/\/demo2.drfuri.com\/martfury10\/wp-content\/uploads\/sites\/51\/2017\/11\/c1.jpg"},"image_link":{"url":"","is_external":true,"nofollow":true},"_id":"5e184f7"},{"image":{"id":429,"url":"http:\/\/demo2.drfuri.com\/martfury10\/wp-content\/uploads\/sites\/51\/2017\/11\/c2.jpg"},"image_link":{"url":"","is_external":true,"nofollow":true},"_id":"6c59f1e"},{"image":{"id":430,"url":"http:\/\/demo2.drfuri.com\/martfury10\/wp-content\/uploads\/sites\/51\/2017\/11\/c3.jpg"},"image_link":{"url":"","is_external":true,"nofollow":true},"_id":"ebccfd8"}],"product_cats":["clothing-apparel"],"product_tags":[],"heading_title_spacing_mobile":{"unit":"px","size":0,"sizes":[]},"quick_links_mobile":"none"},"elements":[],"isInner":false,"widgetType":"martfury-products-of-category","elType":"widget"},{"id":"6225e67c","settings":{"space":{"unit":"px","size":74,"sizes":[]}},"elements":[],"isInner":false,"widgetType":"spacer","elType":"widget"},{"id":"47b4b4c9","settings":{"title":"Computer & Techologies","links_group":[{"link_text":"Best Seller","link_url":{"url":"#","is_external":true,"nofollow":true},"_id":"0fde54b"},{"link_text":"New Arrivals","link_url":{"url":"#","is_external":true,"nofollow":true},"_id":"b2665c0"},{"link_text":"Desktop PC","link_url":{"url":"#","is_external":true,"nofollow":true},"_id":"f8750ff"},{"link_text":"Laptop","link_url":{"url":"#","is_external":true,"nofollow":true},"_id":"4d76d2f"},{"link_text":"Smartphones","link_url":{"url":"#","is_external":true,"nofollow":true},"_id":"84408e6"},{"link_text":"Tablets","link_url":{"url":"#","is_external":true,"nofollow":true},"_id":"f8491e6"},{"link_text":"Storage & Memory","link_url":{"url":"#","is_external":true,"nofollow":true},"_id":"08646ce"},{"link_text":"PC Component","link_url":{"url":"#","is_external":true,"nofollow":true},"_id":"ef38443"},{"link_text":"Computer Accessories","link_url":{"url":"#","is_external":true,"nofollow":true},"_id":"3f4c3cc"},{"link_text":"Game Accessories","link_url":{"url":"#","is_external":true,"nofollow":true},"_id":"80f5473"},{"link_text":"Sales & Deals","link_url":{"url":"#","is_external":true,"nofollow":true},"_id":"ddc626c"}],"view_all_text":"View All","banners":[{"image":{"id":491,"url":"http:\/\/demo2.drfuri.com\/martfury10\/wp-content\/uploads\/sites\/51\/2017\/12\/c4.jpg"},"image_link":{"url":"","is_external":true,"nofollow":true},"_id":"5e184f7"},{"image":{"id":492,"url":"http:\/\/demo2.drfuri.com\/martfury10\/wp-content\/uploads\/sites\/51\/2017\/12\/c5.jpg"},"image_link":{"url":"","is_external":true,"nofollow":true},"_id":"6c59f1e"},{"image":{"id":493,"url":"http:\/\/demo2.drfuri.com\/martfury10\/wp-content\/uploads\/sites\/51\/2017\/12\/c6.jpg"},"image_link":{"url":"","is_external":true,"nofollow":true},"_id":"ebccfd8"}],"product_cats":["computers-technologies"],"product_tags":[],"heading_title_spacing_mobile":{"unit":"px","size":0,"sizes":[]},"heading_title_typography_typography":"custom","heading_title_typography_font_size_mobile":{"unit":"px","size":19,"sizes":[]},"quick_links_mobile":"none","heading_links_typography_typography":"custom"},"elements":[],"isInner":false,"widgetType":"martfury-products-of-category","elType":"widget"},{"id":"393ac645","settings":{"space":{"unit":"px","size":74,"sizes":[]}},"elements":[],"isInner":false,"widgetType":"spacer","elType":"widget"},{"id":"6b0fced2","settings":{"title":"Consumer Electronics","links_group":[{"link_text":"Best Seller","link_url":{"url":"#","is_external":true,"nofollow":true},"_id":"0fde54b"},{"link_text":"New Arrivals","link_url":{"url":"#","is_external":true,"nofollow":true},"_id":"b2665c0"},{"link_text":"TV Television","link_url":{"url":"#","is_external":true,"nofollow":true},"_id":"f8750ff"},{"link_text":"Air Condition","link_url":{"url":"#","is_external":true,"nofollow":true},"_id":"4d76d2f"},{"link_text":"Washing Machine","link_url":{"url":"#","is_external":true,"nofollow":true},"_id":"84408e6"},{"link_text":"Microwave","link_url":{"url":"#","is_external":true,"nofollow":true},"_id":"f8491e6"},{"link_text":"Refrigerator","link_url":{"url":"#","is_external":true,"nofollow":true},"_id":"08646ce"},{"link_text":"Office Electronic","link_url":{"url":"#","is_external":true,"nofollow":true},"_id":"ef38443"},{"link_text":"Car Electronic","link_url":{"url":"#","is_external":true,"nofollow":true},"_id":"a83da79"},{"link_text":"Sales & Deals","link_url":{"url":"#","is_external":true,"nofollow":true},"_id":"05d7a6c"}],"view_all_text":"View All","banners":[{"image":{"id":494,"url":"http:\/\/demo2.drfuri.com\/martfury10\/wp-content\/uploads\/sites\/51\/2017\/12\/c7.jpg"},"image_link":{"url":"","is_external":true,"nofollow":true},"_id":"5e184f7"},{"image":{"id":495,"url":"http:\/\/demo2.drfuri.com\/martfury10\/wp-content\/uploads\/sites\/51\/2017\/12\/c8.jpg"},"image_link":{"url":"","is_external":true,"nofollow":true},"_id":"6c59f1e"},{"image":{"id":496,"url":"http:\/\/demo2.drfuri.com\/martfury10\/wp-content\/uploads\/sites\/51\/2017\/12\/c9.jpg"},"image_link":{"url":"","is_external":true,"nofollow":true},"_id":"ebccfd8"}],"product_cats":["consumer-electrics"],"product_tags":[],"heading_title_spacing_mobile":{"unit":"px","size":0,"sizes":[]},"quick_links_mobile":"none"},"elements":[],"isInner":false,"widgetType":"martfury-products-of-category","elType":"widget"},{"id":"58214176","settings":{"space":{"unit":"px","size":74,"sizes":[]}},"elements":[],"isInner":false,"widgetType":"spacer","elType":"widget"},{"id":"2036c3a5","settings":{"title":"Garden & Kitchen","links_group":[{"link_text":"Best Seller","link_url":{"url":"#","is_external":true,"nofollow":true},"_id":"0fde54b"},{"link_text":"New Arrivals","link_url":{"url":"#","is_external":true,"nofollow":true},"_id":"b2665c0"},{"link_text":"Furniture","link_url":{"url":"#","is_external":true,"nofollow":true},"_id":"f8750ff"},{"link_text":"Home Decor","link_url":{"url":"#","is_external":true,"nofollow":true},"_id":"4d76d2f"},{"link_text":"Cookware","link_url":{"url":"#","is_external":true,"nofollow":true},"_id":"84408e6"},{"link_text":"Utensils & Gadget","link_url":{"url":"#","is_external":true,"nofollow":true},"_id":"f8491e6"},{"link_text":"Garden Tools","link_url":{"url":"#","is_external":true,"nofollow":true},"_id":"08646ce"},{"link_text":"Acessesories","link_url":{"url":"#","is_external":true,"nofollow":true},"_id":"ef38443"},{"link_text":"Sales & Deals","link_url":{"url":"#","is_external":true,"nofollow":true},"_id":"048f225"}],"view_all_text":"View All","banners":[{"image":{"id":497,"url":"http:\/\/demo2.drfuri.com\/martfury10\/wp-content\/uploads\/sites\/51\/2017\/12\/c10.jpg"},"image_link":{"url":"","is_external":true,"nofollow":true},"_id":"5e184f7"},{"image":{"id":498,"url":"http:\/\/demo2.drfuri.com\/martfury10\/wp-content\/uploads\/sites\/51\/2017\/12\/c11.jpg"},"image_link":{"url":"","is_external":true,"nofollow":true},"_id":"6c59f1e"},{"image":{"id":499,"url":"http:\/\/demo2.drfuri.com\/martfury10\/wp-content\/uploads\/sites\/51\/2017\/12\/c12.jpg"},"image_link":{"url":"","is_external":true,"nofollow":true},"_id":"ebccfd8"}],"product_cats":["garden-kitchen"],"product_tags":[],"heading_title_spacing_mobile":{"unit":"px","size":0,"sizes":[]},"quick_links_mobile":"none"},"elements":[],"isInner":false,"widgetType":"martfury-products-of-category","elType":"widget"},{"id":"473a10d5","settings":{"space":{"unit":"px","size":74,"sizes":[]}},"elements":[],"isInner":false,"widgetType":"spacer","elType":"widget"},{"id":"1cbef4f4","settings":{"title":"Healthy & Beauty","links_group":[{"link_text":"Best Seller","link_url":{"url":"#","is_external":true,"nofollow":true},"_id":"0fde54b"},{"link_text":"New Arrivals","link_url":{"url":"#","is_external":true,"nofollow":true},"_id":"b2665c0"},{"link_text":"Makeup","link_url":{"url":"#","is_external":true,"nofollow":true},"_id":"f8750ff"},{"link_text":"Skin Care","link_url":{"url":"#","is_external":true,"nofollow":true},"_id":"4d76d2f"},{"link_text":"Hair Care","link_url":{"url":"#","is_external":true,"nofollow":true},"_id":"84408e6"},{"link_text":"Tools & Equipments","link_url":{"url":"#","is_external":true,"nofollow":true},"_id":"f8491e6"},{"link_text":"Perfumer & Cologine","link_url":{"url":"#","is_external":true,"nofollow":true},"_id":"08646ce"},{"link_text":"Sales & Deals","link_url":{"url":"#","is_external":true,"nofollow":true},"_id":"ef38443"}],"view_all_text":"View All","banners":[{"image":{"id":500,"url":"http:\/\/demo2.drfuri.com\/martfury10\/wp-content\/uploads\/sites\/51\/2017\/12\/c13.jpg"},"image_link":{"url":"","is_external":true,"nofollow":true},"_id":"6e2cb32"},{"image":{"id":501,"url":"http:\/\/demo2.drfuri.com\/martfury10\/wp-content\/uploads\/sites\/51\/2017\/12\/c14.jpg"},"image_link":{"url":"","is_external":true,"nofollow":true},"_id":"5e184f7"},{"image":{"id":502,"url":"http:\/\/demo2.drfuri.com\/martfury10\/wp-content\/uploads\/sites\/51\/2017\/12\/c15.jpg"},"image_link":{"url":"","is_external":true,"nofollow":true},"_id":"6c59f1e"}],"product_cats":["health-beauty"],"product_tags":[],"heading_title_spacing_mobile":{"unit":"px","size":0,"sizes":[]},"quick_links_mobile":"none"},"elements":[],"isInner":false,"widgetType":"martfury-products-of-category","elType":"widget"},{"id":"77af3db0","settings":{"space":{"unit":"px","size":74,"sizes":[]}},"elements":[],"isInner":false,"widgetType":"spacer","elType":"widget"}],"isInner":false,"elType":"column"}],"isInner":false,"elType":"section"}]}