{"version":"0.4","title":"Home Marketplace 4","type":"page","content":[{"id":"3aaff24e","settings":{"layout":"full_width","gap":"narrow"},"elements":[{"id":"744900ce","settings":{"_column_size":100},"elements":[{"id":"723de34e","settings":{"slides":[{"subtitle":"Weekend Promotions","heading":"\n","description":"<p>HAPPY SUMMER<br \/>COMBO SUPER COOL<br \/>UP TO <span style=\"font-weight: 600; color: #f04704;\">40% Off <\/span><\/p>","button_text":"Shop Now","background_color":"#f4f5f5","_id":"38b4454","background_image":{"id":3321,"url":"http:\/\/demo2.drfuri.com\/martfury11\/wp-content\/uploads\/sites\/52\/2019\/07\/slider4.jpg"},"background_size":"cover","background_ken_burns":"","zoom_direction":"out","background_overlay":"","background_overlay_color":"rgba(0,0,0,0.5)","background_overlay_blend_mode":"","link":{"url":"#","is_external":"","nofollow":""},"link_click":"button","price_box_type":"text","price_box_text":"","price_box_image":{"url":"","id":""},"price_box_image_size":"full","price_box_image_custom_dimension":{"width":"","height":""},"custom_style":"","horizontal_position":"","vertical_position":"","text_align":"","subtitle_custom_color":"","heading_custom_color":"","content_custom_color":"","button_custom_color":"","button_custom_bg_color":"","price_box_custom_color":"","price_box_custom_bg_color":"","background_image_tablet":{"url":"","id":""},"background_image_mobile":{"url":"","id":""}},{"subtitle":"Limited Edition ","heading":"","description":"<p>EXPERIENCE FEEL<br \/>GREATEST WITH VITURAL<br \/>REALITY JUST <span style=\"font-weight: 600; color: #669900;\">$599 <\/span><\/p>","button_text":"Shop Now","background_color":"#f4f5f5","_id":"a70508f","background_image":{"id":3322,"url":"http:\/\/demo2.drfuri.com\/martfury11\/wp-content\/uploads\/sites\/52\/2019\/07\/slider42.jpg"},"background_size":"cover","background_ken_burns":"","zoom_direction":"in","background_overlay":"","background_overlay_color":"rgba(0,0,0,0.5)","background_overlay_blend_mode":"","link":{"url":"#","is_external":"","nofollow":""},"link_click":"button","price_box_type":"text","price_box_text":"","price_box_image":{"url":"","id":""},"price_box_image_size":"full","price_box_image_custom_dimension":{"width":"","height":""},"custom_style":"","horizontal_position":"","vertical_position":"","text_align":"","subtitle_custom_color":"","heading_custom_color":"","content_custom_color":"","button_custom_color":"","button_custom_bg_color":"","price_box_custom_color":"","price_box_custom_bg_color":"","background_image_tablet":{"url":"","id":""},"background_image_mobile":{"url":"","id":""}}],"slides_height":{"unit":"px","size":358,"sizes":[]},"content_animation":"fadeIn","transition":"fade","content_max_width":{"unit":"px","size":800,"sizes":[]},"slides_padding":{"unit":"%","top":"","right":"","bottom":"","left":"","isLinked":true},"arrows_spacing":{"unit":"px","size":0,"sizes":[]},"navigation":"arrows","navigation_tablet":"dots","navigation_mobile":"dots","autoplay_speed":8000,"transition_speed":800,"content_max_width_tablet":{"unit":"%","size":100,"sizes":[]},"slides_padding_tablet":{"unit":"px","top":"0","right":"0","bottom":"0","left":"30","isLinked":false},"heading_typography_typography":"custom","heading_typography_font_size_tablet":{"unit":"px","size":30,"sizes":[]},"dots_background_color":"#ffffff","dots_hover_background_color":"#fcb800","dots_active_background_color":"#fcb800","slides_padding_mobile":{"unit":"px","top":"15","right":"15","bottom":"15","left":"15","isLinked":true},"subtitle_color":"#0099cc","subtitle_typography_typography":"custom","subtitle_typography_font_size":{"unit":"px","size":16,"sizes":[]},"description_color":"#000000","description_typography_typography":"custom","description_typography_font_size":{"unit":"px","size":36,"sizes":[]},"description_typography_font_weight":"300","description_typography_line_height":{"unit":"em","size":1.1,"sizes":[]},"button_padding":{"unit":"px","top":"12","right":"20","bottom":"12","left":"20","isLinked":false},"subtitle_typography_font_size_mobile":{"unit":"px","size":16,"sizes":[]},"description_typography_font_size_mobile":{"unit":"px","size":24,"sizes":[]}},"elements":[],"isInner":false,"widgetType":"martfury-slides","elType":"widget"}],"isInner":false,"elType":"column"}],"isInner":false,"elType":"section"},{"id":"7bbc4ffb","settings":{"stretch_section":"section-stretched"},"elements":[{"id":"2435f91c","settings":{"_column_size":100},"elements":[{"id":"5b152f3a","settings":[],"elements":[],"isInner":false,"widgetType":"spacer","elType":"widget"},{"id":"67405da9","settings":{"icons":[{"icon":"icon-rocket","title":"Free Delivery","desc":"For all oders over $99","_id":"f744d59","link":{"url":"","is_external":true,"nofollow":true}},{"icon":"icon-sync","title":"90 Days Return","desc":"If goods have problems","_id":"f6d83b7","link":{"url":"","is_external":true,"nofollow":true}},{"icon":"icon-credit-card","title":"Secure Payment","desc":"100% secure payment","_id":"de5a87b","link":{"url":"","is_external":true,"nofollow":true}},{"icon":"icon-bubbles","title":"24\/7 Support","desc":"Dedicated support","_id":"edf44d8","link":{"url":"","is_external":true,"nofollow":true}}],"columns_tablet":"2","sep_width_mobile":{"unit":"px","size":0,"sizes":[]}},"elements":[],"isInner":false,"widgetType":"martfury-icons-list","elType":"widget"},{"id":"18b700ce","settings":[],"elements":[],"isInner":false,"widgetType":"spacer","elType":"widget"}],"isInner":false,"elType":"column"}],"isInner":false,"elType":"section"},{"id":"52826e43","settings":{"gap":"extended","structure":"20"},"elements":[{"id":"62762c71","settings":{"_column_size":50,"_inline_size":null},"elements":[{"id":"5dcbb096","settings":{"layout":"2","image":{"url":"http:\/\/demo2.drfuri.com\/martfury11\/wp-content\/uploads\/sites\/52\/2018\/03\/bn10.jpg","id":2622},"title":"Minimal<br>Speaker","desc":"<p>Just <span style=\"color: #669900;\"><strong class=\"price\">$159.99<\/strong><\/span><\/p>","button_text":"Shop Now","highlight_title":"Fluence ","banner_border_border":"solid","banner_border_width":{"unit":"px","top":"1","right":"1","bottom":"1","left":"1","isLinked":true},"banner_border_color":"rgba(0,0,0,0.15)"},"elements":[],"isInner":false,"widgetType":"martfury-banner-medium","elType":"widget"},{"id":"5e4989bc","settings":{"space":{"unit":"px","size":30,"sizes":[]}},"elements":[],"isInner":false,"widgetType":"spacer","elType":"widget"}],"isInner":false,"elType":"column"},{"id":"2f2c32bc","settings":{"_column_size":50,"_inline_size":null},"elements":[{"id":"40e118dd","settings":{"layout":"2","image":{"url":"http:\/\/demo2.drfuri.com\/martfury11\/wp-content\/uploads\/sites\/52\/2018\/03\/bn11.jpg","id":2619},"title":"VOUCHER BODY CARE<br>AT BRATUS SPA","desc":"<p><span style=\"color: #ff3300;\"><strong class=\"r-price\">25%<\/strong><\/span> Off<\/p>","button_text":"Shop Now","highlight_title":"","banner_border_border":"solid","banner_border_width":{"unit":"px","top":"1","right":"1","bottom":"1","left":"1","isLinked":true},"banner_border_color":"rgba(0,0,0,0.15)"},"elements":[],"isInner":false,"widgetType":"martfury-banner-medium","elType":"widget"},{"id":"297637b4","settings":{"space":{"unit":"px","size":30,"sizes":[]}},"elements":[],"isInner":false,"widgetType":"spacer","elType":"widget"}],"isInner":false,"elType":"column"}],"isInner":false,"elType":"section"},{"id":"5ca4385d","settings":[],"elements":[{"id":"1d6fac26","settings":{"_column_size":100},"elements":[{"id":"4204820f","settings":{"space":{"unit":"px","size":25,"sizes":[]}},"elements":[],"isInner":false,"widgetType":"spacer","elType":"widget"},{"id":"1a7e0316","settings":{"gap":"no","custom_height_inner":{"unit":"px","size":"","sizes":[]},"structure":"20"},"elements":[{"id":"23fb946c","settings":{"_column_size":50,"_inline_size":75,"_inline_size_tablet":100},"elements":[{"id":"68f3ef34","settings":{"title":"Deals Of The Day","product_type":"day","per_page":2,"progress_bar_height":{"unit":"px","size":0,"sizes":[]}},"elements":[],"isInner":false,"widgetType":"martfury-product-deals-carousel-2","elType":"widget"},{"id":"43661951","settings":{"space":{"unit":"px","size":30,"sizes":[]}},"elements":[],"isInner":false,"widgetType":"spacer","elType":"widget"}],"isInner":true,"elType":"column"},{"id":"4ce3daae","settings":{"_column_size":50,"_inline_size":25,"padding":{"unit":"px","top":"0","right":"0","bottom":"0","left":"15","isLinked":false},"_inline_size_tablet":100,"padding_tablet":{"unit":"px","top":"0","right":"0","bottom":"0","left":"0","isLinked":true}},"elements":[{"id":"2e911d","settings":{"title":"Top 20 Best Seller","products":"best_selling","product_items_space":{"unit":"px","size":20,"sizes":[]},"heading_padding":{"unit":"px","top":"0","right":"0","bottom":"15","left":"0","isLinked":false},"heading_space":{"unit":"px","size":26,"sizes":[]},"sliders_dots_space":{"unit":"px","size":0,"sizes":[]},"padding_mobile":{"unit":"px","top":"20","right":"10","bottom":"20","left":"10","isLinked":false}},"elements":[],"isInner":false,"widgetType":"martfury-products-list-carousel","elType":"widget"},{"id":"7dcd92e5","settings":{"space":{"unit":"px","size":30,"sizes":[]}},"elements":[],"isInner":false,"widgetType":"spacer","elType":"widget"}],"isInner":true,"elType":"column"}],"isInner":true,"elType":"section"}],"isInner":false,"elType":"column"}],"isInner":false,"elType":"section"},{"id":"45b40ed1","settings":[],"elements":[{"id":"23dc8193","settings":{"_column_size":100},"elements":[{"id":"2230ef7e","settings":{"space":{"unit":"px","size":15,"sizes":[]}},"elements":[],"isInner":false,"widgetType":"spacer","elType":"widget"},{"id":"73d59c","settings":{"title":"Top Categories Of The Month","title_color":"#000000","typography_typography":"custom","typography_font_family":"Work Sans","typography_font_size":{"unit":"px","size":20,"sizes":[]},"typography_font_weight":"600","typography_line_height":{"unit":"em","size":1,"sizes":[]},"_margin":{"unit":"px","top":"0","right":"0","bottom":"20","left":"0","isLinked":false}},"elements":[],"isInner":false,"widgetType":"heading","elType":"widget"}],"isInner":false,"elType":"column"}],"isInner":false,"elType":"section"},{"id":"659b2b6a","settings":{"gap":"extended","structure":"60","padding_mobile":{"unit":"px","top":"0","right":"12.5","bottom":"0","left":"13.5","isLinked":false}},"elements":[{"id":"2fbd5ba7","settings":{"_column_size":16,"_inline_size":null,"_inline_size_tablet":33.33,"_inline_size_mobile":33.33,"padding_mobile":{"unit":"px","top":"0","right":"2.5","bottom":"0","left":"2.5","isLinked":false}},"elements":[{"id":"45ba0952","settings":{"style":"2","image":{"url":"http:\/\/demo2.drfuri.com\/martfury11\/wp-content\/uploads\/sites\/52\/2017\/12\/1.jpg","id":534},"title":"TV Televisions","title_style":"2","link":{"url":"http:\/\/demo2.drfuri.com\/martfury11\/product-category\/consumer-electrics\/tv-televisions\/","is_external":true,"nofollow":true},"subtitles":[],"image_position":"top","text_align":"center","text_align_tablet":"center","title_typography_typography":"custom","heading_title_spacing":{"unit":"px","size":0,"sizes":[]},"title_typography_font_size_mobile":{"unit":"px","size":14,"sizes":[]}},"elements":[],"isInner":false,"widgetType":"martfury-image-box","elType":"widget"},{"id":"5832627d","settings":{"space":{"unit":"px","size":30,"sizes":[]},"space_mobile":{"unit":"px","size":5,"sizes":[]}},"elements":[],"isInner":false,"widgetType":"spacer","elType":"widget"}],"isInner":false,"elType":"column"},{"id":"2f574879","settings":{"_column_size":16,"_inline_size":null,"_inline_size_tablet":33.33,"_inline_size_mobile":33.33,"padding_mobile":{"unit":"px","top":"0","right":"2.5","bottom":"0","left":"2.5","isLinked":false}},"elements":[{"id":"5dcc5f98","settings":{"style":"2","image":{"url":"http:\/\/demo2.drfuri.com\/martfury11\/wp-content\/uploads\/sites\/52\/2017\/12\/2.jpg","id":541},"title":"Air Conditioners","title_style":"2","link":{"url":"http:\/\/demo2.drfuri.com\/martfury11\/product-category\/consumer-electrics\/air-conditioners\/","is_external":true,"nofollow":true},"subtitles":[],"image_position":"top","text_align":"center","title_typography_typography":"custom","content_padding_mobile":{"unit":"px","top":"18","right":"5","bottom":"15","left":"5","isLinked":false},"heading_title_spacing":{"unit":"px","size":0,"sizes":[]},"title_typography_font_size_mobile":{"unit":"px","size":14,"sizes":[]}},"elements":[],"isInner":false,"widgetType":"martfury-image-box","elType":"widget"},{"id":"130a82c8","settings":{"space":{"unit":"px","size":30,"sizes":[]},"space_mobile":{"unit":"px","size":5,"sizes":[]}},"elements":[],"isInner":false,"widgetType":"spacer","elType":"widget"}],"isInner":false,"elType":"column"},{"id":"24eac7ea","settings":{"_column_size":16,"_inline_size":null,"_inline_size_tablet":33.33,"_inline_size_mobile":33.33,"padding_mobile":{"unit":"px","top":"0","right":"2.5","bottom":"0","left":"2.5","isLinked":false}},"elements":[{"id":"7e374bac","settings":{"style":"2","image":{"url":"http:\/\/demo2.drfuri.com\/martfury11\/wp-content\/uploads\/sites\/52\/2013\/06\/27a.jpg","id":276},"title":"Furniture","title_style":"2","link":{"url":"http:\/\/demo2.drfuri.com\/martfury11\/product-category\/garden-kitchen\/furniture\/","is_external":true,"nofollow":true},"subtitles":[],"image_position":"top","text_align":"center","title_typography_typography":"custom","heading_title_spacing":{"unit":"px","size":0,"sizes":[]},"min_height_mobile":{"unit":"px","size":164,"sizes":[]},"title_typography_font_size_mobile":{"unit":"px","size":14,"sizes":[]}},"elements":[],"isInner":false,"widgetType":"martfury-image-box","elType":"widget"},{"id":"667ab8f1","settings":{"space":{"unit":"px","size":30,"sizes":[]},"space_mobile":{"unit":"px","size":5,"sizes":[]}},"elements":[],"isInner":false,"widgetType":"spacer","elType":"widget"}],"isInner":false,"elType":"column"},{"id":"33476fd0","settings":{"_column_size":16,"_inline_size":null,"_inline_size_tablet":33.33,"_inline_size_mobile":33.33,"padding_mobile":{"unit":"px","top":"0","right":"2.5","bottom":"0","left":"2.5","isLinked":false}},"elements":[{"id":"7ca9f9d8","settings":{"style":"2","image":{"url":"http:\/\/demo2.drfuri.com\/martfury11\/wp-content\/uploads\/sites\/52\/2013\/06\/9a.jpg","id":202},"title":"Clothing & Apparel","title_style":"2","link":{"url":"http:\/\/demo2.drfuri.com\/martfury11\/product-category\/clothing-apparel\/","is_external":true,"nofollow":true},"subtitles":[],"image_position":"top","text_align":"center","title_typography_typography":"custom","heading_title_spacing":{"unit":"px","size":0,"sizes":[]},"title_typography_font_size_mobile":{"unit":"px","size":14,"sizes":[]}},"elements":[],"isInner":false,"widgetType":"martfury-image-box","elType":"widget"},{"id":"7e635af8","settings":{"space":{"unit":"px","size":30,"sizes":[]}},"elements":[],"isInner":false,"widgetType":"spacer","elType":"widget"}],"isInner":false,"elType":"column"},{"id":"7cfa821e","settings":{"_column_size":16,"_inline_size":null,"_inline_size_tablet":33.33,"_inline_size_mobile":33.33,"padding_mobile":{"unit":"px","top":"0","right":"2.5","bottom":"0","left":"2.5","isLinked":false}},"elements":[{"id":"507e8e41","settings":{"style":"2","image":{"url":"http:\/\/demo2.drfuri.com\/martfury11\/wp-content\/uploads\/sites\/52\/2013\/06\/14a.jpg","id":224},"title":"Computers","title_style":"2","link":{"url":"http:\/\/demo2.drfuri.com\/martfury11\/product-category\/computers-technologies\/","is_external":true,"nofollow":true},"subtitles":[],"image_position":"top","text_align":"center","title_typography_typography":"custom","min_height_mobile":{"unit":"px","size":164,"sizes":[]},"heading_title_spacing":{"unit":"px","size":0,"sizes":[]},"title_typography_font_size_mobile":{"unit":"px","size":14,"sizes":[]}},"elements":[],"isInner":false,"widgetType":"martfury-image-box","elType":"widget"},{"id":"5a9526a7","settings":{"space":{"unit":"px","size":30,"sizes":[]}},"elements":[],"isInner":false,"widgetType":"spacer","elType":"widget"}],"isInner":false,"elType":"column"},{"id":"7e60c754","settings":{"_column_size":16,"_inline_size":null,"_inline_size_tablet":33.33,"_inline_size_mobile":33.33,"padding_mobile":{"unit":"px","top":"0","right":"2.5","bottom":"0","left":"2.5","isLinked":false}},"elements":[{"id":"4b26467f","settings":{"style":"2","image":{"url":"http:\/\/demo2.drfuri.com\/martfury11\/wp-content\/uploads\/sites\/52\/2017\/11\/34a.jpg","id":310},"title":"Health & Beauty","title_style":"2","link":{"url":"http:\/\/demo2.drfuri.com\/martfury11\/product-category\/health-beauty\/","is_external":true,"nofollow":true},"subtitles":[],"image_position":"top","text_align":"center","title_typography_typography":"custom","heading_title_spacing":{"unit":"px","size":0,"sizes":[]},"title_typography_font_size_mobile":{"unit":"px","size":14,"sizes":[]}},"elements":[],"isInner":false,"widgetType":"martfury-image-box","elType":"widget"},{"id":"199d3703","settings":{"space":{"unit":"px","size":30,"sizes":[]}},"elements":[],"isInner":false,"widgetType":"spacer","elType":"widget"}],"isInner":false,"elType":"column"}],"isInner":false,"elType":"section"},{"id":"56342026","settings":[],"elements":[{"id":"655ba8a6","settings":{"_column_size":100},"elements":[{"id":"6936f9c","settings":{"space":{"unit":"px","size":25,"sizes":[]}},"elements":[],"isInner":false,"widgetType":"spacer","elType":"widget"}],"isInner":false,"elType":"column"}],"isInner":false,"elType":"section"},{"id":"30a722a3","settings":{"stretch_section":"section-stretched","background_background":"classic","background_color":"#f5f5f5"},"elements":[{"id":"20671f9","settings":{"_column_size":100},"elements":[{"id":"97b0c5","settings":[],"elements":[],"isInner":false,"widgetType":"spacer","elType":"widget"},{"id":"7ee7bb46","settings":{"title":"Consumer Electronics","link":{"url":"http:\/\/demo2.drfuri.com\/martfury11\/product-category\/consumer-electrics\/","is_external":true,"nofollow":true},"links_group":[{"title":"New Arrivals","link":{"url":"#","is_external":true,"nofollow":true},"_id":"601fa48"},{"title":"Best Seller","link":{"url":"#","is_external":true,"nofollow":true},"_id":"aebc685"}],"product_cats":["air-conditioners","audios-theaters","car-electronics","office-electronics","tv-televisions","washing-machines","refrigerators"],"image":{"url":"http:\/\/demo2.drfuri.com\/martfury11\/wp-content\/uploads\/sites\/52\/2018\/01\/b4.jpg","id":2486},"banner_link":{"url":"http:\/\/demo2.drfuri.com\/martfury11\/product-category\/consumer-electrics\/","is_external":true,"nofollow":true}},"elements":[],"isInner":false,"widgetType":"martfury-category-box","elType":"widget"},{"id":"8a1f352","settings":{"space":{"unit":"px","size":30,"sizes":[]}},"elements":[],"isInner":false,"widgetType":"spacer","elType":"widget"},{"id":"1aa504d6","settings":{"title":"Clothing & Apparel","link":{"url":"http:\/\/demo2.drfuri.com\/martfury11\/product-category\/clothing-apparel\/","is_external":true,"nofollow":true},"links_group":[{"title":"New Arrivals","link":{"url":"#","is_external":true,"nofollow":true},"_id":"601fa48"},{"title":"Best Seller","link":{"url":"#","is_external":true,"nofollow":true},"_id":"aebc685"}],"product_cats":["womens","mens","shoes","bags","sunglasses","accessories-clothing-apparel","kids-fashion"],"image":{"url":"http:\/\/demo2.drfuri.com\/martfury11\/wp-content\/uploads\/sites\/52\/2018\/01\/b5-1.jpg","id":2487},"banner_link":{"url":"http:\/\/demo2.drfuri.com\/martfury11\/product-category\/clothing-apparel\/","is_external":true,"nofollow":true}},"elements":[],"isInner":false,"widgetType":"martfury-category-box","elType":"widget"},{"id":"2ebdcfca","settings":{"space":{"unit":"px","size":30,"sizes":[]}},"elements":[],"isInner":false,"widgetType":"spacer","elType":"widget"},{"id":"1f783403","settings":{"title":"Home, Garden & Kitchen","link":{"url":"http:\/\/demo2.drfuri.com\/martfury11\/product-category\/garden-kitchen\/","is_external":true,"nofollow":true},"links_group":[{"title":"New Arrivals","link":{"url":"#","is_external":true,"nofollow":true},"_id":"601fa48"},{"title":"Best Seller","link":{"url":"#","is_external":true,"nofollow":true},"_id":"aebc685"}],"product_cats":["cookware","decoration","furniture","garden-tools","home-improvement","powers-and-hand-tools","utensil-gadget"],"image":{"url":"http:\/\/demo2.drfuri.com\/martfury11\/wp-content\/uploads\/sites\/52\/2018\/01\/b6-1.jpg","id":2488},"banner_link":{"url":"http:\/\/demo2.drfuri.com\/martfury11\/product-category\/garden-kitchen\/","is_external":true,"nofollow":true}},"elements":[],"isInner":false,"widgetType":"martfury-category-box","elType":"widget"},{"id":"6a8b4a78","settings":[],"elements":[],"isInner":false,"widgetType":"spacer","elType":"widget"}],"isInner":false,"elType":"column"}],"isInner":false,"elType":"section"},{"id":"624a589a","settings":[],"elements":[{"id":"5e0535ab","settings":{"_column_size":100},"elements":[{"id":"7f05fa6c","settings":{"space":{"unit":"px","size":40,"sizes":[]}},"elements":[],"isInner":false,"widgetType":"spacer","elType":"widget"},{"id":"5e0ea624","settings":{"title":"Best Seller Brands","title_color":"#000000","typography_typography":"custom","typography_font_size":{"unit":"px","size":20,"sizes":[]},"typography_font_weight":"600","_margin":{"unit":"px","top":"0","right":"0","bottom":"20","left":"0","isLinked":false}},"elements":[],"isInner":false,"widgetType":"heading","elType":"widget"},{"id":"4572016f","settings":{"title":" Best Seller Brands","group_setting":[{"image":{"url":"http:\/\/demo2.drfuri.com\/martfury11\/wp-content\/uploads\/sites\/52\/2018\/01\/b13.jpg","id":2472},"_id":"5323ca4","link":{"url":"http:\/\/demo2.drfuri.com\/martfury2\/product-brand\/adidas\/","is_external":true,"nofollow":true}},{"image":{"url":"http:\/\/demo2.drfuri.com\/martfury11\/wp-content\/uploads\/sites\/52\/2018\/01\/b14.jpg","id":2473},"_id":"bdbabde","link":{"url":"http:\/\/demo2.drfuri.com\/martfury2\/product-brand\/galaxy\/","is_external":true,"nofollow":true}},{"image":{"url":"http:\/\/demo2.drfuri.com\/martfury11\/wp-content\/uploads\/sites\/52\/2018\/01\/b15.jpg","id":2474},"_id":"3454e1b","link":{"url":"http:\/\/demo2.drfuri.com\/martfury2\/product-brand\/apple\/","is_external":true,"nofollow":true}},{"image":{"url":"http:\/\/demo2.drfuri.com\/martfury11\/wp-content\/uploads\/sites\/52\/2018\/01\/b16.jpg","id":2475},"_id":"5a5d8ba","link":{"url":"http:\/\/demo2.drfuri.com\/martfury2\/product-brand\/samsung\/","is_external":true,"nofollow":true}},{"image":{"url":"http:\/\/demo2.drfuri.com\/martfury11\/wp-content\/uploads\/sites\/52\/2018\/01\/b17.jpg","id":2476},"_id":"70721e3","link":{"url":"http:\/\/demo2.drfuri.com\/martfury2\/product-brand\/baxter\/","is_external":true,"nofollow":true}},{"image":{"url":"http:\/\/demo2.drfuri.com\/martfury11\/wp-content\/uploads\/sites\/52\/2018\/01\/b18.jpg","id":2477},"_id":"3737740","link":{"url":"http:\/\/demo2.drfuri.com\/martfury2\/product-brand\/sony\/","is_external":true,"nofollow":true}},{"image":{"url":"http:\/\/demo2.drfuri.com\/martfury11\/wp-content\/uploads\/sites\/52\/2018\/01\/b19.jpg","id":2478},"_id":"a2f0d08","link":{"url":"http:\/\/demo2.drfuri.com\/martfury2\/product-brand\/amcrest\/","is_external":true,"nofollow":true}},{"image":{"url":"http:\/\/demo2.drfuri.com\/martfury11\/wp-content\/uploads\/sites\/52\/2018\/01\/b20.jpg","id":2479},"_id":"9637777","link":{"url":"http:\/\/demo2.drfuri.com\/martfury2\/product-brand\/asus\/","is_external":true,"nofollow":true}},{"image":{"url":"http:\/\/demo2.drfuri.com\/martfury11\/wp-content\/uploads\/sites\/52\/2018\/01\/b21.jpg","id":2480},"_id":"620a312","link":{"url":"http:\/\/demo2.drfuri.com\/martfury2\/product-brand\/casio\/","is_external":true,"nofollow":true}},{"image":{"url":"http:\/\/demo2.drfuri.com\/martfury11\/wp-content\/uploads\/sites\/52\/2018\/01\/b22.jpg","id":2481},"_id":"c47698d","link":{"url":"http:\/\/demo2.drfuri.com\/martfury2\/product-brand\/electrolux\/","is_external":true,"nofollow":true}}],"columns_tablet":"5","item_border_style":"solid","columns_mobile":"2"},"elements":[],"isInner":false,"widgetType":"martfury-images-grid","elType":"widget"},{"id":"6ddf527c","settings":{"space":{"unit":"px","size":45,"sizes":[]}},"elements":[],"isInner":false,"widgetType":"spacer","elType":"widget"},{"id":"100d1c92","settings":{"image":{"url":"http:\/\/demo2.drfuri.com\/martfury11\/wp-content\/uploads\/sites\/52\/2017\/12\/b3.png","id":518},"form":"436","title":" Download Martfury App Now!","desc":"Shopping fastly and easily more with our app. Get a link to\ndownload the app on your phone","btn_setting":[{"btn_image":{"url":"http:\/\/demo2.drfuri.com\/martfury11\/wp-content\/uploads\/sites\/52\/2017\/12\/t1.png","id":515},"button_link":{"url":"https:\/\/play.google.com\/store"},"_id":"77e1aed"},{"btn_image":{"url":"http:\/\/demo2.drfuri.com\/martfury11\/wp-content\/uploads\/sites\/52\/2017\/12\/t2.png","id":516},"button_link":{"url":"https:\/\/www.appstore.com\/"},"_id":"8157b1b"}]},"elements":[],"isInner":false,"widgetType":"martfury-newsletter","elType":"widget"},{"id":"5cb55186","settings":{"space":{"unit":"px","size":80,"sizes":[]}},"elements":[],"isInner":false,"widgetType":"spacer","elType":"widget"}],"isInner":false,"elType":"column"}],"isInner":false,"elType":"section"}]}