{"content":[{"id":"35b29f61","settings":{"flex_direction":"column"},"elements":[{"id":"1d97a6bb","settings":{"content_width":"full","title":"Banner With Button","title_size":"h5","align":"center","_margin":{"unit":"px","top":"0","right":"0","bottom":"40","left":"0","isLinked":false}},"elements":[],"isInner":false,"widgetType":"ecomus-heading","elType":"widget"}],"isInner":false,"elType":"container"},{"id":"7a1853b","settings":{"flex_direction":"row","flex_gap":{"unit":"px","size":30,"column":"30","row":"30"},"border_border":"solid","border_width":{"unit":"px","top":"0","right":"0","bottom":"1","left":"0","isLinked":false},"border_color":"#EBEBEB","margin":{"unit":"px","top":"0","right":"0","bottom":"60","left":"0","isLinked":false},"padding":{"unit":"px","top":"0","right":"0","bottom":"60","left":"0","isLinked":false}},"elements":[{"id":"729e760","settings":{"flex_direction":"column","content_width":"full","width":{"unit":"%","size":50}},"elements":[{"id":"2adeb49e","settings":{"content_width":"full","title":"","image":{"id":4070,"url":"https:\/\/wpecomus.com\/fashion\/wp-content\/uploads\/sites\/2\/2024\/07\/homev8_banner01.webp","alt":"","source":"library","size":""},"button_text":"Clothings","horizontal_position":"left","button_show_icon":"yes","button_margin":{"unit":"px","top":"0","right":"0","bottom":"26","left":"23","isLinked":false},"button_icon":{"value":{"url":"https:\/\/raw.githubusercontent.com\/drfuri\/demo-content\/main\/ecomus\/fashion\/images\/arrow-top-right.svg","id":1340},"library":"svg"},"height_tablet":{"unit":"px","size":455,"sizes":[]},"height_mobile":{"unit":"px","size":415,"sizes":[]},"border_radius":{"unit":"px","top":"0","right":"0","bottom":"0","left":"0","isLinked":true},"button_icon_position":"top","button_typography_typography":"custom","button_typography_font_size":{"unit":"px","size":18,"sizes":[]},"button_typography_font_size_mobile":{"unit":"px","size":15,"sizes":[]},"button_typography_font_weight":"500","button_margin_mobile":{"unit":"px","top":"0","right":"0","bottom":"15","left":"15","isLinked":false},"button_padding":{"unit":"px","top":"13","right":"16","bottom":"13","left":"16","isLinked":false},"button_padding_mobile":{"unit":"px","top":"10","right":"12","bottom":"10","left":"12","isLinked":false},"show_button_icon":"alway","button_icon_align":"left","height":{"unit":"px","size":310,"sizes":[]}},"elements":[],"isInner":false,"widgetType":"ecomus-banner","elType":"widget"}],"isInner":true,"elType":"container"},{"id":"53c73363","settings":{"flex_direction":"column","content_width":"full","width":{"unit":"%","size":50}},"elements":[{"id":"5df5967b","settings":{"content_width":"full","image":{"url":"https:\/\/wpecomus.com\/fashion\/wp-content\/uploads\/sites\/2\/2024\/06\/homev2_cat3.webp","id":1695,"size":"","alt":"","source":"library"},"title":"","height":{"unit":"px","size":310,"sizes":[]},"button_text":"Shop Now","border_radius":{"unit":"px","top":"0","right":"0","bottom":"0","left":"0","isLinked":true},"show_button_icon":"hover","button_icon_padding":{"unit":"px","top":"0","right":"0","bottom":"3","left":"0","isLinked":false}},"elements":[],"isInner":false,"widgetType":"ecomus-banner","elType":"widget"}],"isInner":true,"elType":"container"}],"isInner":false,"elType":"container"},{"id":"191bd85f","settings":{"flex_direction":"column"},"elements":[{"id":"2f6d4198","settings":{"content_width":"full","title":"Banner with Content Position","title_size":"h5","align":"center","_margin":{"unit":"px","top":"0","right":"0","bottom":"40","left":"0","isLinked":false}},"elements":[],"isInner":false,"widgetType":"ecomus-heading","elType":"widget"}],"isInner":false,"elType":"container"},{"id":"594d6eb0","settings":{"flex_direction":"row","flex_gap":{"unit":"px","size":30,"column":"30","row":"30"},"border_border":"solid","border_width":{"unit":"px","top":"0","right":"0","bottom":"1","left":"0","isLinked":false},"border_color":"#EBEBEB","margin":{"unit":"px","top":"0","right":"0","bottom":"60","left":"0","isLinked":false},"padding":{"unit":"px","top":"0","right":"0","bottom":"60","left":"0","isLinked":false}},"elements":[{"id":"5e03cdf7","settings":{"flex_direction":"column","content_width":"full","width":{"unit":"%","size":33.33}},"elements":[{"id":"15fce366","settings":{"image":{"id":3953,"url":"https:\/\/wpecomus.com\/fashion\/wp-content\/uploads\/sites\/2\/2024\/07\/homev6_banner01.webp","alt":"","source":"library","size":""},"title":"UP TO 30% OFF","title_size":"div","sub_title":"Essential Basics","button_text":"Shop now","button_link_type":"only","height":{"unit":"px","size":400,"sizes":[]},"height_tablet":{"unit":"px","size":300,"sizes":[]},"text_align":"center","border_radius":{"unit":"px","top":"0","right":"0","bottom":"0","left":"0","isLinked":false},"title_typography_typography":"custom","title_typography_font_size":{"unit":"px","size":14,"sizes":[]},"title_typography_font_weight":"700","title_typography_text_transform":"uppercase","title_color":"#151515","title_margin":{"unit":"px","top":"0","right":"0","bottom":"23","left":"0","isLinked":false},"sub_title_typography_typography":"custom","sub_title_typography_font_size":{"unit":"px","size":28,"sizes":[]},"sub_title_typography_font_size_tablet":{"unit":"px","size":20,"sizes":[]},"sub_title_typography_font_weight":"400","sub_title_color":"#151515","button_margin_tablet":{"unit":"px","top":"0","right":"0","bottom":"15","left":"0","isLinked":false},"button_border_radius":{"unit":"px","top":"3","right":"3","bottom":"3","left":"3","isLinked":true},"content_width":"full"},"elements":[],"isInner":false,"widgetType":"ecomus-banner","elType":"widget"}],"isInner":true,"elType":"container"},{"id":"426d3529","settings":{"flex_direction":"column","content_width":"full","width":{"unit":"%","size":33.33}},"elements":[{"id":"3c458304","settings":{"content_width":"full","image":{"id":4000,"url":"https:\/\/wpecomus.com\/fashion\/wp-content\/uploads\/sites\/2\/2024\/07\/homev4_banner1.webp","alt":"","source":"library","size":""},"title":"Mordern Backpack","button_text":"Shop now","sub_title":"Start from <b>$199<\/b>","banner_type":"stretch","title_color":"#000000","sub_title_color":"#000000","banner_padding":{"unit":"px","top":"56","right":"50","bottom":"50","left":"50","isLinked":false},"button_style":"subtle","button_type":"subtle","button_show_icon":"yes","content_align":"stretch","border_radius":{"unit":"px","top":"0","right":"0","bottom":"0","left":"0","isLinked":true},"button_typography_typography":"custom","button_typography_font_size_tablet":{"unit":"px","size":14,"sizes":[]},"banner_padding_tablet":{"unit":"px","top":"15","right":"15","bottom":"15","left":"15","isLinked":true},"banner_padding_mobile":{"unit":"px","top":"15","right":"15","bottom":"15","left":"15","isLinked":true},"show_button_icon":"alway","height":{"unit":"px","size":400,"sizes":[]}},"elements":[],"isInner":false,"widgetType":"ecomus-banner","elType":"widget"}],"isInner":true,"elType":"container"},{"id":"701cb7b1","settings":{"flex_direction":"column","content_width":"full","width":{"unit":"%","size":33.33}},"elements":[{"id":"42d7777d","settings":{"content_width":"full","title":"UP TO 30% OFF","title_size":"div","sub_title":"Summer Style Guide","description":"Discover the season's hottest trends and elevate","button_text":"Shop now","image":{"id":4062,"url":"https:\/\/wpecomus.com\/fashion\/wp-content\/uploads\/sites\/2\/2024\/07\/homev7_banner01.webp","alt":"","source":"library","size":""},"height":{"unit":"px","size":400,"sizes":[]},"height_tablet":{"unit":"px","size":450,"sizes":[]},"height_mobile":{"unit":"px","size":300,"sizes":[]},"horizontal_position":"left","vertical_position_mobile":"middle","text_align_mobile":"center","banner_padding":{"unit":"px","top":"95","right":"30","bottom":"30","left":"30","isLinked":false},"banner_padding_tablet":{"unit":"px","top":"30","right":"30","bottom":"30","left":"30","isLinked":true},"title_typography_typography":"custom","title_typography_font_size":{"unit":"px","size":14,"sizes":[]},"title_typography_font_weight":"700","title_typography_text_transform":"uppercase","title_typography_line_height_mobile":{"unit":"px","size":26.4,"sizes":[]},"title_margin_mobile":{"unit":"px","top":"0","right":"0","bottom":"6","left":"0","isLinked":false},"sub_title_typography_typography":"custom","sub_title_typography_font_size":{"unit":"px","size":42,"sizes":[]},"sub_title_typography_font_size_tablet":{"unit":"px","size":32,"sizes":[]},"sub_title_typography_font_size_mobile":{"unit":"px","size":22,"sizes":[]},"sub_title_typography_font_weight":"400","sub_title_typography_line_height_tablet":{"unit":"px","size":38.4,"sizes":[]},"sub_title_typography_line_height_mobile":{"unit":"px","size":26.4,"sizes":[]},"sub_title_margin_mobile":{"unit":"px","top":"0","right":"0","bottom":"9","left":"0","isLinked":false},"description_margin_mobile":{"unit":"px","top":"0","right":"0","bottom":"14","left":"0","isLinked":false},"button_margin":{"unit":"px","top":"0","right":"0","bottom":"0","left":"0","isLinked":false},"button_border_radius":{"unit":"px","top":"3","right":"3","bottom":"3","left":"3","isLinked":true}},"elements":[],"isInner":false,"widgetType":"ecomus-banner","elType":"widget"}],"isInner":true,"elType":"container"}],"isInner":false,"elType":"container"},{"id":"2a87c883","settings":{"flex_direction":"column","border_border":"solid","border_width":{"unit":"px","top":"0","right":"0","bottom":"1","left":"0","isLinked":false},"border_color":"#EBEBEB","margin":{"unit":"px","top":"0","right":"0","bottom":"60","left":"0","isLinked":false},"padding":{"unit":"px","top":"0","right":"0","bottom":"60","left":"0","isLinked":false}},"elements":[{"id":"58c54f11","settings":{"content_width":"full","title":"Banner with Countdown","title_size":"h5","align":"center","_margin":{"unit":"px","top":"0","right":"0","bottom":"40","left":"0","isLinked":false}},"elements":[],"isInner":false,"widgetType":"ecomus-heading","elType":"widget"},{"id":"3b9038f5","settings":{"flex_direction":"row","flex_gap":{"unit":"px","size":0,"column":"0","row":"0","isLinked":true},"min_height":{"unit":"px","size":475,"sizes":[]},"flex_justify_content":"space-between","flex_align_items":"center","background_background":"classic","background_image":{"id":3942,"url":"https:\/\/wpecomus.com\/fashion\/wp-content\/uploads\/sites\/2\/2024\/07\/homev5_banner01.webp","alt":"","source":"library","size":""},"boxed_width_mobile":{"unit":"%","size":"","sizes":[]},"min_height_tablet":{"unit":"px","size":490,"sizes":[]},"min_height_mobile":{"unit":"px","size":350,"sizes":[]},"background_position_tablet":"bottom center","background_repeat":"no-repeat","background_size":"cover","content_width":"full","padding":{"unit":"px","top":"0","right":"0","bottom":"0","left":"50","isLinked":false}},"elements":[{"id":"1fe0a56c","settings":{"flex_direction":"column","width":{"unit":"%","size":"50"},"width_tablet":{"unit":"%","size":100,"sizes":[]},"width_mobile":{"unit":"%","size":"","sizes":[]},"boxed_width_mobile":{"unit":"%","size":85,"sizes":[]},"flex_gap":{"column":"22","row":"22","isLinked":true,"unit":"px","size":22},"flex_gap_mobile":{"column":"15","row":"15","isLinked":true,"unit":"px","size":15}},"elements":[{"id":"20bce198","settings":{"content_width":"full","title":"Last Chance Offers","title_size":"h3","typography_typography":"custom","typography_font_size_tablet":{"unit":"px","size":40,"sizes":[]},"typography_font_size_mobile":{"unit":"px","size":22,"sizes":[]}},"elements":[],"isInner":false,"widgetType":"ecomus-heading","elType":"widget"},{"id":"33481e07","settings":{"content_width":"full","editor":"<p>Get Them Before They're Gone<\/p>","text_color":"#000000","typography_typography":"custom","typography_font_size":{"unit":"px","size":20,"sizes":[]},"typography_font_weight":"400","typography_line_height":{"unit":"px","size":30,"sizes":[]},"typography_font_size_tablet":{"unit":"px","size":16,"sizes":[]}},"elements":[],"isInner":false,"widgetType":"text-editor","elType":"widget"},{"id":"73494cfc","settings":{"content_width":"full","timer_border_border":"none","timer_border_radius":{"unit":"%","top":"50","right":"50","bottom":"50","left":"50","isLinked":true},"timer_width":{"unit":"px","size":90,"sizes":[]},"timer_background_color":"#FFFFFF","timer_gap":{"unit":"px","size":16,"sizes":[]},"timer_width_mobile":{"unit":"px","size":60,"sizes":[]},"timer_padding":{"unit":"px","top":"17","right":"17","bottom":"17","left":"17","isLinked":true},"timer_padding_tablet":{"unit":"px","top":"23","right":"0","bottom":"23","left":"0","isLinked":false},"timer_padding_mobile":{"unit":"px","top":"8","right":"0","bottom":"8","left":"0","isLinked":false},"digit_typography_typography":"custom","digit_typography_font_size_tablet":{"unit":"px","size":20,"sizes":[]},"text_typography_typography":"custom","text_typography_font_size":{"unit":"px","size":12,"sizes":[]},"text_typography_font_weight":"700","text_typography_text_transform":"uppercase","_margin":{"unit":"px","top":"0","right":"0","bottom":"13","left":"0","isLinked":false},"_margin_tablet":{"unit":"px","top":"0","right":"0","bottom":"15","left":"0","isLinked":false},"_margin_mobile":{"unit":"px","top":"0","right":"0","bottom":"10","left":"0","isLinked":false}},"elements":[],"isInner":false,"widgetType":"ecomus-countdown","elType":"widget"},{"id":"2b43e806","settings":{"content_width":"full","text":"Shop now - $129","typography_typography":"custom","typography_font_weight":"600","text_padding":{"unit":"px","top":"15","right":"25","bottom":"15","left":"25","isLinked":false},"button_text":"Shop Now - $129"},"elements":[],"isInner":false,"widgetType":"ecomus-button","elType":"widget"}],"isInner":true,"elType":"container"}],"isInner":true,"elType":"container"}],"isInner":false,"elType":"container"},{"id":"e25b352","settings":{"flex_direction":"column"},"elements":[{"id":"34c16c2","settings":{"content_width":"full","title":"Banner Background Video","title_size":"h5","align":"center","_margin":{"unit":"px","top":"0","right":"0","bottom":"40","left":"0","isLinked":false}},"elements":[],"isInner":false,"widgetType":"ecomus-heading","elType":"widget"},{"id":"6b58c4a3","settings":{"flex_direction":"column","min_height":{"unit":"px","size":450,"sizes":[]},"min_height_tablet":{"unit":"px","size":600,"sizes":[]},"min_height_mobile":{"unit":"px","size":450,"sizes":[]},"flex_justify_content":"center","flex_align_items":"center","background_background":"video","background_video_link":"https:\/\/cdn.shopify.com\/videos\/c\/vp\/7d41cc2d2b634c80a3bbd06d082f53ef\/7d41cc2d2b634c80a3bbd06d082f53ef.HD-1080p-4.8Mbps-20171891.mp4","boxed_width_mobile":{"unit":"px","size":500,"sizes":[]},"flex_gap":{"column":"10","row":"10","isLinked":true,"unit":"px","size":10},"background_play_on_mobile":"yes","background_video_fallback":{"url":"https:\/\/raw.githubusercontent.com\/drfuri\/demo-content\/main\/ecomus\/fashion\/images\/homev3_video.webp","id":1870,"size":"","alt":"","source":"library"},"content_width":"full"},"elements":[{"id":"30ef1025","settings":{"content_width":"full","editor":"<p>FREE SHIPPING OVER ORDER $120<\/p>","text_color":"#FFFFFF","typography_typography":"custom","typography_font_weight":"700"},"elements":[],"isInner":false,"widgetType":"text-editor","elType":"widget"},{"id":"516bd1","settings":{"content_width":"full","title":"Spring Collection","title_color":"#FFFFFF","typography_typography":"custom","typography_font_size_mobile":{"unit":"px","size":34,"sizes":[]},"_margin":{"unit":"px","top":"0","right":"0","bottom":"12","left":"0","isLinked":false}},"elements":[],"isInner":false,"widgetType":"ecomus-heading","elType":"widget"},{"id":"3e3e9f95","settings":{"content_width":"full","editor":"<p>Here is your chance to upgrade your wardrobe with a variation of styles<\/p>","text_color":"#FFFFFF","typography_typography":"custom","typography_font_size":{"unit":"px","size":20,"sizes":[]},"typography_font_weight":"400","typography_line_height":{"unit":"px","size":24,"sizes":[]},"align_mobile":"center","typography_font_size_mobile":{"unit":"px","size":16,"sizes":[]},"typography_line_height_mobile":{"unit":"px","size":20,"sizes":[]},"_margin":{"unit":"px","top":"0","right":"0","bottom":"30","left":"0","isLinked":false},"_margin_mobile":{"unit":"px","top":"0","right":"0","bottom":"15","left":"0","isLinked":false}},"elements":[],"isInner":false,"widgetType":"text-editor","elType":"widget"},{"id":"4a6aefda","settings":{"content_width":"full","text":"Shop Now","icon_align":"right","background_color":"#FFFFFF","typography_typography":"custom","typography_font_weight":"500","selected_icon":{"value":{"url":"https:\/\/raw.githubusercontent.com\/drfuri\/demo-content\/main\/ecomus\/fashion\/images\/arrow-top-right.svg","id":1340},"library":"svg"},"text_padding":{"unit":"px","top":"15","right":"30","bottom":"15","left":"30","isLinked":false},"button_background_effect_hover_color":"#0000001A","button_text":"Shop Now","show_button_icon":"alway","button_style":"light","button_min_width":{"unit":"px","size":149,"sizes":[]},"button_icon_padding":{"unit":"px","top":"0","right":"0","bottom":"2","left":"0","isLinked":false}},"elements":[],"isInner":false,"widgetType":"ecomus-button","elType":"widget"}],"isInner":true,"elType":"container"}],"isInner":false,"elType":"container"}],"page_settings":[],"version":"0.4","title":"Banners","type":"page"}