{"content":[{"id":"26c68895","settings":{"flex_direction":"column"},"elements":[{"id":"7b27ae06","settings":{"content_width":"full","title":"Single Image Hotspot","title_size":"h5","align":"center","_margin":{"unit":"px","top":"0","right":"0","bottom":"30","left":"0","isLinked":false}},"elements":[],"isInner":false,"widgetType":"ecomus-heading","elType":"widget"}],"isInner":false,"elType":"container"},{"id":"4d474dfb","settings":{"flex_direction":"row","flex_gap":{"unit":"px","size":0,"column":"0","row":"0"},"border_border":"solid","border_width":{"unit":"px","top":"0","right":"0","bottom":"1","left":"0","isLinked":false},"border_color":"#EBEBEB","margin":{"unit":"px","top":"0","right":"0","bottom":"60","left":"0","isLinked":false},"padding":{"unit":"px","top":"0","right":"0","bottom":"60","left":"0","isLinked":false}},"elements":[{"id":"45815b88","settings":{"flex_direction":"column","content_width":"full","width":{"unit":"%","size":"25"}},"elements":[],"isInner":true,"elType":"container"},{"id":"56704a43","settings":{"flex_direction":"column","content_width":"full","width":{"unit":"%","size":"50"}},"elements":[{"id":"4f27f1aa","settings":{"content_width":"full","image":{"url":"https:\/\/wpecomus.com\/fashion\/wp-content\/uploads\/sites\/2\/2024\/07\/homev5_lookbook.webp","id":4034,"size":"","alt":"","source":"library"},"items":[{"_id":"4548443","product_items_ids":546,"product_items_position_y":{"unit":"%","size":4,"sizes":[]}},{"_id":"1d93531","product_items_ids":871,"product_items_position_y":{"unit":"%","size":38,"sizes":[]}}]},"elements":[],"isInner":false,"widgetType":"ecomus-image-hotspot","elType":"widget"}],"isInner":true,"elType":"container"},{"id":"3ed25fd3","settings":{"flex_direction":"column","content_width":"full","width":{"unit":"%","size":"25"}},"elements":[],"isInner":true,"elType":"container"}],"isInner":false,"elType":"container"},{"id":"44566dad","settings":{"flex_direction":"column"},"elements":[{"id":"1780d87c","settings":{"content_width":"full","title":"Image Hotspot with Carousel","title_size":"h5","align":"center","_margin":{"unit":"px","top":"0","right":"0","bottom":"30","left":"0","isLinked":false}},"elements":[],"isInner":false,"widgetType":"ecomus-heading","elType":"widget"}],"isInner":false,"elType":"container"},{"id":"6a5ddcf9","settings":{"flex_direction":"row","flex_gap":{"unit":"px","size":0,"column":"0","row":"0"},"border_border":"solid","border_width":{"unit":"px","top":"0","right":"0","bottom":"1","left":"0","isLinked":false},"border_color":"#EBEBEB","margin":{"unit":"px","top":"0","right":"0","bottom":"60","left":"0","isLinked":false},"padding":{"unit":"px","top":"0","right":"0","bottom":"60","left":"0","isLinked":false}},"elements":[{"id":"35686ad","settings":{"flex_direction":"column","content_width":"full","width":{"unit":"%","size":100}},"elements":[{"id":"70da377","settings":{"items":[{"image":{"url":"http:\/\/localhost:3000\/dev\/ecomus\/wp-content\/uploads\/sites\/28\/2024\/06\/lookbook3.webp","id":1352,"alt":"","source":"library","size":""},"_id":"b3f3814","product_items_ids_1":1357,"product_items_position_x_1":{"unit":"%","size":44,"sizes":[]},"product_items_position_y_1":{"unit":"%","size":60,"sizes":[]},"product_items_ids_2":798,"product_items_position_x_2_mobile":{"unit":"px","size":199,"sizes":[]},"product_items_position_y_2":{"unit":"%","size":86,"sizes":[]},"product_items_position_y_2_mobile":{"unit":"px","size":194,"sizes":[]}},{"image":{"url":"http:\/\/localhost:3000\/dev\/ecomus\/wp-content\/uploads\/sites\/28\/2024\/06\/lookbook4.webp","id":1353,"alt":"","source":"library","size":""},"_id":"f882440","product_items_ids_1":1367,"product_items_position_x_1":{"unit":"%","size":49,"sizes":[]},"product_items_position_y_1":{"unit":"%","size":20,"sizes":[]},"product_content_items_position_x_1_tablet":{"unit":"px","size":-5,"sizes":[]},"product_content_items_position_y_1_tablet":{"unit":"px","size":35,"sizes":[]},"product_arrow_items_position_y_1_tablet":{"unit":"px","size":30,"sizes":[]}}],"aspect_ratio_type":"horizontal","image_spacing_custom":"","dots_type":"background","navigation_classes_mobile":"dots","image_border_radius":{"unit":"px","top":"0","right":"0","bottom":"0","left":"0","isLinked":true},"image_1":{"url":"https:\/\/wpecomus.com\/fashion\/wp-content\/uploads\/sites\/2\/2024\/06\/lookbook3.webp","id":1352,"size":"","alt":"","source":"library"},"items_1":[{"_id":"eed18d0","product_items_ids":1357,"product_items_position_x":{"unit":"%","size":"","sizes":[]},"product_items_position_y":{"unit":"%","size":53,"sizes":[]},"product_content_items_position_x_tablet":{"unit":"px","size":40,"sizes":[]}},{"_id":"2a77aed","product_items_ids":798,"product_items_position_x":{"unit":"%","size":60,"sizes":[]},"product_items_position_y":{"unit":"%","size":78,"sizes":[]}}],"image_2":{"url":"https:\/\/wpecomus.com\/fashion\/wp-content\/uploads\/sites\/2\/2024\/06\/lookbook4.webp","id":1353,"size":"","alt":"","source":"library"},"items_2":[{"_id":"555117a","product_items_ids":1367,"product_items_position_y":{"unit":"%","size":18,"sizes":[]},"product_content_items_position_y":{"unit":"px","size":40,"sizes":[]},"product_arrow_items_position_y":{"unit":"px","size":33,"sizes":[]}}],"items_3":[],"items_4":[],"slides_to_show_mobile":1,"slides_to_scroll_mobile":1,"button_style":"outline-dark","content_width":"full"},"elements":[],"isInner":false,"widgetType":"ecomus-images-hotspot-carousel","elType":"widget"}],"isInner":true,"elType":"container"}],"isInner":false,"elType":"container"},{"id":"64c12901","settings":{"flex_direction":"column"},"elements":[{"id":"3b27a83e","settings":{"content_width":"full","title":"Image Hotspot with Products Carousel","title_size":"h5","align":"center","_margin":{"unit":"px","top":"0","right":"0","bottom":"30","left":"0","isLinked":false}},"elements":[],"isInner":false,"widgetType":"ecomus-heading","elType":"widget"}],"isInner":false,"elType":"container"},{"id":"533ba0d8","settings":{"flex_direction":"row","flex_gap":{"unit":"px","size":0,"column":"0","row":"0"},"border_border":"solid","border_width":{"unit":"px","top":"0","right":"0","bottom":"1","left":"0","isLinked":false},"border_color":"#EBEBEB","margin":{"unit":"px","top":"0","right":"0","bottom":"60","left":"0","isLinked":false},"padding":{"unit":"px","top":"0","right":"0","bottom":"60","left":"0","isLinked":false}},"elements":[{"id":"45abbd3e","settings":{"flex_direction":"column","content_width":"full","width":{"unit":"%","size":100}},"elements":[{"id":"34742e3d","settings":{"content_width":"full","image":{"id":4034,"url":"https:\/\/wpecomus.com\/fashion\/wp-content\/uploads\/sites\/2\/2024\/07\/homev5_lookbook.webp","alt":"","source":"library","size":""},"title":"Shop this look","sub_title":"SPRING SALE 30% OFF","lookbook_products":[{"_id":"8221ad1","product_id":546,"pin_position_x":{"unit":"%","size":20,"sizes":[]},"pin_position_y":{"unit":"%","size":6,"sizes":[]}},{"_id":"39efccb","product_id":871}],"title_typography_font_size":{"unit":"px","size":77,"sizes":[]},"sub_title_spacing":{"unit":"px","size":7,"sizes":[]}},"elements":[],"isInner":false,"widgetType":"ecomus-lookbook-products","elType":"widget"}],"isInner":true,"elType":"container"}],"isInner":false,"elType":"container"},{"id":"1b597764","settings":{"flex_direction":"column"},"elements":[{"id":"3d7d8fd5","settings":{"content_width":"full","title":"Image Hotspot with Products List","title_size":"h5","align":"center","_margin":{"unit":"px","top":"0","right":"0","bottom":"30","left":"0","isLinked":false}},"elements":[],"isInner":false,"widgetType":"ecomus-heading","elType":"widget"}],"isInner":false,"elType":"container"},{"id":"669027ac","settings":{"flex_direction":"row","flex_gap":{"unit":"px","size":0,"column":"0","row":"0"},"border_width":{"unit":"px","top":"0","right":"0","bottom":"1","left":"0","isLinked":false},"border_color":"#EBEBEB"},"elements":[{"id":"6ccc039a","settings":{"flex_direction":"column","content_width":"full","width":{"unit":"%","size":100}},"elements":[{"id":"560e1c38","settings":{"content_width":"full","image":{"id":4034,"url":"https:\/\/wpecomus.com\/fashion\/wp-content\/uploads\/sites\/2\/2024\/07\/homev5_lookbook.webp","alt":"","source":"library","size":""},"title":"Shop this look","sub_title":"SPRING SALE 30% OFF","lookbook_products":[{"_id":"8221ad1","product_id":546,"pin_position_x":{"unit":"%","size":20,"sizes":[]},"pin_position_y":{"unit":"%","size":6,"sizes":[]}},{"_id":"39efccb","product_id":871}],"title_typography_font_size":{"unit":"px","size":77,"sizes":[]},"sub_title_spacing":{"unit":"px","size":7,"sizes":[]},"lookbook_type":"list"},"elements":[],"isInner":false,"widgetType":"ecomus-lookbook-products","elType":"widget"}],"isInner":true,"elType":"container"}],"isInner":false,"elType":"container"}],"page_settings":[],"version":"0.4","title":"Image Hotspot","type":"page"}