{"content":[{"id":"23811efe","settings":{"border_width":{"unit":"px","top":"0","right":"0","bottom":"1","left":"0","isLinked":false},"border_color":"#EBEBEB"},"elements":[{"id":"4b09adb6","settings":{"content_width":"full","title":"Posts Carousel","title_size":"h5","align":"center","_margin":{"unit":"px","top":"0","right":"0","bottom":"30","left":"0","isLinked":false}},"elements":[],"isInner":false,"widgetType":"ecomus-heading","elType":"widget"},{"id":"37a73593","settings":{"content_width":"full","navigation_classes_tablet":"arrows","navigation_classes_mobile":"dots","dots_spacing_mobile":{"unit":"px","size":15,"sizes":[]},"slides_to_show_tablet":2,"slides_to_show_mobile":1,"slides_to_scroll_tablet":2,"slides_to_scroll_mobile":1},"elements":[],"isInner":false,"widgetType":"ecomus-posts-carousel","elType":"widget"}],"isInner":false,"elType":"container"}],"page_settings":[],"version":"0.4","title":"Posts Carousel","type":"page"}