{"content":[{"id":"1a968c82","settings":{"border_border":"solid","border_width":{"unit":"px","top":"0","right":"0","bottom":"1","left":"0","isLinked":false},"border_color":"#EBEBEB","margin":{"unit":"px","top":"0","right":"0","bottom":"60","left":"0","isLinked":false},"padding":{"unit":"px","top":"0","right":"0","bottom":"60","left":"0","isLinked":false}},"elements":[{"id":"1ca83b5e","settings":{"content_width":"full","title":"Product Categories Carousel","title_size":"h5","align":"center","_margin":{"unit":"px","top":"0","right":"0","bottom":"30","left":"0","isLinked":false}},"elements":[],"isInner":false,"widgetType":"ecomus-heading","elType":"widget"},{"id":"51c0eb21","settings":{"content_width":"full","Heading":"This is the heading","items":[{"image":{"url":"https:\/\/wpecomus.com\/fashion\/wp-content\/uploads\/sites\/2\/2024\/07\/homev5_cat1.webp","id":3930,"size":"","alt":"","source":"library"},"_id":"76a282c","product_cat":"blazers"},{"image":{"id":3931,"url":"https:\/\/wpecomus.com\/fashion\/wp-content\/uploads\/sites\/2\/2024\/07\/homev5_cat2.webp","alt":"","source":"library","size":""},"_id":"7ef89f5","product_cat":"sweaters"},{"image":{"id":3932,"url":"https:\/\/wpecomus.com\/fashion\/wp-content\/uploads\/sites\/2\/2024\/07\/homev5_cat3.webp","alt":"","source":"library","size":""},"_id":"83c0d71","product_cat":"sneakers"},{"image":{"id":3933,"url":"https:\/\/wpecomus.com\/fashion\/wp-content\/uploads\/sites\/2\/2024\/07\/homev5_cat4.webp","alt":"","source":"library","size":""},"_id":"aa5d62a","product_cat":"sunglasses"},{"image":{"id":3934,"url":"https:\/\/wpecomus.com\/fashion\/wp-content\/uploads\/sites\/2\/2024\/07\/homev5_cat5.webp","alt":"","source":"library","size":""},"_id":"6a52808","product_cat":"accessories"},{"image":{"id":3935,"url":"https:\/\/wpecomus.com\/fashion\/wp-content\/uploads\/sites\/2\/2024\/07\/homev5_cat6.webp","alt":"","source":"library","size":""},"product_cat":"men","_id":"260c36f"},{"image":{"id":3936,"url":"https:\/\/wpecomus.com\/fashion\/wp-content\/uploads\/sites\/2\/2024\/07\/homev5_cat7.webp","alt":"","source":"library","size":""},"product_cat":"shoes","_id":"d8b6a3c"}],"heading":"Featured Collections","slides_to_show_tablet":2,"slides_to_show_mobile":2,"space_between_tablet":{"unit":"px","size":15,"sizes":[]},"aspect_ratio_type":"vertical","aspect_ratio":"11:13","button_text":"","slides_to_scroll_tablet":2,"navigation_classes_tablet":"none","navigation_classes_mobile":"none","button_border_radius":{"unit":"%","top":"50","right":"50","bottom":"50","left":"50","isLinked":true},"show_heading":"","button_padding":{"unit":"px","top":"0","right":"0","bottom":"0","left":"0","isLinked":true},"arrows_vertical_spacing":{"unit":"%","size":45,"sizes":[]},"arrows_vertical_spacing_tablet":{"unit":"%","size":"","sizes":[]},"arrows_vertical_spacing_mobile":{"unit":"%","size":"","sizes":[]},"show_button_icon":"alway","button_min_width":{"unit":"px","size":45,"sizes":[]},"button_min_height":{"unit":"px","size":45,"sizes":[]},"button_icon_indent":{"unit":"px","size":0,"sizes":[]},"button_icon_size":{"unit":"px","size":10,"sizes":[]}},"elements":[],"isInner":false,"widgetType":"ecomus-categories-carousel","elType":"widget"}],"isInner":false,"elType":"container"},{"id":"3501ffb5","settings":{"border_width":{"unit":"px","top":"0","right":"0","bottom":"1","left":"0","isLinked":false},"border_color":"#EBEBEB"},"elements":[{"id":"183d7dca","settings":{"content_width":"full","title":"Product Categories Grid","title_size":"h5","align":"center","_margin":{"unit":"px","top":"0","right":"0","bottom":"30","left":"0","isLinked":false}},"elements":[],"isInner":false,"widgetType":"ecomus-heading","elType":"widget"},{"id":"115068d9","settings":{"content_width":"full"},"elements":[],"isInner":false,"widgetType":"ecomus-categories-grid","elType":"widget"}],"isInner":false,"elType":"container"}],"page_settings":[],"version":"0.4","title":"Product Categories","type":"page"}