{"content":[{"id":"7c7201b5","settings":{"flex_direction":"row","flex_gap":{"unit":"px","size":0,"column":"0","row":"0","isLinked":true},"flex_gap_tablet":{"column":"0","row":"40","isLinked":false,"unit":"px","size":0},"flex_gap_mobile":{"column":"10","row":"10","isLinked":true,"unit":"px","size":10},"flex_wrap_tablet":"wrap","border_border":"solid","border_width":{"unit":"px","top":"1","right":"0","bottom":"1","left":"0","isLinked":false},"border_color":"#EBEBEB"},"elements":[{"id":"36bcb812","settings":{"flex_direction":"column","content_width":"full","width":{"unit":"%","size":40},"flex_gap":{"column":"15","row":"15","isLinked":true,"unit":"px","size":15},"width_tablet":{"unit":"%","size":50,"sizes":[]},"width_mobile":{"unit":"%","size":"","sizes":[]},"border_border":"solid","border_width":{"unit":"px","top":"0","right":"1","bottom":"0","left":"0","isLinked":false},"border_width_tablet":{"unit":"px","top":"0","right":"0","bottom":"0","left":"0","isLinked":true},"border_color":"#EBEBEB","padding":{"unit":"px","top":"35","right":"100","bottom":"75","left":"0","isLinked":false},"padding_tablet":{"unit":"px","top":"35","right":"10","bottom":"0","left":"0","isLinked":false},"padding_mobile":{"unit":"px","top":"35","right":"0","bottom":"0","left":"0","isLinked":false}},"elements":[{"id":"6ad53084","settings":{"content_width":"full","title":"Sign Up for Email","description":"Sign up to get first dibs on new arrivals, sales, exclusive content, events and more!","show_currency":"yes","show_language":"yes","toggle_menu":"yes"},"elements":[],"isInner":false,"widgetType":"ecomus-subscribe-group","elType":"widget"}],"isInner":true,"elType":"container"},{"id":"4c49aa85","settings":{"flex_direction":"column","content_width":"full","width":{"unit":"%","size":"25"},"width_tablet":{"unit":"%","size":50,"sizes":[]},"width_mobile":{"unit":"%","size":"","sizes":[]},"padding":{"unit":"px","top":"35","right":"0","bottom":"30","left":"90","isLinked":false},"padding_tablet":{"unit":"px","top":"35","right":"0","bottom":"0","left":"10","isLinked":false},"padding_mobile":{"unit":"px","top":"0","right":"0","bottom":"0","left":"0","isLinked":false}},"elements":[{"id":"5120d219","settings":{"content_width":"full","title":"Help","list_menu":"help-menu","menu_items":[{"title_menu":"Menu item 1","_id":"63aba03"},{"title_menu":"Menu item 2","_id":"62f5747"},{"title_menu":"Menu item 3","_id":"1ddd383"}],"toggle_menu":"yes","typography_font_size":{"unit":"px","size":97,"sizes":[]},"spacing":{"unit":"px","size":16,"sizes":[]}},"elements":[],"isInner":false,"widgetType":"ecomus-navigation-menu","elType":"widget"}],"isInner":true,"elType":"container"},{"id":"4e06653c","settings":{"flex_direction":"column","content_width":"full","width":{"unit":"%","size":17},"width_tablet":{"unit":"%","size":50,"sizes":[]},"width_mobile":{"unit":"%","size":"","sizes":[]},"padding":{"unit":"px","top":"35","right":"0","bottom":"30","left":"0","isLinked":false},"padding_tablet":{"unit":"px","top":"0","right":"10","bottom":"0","left":"0","isLinked":false},"padding_mobile":{"unit":"px","top":"0","right":"0","bottom":"0","left":"0","isLinked":false}},"elements":[{"id":"6de08533","settings":{"content_width":"full","title":"About us","list_menu":"useful-links-menu","menu_items":[{"title_menu":"Menu item 1","_id":"80ec45f"},{"title_menu":"Menu item 2","_id":"6828720"},{"title_menu":"Menu item 3","_id":"b04ef6b"},{"title_menu":"Menu item 3","_id":"ae5149c"},{"title_menu":"Menu item 3","_id":"aeb05c8"},{"title_menu":"Menu item 3","_id":"448a1e9"},{"title_menu":"Menu item 3","_id":"0e8f25a"}],"toggle_menu":"yes","spacing":{"unit":"px","size":16,"sizes":[]}},"elements":[],"isInner":false,"widgetType":"ecomus-navigation-menu","elType":"widget"}],"isInner":true,"elType":"container"},{"id":"526f152e","settings":{"flex_direction":"column","content_width":"full","width":{"unit":"%","size":18},"width_tablet":{"unit":"%","size":50,"sizes":[]},"width_mobile":{"unit":"%","size":"","sizes":[]},"flex_gap":{"column":"7","row":"7","isLinked":true,"unit":"px","size":7},"flex_gap_tablet":{"column":"","row":"","isLinked":true,"unit":"px","size":null},"padding":{"unit":"px","top":"35","right":"0","bottom":"30","left":"0","isLinked":false},"padding_tablet":{"unit":"px","top":"0","right":"0","bottom":"0","left":"10","isLinked":false},"padding_mobile":{"unit":"px","top":"0","right":"0","bottom":"35","left":"0","isLinked":false}},"elements":[{"id":"7e4a6e77","settings":{"content_width":"full","title":"Find us","title_size":"h6","typography_typography":"custom","typography_font_size":{"unit":"px","size":18,"sizes":[]},"typography_font_weight":"500","_margin":{"unit":"px","top":"3","right":"0","bottom":"14","left":"0","isLinked":false}},"elements":[],"isInner":false,"widgetType":"ecomus-heading","elType":"widget"},{"id":"74f2d454","settings":{"content_width":"full","title":"Find a location nearest you.","title_size":"span"},"elements":[],"isInner":false,"widgetType":"ecomus-heading","elType":"widget"},{"id":"53bf8f87","settings":{"content_width":"full","button_text":"See Our Stores","button_style":"subtle","button_typography_typography":"custom","button_typography_font_weight":"400","button_typography_line_height":{"unit":"em","size":"","sizes":[]},"button_text_color":"#545454","hover_color":"#DB1215","button_link":{"url":"https:\/\/wpecomus.com\/fashion\/our-store-2\/","is_external":"","nofollow":"","custom_attributes":""}},"elements":[],"isInner":false,"widgetType":"ecomus-button","elType":"widget"},{"id":"6dc4958c","settings":{"content_width":"full","title":"(08) 8942 1299","title_size":"span"},"elements":[],"isInner":false,"widgetType":"ecomus-heading","elType":"widget"},{"id":"c1a40ef","settings":{"content_width":"full","title":"hello@domain.com","title_size":"span"},"elements":[],"isInner":false,"widgetType":"ecomus-heading","elType":"widget"},{"id":"68fc8d0a","settings":{"content_width":"full","social_icon_list":[{"social_icon":{"value":"fab fa-facebook-f","library":"fa-brands"},"_id":"af4e675","social_color_hover":"#555555","link":{"url":"https:\/\/www.facebook.com\/wordpress\/","is_external":"true","nofollow":"","custom_attributes":""}},{"social_icon":{"value":"fab fa-x-twitter","library":"fa-brands"},"_id":"6b7866c","social_color_hover":"#3B5998","link":{"url":"https:\/\/x.com\/wordpress","is_external":"true","nofollow":"","custom_attributes":""}},{"social_icon":{"value":"fab fa-instagram","library":"fa-brands"},"_id":"8d069ce","social_color_hover":"#E03566","link":{"url":"https:\/\/www.instagram.com\/wordpress","is_external":"true","nofollow":"","custom_attributes":""}},{"_id":"1477bce","social_icon":{"value":"fab fa-tiktok","library":"fa-brands"},"link":{"url":"https:\/\/tiktok.com\/@wordpress","is_external":"true","nofollow":"","custom_attributes":""}},{"social_icon":{"value":"fab fa-pinterest","library":"fa-brands"},"link":{"url":"https:\/\/www.pinterest.com\/wordpress\/","is_external":"true","nofollow":"","custom_attributes":""},"_id":"7de919e"}],"icon_spacing":{"unit":"px","size":19,"sizes":[]},"style":"none","icon_size":{"unit":"px","size":16,"sizes":[]},"_margin":{"unit":"px","top":"10","right":"0","bottom":"0","left":"0","isLinked":false}},"elements":[],"isInner":false,"widgetType":"ecomus-social-icons","elType":"widget"}],"isInner":true,"elType":"container"}],"isInner":false,"elType":"container"},{"id":"fd8a511","settings":{"flex_direction":"row","flex_gap":{"unit":"px","size":0,"column":"0","row":"0","isLinked":true},"flex_justify_content":"center","flex_align_items":"center","flex_gap_mobile":{"column":"18","row":"18","isLinked":true,"unit":"px","size":18},"padding":{"unit":"px","top":"23","right":"0","bottom":"23","left":"0","isLinked":false}},"elements":[{"id":"7fe51b85","settings":{"flex_direction":"column","content_width":"full","width":{"unit":"%","size":"50"},"flex_gap":{"column":"","row":"","isLinked":true,"unit":"px","size":null}},"elements":[{"id":"6f024d52","settings":{"content_width":"full","editor":"<p>\u00a9 [ecomus_year] Ecomus. All Rights Reserved<\/p>","align_mobile":"center"},"elements":[],"isInner":false,"widgetType":"text-editor","elType":"widget"}],"isInner":true,"elType":"container"},{"id":"3fddbcdc","settings":{"flex_direction":"column","content_width":"full","width":{"unit":"%","size":"50"},"flex_gap":{"column":"","row":"","isLinked":true,"unit":"px","size":null}},"elements":[{"id":"161b602e","settings":{"content_width":"full","image":{"id":3897,"url":"https:\/\/wpecomus.com\/fashion\/wp-content\/uploads\/sites\/2\/2024\/07\/payments.png","alt":"","source":"library","size":""},"image_size":"full","align":"right","align_mobile":"center","image_border_radius":{"unit":"px","top":"0","right":"0","bottom":"0","left":"0","isLinked":true}},"elements":[],"isInner":false,"widgetType":"image","elType":"widget"}],"isInner":true,"elType":"container"}],"isInner":false,"elType":"container"}],"page_settings":{"footer_display_on":"custom_page","footer_custom_page_ids":"2598","footer_include_page_ids":"2598","include_page_ids":"2598"},"version":"0.4","title":"Footer v2","type":"page"}