{"version":"0.4","title":"Home Electronic &#8211; Mobile","type":"page","content":[{"id":"1fc59834","settings":{"gap":"no","layout":"full_width"},"elements":[{"id":"1c73f283","settings":{"_column_size":100,"_inline_size":null,"_inline_size_tablet":100},"elements":[{"id":"2fa6b7d3","settings":{"slides":[{"subtitle":"SAMSUNG","heading":"SMART TV 43 INCH<br>\n43M5500, 4K VFULL HD<br>\nTIZEN OS ","description":"<p>Only 2 days:<br \/><span style=\"color: #669900; font-size: 18px; font-weight: 600;\">21\/10 &amp; 22\/10 <\/span><\/p>","button_text":"Shop Now","background_color":"#f4f5f5","_id":"38b4454","background_image":{"id":2526,"url":"http:\/\/demo2.drfuri.com\/martfury13\/wp-content\/uploads\/sites\/54\/revslider\/home_electric\/s1-1.jpg"},"background_size":"auto","background_ken_burns":"","zoom_direction":"out","background_overlay":"","background_overlay_color":"rgba(0,0,0,0.5)","background_overlay_blend_mode":"","link":{"url":"#","is_external":"","nofollow":""},"link_click":"button","price_box_type":"text","price_box_text":"","price_box_image":{"url":"","id":""},"price_box_image_size":"full","price_box_image_custom_dimension":{"width":"","height":""},"custom_style":"","horizontal_position":"","vertical_position":"","text_align":"","subtitle_custom_color":"","heading_custom_color":"","content_custom_color":"","button_custom_color":"","button_custom_bg_color":"","price_box_custom_color":"","price_box_custom_bg_color":"","background_image_tablet":{"url":"","id":""},"background_image_mobile":{"url":"","id":""}},{"subtitle":"","heading":"HAPPY SUMMER<br>\nCOMBO SUPER COOL<br>\nUP TO <strong style=\"font-size: 24px; color: rgb(237, 72, 29)\">40% OFF <\/strong>","description":"<p><span style=\"color: #666666; font-weight: 600;\">Promotion will ends on<\/span><br \/><span style=\"color: #000000; font-weight: 600;\">30th July, 2017. <\/span>HURRY UP!<\/p>","button_text":"Shop Now","background_color":"#f4f5f5","_id":"a70508f","background_image":{"id":2938,"url":"http:\/\/demo2.drfuri.com\/martfury13\/wp-content\/uploads\/sites\/54\/2019\/07\/bn132.jpg"},"background_size":"auto","background_ken_burns":"","zoom_direction":"in","background_overlay":"","background_overlay_color":"rgba(0,0,0,0.5)","background_overlay_blend_mode":"","link":{"url":"#","is_external":"","nofollow":""},"link_click":"button","price_box_type":"text","price_box_text":"","price_box_image":{"url":"","id":""},"price_box_image_size":"full","price_box_image_custom_dimension":{"width":"","height":""},"custom_style":"yes","horizontal_position":"","vertical_position":"","text_align":"","subtitle_custom_color":"","heading_custom_color":"","content_custom_color":"","button_custom_color":"","button_custom_bg_color":"","price_box_custom_color":"","price_box_custom_bg_color":"","background_image_tablet":{"url":"","id":""},"background_image_mobile":{"url":"","id":""}},{"subtitle":"","heading":"EXPERIENCE GREAT<br>\nSOUND WITH<br>\nMARSHALL SPEAKER ","description":"<p><span style=\"color: #67981a; font-weight: 600; font-size: 24px;\"><strong>$205.00<\/strong><\/span> <del>$225.00 <\/del><\/p>","button_text":"Shop Now","background_color":"#f4f5f5","_id":"5320779","background_image":{"id":2939,"url":"http:\/\/demo2.drfuri.com\/martfury13\/wp-content\/uploads\/sites\/54\/2019\/07\/bn33.jpg"},"background_size":"cover","background_ken_burns":"","zoom_direction":"in","background_overlay":"","background_overlay_color":"rgba(0,0,0,0.5)","background_overlay_blend_mode":"","link":{"url":"#","is_external":"","nofollow":""},"link_click":"button","price_box_type":"text","price_box_text":"","price_box_image":{"url":"","id":""},"price_box_image_size":"full","price_box_image_custom_dimension":{"width":"","height":""},"custom_style":"","horizontal_position":"","vertical_position":"","text_align":"","subtitle_custom_color":"","heading_custom_color":"","content_custom_color":"","button_custom_color":"","button_custom_bg_color":"","price_box_custom_color":"","price_box_custom_bg_color":"","background_image_tablet":{"url":"","id":""},"background_image_mobile":{"url":"","id":""}}],"slides_height":{"unit":"px","size":331,"sizes":[]},"content_animation":"fadeIn","transition":"fade","content_max_width":{"unit":"px","size":575,"sizes":[]},"slides_padding":{"unit":"%","top":"","right":"","bottom":"","left":"","isLinked":true},"arrows_spacing":{"unit":"px","size":0,"sizes":[]},"navigation_tablet":"dots","navigation_mobile":"dots","autoplay_speed":8000,"transition_speed":800,"content_max_width_tablet":{"unit":"%","size":100,"sizes":[]},"slides_padding_tablet":{"unit":"px","top":"0","right":"0","bottom":"0","left":"30","isLinked":false},"heading_typography_typography":"custom","heading_typography_font_size_tablet":{"unit":"px","size":30,"sizes":[]},"dots_background_color":"#cccccc","dots_hover_background_color":"#cccccc","dots_active_background_color":"#000000","slides_padding_mobile":{"unit":"px","top":"15","right":"15","bottom":"15","left":"15","isLinked":true},"heading_typography_font_size_mobile":{"unit":"px","size":20,"sizes":[]},"autoplay":"","subtitle_color":"#0066cc","subtitle_typography_typography":"custom","subtitle_typography_font_size":{"unit":"px","size":14,"sizes":[]},"heading_typography_font_size":{"unit":"px","size":26,"sizes":[]},"heading_typography_font_weight":"400","description_typography_typography":"custom","description_typography_font_weight":"400","button_text_color":"#ffffff","button_background_color":"#dd2400","arrows_color":"#ffffff","arrows_background_color":"rgba(0,0,0,0.3)","arrows_hover_color":"#ffffff","arrows_hover_background_color":"#000000","navigation":"dots"},"elements":[],"isInner":false,"widgetType":"martfury-slides","elType":"widget"},{"id":"a0fe56","settings":{"space":{"unit":"px","size":5,"sizes":[]},"space_mobile":{"unit":"px","size":5,"sizes":[]}},"elements":[],"isInner":false,"widgetType":"spacer","elType":"widget"}],"isInner":false,"elType":"column"}],"isInner":false,"elType":"section"},{"id":"c2508c5","settings":{"gap":"no","structure":"22","layout":"full_width"},"elements":[{"id":"59f77979","settings":{"_column_size":66,"_inline_size":50,"_inline_size_tablet":100,"_inline_size_mobile":50,"padding":{"unit":"px","top":"0","right":"2.5","bottom":"0","left":"0","isLinked":false}},"elements":[{"id":"7b3b1a2c","settings":{"layout":"3","image":{"url":"http:\/\/demo2.drfuri.com\/martfury13\/wp-content\/uploads\/sites\/54\/2018\/03\/bn12.jpg","id":2612},"title":"Minimal<br>Speaker","desc":"<p>Price Just<br \/><span style=\"color: #669900; font-size: 18px; font-weight: 600;\">$159.99<\/span><\/p>","button_text":"","link":{"url":"http:\/\/demo2.drfuri.com\/martfury13\/shop\/edifier-r1280t-powered-bookshelf-speakers\/","is_external":true,"nofollow":true},"highlight_title":"Fluence ","button_link":{"url":"#","is_external":true,"nofollow":true},"background_color":"#f8f8f8","height":{"unit":"px","size":150,"sizes":[]},"banner_padding":{"unit":"px","top":"25","right":"25","bottom":"25","left":"25","isLinked":true},"banner_padding_mobile":{"unit":"px","top":"15","right":"20","bottom":"15","left":"15","isLinked":false},"banner_bg_position_tablet":"right center","banner_bg_size_tablet":"auto","heading_spacing":{"unit":"px","size":20,"sizes":[]},"heading_typography_typography":"custom","heading_typography_font_size":{"unit":"px","size":24,"sizes":[]},"heading_typography_line_height":{"unit":"em","size":1.1,"sizes":[]},"description_typography_typography":"custom","description_typography_font_size":{"unit":"px","size":12,"sizes":[]},"description_typography_font_weight":"500","description_typography_line_height":{"unit":"em","size":1.4,"sizes":[]},"heading_typography_font_size_mobile":{"unit":"px","size":18,"sizes":[]},"height_mobile":{"unit":"px","size":126,"sizes":[]},"banner_bg_position_mobile":"center top","banner_bg_size_mobile":"auto"},"elements":[],"isInner":false,"widgetType":"martfury-banner-medium","elType":"widget"}],"isInner":false,"elType":"column"},{"id":"2e5e9752","settings":{"_column_size":33,"_inline_size":49.332,"_inline_size_tablet":100,"_inline_size_mobile":50,"padding":{"unit":"px","top":"0","right":"0","bottom":"0","left":"2.5","isLinked":false}},"elements":[{"id":"4d8307c1","settings":{"layout":"4","image":{"url":"http:\/\/demo2.drfuri.com\/martfury13\/wp-content\/uploads\/sites\/54\/2018\/03\/bn13.jpg","id":2615},"subtitle":"GOPRO","title":"GOPRO CAMERA\nSALE <span style=\"color: #dd2400; font-weight: 600;\">20% OFF<\/span>","desc":"<p>Only 2 days:<\/p><p><span style=\"font-weight: 500;\">21\/10 &amp; 2\/10<\/span><\/p>","subdesc":"Only 2 days: <strong>21\/10 &amp; 2\/10<\/strong>","button_text":"","link":{"url":"http:\/\/demo2.drfuri.com\/martfury13\/shop\/nikon-coolpix-24-megapixel-camera\/","is_external":true,"nofollow":true},"highlight_title":"","highlight_title_position":"above","button_link":{"url":"#","is_external":true,"nofollow":true},"background_color":"#ebebea","height":{"unit":"px","size":150,"sizes":[]},"banner_padding":{"unit":"px","top":"25","right":"25","bottom":"25","left":"25","isLinked":true},"banner_padding_mobile":{"unit":"px","top":"15","right":"15","bottom":"15","left":"15","isLinked":true},"banner_bg_position_tablet":"right center","banner_bg_size_tablet":"auto","highlight_title_spacing":{"unit":"px","size":5,"sizes":[]},"highlight_title_color":"#0066cc","highlight_title_typography_typography":"custom","highlight_title_typography_font_size":{"unit":"px","size":12,"sizes":[]},"heading_spacing":{"unit":"px","size":20,"sizes":[]},"heading_color":"#000000","heading_typography_typography":"custom","heading_typography_font_size":{"unit":"px","size":22,"sizes":[]},"heading_typography_font_size_mobile":{"unit":"px","size":14,"sizes":[]},"heading_typography_font_weight":"500","description_typography_typography":"custom","description_typography_font_size":{"unit":"px","size":12,"sizes":[]},"height_mobile":{"unit":"px","size":126,"sizes":[]},"banner_bg_position_mobile":"center center","banner_bg_size_mobile":"auto"},"elements":[],"isInner":false,"widgetType":"martfury-banner-medium","elType":"widget"},{"id":"277b747d","settings":{"space":{"unit":"px","size":30,"sizes":[]}},"elements":[],"isInner":false,"widgetType":"spacer","elType":"widget"}],"isInner":false,"elType":"column"}],"isInner":false,"elType":"section"},{"id":"25a769fd","settings":{"gap":"extended"},"elements":[{"id":"5acbae1","settings":{"_column_size":100},"elements":[{"id":"5ccb7533","settings":{"space":{"unit":"px","size":10,"sizes":[]}},"elements":[],"isInner":false,"widgetType":"spacer","elType":"widget"},{"id":"4e7f9d14","settings":{"title":"Top Categories Of The Month","title_color":"#000000","typography_typography":"custom","typography_font_size":{"unit":"px","size":24,"sizes":[]},"typography_font_weight":"600","typography_line_height":{"unit":"em","size":1,"sizes":[]},"_margin":{"unit":"px","top":"0","right":"0","bottom":"20","left":"0","isLinked":false},"typography_font_size_mobile":{"unit":"px","size":20,"sizes":[]}},"elements":[],"isInner":false,"widgetType":"heading","elType":"widget"}],"isInner":false,"elType":"column"}],"isInner":false,"elType":"section"},{"id":"72996ac8","settings":{"gap":"extended","structure":"30","padding_mobile":{"unit":"px","top":"0","right":"12.5","bottom":"0","left":"12.5","isLinked":false}},"elements":[{"id":"711c35eb","settings":{"_column_size":33,"_inline_size":null,"_inline_size_mobile":33.33,"padding_mobile":{"unit":"px","top":"0","right":"2.5","bottom":"0","left":"2.5","isLinked":false}},"elements":[{"id":"694566c8","settings":{"image":{"url":"http:\/\/demo2.drfuri.com\/martfury13\/wp-content\/uploads\/sites\/54\/2013\/06\/18a.jpg","id":238},"title":"Tv Televisions","subtitles":[],"image_size":"custom","image_custom_dimension":{"width":"170","height":"170"},"image_position_tablet":"top","show_subtitles_mobile":"none","hover_border_color":"#cc0000","text_align":"center","text_align_tablet":"center","heading_title_spacing_mobile":{"unit":"px","size":0,"sizes":[]},"title_border_color":"#dd2400","title_typography_typography":"custom","title_typography_font_size_mobile":{"unit":"px","size":14,"sizes":[]},"image_position":"top","show_subtitles":"none","heading_title_spacing":{"unit":"px","size":0,"sizes":[]}},"elements":[],"isInner":false,"widgetType":"martfury-image-box","elType":"widget"},{"id":"7999e33a","settings":{"space":{"unit":"px","size":30,"sizes":[]},"space_mobile":{"unit":"px","size":5,"sizes":[]}},"elements":[],"isInner":false,"widgetType":"spacer","elType":"widget"},{"id":"663cbdce","settings":{"image":{"url":"http:\/\/demo2.drfuri.com\/martfury13\/wp-content\/uploads\/sites\/54\/2013\/06\/21a.jpg","id":250},"title":"Audios & Theaters","subtitles":[],"image_size":"custom","image_custom_dimension":{"width":"170","height":"170"},"image_position_tablet":"top","show_subtitles_mobile":"none","hover_border_color":"#cc0000","text_align_tablet":"center","heading_title_spacing_mobile":{"unit":"px","size":0,"sizes":[]},"title_border_color":"#dd2400","title_typography_typography":"custom","title_typography_font_size_mobile":{"unit":"px","size":14,"sizes":[]},"image_position":"top","show_subtitles":"none","text_align":"center","heading_title_spacing":{"unit":"px","size":0,"sizes":[]}},"elements":[],"isInner":false,"widgetType":"martfury-image-box","elType":"widget"},{"id":"450f097b","settings":{"space":{"unit":"px","size":30,"sizes":[]}},"elements":[],"isInner":false,"widgetType":"spacer","elType":"widget"}],"isInner":false,"elType":"column"},{"id":"4414b30e","settings":{"_column_size":33,"_inline_size":null,"_inline_size_mobile":33.33,"padding_mobile":{"unit":"px","top":"0","right":"2.5","bottom":"0","left":"2.5","isLinked":false}},"elements":[{"id":"c9c6aeb","settings":{"image":{"url":"http:\/\/demo2.drfuri.com\/martfury13\/wp-content\/uploads\/sites\/54\/2017\/12\/2.jpg","id":541},"title":"Air Conditioners","subtitles":[],"image_size":"custom","image_custom_dimension":{"width":"170","height":"170"},"image_position_tablet":"top","show_subtitles_mobile":"none","hover_border_color":"#cc0000","text_align_tablet":"center","content_padding_mobile":{"unit":"px","top":"18","right":"5","bottom":"15","left":"5","isLinked":false},"heading_title_spacing_mobile":{"unit":"px","size":0,"sizes":[]},"title_border_color":"#dd2400","title_typography_typography":"custom","title_typography_font_size_mobile":{"unit":"px","size":14,"sizes":[]},"image_position":"top","show_subtitles":"none","text_align":"center","heading_title_spacing":{"unit":"px","size":0,"sizes":[]}},"elements":[],"isInner":false,"widgetType":"martfury-image-box","elType":"widget"},{"id":"7ef4bb02","settings":{"space":{"unit":"px","size":30,"sizes":[]},"space_mobile":{"unit":"px","size":5,"sizes":[]}},"elements":[],"isInner":false,"widgetType":"spacer","elType":"widget"},{"id":"11d78957","settings":{"image":{"url":"http:\/\/demo2.drfuri.com\/martfury13\/wp-content\/uploads\/sites\/54\/2018\/01\/c13.jpg","id":2559},"title":"Office Electronics","subtitles":[],"image_size":"custom","image_custom_dimension":{"width":"170","height":"170"},"image_position_tablet":"top","show_subtitles_mobile":"none","hover_border_color":"#cc0000","text_align_tablet":"center","heading_title_spacing_mobile":{"unit":"px","size":0,"sizes":[]},"title_border_color":"#dd2400","title_typography_typography":"custom","title_typography_font_size_mobile":{"unit":"px","size":14,"sizes":[]},"image_position":"top","show_subtitles":"none","text_align":"center","heading_title_spacing":{"unit":"px","size":0,"sizes":[]}},"elements":[],"isInner":false,"widgetType":"martfury-image-box","elType":"widget"},{"id":"30a84b5c","settings":{"space":{"unit":"px","size":30,"sizes":[]}},"elements":[],"isInner":false,"widgetType":"spacer","elType":"widget"}],"isInner":false,"elType":"column"},{"id":"25531ab4","settings":{"_column_size":33,"_inline_size":null,"_inline_size_mobile":33.33,"padding_mobile":{"unit":"px","top":"0","right":"2.5","bottom":"0","left":"2.5","isLinked":false}},"elements":[{"id":"accacce","settings":{"image":{"url":"http:\/\/demo2.drfuri.com\/martfury13\/wp-content\/uploads\/sites\/54\/2013\/06\/3a-1.jpg","id":2505},"title":"Washing Machine","subtitles":[],"image_size":"custom","image_custom_dimension":{"width":"170","height":"170"},"image_position_tablet":"top","show_subtitles_mobile":"none","min_height_tablet":{"unit":"px","size":318,"sizes":[]},"min_height_mobile":{"unit":"px","size":105,"sizes":[]},"hover_border_color":"#cc0000","text_align_tablet":"center","heading_title_spacing_mobile":{"unit":"px","size":0,"sizes":[]},"title_border_color":"#dd2400","title_typography_typography":"custom","title_typography_font_size_mobile":{"unit":"px","size":14,"sizes":[]},"image_position":"top","show_subtitles":"none","text_align":"center","heading_title_spacing":{"unit":"px","size":0,"sizes":[]}},"elements":[],"isInner":false,"widgetType":"martfury-image-box","elType":"widget"},{"id":"57bf049f","settings":{"space":{"unit":"px","size":30,"sizes":[]},"space_mobile":{"unit":"px","size":5,"sizes":[]}},"elements":[],"isInner":false,"widgetType":"spacer","elType":"widget"},{"id":"41bd6968","settings":{"image":{"url":"http:\/\/demo2.drfuri.com\/martfury13\/wp-content\/uploads\/sites\/54\/2018\/01\/c10.jpg","id":2558},"title":"Car Electronics","subtitles":[],"image_size":"custom","image_custom_dimension":{"width":"170","height":"170"},"image_position_tablet":"top","show_subtitles_mobile":"none","hover_border_color":"#cc0000","text_align_tablet":"center","heading_title_spacing_mobile":{"unit":"px","size":0,"sizes":[]},"title_border_color":"#dd2400","title_typography_typography":"custom","title_typography_font_size_mobile":{"unit":"px","size":14,"sizes":[]},"image_position":"top","show_subtitles":"none","text_align":"center","heading_title_spacing":{"unit":"px","size":0,"sizes":[]}},"elements":[],"isInner":false,"widgetType":"martfury-image-box","elType":"widget"},{"id":"7a31b119","settings":{"space":{"unit":"px","size":30,"sizes":[]}},"elements":[],"isInner":false,"widgetType":"spacer","elType":"widget"}],"isInner":false,"elType":"column"}],"isInner":false,"elType":"section"},{"id":"396dab6f","settings":{"gap":"extended"},"elements":[{"id":"5c6615e9","settings":{"_column_size":100},"elements":[{"id":"727f68d3","settings":{"space":{"unit":"px","size":10,"sizes":[]}},"elements":[],"isInner":false,"widgetType":"spacer","elType":"widget"},{"id":"5bb8293b","settings":{"title":"Deals Of The Day","ends_in":"Ends In","view_all_text":"View All","navigation_tablet":"dots","navigation_mobile":"dots","heading_title_typography_typography":"custom","heading_title_typography_font_size_mobile":{"unit":"px","size":22,"sizes":[]},"heading_title_typography_font_weight":"600","show_ends_in_mobile":"none","show_heading_view_all_mobile":"none","progress_bar_active_bg_color":"#dd2400"},"elements":[],"isInner":false,"widgetType":"martfury-product-deals-carousel","elType":"widget"},{"id":"7ea15c65","settings":[],"elements":[],"isInner":false,"widgetType":"spacer","elType":"widget"}],"isInner":false,"elType":"column"}],"isInner":false,"elType":"section"},{"id":"59a04ec7","settings":{"gap":"extended","structure":"20"},"elements":[{"id":"5bda1a66","settings":{"_column_size":50,"_inline_size":null},"elements":[{"id":"783175c0","settings":{"layout":"2","image":{"url":"http:\/\/demo2.drfuri.com\/martfury13\/wp-content\/uploads\/sites\/54\/2018\/03\/bn14.jpg","id":2616},"title":"Washing Machine","desc":"<p>Just <span style=\"color: #669900; font-weight: 600;\">$4.559.99<\/span><\/p>","button_text":"Shop Now","link":{"url":"http:\/\/demo2.drfuri.com\/martfury13\/shop\/lg-white-front-load-steam-washer\/","is_external":true,"nofollow":true},"highlight_title":"Electrolux","highlight_title_position":"above","button_link":{"url":"#","is_external":true,"nofollow":true},"heading_typography_typography":"custom","heading_typography_font_size":{"unit":"px","size":24,"sizes":[]},"heading_typography_font_weight":"300","button_text_color":"#ffffff","button_background_color":"#dd2400"},"elements":[],"isInner":false,"widgetType":"martfury-banner-medium","elType":"widget"},{"id":"4a508a07","settings":{"space":{"unit":"px","size":30,"sizes":[]}},"elements":[],"isInner":false,"widgetType":"spacer","elType":"widget"}],"isInner":false,"elType":"column"},{"id":"7bc4882e","settings":{"_column_size":50,"_inline_size":null},"elements":[{"id":"25064d58","settings":{"layout":"2","image":{"url":"http:\/\/demo2.drfuri.com\/martfury13\/wp-content\/uploads\/sites\/54\/2018\/03\/bn15.jpg","id":2617},"title":"learn to ride in 3 minutes","desc":"<p>Discount <span style=\"color: #ff3300; font-weight: 600;\">25%<\/span> Off<\/p>","button_text":"Shop Now","link":{"url":"http:\/\/demo2.drfuri.com\/martfury13\/shop\/dji-phantom-4-quadcopter-camera-white\/","is_external":true,"nofollow":true},"highlight_title":"Extremely Portable,","highlight_title_position":"above","heading_typography_typography":"custom","heading_typography_font_size":{"unit":"px","size":24,"sizes":[]},"heading_typography_font_size_mobile":{"unit":"px","size":21,"sizes":[]},"button_text_color":"#ffffff","button_background_color":"#dd2400"},"elements":[],"isInner":false,"widgetType":"martfury-banner-medium","elType":"widget"},{"id":"495dac3a","settings":{"space":{"unit":"px","size":30,"sizes":[]}},"elements":[],"isInner":false,"widgetType":"spacer","elType":"widget"}],"isInner":false,"elType":"column"}],"isInner":false,"elType":"section"},{"id":"757c39cc","settings":{"gap":"extended"},"elements":[{"id":"34632339","settings":{"_column_size":100},"elements":[{"id":"f5ab9b9","settings":{"space":{"unit":"px","size":25,"sizes":[]}},"elements":[],"isInner":false,"widgetType":"spacer","elType":"widget"},{"id":"3647b11c","settings":{"title":"Best Seller","link_group":[{"title":"Top 20","link":{"url":"#","is_external":true,"nofollow":true},"_id":"9adaccb"},{"title":"TV Televisions","link":{"url":"#","is_external":true,"nofollow":true},"_id":"f35fa13"},{"title":"Speakers","link":{"url":"#","is_external":true,"nofollow":true},"_id":"41dc90f"},{"title":"Air Conditions","link":{"url":"#","is_external":true,"nofollow":true},"_id":"2c0b66d"},{"title":"Cameras & Videos","link":{"url":"#","is_external":true,"nofollow":true},"_id":"1074fdb"},{"title":"View All","link":{"url":"#","is_external":true,"nofollow":true},"_id":"4289a80"}],"link":{"url":"#","is_external":true,"nofollow":true},"view_all_text":"View All","navigation_tablet":"dots","navigation_mobile":"dots","title_typography_typography":"custom","title_typography_font_size_mobile":{"unit":"px","size":21,"sizes":[]},"show_product_links_mobile":"none","products_dots_active_background":"#dd2400"},"elements":[],"isInner":false,"widgetType":"martfury-products-carousel","elType":"widget"},{"id":"290639a3","settings":{"space":{"unit":"px","size":40,"sizes":[]}},"elements":[],"isInner":false,"widgetType":"spacer","elType":"widget"}],"isInner":false,"elType":"column"}],"isInner":false,"elType":"section"},{"id":"2d5686e9","settings":{"gap":"extended"},"elements":[{"id":"f981a92","settings":{"_column_size":100},"elements":[{"id":"5fcfb1f0","settings":{"title":"Home Electronics","link":{"url":"#","is_external":true,"nofollow":true},"link_group":[{"title":"Smart TV","link":{"url":"http:\/\/demo2.drfuri.com\/martfury13\/product-category\/consumer-electrics\/tv-televisions\/4k-ultra-hd-tvs\/","is_external":true,"nofollow":true},"_id":"9adaccb"},{"title":"LED TVs","link":{"url":"http:\/\/demo2.drfuri.com\/martfury13\/product-category\/consumer-electrics\/tv-televisions\/led-tvs\/","is_external":true,"nofollow":true},"_id":"f35fa13"},{"title":"Air Conditions","link":{"url":"http:\/\/demo2.drfuri.com\/martfury13\/product-category\/consumer-electrics\/air-conditioners\/","is_external":true,"nofollow":true},"_id":"41dc90f"},{"title":"LG Washing Machines","link":{"url":"http:\/\/demo2.drfuri.com\/martfury13\/product-category\/consumer-electrics\/washing-machines\/","is_external":true,"nofollow":true},"_id":"2c0b66d"},{"title":"Sony Speakers","link":{"url":"http:\/\/demo2.drfuri.com\/martfury13\/product-category\/consumer-electrics\/audios-theaters\/speakers\/","is_external":true,"nofollow":true},"_id":"1074fdb"}],"product_cats":["computers-technologies"],"view_all_text":"View All","navigation_tablet":"dots","navigation_mobile":"dots","title_typography_typography":"custom","title_typography_font_size_mobile":{"unit":"px","size":21,"sizes":[]},"show_product_links_mobile":"none","products_dots_active_background":"#dd2400"},"elements":[],"isInner":false,"widgetType":"martfury-products-carousel","elType":"widget"},{"id":"4751de34","settings":{"space":{"unit":"px","size":40,"sizes":[]}},"elements":[],"isInner":false,"widgetType":"spacer","elType":"widget"}],"isInner":false,"elType":"column"}],"isInner":false,"elType":"section"},{"id":"4862f4fd","settings":{"gap":"extended"},"elements":[{"id":"39258c63","settings":{"_column_size":100},"elements":[{"id":"7069e948","settings":{"title":"Cameras & Videos","link":{"url":"#","is_external":true,"nofollow":true},"link_group":[{"title":"Video","link":{"url":"http:\/\/demo2.drfuri.com\/martfury13\/product-category\/consumer-electrics\/car-electronics\/audio-video\/","is_external":true,"nofollow":true},"_id":"9adaccb"},{"title":"Projectors","link":{"url":"http:\/\/demo2.drfuri.com\/martfury13\/product-category\/consumer-electrics\/car-electronics\/radar-detector\/","is_external":true,"nofollow":true},"_id":"f35fa13"},{"title":"Digital Cameras","link":{"url":"http:\/\/demo2.drfuri.com\/martfury13\/product-category\/computers-technologies\/smartphones\/","is_external":true,"nofollow":true},"_id":"41dc90f"},{"title":"Printers & Scanners","link":{"url":"http:\/\/demo2.drfuri.com\/martfury13\/product-category\/consumer-electrics\/washing-machines\/","is_external":true,"nofollow":true},"_id":"2c0b66d"},{"title":"Accessories","link":{"url":"http:\/\/demo2.drfuri.com\/martfury13\/product-category\/consumer-electrics\/refrigerators\/","is_external":true,"nofollow":true},"_id":"1074fdb"}],"product_cats":["car-electronics"],"view_all_text":"View All","navigation_tablet":"dots","navigation_mobile":"dots","title_typography_typography":"custom","title_typography_font_size_mobile":{"unit":"px","size":21,"sizes":[]},"show_product_links_mobile":"none","products_dots_active_background":"#dd2400"},"elements":[],"isInner":false,"widgetType":"martfury-products-carousel","elType":"widget"},{"id":"14082ccb","settings":{"space":{"unit":"px","size":40,"sizes":[]}},"elements":[],"isInner":false,"widgetType":"spacer","elType":"widget"}],"isInner":false,"elType":"column"}],"isInner":false,"elType":"section"},{"id":"6a433f5d","settings":{"stretch_section":"section-stretched","background_background":"classic","background_color":"#f5f5f5","gap":"extended"},"elements":[{"id":"5c2423a","settings":{"_column_size":100},"elements":[{"id":"572cfa76","settings":[],"elements":[],"isInner":false,"widgetType":"spacer","elType":"widget"},{"id":"7db2db4c","settings":{"title":"News","link_group":[{"title":"News","link":{"url":"http:\/\/demo2.drfuri.com\/martfury13\/category\/others\/","is_external":true,"nofollow":true},"_id":"65e4da7"},{"title":"Review Product","link":{"url":"http:\/\/demo2.drfuri.com\/martfury13\/category\/business\/","is_external":true,"nofollow":true},"_id":"0c25e59"},{"title":"Tips & Tricks","link":{"url":"http:\/\/demo2.drfuri.com\/martfury13\/category\/entertaiment\/","is_external":true,"nofollow":true},"_id":"fe34592"},{"title":"Promotions","link":{"url":"http:\/\/demo2.drfuri.com\/martfury13\/category\/life-style\/","is_external":true,"nofollow":true},"_id":"0c75e5f"},{"title":"View All","link":{"url":"http:\/\/demo2.drfuri.com\/martfury13\/blog","is_external":true,"nofollow":true},"_id":"63dab72"}],"links_group":[{"title":"News","link":{"url":"#","is_external":true,"nofollow":true},"_id":"7e70221"},{"title":"Review Product ","link":{"url":"#","is_external":true,"nofollow":true},"_id":"cb9a7bf"},{"title":"Tips & Tricks","link":{"url":"#","is_external":true,"nofollow":true},"_id":"f441481"},{"title":"Promotions","link":{"url":"#","is_external":true,"nofollow":true},"_id":"a2f3b13"}],"view_all_text":"View All","title_typography_typography":"custom","title_typography_font_size_mobile":{"unit":"px","size":21,"sizes":[]},"show_post_links_mobile":"none"},"elements":[],"isInner":false,"widgetType":"martfury-post-grid","elType":"widget"},{"id":"5138557f","settings":{"space":{"unit":"px","size":20,"sizes":[]}},"elements":[],"isInner":false,"widgetType":"spacer","elType":"widget"},{"id":"4ca348a2","settings":{"color":"#d8d8d8","gap":{"unit":"px","size":0,"sizes":[]}},"elements":[],"isInner":false,"widgetType":"divider","elType":"widget"}],"isInner":false,"elType":"column"}],"isInner":false,"elType":"section"}]}