{"version":"0.4","title":"Home Electronic","type":"page","content":[{"id":"9e0c619","settings":[],"elements":[{"id":"6fc1de8a","settings":{"_column_size":100},"elements":[{"id":"590321a5","settings":{"space":{"unit":"px","size":30,"sizes":[]},"space_mobile":{"unit":"px","size":15,"sizes":[]}},"elements":[],"isInner":false,"widgetType":"spacer","elType":"widget"}],"isInner":false,"elType":"column"}],"isInner":false,"elType":"section"},{"id":"36984051","settings":{"gap":"extended","structure":"22"},"elements":[{"id":"39febca7","settings":{"_column_size":66,"_inline_size":null,"_inline_size_tablet":100},"elements":[{"id":"7b321ea1","settings":{"slides":[{"subtitle":"SAMSUNG","heading":"SMART TV 43 INCH<br>\n43M5500, 4K VFULL HD<br>\nTIZEN OS ","description":"<p>Only 2 days:<br \/><span style=\"color: #669900; font-size: 18px; font-weight: 600;\">21\/10 &amp; 22\/10 <\/span><\/p>","button_text":"Shop Now","background_color":"#f4f5f5","_id":"38b4454","background_image":{"id":2526,"url":"http:\/\/demo2.drfuri.com\/martfury13\/wp-content\/uploads\/sites\/54\/revslider\/home_electric\/s1-1.jpg"},"background_size":"auto","background_ken_burns":"","zoom_direction":"out","background_overlay":"","background_overlay_color":"rgba(0,0,0,0.5)","background_overlay_blend_mode":"","link":{"url":"#","is_external":"","nofollow":""},"link_click":"button","price_box_type":"text","price_box_text":"","price_box_image":{"url":"","id":""},"price_box_image_size":"full","price_box_image_custom_dimension":{"width":"","height":""},"custom_style":"","horizontal_position":"","vertical_position":"","text_align":"","subtitle_custom_color":"","heading_custom_color":"","content_custom_color":"","button_custom_color":"","button_custom_bg_color":"","price_box_custom_color":"","price_box_custom_bg_color":"","background_image_tablet":{"url":"","id":""},"background_image_mobile":{"url":"","id":""}},{"subtitle":"","heading":"HAPPY SUMMER<br>\nCOMBO SUPER COOL<br>\nUP TO <strong style=\"font-size: 24px; color: rgb(237, 72, 29)\">40% OFF <\/strong>","description":"<p><span style=\"color: #666666; font-weight: 600;\">Promotion will ends on<\/span><br \/><span style=\"color: #000000; font-weight: 600;\">30th July, 2017. <\/span>HURRY UP!<\/p>","button_text":"Shop Now","background_color":"#f4f5f5","_id":"a70508f","background_image":{"id":2938,"url":"http:\/\/demo2.drfuri.com\/martfury13\/wp-content\/uploads\/sites\/54\/2019\/07\/bn132.jpg"},"background_size":"auto","background_ken_burns":"","zoom_direction":"in","background_overlay":"","background_overlay_color":"rgba(0,0,0,0.5)","background_overlay_blend_mode":"","link":{"url":"#","is_external":"","nofollow":""},"link_click":"button","price_box_type":"text","price_box_text":"","price_box_image":{"url":"","id":""},"price_box_image_size":"full","price_box_image_custom_dimension":{"width":"","height":""},"custom_style":"yes","horizontal_position":"","vertical_position":"","text_align":"","subtitle_custom_color":"","heading_custom_color":"","content_custom_color":"","button_custom_color":"","button_custom_bg_color":"","price_box_custom_color":"","price_box_custom_bg_color":"","background_image_tablet":{"url":"","id":""},"background_image_mobile":{"url":"","id":""}},{"subtitle":"","heading":"EXPERIENCE GREAT<br>\nSOUND WITH<br>\nMARSHALL SPEAKER ","description":"<p><span style=\"color: #67981a; font-weight: 600; font-size: 24px;\"><strong>$205.00<\/strong><\/span> <del>$225.00 <\/del><\/p>","button_text":"Shop Now","background_color":"#f4f5f5","_id":"5320779","background_image":{"id":2939,"url":"http:\/\/demo2.drfuri.com\/martfury13\/wp-content\/uploads\/sites\/54\/2019\/07\/bn33.jpg"},"background_size":"cover","background_ken_burns":"","zoom_direction":"in","background_overlay":"","background_overlay_color":"rgba(0,0,0,0.5)","background_overlay_blend_mode":"","link":{"url":"#","is_external":"","nofollow":""},"link_click":"button","price_box_type":"text","price_box_text":"","price_box_image":{"url":"","id":""},"price_box_image_size":"full","price_box_image_custom_dimension":{"width":"","height":""},"custom_style":"","horizontal_position":"","vertical_position":"","text_align":"","subtitle_custom_color":"","heading_custom_color":"","content_custom_color":"","button_custom_color":"","button_custom_bg_color":"","price_box_custom_color":"","price_box_custom_bg_color":"","background_image_tablet":{"url":"","id":""},"background_image_mobile":{"url":"","id":""}}],"slides_height":{"unit":"px","size":331,"sizes":[]},"content_animation":"fadeIn","transition":"fade","content_max_width":{"unit":"px","size":575,"sizes":[]},"slides_padding":{"unit":"%","top":"","right":"","bottom":"","left":"","isLinked":true},"arrows_spacing":{"unit":"px","size":0,"sizes":[]},"navigation_tablet":"dots","navigation_mobile":"dots","autoplay_speed":8000,"transition_speed":800,"content_max_width_tablet":{"unit":"%","size":100,"sizes":[]},"slides_padding_tablet":{"unit":"px","top":"0","right":"0","bottom":"0","left":"30","isLinked":false},"heading_typography_typography":"custom","heading_typography_font_size_tablet":{"unit":"px","size":30,"sizes":[]},"dots_background_color":"#cccccc","dots_hover_background_color":"#cccccc","dots_active_background_color":"#000000","slides_padding_mobile":{"unit":"px","top":"15","right":"15","bottom":"15","left":"15","isLinked":true},"heading_typography_font_size_mobile":{"unit":"px","size":20,"sizes":[]},"autoplay":"","subtitle_color":"#0066cc","subtitle_typography_typography":"custom","subtitle_typography_font_size":{"unit":"px","size":14,"sizes":[]},"heading_typography_font_size":{"unit":"px","size":26,"sizes":[]},"heading_typography_font_weight":"400","description_typography_typography":"custom","description_typography_font_weight":"400","button_text_color":"#ffffff","button_background_color":"#dd2400","arrows_color":"#ffffff","arrows_background_color":"rgba(0,0,0,0.3)","arrows_hover_color":"#ffffff","arrows_hover_background_color":"#000000"},"elements":[],"isInner":false,"widgetType":"martfury-slides","elType":"widget"},{"id":"6d50a457","settings":{"space":{"unit":"px","size":30,"sizes":[]},"space_mobile":{"unit":"px","size":15,"sizes":[]}},"elements":[],"isInner":false,"widgetType":"spacer","elType":"widget"}],"isInner":false,"elType":"column"},{"id":"372100c2","settings":{"_column_size":33,"_inline_size":null,"_inline_size_tablet":100},"elements":[{"id":"29d0f232","settings":{"layout":"3","image":{"url":"http:\/\/demo2.drfuri.com\/martfury13\/wp-content\/uploads\/sites\/54\/2018\/03\/bn12.jpg","id":2612},"title":"Minimal<br>Speaker","desc":"<p>Price Just<br \/><span style=\"color: #669900; font-size: 18px; font-weight: 600;\">$159.99<\/span><\/p>","button_text":"","link":{"url":"http:\/\/demo2.drfuri.com\/martfury13\/shop\/edifier-r1280t-powered-bookshelf-speakers\/","is_external":true,"nofollow":true},"highlight_title":"Fluence ","button_link":{"url":"#","is_external":true,"nofollow":true},"background_color":"#f8f8f8","height":{"unit":"px","size":150,"sizes":[]},"banner_padding":{"unit":"px","top":"25","right":"25","bottom":"25","left":"25","isLinked":true},"banner_padding_mobile":{"unit":"px","top":"20","right":"20","bottom":"15","left":"15","isLinked":false},"banner_bg_position_tablet":"right center","banner_bg_size_tablet":"auto","heading_spacing":{"unit":"px","size":20,"sizes":[]},"heading_typography_typography":"custom","heading_typography_font_size":{"unit":"px","size":24,"sizes":[]},"heading_typography_line_height":{"unit":"em","size":1.1,"sizes":[]},"description_typography_typography":"custom","description_typography_font_size":{"unit":"px","size":12,"sizes":[]},"description_typography_font_weight":"500","description_typography_line_height":{"unit":"em","size":1.4,"sizes":[]}},"elements":[],"isInner":false,"widgetType":"martfury-banner-medium","elType":"widget"},{"id":"6913dc49","settings":{"space":{"unit":"px","size":30,"sizes":[]},"space_mobile":{"unit":"px","size":15,"sizes":[]}},"elements":[],"isInner":false,"widgetType":"spacer","elType":"widget"},{"id":"446fd80c","settings":{"layout":"4","image":{"url":"http:\/\/demo2.drfuri.com\/martfury13\/wp-content\/uploads\/sites\/54\/2018\/03\/bn13.jpg","id":2615},"subtitle":"GOPRO","title":"GOPRO CAMERA\nSALE <span style=\"color: #dd2400; font-weight: 600;\">20% OFF<\/span>","desc":"<p>Only 2 days: <span style=\"font-weight: 500;\">21\/10 &amp; 2\/10<\/span><\/p>","subdesc":"Only 2 days: <strong>21\/10 &amp; 2\/10<\/strong>","button_text":"","link":{"url":"http:\/\/demo2.drfuri.com\/martfury13\/shop\/nikon-coolpix-24-megapixel-camera\/","is_external":true,"nofollow":true},"highlight_title":"GOPRO","highlight_title_position":"above","button_link":{"url":"#","is_external":true,"nofollow":true},"background_color":"#ebebea","height":{"unit":"px","size":150,"sizes":[]},"banner_padding":{"unit":"px","top":"25","right":"25","bottom":"25","left":"25","isLinked":true},"banner_padding_mobile":{"unit":"px","top":"20","right":"20","bottom":"20","left":"20","isLinked":true},"banner_bg_position_tablet":"right center","banner_bg_size_tablet":"auto","highlight_title_spacing":{"unit":"px","size":5,"sizes":[]},"highlight_title_color":"#0066cc","highlight_title_typography_typography":"custom","highlight_title_typography_font_size":{"unit":"px","size":12,"sizes":[]},"heading_spacing":{"unit":"px","size":20,"sizes":[]},"heading_color":"#000000","heading_typography_typography":"custom","heading_typography_font_size":{"unit":"px","size":22,"sizes":[]},"heading_typography_font_size_mobile":{"unit":"px","size":20,"sizes":[]},"heading_typography_font_weight":"400","description_typography_typography":"custom","description_typography_font_size":{"unit":"px","size":12,"sizes":[]}},"elements":[],"isInner":false,"widgetType":"martfury-banner-medium","elType":"widget"},{"id":"78e376ce","settings":{"space":{"unit":"px","size":30,"sizes":[]}},"elements":[],"isInner":false,"widgetType":"spacer","elType":"widget"}],"isInner":false,"elType":"column"}],"isInner":false,"elType":"section"},{"id":"37954a7","settings":{"gap":"extended"},"elements":[{"id":"7940edd","settings":{"_column_size":100},"elements":[{"id":"7110eb52","settings":{"space":{"unit":"px","size":10,"sizes":[]}},"elements":[],"isInner":false,"widgetType":"spacer","elType":"widget"},{"id":"44259f56","settings":{"title":"Top Categories Of The Month","title_color":"#000000","typography_typography":"custom","typography_font_size":{"unit":"px","size":24,"sizes":[]},"typography_font_weight":"600","typography_line_height":{"unit":"em","size":1,"sizes":[]},"_margin":{"unit":"px","top":"0","right":"0","bottom":"20","left":"0","isLinked":false},"typography_font_size_mobile":{"unit":"px","size":20,"sizes":[]}},"elements":[],"isInner":false,"widgetType":"heading","elType":"widget"}],"isInner":false,"elType":"column"}],"isInner":false,"elType":"section"},{"id":"aa8ccde","settings":{"gap":"extended","structure":"30","padding_mobile":{"unit":"px","top":"0","right":"12.5","bottom":"0","left":"12.5","isLinked":false}},"elements":[{"id":"6572e15f","settings":{"_column_size":33,"_inline_size":null,"_inline_size_mobile":33.33,"padding_mobile":{"unit":"px","top":"0","right":"2.5","bottom":"0","left":"2.5","isLinked":false}},"elements":[{"id":"4a8f9ef","settings":{"image":{"url":"http:\/\/demo2.drfuri.com\/martfury13\/wp-content\/uploads\/sites\/54\/2013\/06\/18a.jpg","id":238},"title":"Tv Televisions","subtitles":[{"title":"Smart TV","_id":"4050c6b","title_style":"1","link":{"url":"http:\/\/demo2.drfuri.com\/martfury13\/product-category\/consumer-electrics\/tv-televisions\/","is_external":true,"nofollow":true}},{"title":"4K Ultra HD TVs","_id":"57d828a","title_style":"1","link":{"url":"http:\/\/demo2.drfuri.com\/martfury13\/product-category\/consumer-electrics\/tv-televisions\/4k-ultra-hd-tvs\/","is_external":true,"nofollow":true}},{"title":"LED TVs","_id":"2b32da7","title_style":"1","link":{"url":"http:\/\/demo2.drfuri.com\/martfury13\/product-category\/consumer-electrics\/tv-televisions\/led-tvs\/","is_external":true,"nofollow":true}},{"title":"OLED TVs","_id":"84bddff","title_style":"1","link":{"url":"http:\/\/demo2.drfuri.com\/martfury13\/product-category\/consumer-electrics\/tv-televisions\/oled-tvs\/","is_external":true,"nofollow":true}}],"image_size":"custom","image_custom_dimension":{"width":"170","height":"170"},"image_position_tablet":"top","show_subtitles_mobile":"none","hover_border_color":"#cc0000","text_align":"left","text_align_tablet":"center","heading_title_spacing_mobile":{"unit":"px","size":0,"sizes":[]},"title_border_color":"#dd2400","title_typography_typography":"custom","title_typography_font_size_mobile":{"unit":"px","size":14,"sizes":[]}},"elements":[],"isInner":false,"widgetType":"martfury-image-box","elType":"widget"},{"id":"59129f72","settings":{"space":{"unit":"px","size":30,"sizes":[]},"space_mobile":{"unit":"px","size":5,"sizes":[]}},"elements":[],"isInner":false,"widgetType":"spacer","elType":"widget"},{"id":"477b9a75","settings":{"image":{"url":"http:\/\/demo2.drfuri.com\/martfury13\/wp-content\/uploads\/sites\/54\/2013\/06\/21a.jpg","id":250},"title":"Audios & Theaters","subtitles":[{"title":"Speakers","_id":"4050c6b","title_style":"1","link":{"url":"http:\/\/demo2.drfuri.com\/martfury13\/product-category\/consumer-electrics\/audios-theaters\/speakers\/","is_external":true,"nofollow":true}},{"title":"Home Theater System","_id":"57d828a","title_style":"1","link":{"url":"http:\/\/demo2.drfuri.com\/martfury13\/product-category\/consumer-electrics\/audios-theaters\/home-theater-system\/","is_external":true,"nofollow":true}},{"title":"Wireless Audio","_id":"2b32da7","title_style":"1","link":{"url":"http:\/\/demo2.drfuri.com\/martfury13\/product-category\/consumer-electrics\/audios-theaters\/wireless-audio\/","is_external":true,"nofollow":true}},{"title":"Headphone","_id":"84bddff","title_style":"1","link":{"url":"http:\/\/demo2.drfuri.com\/martfury13\/product-category\/consumer-electrics\/audios-theaters\/headphone\/","is_external":true,"nofollow":true}},{"title":"Accessories","_id":"4bdb53c","title_style":"1","link":{"url":"http:\/\/demo2.drfuri.com\/martfury13\/product-category\/phones-accessories\/","is_external":true,"nofollow":true}}],"image_size":"custom","image_custom_dimension":{"width":"170","height":"170"},"image_position_tablet":"top","show_subtitles_mobile":"none","hover_border_color":"#cc0000","text_align_tablet":"center","heading_title_spacing_mobile":{"unit":"px","size":0,"sizes":[]},"title_border_color":"#dd2400","title_typography_typography":"custom","title_typography_font_size_mobile":{"unit":"px","size":14,"sizes":[]}},"elements":[],"isInner":false,"widgetType":"martfury-image-box","elType":"widget"},{"id":"52f6b2ae","settings":{"space":{"unit":"px","size":30,"sizes":[]}},"elements":[],"isInner":false,"widgetType":"spacer","elType":"widget"}],"isInner":false,"elType":"column"},{"id":"7b646587","settings":{"_column_size":33,"_inline_size":null,"_inline_size_mobile":33.33,"padding_mobile":{"unit":"px","top":"0","right":"2.5","bottom":"0","left":"2.5","isLinked":false}},"elements":[{"id":"706ad5d5","settings":{"image":{"url":"http:\/\/demo2.drfuri.com\/martfury13\/wp-content\/uploads\/sites\/54\/2017\/12\/2.jpg","id":541},"title":"Air Conditioners","subtitles":[{"title":"Type Hanging On Wall","_id":"4050c6b","title_style":"1","link":{"url":"http:\/\/demo2.drfuri.com\/martfury13\/product-category\/consumer-electrics\/tv-televisions\/","is_external":true,"nofollow":true}},{"title":"Type Erect","_id":"57d828a","title_style":"1","link":{"url":"http:\/\/demo2.drfuri.com\/martfury13\/product-category\/consumer-electrics\/air-conditioners\/type-erect\/","is_external":true,"nofollow":true}},{"title":"Type Hanging On Celling","_id":"2b32da7","title_style":"1","link":{"url":"http:\/\/demo2.drfuri.com\/martfury13\/product-category\/consumer-electrics\/air-conditioners\/type-hanging-cell\/","is_external":true,"nofollow":true}},{"title":"Accessories","_id":"6463d56","title_style":"1","link":{"url":"http:\/\/demo2.drfuri.com\/martfury13\/product-category\/consumer-electrics\/air-conditioners\/accessories\/","is_external":true,"nofollow":true}}],"image_size":"custom","image_custom_dimension":{"width":"170","height":"170"},"image_position_tablet":"top","show_subtitles_mobile":"none","hover_border_color":"#cc0000","text_align_tablet":"center","content_padding_mobile":{"unit":"px","top":"18","right":"5","bottom":"15","left":"5","isLinked":false},"heading_title_spacing_mobile":{"unit":"px","size":0,"sizes":[]},"title_border_color":"#dd2400","title_typography_typography":"custom","title_typography_font_size_mobile":{"unit":"px","size":14,"sizes":[]}},"elements":[],"isInner":false,"widgetType":"martfury-image-box","elType":"widget"},{"id":"f729396","settings":{"space":{"unit":"px","size":30,"sizes":[]},"space_mobile":{"unit":"px","size":5,"sizes":[]}},"elements":[],"isInner":false,"widgetType":"spacer","elType":"widget"},{"id":"3684c963","settings":{"image":{"url":"http:\/\/demo2.drfuri.com\/martfury13\/wp-content\/uploads\/sites\/54\/2018\/01\/c13.jpg","id":2559},"title":"Office Electronics","subtitles":[{"title":"Printers","_id":"4050c6b","title_style":"1","link":{"url":"http:\/\/demo2.drfuri.com\/martfury13\/product-category\/consumer-electrics\/office-electronics\/printers\/","is_external":true,"nofollow":true}},{"title":"Store & Business","_id":"57d828a","title_style":"1","link":{"url":"http:\/\/demo2.drfuri.com\/martfury13\/product-category\/consumer-electrics\/office-electronics\/store-business\/","is_external":true,"nofollow":true}},{"title":"Scanners","_id":"2b32da7","title_style":"1","link":{"url":"http:\/\/demo2.drfuri.com\/martfury13\/product-category\/consumer-electrics\/office-electronics\/scanners\/","is_external":true,"nofollow":true}},{"title":"Projectors","_id":"84bddff","title_style":"1","link":{"url":"http:\/\/demo2.drfuri.com\/martfury13\/product-category\/consumer-electrics\/office-electronics\/projectors\/","is_external":true,"nofollow":true}},{"title":"Phones","_id":"4bdb53c","title_style":"1","link":{"url":"http:\/\/demo2.drfuri.com\/martfury13\/product-category\/phones-accessories\/","is_external":true,"nofollow":true}}],"image_size":"custom","image_custom_dimension":{"width":"170","height":"170"},"image_position_tablet":"top","show_subtitles_mobile":"none","hover_border_color":"#cc0000","text_align_tablet":"center","heading_title_spacing_mobile":{"unit":"px","size":0,"sizes":[]},"title_border_color":"#dd2400","title_typography_typography":"custom","title_typography_font_size_mobile":{"unit":"px","size":14,"sizes":[]}},"elements":[],"isInner":false,"widgetType":"martfury-image-box","elType":"widget"},{"id":"71320f86","settings":{"space":{"unit":"px","size":30,"sizes":[]}},"elements":[],"isInner":false,"widgetType":"spacer","elType":"widget"}],"isInner":false,"elType":"column"},{"id":"257c4f4","settings":{"_column_size":33,"_inline_size":null,"_inline_size_mobile":33.33,"padding_mobile":{"unit":"px","top":"0","right":"2.5","bottom":"0","left":"2.5","isLinked":false}},"elements":[{"id":"77fc30af","settings":{"image":{"url":"http:\/\/demo2.drfuri.com\/martfury13\/wp-content\/uploads\/sites\/54\/2013\/06\/3a-1.jpg","id":2505},"title":"Washing Machine","subtitles":[{"title":"Type Horizontal","_id":"4050c6b","title_style":"1","link":{"url":"http:\/\/demo2.drfuri.com\/martfury13\/product-category\/consumer-electrics\/washing-machines\/type-horizontal\/","is_external":true,"nofollow":true}},{"title":"Type Vertical","_id":"57d828a","title_style":"1","link":{"url":"http:\/\/demo2.drfuri.com\/martfury13\/product-category\/consumer-electrics\/washing-machines\/type-vertical\/","is_external":true,"nofollow":true}},{"title":"Type Drying Clothes","_id":"2b32da7","title_style":"1","link":{"url":"http:\/\/demo2.drfuri.com\/martfury13\/product-category\/consumer-electrics\/washing-machines\/type-drying-clothes\/","is_external":true,"nofollow":true}}],"image_size":"custom","image_custom_dimension":{"width":"170","height":"170"},"image_position_tablet":"top","show_subtitles_mobile":"none","min_height_tablet":{"unit":"px","size":318,"sizes":[]},"min_height_mobile":{"unit":"px","size":105,"sizes":[]},"hover_border_color":"#cc0000","text_align_tablet":"center","heading_title_spacing_mobile":{"unit":"px","size":0,"sizes":[]},"title_border_color":"#dd2400","title_typography_typography":"custom","title_typography_font_size_mobile":{"unit":"px","size":14,"sizes":[]}},"elements":[],"isInner":false,"widgetType":"martfury-image-box","elType":"widget"},{"id":"46b89f56","settings":{"space":{"unit":"px","size":30,"sizes":[]},"space_mobile":{"unit":"px","size":5,"sizes":[]}},"elements":[],"isInner":false,"widgetType":"spacer","elType":"widget"},{"id":"7fe4fea8","settings":{"image":{"url":"http:\/\/demo2.drfuri.com\/martfury13\/wp-content\/uploads\/sites\/54\/2018\/01\/c10.jpg","id":2558},"title":"Car Electronics","subtitles":[{"title":"Audio & Video","_id":"4050c6b","title_style":"1","link":{"url":"http:\/\/demo2.drfuri.com\/martfury13\/product-category\/consumer-electrics\/car-electronics\/audio-video\/","is_external":true,"nofollow":true}},{"title":"Radar Detector","_id":"57d828a","title_style":"1","link":{"url":"http:\/\/demo2.drfuri.com\/martfury13\/product-category\/consumer-electrics\/car-electronics\/radar-detector\/","is_external":true,"nofollow":true}},{"title":"Car Security Products","_id":"2b32da7","title_style":"1","link":{"url":"http:\/\/demo2.drfuri.com\/martfury13\/product-category\/consumer-electrics\/car-electronics\/car-security\/","is_external":true,"nofollow":true}},{"title":"Vehicle GPS Tracking","_id":"84bddff","title_style":"1","link":{"url":"http:\/\/demo2.drfuri.com\/martfury13\/product-category\/consumer-electrics\/car-electronics\/radar-detector\/","is_external":true,"nofollow":true}},{"title":"Portable CB Radios","_id":"4bdb53c","title_style":"1","link":{"url":"http:\/\/demo2.drfuri.com\/martfury13\/product-category\/phones-accessories\/","is_external":true,"nofollow":true}}],"image_size":"custom","image_custom_dimension":{"width":"170","height":"170"},"image_position_tablet":"top","show_subtitles_mobile":"none","hover_border_color":"#cc0000","text_align_tablet":"center","heading_title_spacing_mobile":{"unit":"px","size":0,"sizes":[]},"title_border_color":"#dd2400","title_typography_typography":"custom","title_typography_font_size_mobile":{"unit":"px","size":14,"sizes":[]}},"elements":[],"isInner":false,"widgetType":"martfury-image-box","elType":"widget"},{"id":"6fba7795","settings":{"space":{"unit":"px","size":30,"sizes":[]}},"elements":[],"isInner":false,"widgetType":"spacer","elType":"widget"}],"isInner":false,"elType":"column"}],"isInner":false,"elType":"section"},{"id":"31097f3b","settings":{"gap":"extended"},"elements":[{"id":"67d767d","settings":{"_column_size":100},"elements":[{"id":"1d755fb2","settings":{"space":{"unit":"px","size":10,"sizes":[]}},"elements":[],"isInner":false,"widgetType":"spacer","elType":"widget"},{"id":"28086562","settings":{"title":"Deals Of The Day","ends_in":"Ends In","view_all_text":"View All","navigation_tablet":"dots","navigation_mobile":"dots","heading_title_typography_typography":"custom","heading_title_typography_font_size_mobile":{"unit":"px","size":22,"sizes":[]},"heading_title_typography_font_weight":"600","show_ends_in_mobile":"none","show_heading_view_all_mobile":"none","progress_bar_active_bg_color":"#dd2400"},"elements":[],"isInner":false,"widgetType":"martfury-product-deals-carousel","elType":"widget"},{"id":"2e253253","settings":[],"elements":[],"isInner":false,"widgetType":"spacer","elType":"widget"}],"isInner":false,"elType":"column"}],"isInner":false,"elType":"section"},{"id":"1e5e0731","settings":{"gap":"extended","structure":"20"},"elements":[{"id":"135cc8e9","settings":{"_column_size":50,"_inline_size":null},"elements":[{"id":"723d9cd4","settings":{"layout":"2","image":{"url":"http:\/\/demo2.drfuri.com\/martfury13\/wp-content\/uploads\/sites\/54\/2018\/03\/bn14.jpg","id":2616},"title":"Washing Machine","desc":"<p>Just <span style=\"color: #669900; font-weight: 600;\">$4.559.99<\/span><\/p>","button_text":"Shop Now","link":{"url":"http:\/\/demo2.drfuri.com\/martfury13\/shop\/lg-white-front-load-steam-washer\/","is_external":true,"nofollow":true},"highlight_title":"Electrolux","highlight_title_position":"above","button_link":{"url":"#","is_external":true,"nofollow":true},"heading_typography_typography":"custom","heading_typography_font_size":{"unit":"px","size":24,"sizes":[]},"heading_typography_font_weight":"300","button_text_color":"#ffffff","button_background_color":"#dd2400"},"elements":[],"isInner":false,"widgetType":"martfury-banner-medium","elType":"widget"},{"id":"35125719","settings":{"space":{"unit":"px","size":30,"sizes":[]}},"elements":[],"isInner":false,"widgetType":"spacer","elType":"widget"}],"isInner":false,"elType":"column"},{"id":"41baa8f0","settings":{"_column_size":50,"_inline_size":null},"elements":[{"id":"19d4c278","settings":{"layout":"2","image":{"url":"http:\/\/demo2.drfuri.com\/martfury13\/wp-content\/uploads\/sites\/54\/2018\/03\/bn15.jpg","id":2617},"title":"learn to ride in 3 minutes","desc":"<p>Discount <span style=\"color: #ff3300; font-weight: 600;\">25%<\/span> Off<\/p>","button_text":"Shop Now","link":{"url":"http:\/\/demo2.drfuri.com\/martfury13\/shop\/dji-phantom-4-quadcopter-camera-white\/","is_external":true,"nofollow":true},"highlight_title":"Extremely Portable,","highlight_title_position":"above","heading_typography_typography":"custom","heading_typography_font_size":{"unit":"px","size":24,"sizes":[]},"heading_typography_font_size_mobile":{"unit":"px","size":21,"sizes":[]},"button_text_color":"#ffffff","button_background_color":"#dd2400"},"elements":[],"isInner":false,"widgetType":"martfury-banner-medium","elType":"widget"},{"id":"7150704a","settings":{"space":{"unit":"px","size":30,"sizes":[]}},"elements":[],"isInner":false,"widgetType":"spacer","elType":"widget"}],"isInner":false,"elType":"column"}],"isInner":false,"elType":"section"},{"id":"4a26ab11","settings":{"gap":"extended"},"elements":[{"id":"180a9a83","settings":{"_column_size":100},"elements":[{"id":"47350f90","settings":{"space":{"unit":"px","size":25,"sizes":[]}},"elements":[],"isInner":false,"widgetType":"spacer","elType":"widget"},{"id":"620f426a","settings":{"title":"Best Seller In The Last Month","link_group":[{"title":"Top 20","link":{"url":"#","is_external":true,"nofollow":true},"_id":"9adaccb"},{"title":"TV Televisions","link":{"url":"#","is_external":true,"nofollow":true},"_id":"f35fa13"},{"title":"Speakers","link":{"url":"#","is_external":true,"nofollow":true},"_id":"41dc90f"},{"title":"Air Conditions","link":{"url":"#","is_external":true,"nofollow":true},"_id":"2c0b66d"},{"title":"Cameras & Videos","link":{"url":"#","is_external":true,"nofollow":true},"_id":"1074fdb"},{"title":"View All","link":{"url":"#","is_external":true,"nofollow":true},"_id":"4289a80"}],"link":{"url":"#","is_external":true,"nofollow":true},"view_all_text":"","view_all_link":{"url":"","is_external":true,"nofollow":true},"navigation_tablet":"dots","navigation_mobile":"dots","title_typography_typography":"custom","title_typography_font_size_mobile":{"unit":"px","size":21,"sizes":[]},"show_product_links_mobile":"none","products_dots_active_background":"#dd2400"},"elements":[],"isInner":false,"widgetType":"martfury-products-carousel","elType":"widget"},{"id":"21a33723","settings":{"space":{"unit":"px","size":40,"sizes":[]}},"elements":[],"isInner":false,"widgetType":"spacer","elType":"widget"}],"isInner":false,"elType":"column"}],"isInner":false,"elType":"section"},{"id":"1687d41d","settings":{"gap":"extended"},"elements":[{"id":"b5414fc","settings":{"_column_size":100},"elements":[{"id":"39f6181b","settings":{"image":{"url":"http:\/\/demo2.drfuri.com\/martfury13\/wp-content\/uploads\/sites\/54\/2019\/07\/b-large.jpg","id":2948},"title":"Bose Bluetooth<br>Wireless Headphones","desc":"Crisp powerful sound from the best sounding wireless<br>headphone in its class","button_text":"Shop Now","button_link":{"url":"http:\/\/demo2.drfuri.com\/martfury13\/shop\/sound-intone-i65-earphone-white-version\/","is_external":true,"nofollow":true},"highlight_title":"","regular_price":"$219.05","sale_price":"$260.50","banner_padding_tablet":{"unit":"px","top":"30","right":"30","bottom":"30","left":"30","isLinked":true},"banner_bg_position_mobile":"center center","banner_bg_size_mobile":"auto","heading_spacing":{"unit":"px","size":40,"sizes":[]},"heading_typography_typography":"custom","heading_typography_font_size_mobile":{"unit":"px","size":24,"sizes":[]},"description_spacing_mobile":{"unit":"px","size":0,"sizes":[]},"description_typography_typography":"custom","description_typography_font_size_mobile":{"unit":"px","size":0,"sizes":[]},"show_button_mobile":"none","button_text_color":"#ffffff","button_background_color":"#dd2400"},"elements":[],"isInner":false,"widgetType":"martfury-banner-large","elType":"widget"},{"id":"7d7e5e60","settings":{"space":{"unit":"px","size":55,"sizes":[]}},"elements":[],"isInner":false,"widgetType":"spacer","elType":"widget"}],"isInner":false,"elType":"column"}],"isInner":false,"elType":"section"},{"id":"726f8931","settings":{"gap":"extended"},"elements":[{"id":"1c05448f","settings":{"_column_size":100},"elements":[{"id":"34ac9ac4","settings":{"title":"Home Electronics","link":{"url":"#","is_external":true,"nofollow":true},"link_group":[{"title":"Smart TV","link":{"url":"http:\/\/demo2.drfuri.com\/martfury13\/product-category\/consumer-electrics\/tv-televisions\/4k-ultra-hd-tvs\/","is_external":true,"nofollow":true},"_id":"9adaccb"},{"title":"LED TVs","link":{"url":"http:\/\/demo2.drfuri.com\/martfury13\/product-category\/consumer-electrics\/tv-televisions\/led-tvs\/","is_external":true,"nofollow":true},"_id":"f35fa13"},{"title":"Air Conditions","link":{"url":"http:\/\/demo2.drfuri.com\/martfury13\/product-category\/consumer-electrics\/air-conditioners\/","is_external":true,"nofollow":true},"_id":"41dc90f"},{"title":"LG Washing Machines","link":{"url":"http:\/\/demo2.drfuri.com\/martfury13\/product-category\/consumer-electrics\/washing-machines\/","is_external":true,"nofollow":true},"_id":"2c0b66d"},{"title":"Sony Speakers","link":{"url":"http:\/\/demo2.drfuri.com\/martfury13\/product-category\/consumer-electrics\/audios-theaters\/speakers\/","is_external":true,"nofollow":true},"_id":"1074fdb"}],"product_cats":["computers-technologies"],"view_all_text":"View All","navigation_tablet":"dots","navigation_mobile":"dots","title_typography_typography":"custom","title_typography_font_size_mobile":{"unit":"px","size":21,"sizes":[]},"show_product_links_mobile":"none","products_dots_active_background":"#dd2400"},"elements":[],"isInner":false,"widgetType":"martfury-products-carousel","elType":"widget"},{"id":"66aa73bf","settings":{"space":{"unit":"px","size":40,"sizes":[]}},"elements":[],"isInner":false,"widgetType":"spacer","elType":"widget"}],"isInner":false,"elType":"column"}],"isInner":false,"elType":"section"},{"id":"569e48a5","settings":{"gap":"extended"},"elements":[{"id":"102c9c01","settings":{"_column_size":100},"elements":[{"id":"6591d276","settings":{"title":"Cameras & Videos","link":{"url":"#","is_external":true,"nofollow":true},"link_group":[{"title":"Video","link":{"url":"http:\/\/demo2.drfuri.com\/martfury13\/product-category\/consumer-electrics\/car-electronics\/audio-video\/","is_external":true,"nofollow":true},"_id":"9adaccb"},{"title":"Projectors","link":{"url":"http:\/\/demo2.drfuri.com\/martfury13\/product-category\/consumer-electrics\/car-electronics\/radar-detector\/","is_external":true,"nofollow":true},"_id":"f35fa13"},{"title":"Digital Cameras","link":{"url":"http:\/\/demo2.drfuri.com\/martfury13\/product-category\/computers-technologies\/smartphones\/","is_external":true,"nofollow":true},"_id":"41dc90f"},{"title":"Printers & Scanners","link":{"url":"http:\/\/demo2.drfuri.com\/martfury13\/product-category\/consumer-electrics\/washing-machines\/","is_external":true,"nofollow":true},"_id":"2c0b66d"},{"title":"Accessories","link":{"url":"http:\/\/demo2.drfuri.com\/martfury13\/product-category\/consumer-electrics\/refrigerators\/","is_external":true,"nofollow":true},"_id":"1074fdb"}],"product_cats":["car-electronics"],"view_all_text":"View All","navigation_tablet":"dots","navigation_mobile":"dots","title_typography_typography":"custom","title_typography_font_size_mobile":{"unit":"px","size":21,"sizes":[]},"show_product_links_mobile":"none","products_dots_active_background":"#dd2400"},"elements":[],"isInner":false,"widgetType":"martfury-products-carousel","elType":"widget"},{"id":"700c10e0","settings":{"space":{"unit":"px","size":40,"sizes":[]}},"elements":[],"isInner":false,"widgetType":"spacer","elType":"widget"}],"isInner":false,"elType":"column"}],"isInner":false,"elType":"section"},{"id":"7693b52e","settings":{"stretch_section":"section-stretched","background_background":"classic","background_color":"#f5f5f5","gap":"extended"},"elements":[{"id":"53cce50f","settings":{"_column_size":100},"elements":[{"id":"d32652d","settings":[],"elements":[],"isInner":false,"widgetType":"spacer","elType":"widget"},{"id":"3a7d7ea8","settings":{"title":"News","link_group":[{"title":"News","link":{"url":"http:\/\/demo2.drfuri.com\/martfury13\/category\/others\/","is_external":true,"nofollow":true},"_id":"65e4da7"},{"title":"Review Product","link":{"url":"http:\/\/demo2.drfuri.com\/martfury13\/category\/business\/","is_external":true,"nofollow":true},"_id":"0c25e59"},{"title":"Tips & Tricks","link":{"url":"http:\/\/demo2.drfuri.com\/martfury13\/category\/entertaiment\/","is_external":true,"nofollow":true},"_id":"fe34592"},{"title":"Promotions","link":{"url":"http:\/\/demo2.drfuri.com\/martfury13\/category\/life-style\/","is_external":true,"nofollow":true},"_id":"0c75e5f"},{"title":"View All","link":{"url":"http:\/\/demo2.drfuri.com\/martfury13\/blog","is_external":true,"nofollow":true},"_id":"63dab72"}],"links_group":[{"title":"News","link":{"url":"#","is_external":true,"nofollow":true},"_id":"7e70221"},{"title":"Review Product ","link":{"url":"#","is_external":true,"nofollow":true},"_id":"cb9a7bf"},{"title":"Tips & Tricks","link":{"url":"#","is_external":true,"nofollow":true},"_id":"f441481"},{"title":"Promotions","link":{"url":"#","is_external":true,"nofollow":true},"_id":"a2f3b13"}],"view_all_text":"View All","title_typography_typography":"custom","title_typography_font_size_mobile":{"unit":"px","size":21,"sizes":[]},"show_post_links_mobile":"none"},"elements":[],"isInner":false,"widgetType":"martfury-post-grid","elType":"widget"},{"id":"5719490e","settings":{"space":{"unit":"px","size":20,"sizes":[]}},"elements":[],"isInner":false,"widgetType":"spacer","elType":"widget"},{"id":"2d5e3c6e","settings":{"color":"#d8d8d8","gap":{"unit":"px","size":0,"sizes":[]}},"elements":[],"isInner":false,"widgetType":"divider","elType":"widget"}],"isInner":false,"elType":"column"}],"isInner":false,"elType":"section"}]}