{"content":[{"id":"59500a6c","settings":{"flex_direction":"row","flex_gap":{"unit":"px","size":120,"column":"120","row":"120","isLinked":true},"boxed_width":{"unit":"px","size":1470,"sizes":[]},"flex_direction_mobile":"column","flex_justify_content":"space-between","flex_align_items":"flex-start","flex_align_items_mobile":"flex-start","flex_gap_tablet":{"column":"20","row":"20","isLinked":true,"unit":"px","size":20},"margin":{"unit":"px","top":"40","right":"0","bottom":"40","left":"0","isLinked":false},"margin_mobile":{"unit":"px","top":"0","right":"0","bottom":"0","left":"0","isLinked":true}},"elements":[{"id":"3a095d5","settings":{"flex_direction":"column","content_width":"full","width":{"unit":"%","size":""},"flex_gap":{"column":"25","row":"25","isLinked":true,"unit":"px","size":25},"width_tablet":{"unit":"%","size":"","sizes":[]},"width_mobile":{"unit":"%","size":"","sizes":[]}},"elements":[{"id":"4e0b9431","settings":{"title":"Shopping Information","title_size":"h5"},"elements":[],"isInner":false,"widgetType":"ecomus-heading","elType":"widget"},{"id":"1b3aaf3c","settings":{"tabs":[{"tab_title":"How do I find a product?","tab_content":"You can use our search bar at the top of the page to search for specific products or browse through our categories.","_id":"6e9330e"},{"tab_title":"Can I save products to my wishlist?","tab_content":"Yes, you can create a wishlist and save products for later purchase. Simply click the \"Add to Wishlist\" button on any product page.","_id":"b10b339"},{"tab_title":"How do I know if a product is in stock?","tab_content":"Product availability is indicated on the product page. If a product is in stock, you will see a \"Add to Cart\" button. If it's out of stock, you may see a notification or the option to be notified when it's back in stock.","_id":"6195ad3"},{"tab_title":"Can I purchase products as a guest?","tab_content":"Yes, you can make purchases as a guest without creating an account. However, creating an account allows you to save your shipping information, track your orders, and access exclusive offers.","_id":"83bc02f"}],"style_icons_active":{"value":{"id":"5132","url":"https:\/\/wpecomus.com\/women\/wp-content\/uploads\/sites\/3\/2024\/08\/minus.svg"},"library":"svg"},"content_width":"full"},"elements":[],"isInner":false,"widgetType":"ecomus-accordion","elType":"widget"},{"id":"7883bb35","settings":{"title":"Payment Information","title_size":"h5","_margin":{"unit":"px","top":"32","right":"0","bottom":"0","left":"0","isLinked":false}},"elements":[],"isInner":false,"widgetType":"ecomus-heading","elType":"widget"},{"id":"693e3c7f","settings":{"tabs":[{"tab_title":"What payment methods do you accept?","tab_content":"We accept [list of accepted payment methods, e.g., credit cards, debit cards, PayPal, bank transfers].","_id":"6e9330e"},{"tab_title":"Is my payment information secure?","tab_content":"Yes, your payment information is secure. We use [security measures, e.g., SSL encryption] to protect your data.","_id":"b10b339"},{"tab_title":"Can I use a coupon code?","tab_content":"Yes, you can apply a coupon code during the checkout process. Simply enter the code in the designated field.","_id":"6195ad3"},{"tab_title":"What happens if my payment fails?","tab_content":"If your payment fails, you will be notified and given the option to try again or choose a different payment method. Please ensure that your payment information is correct and that you have sufficient funds in your account.","_id":"83bc02f"}],"style_icons_active":{"value":{"id":"5132","url":"https:\/\/wpecomus.com\/women\/wp-content\/uploads\/sites\/3\/2024\/08\/minus.svg"},"library":"svg"},"content_width":"full"},"elements":[],"isInner":false,"widgetType":"ecomus-accordion","elType":"widget"},{"id":"756b148c","settings":{"title":"Order Returns","title_size":"h5","_margin":{"unit":"px","top":"32","right":"0","bottom":"0","left":"0","isLinked":false}},"elements":[],"isInner":false,"widgetType":"ecomus-heading","elType":"widget"},{"id":"7f19cb03","settings":{"tabs":[{"tab_title":"What is your return policy?","tab_content":"We offer a [number] day return policy. You can return eligible items within [number] days of receiving your order.","_id":"6e9330e"},{"tab_title":"How do I return an item?","tab_content":"To return an item, please follow the instructions provided in your order confirmation email. You will need to include a copy of the order invoice and the item in its original condition.","_id":"b10b339"},{"tab_title":"Who pays for the return shipping?","tab_content":"Specify who pays for return shipping, e.g., customer, seller","_id":"6195ad3"},{"tab_title":"Can I exchange an item?","tab_content":"Yes, you can exchange an item for a different size or color. Please contact our customer support team for assistance.","_id":"83bc02f"}],"style_icons_active":{"value":{"id":"5132","url":"https:\/\/wpecomus.com\/women\/wp-content\/uploads\/sites\/3\/2024\/08\/minus.svg"},"library":"svg"},"content_width":"full"},"elements":[],"isInner":false,"widgetType":"ecomus-accordion","elType":"widget"}],"isInner":true,"elType":"container"},{"id":"7dbd60db","settings":{"flex_direction":"column","content_width":"full","width":{"unit":"px","size":620},"background_background":"classic","background_color":"#F5F5F5","border_radius":{"unit":"px","top":"10","right":"10","bottom":"10","left":"10","isLinked":true},"margin_mobile":{"unit":"px","top":"30","right":"0","bottom":"0","left":"0","isLinked":false},"padding":{"unit":"px","top":"45","right":"35","bottom":"45","left":"35","isLinked":false},"padding_tablet":{"unit":"px","top":"30","right":"15","bottom":"35","left":"15","isLinked":false},"width_tablet":{"unit":"px","size":450,"sizes":[]}},"elements":[{"id":"305bbc5d","settings":{"title":"Have a question ","title_size":"h5"},"elements":[],"isInner":false,"widgetType":"ecomus-heading","elType":"widget"},{"id":"7800ad36","settings":{"editor":"If you have an issue or question that requires immediate assistance, you can click the button below to chat live with a Customer Service representative.\n\nPlease allow 06 - 12 business days from the time your package arrives back to us for a refund to be issued."},"elements":[],"isInner":false,"widgetType":"text-editor","elType":"widget"},{"id":"6dd2343e","settings":{"content_width":"full","width":{"unit":"%","size":100,"sizes":[]},"flex_direction":"row","flex_gap":{"column":"28","row":"28","isLinked":true,"unit":"px","size":28},"flex_align_items":"center","margin":{"unit":"px","top":"18","right":"0","bottom":"0","left":"0","isLinked":false}},"elements":[{"id":"34e1be33","settings":{"text":"Contact Us","typography_typography":"custom","typography_font_weight":"600","button_text":"Contact us","button_min_width":{"unit":"px","size":130,"sizes":[]},"button_link":{"url":"https:\/\/wpecomus.com\/fashion\/contact-v1\/","is_external":"","nofollow":"","custom_attributes":""}},"elements":[],"isInner":false,"widgetType":"ecomus-button","elType":"widget"},{"id":"6725606b","settings":{"button_style":"subtle","text":"Live chat","icon_align":"right","typography_typography":"custom","typography_font_weight":"600","button_text":"Live Chat","button_icon":{"value":{"id":"5133","url":"https:\/\/wpecomus.com\/women\/wp-content\/uploads\/sites\/3\/2024\/08\/arrow-top-right.svg"},"library":"svg"},"show_button_icon":"alway","button_icon_padding":{"unit":"px","top":"0","right":"0","bottom":"02","left":"0","isLinked":false},"button_link":{"url":"https:\/\/wpecomus.com\/fashion\/contact-v2\/","is_external":"","nofollow":"","custom_attributes":""}},"elements":[],"isInner":false,"widgetType":"ecomus-button","elType":"widget"}],"isInner":true,"elType":"container"}],"isInner":true,"elType":"container"}],"isInner":false,"elType":"container"}],"page_settings":{"content_top_padding":{"unit":"px","size":0,"sizes":[]},"content_bottom_padding":{"unit":"px","size":0,"sizes":[]},"page_header_spacing":"custom","page_header_top_padding":{"unit":"px","size":80,"sizes":[]},"page_header_bottom_padding":{"unit":"px","size":84,"sizes":[]}},"version":"0.4","title":"Page FAQ v1","type":"page"}