{"content":[{"id":"4a7c28a","settings":{"content_width":"full"},"elements":[{"id":"6318f784","settings":{"content_width":"full","items":[{"image":{"id":2866,"url":"http:\/\/localhost\/dev\/ecomusv2\/wp-content\/uploads\/sites\/29\/2024\/07\/homemen_slider01-scaled.webp","alt":"","source":"library","size":""},"_id":"012ff47","product_items_ids_1":782,"product_items_position_x_1":{"unit":"%","size":49,"sizes":[]},"product_items_position_y_1":{"unit":"%","size":34,"sizes":[]},"product_items_ids_2":34,"product_items_position_x_2":{"unit":"%","size":61,"sizes":[]},"product_items_position_y_2":{"unit":"%","size":6,"sizes":[]}},{"image":{"id":2867,"url":"http:\/\/localhost\/dev\/ecomusv2\/wp-content\/uploads\/sites\/29\/2024\/07\/homemen_slider02-scaled.webp","alt":"","source":"library","size":""},"_id":"9f1622c","product_items_ids_1":625,"product_items_position_x_1":{"unit":"%","size":49,"sizes":[]},"product_items_position_y_1":{"unit":"%","size":35,"sizes":[]},"product_items_ids_2":29,"product_items_position_x_2":{"unit":"%","size":67,"sizes":[]},"product_items_position_y_2":{"unit":"%","size":76,"sizes":[]}}],"slides_to_show":1,"navigation_classes":"both","navigation_classes_tablet":"dots","aspect_ratio_type":"custom","aspect_ratio":"28:13","navigation_classes_mobile":"dots","dots_type":"dots-arrow","image_1":{"id":5011,"url":"https:\/\/wpecomus.com\/men\/wp-content\/uploads\/sites\/4\/2024\/08\/homemen_slider01-scaled.webp","alt":"","source":"library","size":""},"items_1":[{"_id":"ffed80a","product_items_ids":693,"product_items_position_x":{"unit":"%","size":49,"sizes":[]},"product_items_position_y":{"unit":"%","size":33,"sizes":[]},"content_popover_toggle":""},{"_id":"226f757","product_items_ids":546,"product_items_position_x":{"unit":"%","size":61,"sizes":[]},"product_items_position_y":{"unit":"%","size":6,"sizes":[]},"product_content_items_position_y":{"unit":"px","size":37,"sizes":[]},"product_arrow_items_position_y":{"unit":"px","size":33,"sizes":[]}}],"image_2":{"id":5012,"url":"https:\/\/wpecomus.com\/men\/wp-content\/uploads\/sites\/4\/2024\/08\/homemen_slider02-scaled.webp","alt":"","source":"library","size":""},"items_2":[{"_id":"2873a95","product_items_ids":5114,"product_items_position_x":{"unit":"%","size":49,"sizes":[]},"product_items_position_y":{"unit":"%","size":38,"sizes":[]}},{"_id":"8eeea1b","product_items_ids":683,"product_items_position_x":{"unit":"%","size":64,"sizes":[]},"product_items_position_y":{"unit":"%","size":71,"sizes":[]}}],"items_3":[],"items_4":[],"arrows_dots_padding_mobile":{"unit":"px","top":"6","right":"6","bottom":"6","left":"6","isLinked":true},"image_border_radius":{"unit":"px","top":"0","right":"0","bottom":"0","left":"0","isLinked":true}},"elements":[],"isInner":false,"widgetType":"ecomus-images-hotspot-carousel","elType":"widget"}],"isInner":false,"elType":"container"},{"id":"47f533a2","settings":{"flex_direction":"row","flex_gap":{"unit":"px","size":30,"column":"30","row":"30","isLinked":true},"flex_align_items":"center","flex_gap_mobile":{"column":"15","row":"15","isLinked":true,"unit":"px","size":15},"background_background":"classic","background_color":"#000000","margin":{"unit":"px","top":"0","right":"0","bottom":"84","left":"0","isLinked":false},"margin_tablet":{"unit":"px","top":"0","right":"0","bottom":"71","left":"0","isLinked":false},"margin_mobile":{"unit":"px","top":"0","right":"0","bottom":"25","left":"0","isLinked":false},"padding":{"unit":"px","top":"56","right":"0","bottom":"56","left":"0","isLinked":false},"padding_tablet":{"unit":"px","top":"47","right":"0","bottom":"47","left":"0","isLinked":false},"padding_mobile":{"unit":"px","top":"17","right":"0","bottom":"17","left":"0","isLinked":false}},"elements":[{"id":"5bbb9348","settings":{"flex_direction":"column","content_width":"full","width":{"unit":"%","size":"50"},"flex_gap":{"column":"12","row":"12","isLinked":true,"unit":"px","size":12},"flex_gap_tablet":{"column":"","row":"","isLinked":true,"unit":"px","size":null}},"elements":[{"id":"7ac27a33","settings":{"content_width":"full","title":"One-Time Only","title_size":"h4","align_mobile":"center","typography_typography":"custom","typography_font_size_tablet":{"unit":"px","size":32,"sizes":[]},"typography_font_size_mobile":{"unit":"px","size":22,"sizes":[]},"title_color":"#FFFFFF"},"elements":[],"isInner":false,"widgetType":"ecomus-heading","elType":"widget"},{"id":"2a0c0d18","settings":{"content_width":"full","title":"Special Offers You Can't Miss: These deals won't last forever!","title_size":"p","align_mobile":"center","title_color":"#FFFFFF","typography_typography":"custom","typography_font_size":{"unit":"px","size":20,"sizes":[]},"typography_font_size_mobile":{"unit":"px","size":16,"sizes":[]},"typography_line_height":{"unit":"px","size":24,"sizes":[]},"typography_line_height_tablet":{"unit":"px","size":"","sizes":[]},"typography_line_height_mobile":{"unit":"px","size":"","sizes":[]},"_margin":{"unit":"px","top":"0","right":"0","bottom":"10","left":"0","isLinked":false},"_margin_mobile":{"unit":"px","top":"0","right":"0","bottom":"7","left":"0","isLinked":false}},"elements":[],"isInner":false,"widgetType":"ecomus-heading","elType":"widget"},{"id":"18789d76","settings":{"content_width":"full","button_style":"subtle","text":"Shop now","align_mobile":"center","icon_align":"right","typography_typography":"custom","typography_font_weight":"600","button_text_color":"#FFFFFF","button_text":"Shop Now","show_button_icon":"alway","button_link":{"url":"https:\/\/wpecomus.com\/men\/shop","is_external":"","nofollow":"","custom_attributes":""}},"elements":[],"isInner":false,"widgetType":"ecomus-button","elType":"widget"}],"isInner":true,"elType":"container"},{"id":"34983a43","settings":{"flex_direction":"column","content_width":"full","width":{"unit":"%","size":"50"}},"elements":[{"id":"14eaf1fe","settings":{"content_width":"full","due_date":"2024-09-30 00:00","form_align":"flex-end","form_align_mobile":"center","timer_padding_mobile":{"unit":"px","top":"11","right":"0","bottom":"10.82","left":"0","isLinked":false},"digit_spacing_mobile":{"unit":"px","size":1,"sizes":[]},"timer_padding":{"unit":"px","top":"12","right":"24","bottom":"9","left":"24","isLinked":false},"timer_padding_tablet":{"unit":"px","top":"7.42","right":"0","bottom":"7","left":"0","isLinked":false},"digit_spacing_tablet":{"unit":"px","size":2,"sizes":[]},"text_typography_typography":"custom","text_typography_font_size_mobile":{"unit":"px","size":12,"sizes":[]},"timer_color":"#FFFFFF","timer_border_border":"solid","timer_border_width":{"unit":"px","top":"1","right":"1","bottom":"1","left":"1","isLinked":true},"timer_border_color":"#FFFFFF","timer_width":{"unit":"px","size":92,"sizes":[]},"timer_width_tablet":{"unit":"px","size":70,"sizes":[]},"timer_width_mobile":{"unit":"px","size":60,"sizes":[]}},"elements":[],"isInner":false,"widgetType":"ecomus-countdown","elType":"widget"}],"isInner":true,"elType":"container"}],"isInner":false,"elType":"container"},{"id":"1e9ab660","settings":{"flex_direction":"row","flex_gap":{"unit":"px","size":30,"column":"30","row":"30","isLinked":true},"flex_gap_tablet":{"column":"15","row":"15","isLinked":true,"unit":"px","size":15},"flex_wrap_tablet":"wrap","margin":{"unit":"px","top":"0","right":"0","bottom":"98","left":"0","isLinked":false},"margin_tablet":{"unit":"px","top":"0","right":"0","bottom":"83","left":"0","isLinked":false},"margin_mobile":{"unit":"px","top":"0","right":"0","bottom":"29","left":"0","isLinked":false}},"elements":[{"id":"60423ba","settings":{"flex_direction":"row","content_width":"full","width":{"unit":"%","size":"66.6666"},"width_tablet":{"unit":"%","size":100,"sizes":[]},"width_mobile":{"unit":"%","size":"","sizes":[]},"flex_gap":{"column":"30","row":"30","isLinked":true,"unit":"px","size":30},"flex_gap_tablet":{"column":"15","row":"15","isLinked":true,"unit":"px","size":15}},"elements":[{"id":"17849977","settings":{"content_width":"full","image":{"id":5019,"url":"https:\/\/wpecomus.com\/men\/wp-content\/uploads\/sites\/4\/2024\/08\/homemen_banner01.webp","alt":"","source":"library","size":""},"title":"","button_text":"Clothing","height":{"unit":"px","size":630,"sizes":[]},"height_tablet":{"unit":"px","size":415,"sizes":[]},"height_mobile":{"unit":"px","size":350,"sizes":[]},"text_align":"center","border_radius":{"unit":"px","top":"10","right":"10","bottom":"10","left":"10","isLinked":true},"button_typography_typography":"custom","button_typography_font_size":{"unit":"px","size":18,"sizes":[]},"button_typography_font_weight":"500","_element_width":"initial","_element_custom_width":{"unit":"%","size":50,"sizes":[]},"_element_custom_width_mobile":{"unit":"%","size":100,"sizes":[]},"show_button_icon":"hover","button_link":{"url":"https:\/\/wpecomus.com\/men\/product-category\/clothes\/","is_external":"","nofollow":"","custom_attributes":""},"button_padding_mobile":{"unit":"px","top":"13","right":"20","bottom":"13","left":"20","isLinked":false},"button_typography_font_size_mobile":{"unit":"px","size":16,"sizes":[]},"button_icon_indent_mobile":{"unit":"px","size":0,"sizes":[]},"button_icon_size_mobile":{"unit":"px","size":0,"sizes":[]}},"elements":[],"isInner":false,"widgetType":"ecomus-banner","elType":"widget"},{"id":"5d32103f","settings":{"content_width":"full","image":{"id":5020,"url":"https:\/\/wpecomus.com\/men\/wp-content\/uploads\/sites\/4\/2024\/08\/homemen_banner02.webp","alt":"","source":"library","size":""},"title":"","button_text":"Sneaker","height":{"unit":"px","size":630,"sizes":[]},"height_tablet":{"unit":"px","size":415,"sizes":[]},"height_mobile":{"unit":"px","size":350,"sizes":[]},"text_align":"center","border_radius":{"unit":"px","top":"10","right":"10","bottom":"10","left":"10","isLinked":true},"button_typography_typography":"custom","button_typography_font_size":{"unit":"px","size":18,"sizes":[]},"button_typography_font_weight":"500","_element_width":"initial","_element_custom_width":{"unit":"%","size":50,"sizes":[]},"_element_custom_width_mobile":{"unit":"%","size":100,"sizes":[]},"show_button_icon":"hover","button_link":{"url":"https:\/\/wpecomus.com\/men\/product-category\/shoes\/","is_external":"","nofollow":"","custom_attributes":""},"button_padding_mobile":{"unit":"px","top":"13","right":"20","bottom":"13","left":"20","isLinked":false},"button_typography_font_size_mobile":{"unit":"px","size":16,"sizes":[]},"button_icon_indent_mobile":{"unit":"px","size":0,"sizes":[]},"button_icon_size_mobile":{"unit":"px","size":0,"sizes":[]}},"elements":[],"isInner":false,"widgetType":"ecomus-banner","elType":"widget"}],"isInner":true,"elType":"container"},{"id":"49f93ce7","settings":{"flex_direction":"column","content_width":"full","width":{"unit":"%","size":"33.3333"},"width_tablet":{"unit":"%","size":100,"sizes":[]},"width_mobile":{"unit":"%","size":"","sizes":[]},"flex_direction_tablet":"row","flex_gap":{"column":"30","row":"30","isLinked":true,"unit":"px","size":30},"flex_gap_tablet":{"column":"15","row":"15","isLinked":true,"unit":"px","size":15}},"elements":[{"id":"5b38657e","settings":{"content_width":"full","image":{"id":5021,"url":"https:\/\/wpecomus.com\/men\/wp-content\/uploads\/sites\/4\/2024\/08\/homemen_banner03.webp","alt":"","source":"library","size":""},"title":"","button_text":"Accessories","height":{"unit":"px","size":300,"sizes":[]},"height_tablet":{"unit":"px","size":415,"sizes":[]},"height_mobile":{"unit":"px","size":350,"sizes":[]},"text_align":"center","border_radius":{"unit":"px","top":"10","right":"10","bottom":"10","left":"10","isLinked":true},"button_typography_typography":"custom","button_typography_font_size":{"unit":"px","size":18,"sizes":[]},"button_typography_font_weight":"500","_element_width_tablet":"initial","_element_custom_width_tablet":{"unit":"%","size":50,"sizes":[]},"_element_custom_width_mobile":{"unit":"%","size":100,"sizes":[]},"show_button_icon":"hover","button_link":{"url":"https:\/\/wpecomus.com\/men\/product-category\/accesories\/","is_external":"","nofollow":"","custom_attributes":""},"title_typography_typography":"custom","button_padding_mobile":{"unit":"px","top":"13","right":"20","bottom":"13","left":"20","isLinked":false},"button_typography_font_size_mobile":{"unit":"px","size":16,"sizes":[]},"button_icon_indent_mobile":{"unit":"px","size":0,"sizes":[]},"button_icon_size_mobile":{"unit":"px","size":0,"sizes":[]}},"elements":[],"isInner":false,"widgetType":"ecomus-banner","elType":"widget"},{"id":"66b7754b","settings":{"content_width":"full","image":{"id":5022,"url":"https:\/\/wpecomus.com\/men\/wp-content\/uploads\/sites\/4\/2024\/08\/homemen_banner04.webp","alt":"","source":"library","size":""},"title":"","button_text":"New Arrivals","height":{"unit":"px","size":300,"sizes":[]},"height_tablet":{"unit":"px","size":415,"sizes":[]},"height_mobile":{"unit":"px","size":350,"sizes":[]},"text_align":"center","border_radius":{"unit":"px","top":"10","right":"10","bottom":"10","left":"10","isLinked":true},"button_typography_typography":"custom","button_typography_font_size":{"unit":"px","size":18,"sizes":[]},"button_typography_font_weight":"500","_element_width_tablet":"initial","_element_custom_width_tablet":{"unit":"%","size":50,"sizes":[]},"_element_custom_width_mobile":{"unit":"%","size":100,"sizes":[]},"show_button_icon":"hover","button_link":{"url":"https:\/\/wpecomus.com\/men\/shop\/?orderby=date","is_external":"","nofollow":"","custom_attributes":""},"button_padding_mobile":{"unit":"px","top":"13","right":"20","bottom":"13","left":"20","isLinked":false},"button_typography_font_size_mobile":{"unit":"px","size":16,"sizes":[]},"button_icon_indent_mobile":{"unit":"px","size":0,"sizes":[]},"button_icon_size_mobile":{"unit":"px","size":0,"sizes":[]}},"elements":[],"isInner":false,"widgetType":"ecomus-banner","elType":"widget"}],"isInner":true,"elType":"container"}],"isInner":false,"elType":"container"},{"id":"26a85dc5","settings":{"flex_direction":"row","flex_gap":{"unit":"px","size":0,"column":"0","row":"0","isLinked":true},"flex_direction_tablet":"column","flex_gap_tablet":{"column":"","row":"","isLinked":true,"unit":"px","size":null},"background_background":"classic","background_image":{"id":5023,"url":"https:\/\/wpecomus.com\/men\/wp-content\/uploads\/sites\/4\/2024\/08\/homemen_banner06.webp","alt":"","source":"library","size":""},"background_position":"center center","background_position_tablet":"initial","background_position_mobile":"initial","background_xpos_tablet":{"unit":"%","size":56,"sizes":[]},"background_xpos_mobile":{"unit":"%","size":62,"sizes":[]},"background_ypos_tablet":{"unit":"%","size":0,"sizes":[]},"background_ypos_mobile":{"unit":"%","size":0,"sizes":[]},"background_repeat":"no-repeat","background_size":"cover","background_size_tablet":"cover","margin":{"unit":"px","top":"0","right":"0","bottom":"93","left":"0","isLinked":false},"margin_tablet":{"unit":"px","top":"0","right":"0","bottom":"79","left":"0","isLinked":false},"margin_mobile":{"unit":"px","top":"0","right":"0","bottom":"27","left":"0","isLinked":false},"padding":{"unit":"px","top":"195","right":"0","bottom":"196","left":"0","isLinked":false},"padding_tablet":{"unit":"px","top":"243","right":"84","bottom":"243","left":"38","isLinked":false},"padding_mobile":{"unit":"px","top":"97","right":"19","bottom":"96","left":"19","isLinked":false}},"elements":[{"id":"6235bdc6","settings":{"flex_direction":"column","content_width":"full","width":{"unit":"%","size":52},"width_tablet":{"unit":"%","size":74,"sizes":[]},"width_mobile":{"unit":"%","size":"","sizes":[]},"flex_gap":{"column":"0","row":"0","isLinked":true,"unit":"px","size":0},"background_background":"classic","background_color":"#FFFFFF","border_radius":{"unit":"px","top":"10","right":"10","bottom":"10","left":"10","isLinked":true},"padding":{"unit":"px","top":"80","right":"44","bottom":"80","left":"44","isLinked":false},"padding_tablet":{"unit":"px","top":"40","right":"20","bottom":"40","left":"20","isLinked":false},"padding_mobile":{"unit":"px","top":"20","right":"020","bottom":"20","left":"020","isLinked":false}},"elements":[{"id":"461ca88c","settings":{"content_width":"full","title":"GET YOUR FASHION FIX HERE","title_size":"div","title_color":"#000000","typography_typography":"custom","typography_font_size":{"unit":"px","size":14,"sizes":[]},"typography_font_weight":"700","typography_text_transform":"uppercase","_margin":{"unit":"px","top":"0","right":"0","bottom":"16","left":"0","isLinked":false}},"elements":[],"isInner":false,"widgetType":"ecomus-heading","elType":"widget"},{"id":"2a9b6208","settings":{"content_width":"full","title":"Spring Collections","typography_typography":"custom","typography_font_size":{"unit":"px","size":52,"sizes":[]},"typography_font_size_tablet":{"unit":"px","size":40,"sizes":[]},"typography_font_size_mobile":{"unit":"px","size":24,"sizes":[]},"typography_font_weight":"400","_margin":{"unit":"px","top":"0","right":"0","bottom":"25","left":"0","isLinked":false},"_margin_mobile":{"unit":"px","top":"0","right":"0","bottom":"20","left":"0","isLinked":false}},"elements":[],"isInner":false,"widgetType":"ecomus-heading","elType":"widget"},{"id":"36137c0c","settings":{"content_width":"full","title":"Shop our luxury silk button-up blouses made with ultra-soft, washable silk.","title_size":"p","title_color":"#545454","typography_typography":"custom","typography_font_size":{"unit":"px","size":16,"sizes":[]},"typography_font_weight":"400","_margin":{"unit":"px","top":"0","right":"0","bottom":"36","left":"0","isLinked":false},"_margin_mobile":{"unit":"px","top":"0","right":"0","bottom":"20","left":"0","isLinked":false}},"elements":[],"isInner":false,"widgetType":"ecomus-heading","elType":"widget"},{"id":"e5eb958","settings":{"content_width":"full","text":"Shop Collection","typography_typography":"custom","typography_font_size":{"unit":"px","size":14,"sizes":[]},"typography_font_weight":"600","border_radius":{"unit":"px","top":"60","right":"60","bottom":"60","left":"60","isLinked":true},"text_padding":{"unit":"px","top":"15","right":"31","bottom":"15","left":"31","isLinked":false},"text_padding_mobile":{"unit":"px","top":"11","right":"26","bottom":"11","left":"26","isLinked":false},"button_text":"Shop Collection","button_link":{"url":"https:\/\/wpecomus.com\/men\/shop\/","is_external":"","nofollow":"","custom_attributes":""},"button_padding":{"unit":"px","top":"16","right":"30","bottom":"16","left":"30","isLinked":false},"button_padding_mobile":{"unit":"px","top":"13","right":"20","bottom":"13","left":"20","isLinked":false}},"elements":[],"isInner":false,"widgetType":"ecomus-button","elType":"widget"}],"isInner":true,"elType":"container"},{"id":"176ee9e0","settings":{"flex_direction":"column","content_width":"full","width":{"unit":"%","size":"66.6666"},"hide_tablet":"hidden-tablet","hide_mobile":"hidden-mobile"},"elements":[],"isInner":true,"elType":"container"}],"isInner":false,"elType":"container"},{"id":"2c9cad89","settings":{"margin":{"unit":"px","top":"0","right":"0","bottom":"78","left":"0","isLinked":false},"margin_tablet":{"unit":"px","top":"0","right":"0","bottom":"66","left":"0","isLinked":false},"margin_mobile":{"unit":"px","top":"0","right":"0","bottom":"040","left":"0","isLinked":false}},"elements":[{"id":"642645eb","settings":{"content_width":"full","tabs":[{"heading":"Best sellers","_id":"45cd504"},{"heading":"Sale","products":"sale_products","_id":"f3edec3"},{"_id":"4d806c0","heading":"Graphics","product_tag":"graphics"},{"heading":"Jeans","_id":"adab2b1","product_cat":"jeans"}],"pagination_border_radius":{"unit":"px","top":"50","right":"50","bottom":"50","left":"50","isLinked":true},"pagination_hover_color":"#FFFFFF","pagination_background_hover_color":"#000000","pagination_hover_border_color":"#000000","heading_spacing_mobile":{"unit":"px","size":30,"sizes":[]},"heading_spacing_tablet":{"unit":"px","size":30,"sizes":[]}},"elements":[],"isInner":false,"widgetType":"ecomus-product-tabs-grid","elType":"widget"}],"isInner":false,"elType":"container"},{"id":"6c70916e","settings":{"flex_direction":"row","flex_gap":{"unit":"px","size":0,"column":"0","row":"0","isLinked":true},"margin":{"unit":"px","top":"0","right":"0","bottom":"79","left":"0","isLinked":false},"margin_tablet":{"unit":"px","top":"0","right":"0","bottom":"67","left":"0","isLinked":false},"margin_mobile":{"unit":"px","top":"0","right":"0","bottom":"23","left":"0","isLinked":false}},"elements":[{"id":"4d062ed6","settings":{"flex_direction":"column","content_width":"full","width":{"unit":"%","size":"50"},"width_tablet":{"unit":"%","size":"","sizes":[]},"width_mobile":{"unit":"%","size":"","sizes":[]}},"elements":[{"id":"2af37796","settings":{"content_width":"full","image":{"id":5024,"url":"https:\/\/wpecomus.com\/men\/wp-content\/uploads\/sites\/4\/2024\/08\/homemen_banner07.webp","alt":"","source":"library","size":""},"image_size":"full","height_tablet":{"unit":"%","size":100,"sizes":[]},"height_mobile":{"unit":"%","size":"","sizes":[]},"object-fit_tablet":"cover","image_border_radius":{"unit":"px","top":"10","right":"0","bottom":"0","left":"10","isLinked":false},"image_border_radius_mobile":{"unit":"px","top":"10","right":"10","bottom":"0","left":"0","isLinked":false},"_flex_size_tablet":"grow","height":{"unit":"%","size":100,"sizes":[]},"object-fit":"cover","image_border_radius_tablet":{"unit":"px","top":"10","right":"0","bottom":"0","left":"10","isLinked":false},"_flex_size":"grow"},"elements":[],"isInner":false,"widgetType":"image","elType":"widget"}],"isInner":true,"elType":"container"},{"id":"2da0e28c","settings":{"flex_direction":"column","content_width":"full","width":{"unit":"%","size":"50"},"flex_gap":{"column":"0","row":"0","isLinked":true,"unit":"px","size":0},"background_background":"classic","background_color":"#F5F6F0","border_radius":{"unit":"px","top":"0","right":"10","bottom":"10","left":"0","isLinked":false},"border_radius_mobile":{"unit":"px","top":"0","right":"0","bottom":"10","left":"10","isLinked":false},"padding":{"unit":"px","top":"10","right":"0","bottom":"15","left":"108","isLinked":false},"padding_tablet":{"unit":"px","top":"22","right":"0","bottom":"20","left":"51","isLinked":false},"padding_mobile":{"unit":"px","top":"29","right":"14","bottom":"24","left":"14","isLinked":false},"flex_justify_content":"center"},"elements":[{"id":"348f0aff","settings":{"content_width":"full","title":"GET YOUR FASHION FIX HERE","title_size":"div","align_mobile":"center","title_color":"#000000","typography_typography":"custom","typography_font_size":{"unit":"px","size":14,"sizes":[]},"typography_font_weight":"700","typography_text_transform":"uppercase","_margin":{"unit":"px","top":"0","right":"0","bottom":"16","left":"0","isLinked":false}},"elements":[],"isInner":false,"widgetType":"ecomus-heading","elType":"widget"},{"id":"25dded0e","settings":{"content_width":"full","title":"60% Discount","align_mobile":"center","typography_typography":"custom","typography_font_size":{"unit":"px","size":52,"sizes":[]},"typography_font_size_tablet":{"unit":"px","size":40,"sizes":[]},"typography_font_size_mobile":{"unit":"px","size":24,"sizes":[]},"typography_font_weight":"400","_margin":{"unit":"px","top":"0","right":"0","bottom":"25","left":"0","isLinked":false},"_margin_mobile":{"unit":"px","top":"0","right":"0","bottom":"20","left":"0","isLinked":false}},"elements":[],"isInner":false,"widgetType":"ecomus-heading","elType":"widget"},{"id":"6776fb9b","settings":{"content_width":"full","title":"Shop our luxury silk button-up blouses made with ultra-soft, washable silk.","title_size":"p","align_mobile":"center","title_color":"#545454","typography_typography":"custom","typography_font_size":{"unit":"px","size":16,"sizes":[]},"typography_font_weight":"400","_margin":{"unit":"px","top":"0","right":"0","bottom":"16","left":"0","isLinked":false},"_margin_mobile":{"unit":"px","top":"0","right":"0","bottom":"20","left":"0","isLinked":false}},"elements":[],"isInner":false,"widgetType":"ecomus-heading","elType":"widget"},{"id":"1d5109bc","settings":{"content_width":"full","title":"<b>Hurry up!<\/b> Deals end in:","title_size":"p","align_mobile":"center","title_color":"#000000","typography_typography":"custom","typography_font_size":{"unit":"px","size":16,"sizes":[]},"typography_font_weight":"400","_margin":{"unit":"px","top":"0","right":"0","bottom":"20","left":"0","isLinked":false},"_margin_mobile":{"unit":"px","top":"0","right":"0","bottom":"20","left":"0","isLinked":false}},"elements":[],"isInner":false,"widgetType":"ecomus-heading","elType":"widget"},{"id":"6cb14bcb","settings":{"content_width":"full","due_date":"2024-11-15 00:00","form_align_mobile":"center","timer_width":{"unit":"px","size":60,"sizes":[]},"timer_padding":{"unit":"px","top":"6","right":"10","bottom":"6","left":"10","isLinked":false},"timer_background_color":"#FFFFFF","timer_border_border":"none","digit_typography_typography":"custom","digit_typography_font_size":{"unit":"px","size":30,"sizes":[]},"digit_typography_font_weight":"400","text_typography_typography":"custom","text_typography_font_size":{"unit":"px","size":10,"sizes":[]},"text_typography_font_weight":"700","_margin":{"unit":"px","top":"0","right":"0","bottom":"34","left":"0","isLinked":false},"_margin_mobile":{"unit":"px","top":"0","right":"0","bottom":"18","left":"0","isLinked":false}},"elements":[],"isInner":false,"widgetType":"ecomus-countdown","elType":"widget"},{"id":"67902236","settings":{"content_width":"full","text":"Shop Collection","align_mobile":"center","typography_typography":"custom","typography_font_size":{"unit":"px","size":14,"sizes":[]},"typography_font_weight":"600","border_radius":{"unit":"px","top":"60","right":"60","bottom":"60","left":"60","isLinked":true},"text_padding":{"unit":"px","top":"15","right":"31","bottom":"15","left":"31","isLinked":false},"text_padding_mobile":{"unit":"px","top":"11","right":"26","bottom":"11","left":"26","isLinked":false},"button_text":"Shop Collection","button_link":{"url":"https:\/\/wpecomus.com\/men\/shop\/?product_status=on_sale","is_external":"","nofollow":"","custom_attributes":""},"button_padding":{"unit":"px","top":"16","right":"30","bottom":"16","left":"30","isLinked":false},"button_padding_mobile":{"unit":"px","top":"13","right":"20","bottom":"13","left":"20","isLinked":false}},"elements":[],"isInner":false,"widgetType":"ecomus-button","elType":"widget"}],"isInner":true,"elType":"container"}],"isInner":false,"elType":"container"},{"id":"7bfaee23","settings":{"boxed_width":{"unit":"px","size":1440,"sizes":[]},"margin":{"unit":"px","top":"0","right":"0","bottom":"74","left":"0","isLinked":false},"margin_tablet":{"unit":"px","top":"0","right":"0","bottom":"62","left":"0","isLinked":false},"margin_mobile":{"unit":"px","top":"0","right":"0","bottom":"22","left":"0","isLinked":false},"border_border":"solid","border_width":{"unit":"px","top":"0","right":"0","bottom":"1","left":"0","isLinked":false},"border_color":"#EBEBEB","padding":{"unit":"px","top":"0","right":"0","bottom":"77","left":"0","isLinked":false},"padding_tablet":{"unit":"px","top":"0","right":"0","bottom":"65","left":"0","isLinked":false},"padding_mobile":{"unit":"px","top":"0","right":"0","bottom":"23","left":"0","isLinked":false}},"elements":[{"id":"26c8cccb","settings":{"content_width":"full","icons_box":[{"icon":{"value":{"url":"https:\/\/wpecomus.com\/men\/wp-content\/uploads\/sites\/4\/2024\/06\/box.svg","id":1397},"library":"svg"},"title":"Free Shipping","description":"You will love at great low prices","_id":"82d6a6a","image":{"id":"","url":"https:\/\/wpecomus.com\/men\/wp-content\/plugins\/elementor\/assets\/images\/placeholder.png"}},{"icon":{"value":{"url":"https:\/\/wpecomus.com\/men\/wp-content\/uploads\/sites\/4\/2024\/06\/card.svg","id":1398},"library":"svg"},"title":"Flexible Payment","description":"Pay with Multiple Credit Cards","_id":"a15fb08","image":{"id":"","url":"https:\/\/wpecomus.com\/men\/wp-content\/plugins\/elementor\/assets\/images\/placeholder.png"}},{"icon":{"value":{"url":"https:\/\/wpecomus.com\/men\/wp-content\/uploads\/sites\/4\/2024\/06\/return.svg","id":1399},"library":"svg"},"title":"14 Day Returns","description":"Within 30 days for an exchange","_id":"edf6df9","image":{"id":"","url":"https:\/\/wpecomus.com\/men\/wp-content\/plugins\/elementor\/assets\/images\/placeholder.png"}},{"_id":"1e7f2a4","icon":{"value":{"url":"https:\/\/wpecomus.com\/men\/wp-content\/uploads\/sites\/4\/2024\/06\/support.svg","id":1400},"library":"svg"},"title":"Premium Support","description":"Outstanding premium support","image":{"id":"","url":"https:\/\/wpecomus.com\/men\/wp-content\/plugins\/elementor\/assets\/images\/placeholder.png"}}],"slides_to_show":4,"navigation_classes_tablet":"dots","navigation_classes_mobile":"dots","content_border_border":"none","content_border_width":{"unit":"px","top":"1","right":"1","bottom":"1","left":"1","isLinked":true},"content_border_color":"#EBEBEB","title_typography_typography":"custom","title_typography_font_size":{"unit":"px","size":18,"sizes":[]},"title_typography_font_weight":"500","description_color":"#545454","icon_color":"#000000","icon_size":{"unit":"px","size":30,"sizes":[]},"position":"left","icon_border_border":"solid","icon_border_width":{"unit":"px","top":"1","right":"1","bottom":"1","left":"1","isLinked":true},"icon_border_color":"#ECECEC","border_radius":{"unit":"%","top":"100","right":"100","bottom":"100","left":"100","isLinked":true},"icon_padding":{"unit":"px","top":"20","right":"20","bottom":"20","left":"20","isLinked":true},"slides_to_show_tablet":2,"slides_to_show_mobile":1,"slides_to_scroll_tablet":2,"slides_to_scroll_mobile":1,"position_mobile":"top","vertical_alignment":"middle","alignment":"left","alignment_mobile":"center","title_spacing":{"unit":"px","size":5,"sizes":[]},"icon_spacing":{"unit":"px","size":20,"sizes":[]}},"elements":[],"isInner":false,"widgetType":"ecomus-icon-box-carousel","elType":"widget"}],"isInner":false,"elType":"container"},{"id":"67ba2cb","settings":{"margin":{"unit":"px","top":"0","right":"0","bottom":"100","left":"0","isLinked":false},"margin_tablet":{"unit":"px","top":"0","right":"0","bottom":"85","left":"0","isLinked":false},"margin_mobile":{"unit":"px","top":"10","right":"0","bottom":"30","left":"0","isLinked":false}},"elements":[{"id":"e398f0d","settings":{"content_width":"full","title":"Blogs post","title_size":"h4","align":"center","typography_typography":"custom","typography_font_size_tablet":{"unit":"px","size":32,"sizes":[]},"typography_font_size_mobile":{"unit":"px","size":22,"sizes":[]},"_margin":{"unit":"px","top":"0","right":"0","bottom":"40","left":"0","isLinked":false},"_margin_mobile":{"unit":"px","top":"10","right":"10","bottom":"10","left":"10","isLinked":true}},"elements":[],"isInner":false,"widgetType":"ecomus-heading","elType":"widget"},{"id":"1cd24c57","settings":{"content_width":"full","slides_to_show_tablet":2,"slides_to_show_mobile":1,"slides_to_scroll_tablet":2,"image_spacing_custom_tablet":30,"navigation_classes_tablet":"dots","navigation_classes_mobile":"dots","arrows_vertical_spacing":{"unit":"%","size":41,"sizes":[]},"arrows_vertical_spacing_tablet":{"unit":"%","size":"","sizes":[]},"arrows_vertical_spacing_mobile":{"unit":"%","size":"","sizes":[]}},"elements":[],"isInner":false,"widgetType":"ecomus-posts-carousel","elType":"widget"}],"isInner":false,"elType":"container"},{"id":"6fc7cbad","settings":{"content_width":"full","margin":{"unit":"px","top":"0","right":"0","bottom":"100","left":"0","isLinked":false},"margin_tablet":{"unit":"px","top":"0","right":"0","bottom":"85","left":"0","isLinked":false},"margin_mobile":{"unit":"px","top":"0","right":"0","bottom":"30","left":"0","isLinked":false}},"elements":[{"id":"7f800d2","settings":{"content_width":"full","items":[{"text":"BUY NOW, PAY LATER WITH KLARNA","_id":"5316afa","icon":{"value":"","library":""},"image":{"id":"","url":"https:\/\/wpecomus.com\/men\/wp-content\/plugins\/elementor\/assets\/images\/placeholder.png"}},{"text":"FREE UK DELIVERY AND RETURNS ON ALL ORDERS","icon":{"value":"","library":""},"_id":"7729fa9","image":{"id":"","url":"https:\/\/wpecomus.com\/men\/wp-content\/plugins\/elementor\/assets\/images\/placeholder.png"}},{"text":"FREE UK DELIVERY AND RETURNS ON ALL ORDERS","icon":{"value":"","library":""},"_id":"bef20d6","image":{"id":"","url":"https:\/\/wpecomus.com\/men\/wp-content\/plugins\/elementor\/assets\/images\/placeholder.png"}}],"padding":{"unit":"px","top":"0","right":"0","bottom":"0","left":"0","isLinked":true},"gap":{"unit":"px","size":52,"sizes":[]},"background_color":"#02010100","icon_size":{"unit":"px","size":43,"sizes":[]},"spacing":{"unit":"px","size":52,"sizes":[]},"text_typography_typography":"custom","text_typography_font_size":{"unit":"px","size":80,"sizes":[]},"text_typography_font_weight":"800","text_typography_text_transform":"uppercase","gap_tablet":{"unit":"px","size":42,"sizes":[]},"gap_mobile":{"unit":"px","size":38,"sizes":[]},"spacing_tablet":{"unit":"px","size":42,"sizes":[]},"spacing_mobile":{"unit":"px","size":38,"sizes":[]},"text_typography_font_size_tablet":{"unit":"px","size":60,"sizes":[]},"text_typography_font_size_mobile":{"unit":"px","size":40,"sizes":[]}},"elements":[],"isInner":false,"widgetType":"ecomus-marquee","elType":"widget"}],"isInner":false,"elType":"container"}],"page_settings":{"hide_page_header":"yes","content_top_spacing":"custom","content_top_padding":{"unit":"px","size":0,"sizes":[]},"content_bottom_spacing":"custom","content_bottom_padding":{"unit":"px","size":0,"sizes":[]}},"version":"0.4","title":"Home Multi Brand(Men)","type":"page"}