{"content":[{"id":"521bec27","settings":{"content_width":"full"},"elements":[{"id":"4fecd637","settings":{"content_width":"full","slides":[{"title":"Living <br>on a cloud.","description":"You have to feel it to believe it.","button_text":"Shop collection","_id":"b1ef4f5","banner_background_img":{"id":5270,"url":"https:\/\/wpecomus.com\/activewear\/wp-content\/uploads\/sites\/8\/2024\/08\/homeactivewear_slider01-scaled.webp","alt":"","source":"library","size":""},"background_position_mobile":"center center","button_link":{"url":"https:\/\/wpecomus.com\/activewear\/product-category\/women\/sport-bras\/","is_external":"","nofollow":"","custom_attributes":""}},{"title":"Unleash <br class=\"hidden-xs\">your strength","description":"You have to feel it to believe it.","button_text":"Shop collection","banner_background_img":{"id":5271,"url":"https:\/\/wpecomus.com\/activewear\/wp-content\/uploads\/sites\/8\/2024\/08\/homeactivewear_slider02-scaled.webp","alt":"","source":"library","size":""},"_id":"f47f5d9","background_position_mobile":"center center","button_link":{"url":"https:\/\/wpecomus.com\/activewear\/product-category\/men\/","is_external":"","nofollow":"","custom_attributes":""}},{"title":"Elevate <br>your fitness","description":"You have to feel it to believe it.","button_text":"Shop collection","banner_background_img":{"id":5272,"url":"https:\/\/wpecomus.com\/activewear\/wp-content\/uploads\/sites\/8\/2024\/08\/homeactivewear_slider03-scaled.webp","alt":"","source":"library","size":""},"_id":"c04e229","background_position_mobile":"center center","button_link":{"url":"https:\/\/wpecomus.com\/activewear\/product-category\/women\/leggings\/","is_external":"","nofollow":"","custom_attributes":""}}],"slides_height":{"unit":"px","size":854,"sizes":[]},"navigation_classes":"dots","dots_type":"long","dot_align":"left","button_style":"outline","slides_height_tablet":{"unit":"px","size":345,"sizes":[]},"slides_height_mobile":{"unit":"px","size":450,"sizes":[]},"navigation_classes_tablet":"dots","navigation_classes_mobile":"dots","title_typography_typography":"custom","title_typography_font_weight":"600","title_spacing":{"unit":"px","size":18,"sizes":[]},"description_spacing":{"unit":"px","size":48,"sizes":[]},"description_spacing_tablet":{"unit":"px","size":32,"sizes":[]},"description_spacing_mobile":{"unit":"px","size":0,"sizes":[]},"button_padding":{"unit":"px","top":"15.5","right":"36","bottom":"15.5","left":"36","isLinked":false},"button_padding_mobile":{"unit":"px","top":"11.5","right":"27","bottom":"11.5","left":"27","isLinked":false},"button_border_radius":{"unit":"px","top":"60","right":"60","bottom":"60","left":"60","isLinked":true},"dots_spacing_tablet":{"unit":"px","size":23,"sizes":[]},"dot_align_tablet":"center","button_icon":{"value":{"url":"https:\/\/wpecomus.com\/activewear\/wp-content\/uploads\/sites\/8\/2024\/07\/arrow-right.svg","id":3886},"library":"svg"},"show_button_icon":"alway","button_icon_padding":{"unit":"px","top":"2","right":"0","bottom":"0","left":"0","isLinked":false},"title_typography_line_height":{"unit":"em","size":1.2,"sizes":[]},"button_background_color":"#FFFFFF"},"elements":[],"isInner":false,"widgetType":"ecomus-slides","elType":"widget"}],"isInner":false,"elType":"container"},{"id":"e226e72","settings":{"background_background":"classic","background_color":"#E9F5E0","margin":{"unit":"px","top":"0","right":"0","bottom":"36","left":"0","isLinked":false},"margin_tablet":{"unit":"px","top":"0","right":"0","bottom":"30","left":"0","isLinked":false},"margin_mobile":{"unit":"px","top":"0","right":"0","bottom":"27","left":"0","isLinked":false},"padding":{"unit":"px","top":"36","right":"0","bottom":"36","left":"0","isLinked":false},"padding_tablet":{"unit":"px","top":"30","right":"0","bottom":"30","left":"0","isLinked":false},"padding_mobile":{"unit":"px","top":"27","right":"0","bottom":"27","left":"0","isLinked":false}},"elements":[{"id":"7b2dd5ea","settings":{"content_width":"full","icons_box":[{"icon":{"value":{"url":"https:\/\/wpecomus.com\/activewear\/wp-content\/uploads\/sites\/8\/2024\/06\/box.svg","id":1397},"library":"svg"},"title":"Free Shipping on Orders Over $120","description":"","_id":"91e6daf","title_size":"h3","image":{"id":5261,"url":"https:\/\/wpecomus.com\/activewear\/wp-content\/uploads\/sites\/8\/2024\/08\/placeholder.png"}},{"icon":{"value":{"url":"https:\/\/wpecomus.com\/activewear\/wp-content\/uploads\/sites\/8\/2024\/06\/card.svg","id":1398},"library":"svg"},"title":"Versatile and Adaptable Payment Solutions","description":"","_id":"64c7c4f","title_size":"h3","image":{"id":5262,"url":"https:\/\/wpecomus.com\/activewear\/wp-content\/uploads\/sites\/8\/2024\/08\/placeholder-1.png"}},{"icon":{"value":{"url":"https:\/\/wpecomus.com\/activewear\/wp-content\/uploads\/sites\/8\/2024\/06\/return.svg","id":1399},"library":"svg"},"title":"14-Day Hassle-Free Return Policy","description":"","_id":"bdc40e9","title_size":"h3","image":{"id":5263,"url":"https:\/\/wpecomus.com\/activewear\/wp-content\/uploads\/sites\/8\/2024\/08\/placeholder-2.png"}}],"position":"left","slides_to_show_tablet":3,"slides_to_show_mobile":1,"slides_to_scroll_tablet":1,"slides_to_scroll_mobile":1,"navigation_classes":"none","navigation_classes_tablet":"none","navigation_classes_mobile":"dots","alignment_mobile":"center","title_typography_typography":"custom","title_typography_font_size":{"unit":"px","size":14,"sizes":[]},"title_spacing":{"unit":"px","size":0,"sizes":[]},"icon_size":{"unit":"px","size":30,"sizes":[]},"icon_padding_mobile":{"unit":"px","top":"0","right":"0","bottom":"22","left":"0","isLinked":false},"icon_spacing":{"unit":"px","size":20,"sizes":[]},"icon_spacing_mobile":{"unit":"px","size":0,"sizes":[]},"dots_spacing_mobile":{"unit":"px","size":9,"sizes":[]},"vertical_alignment":"middle","alignment":"center","icon_color":"#000000","position_mobile":"top","title_typography_font_size_tablet":{"unit":"px","size":13,"sizes":[]}},"elements":[],"isInner":false,"widgetType":"ecomus-icon-box-carousel","elType":"widget"}],"isInner":false,"elType":"container"},{"id":"3d1b886c","settings":{"flex_direction":"row","flex_gap":{"unit":"px","size":30,"column":"30","row":"30","isLinked":true},"content_width":"full","padding":{"unit":"px","top":"0","right":"40","bottom":"0","left":"40","isLinked":false},"flex_gap_tablet":{"column":"15","row":"15","isLinked":true,"unit":"px","size":15},"margin":{"unit":"px","top":"0","right":"0","bottom":"86","left":"0","isLinked":false},"margin_tablet":{"unit":"px","top":"0","right":"0","bottom":"72","left":"0","isLinked":false},"margin_mobile":{"unit":"px","top":"0","right":"0","bottom":"64","left":"0","isLinked":false},"padding_tablet":{"unit":"px","top":"0","right":"30","bottom":"0","left":"30","isLinked":false},"padding_mobile":{"unit":"px","top":"0","right":"15","bottom":"0","left":"15","isLinked":false}},"elements":[{"id":"466b8339","settings":{"content_width":"full","width":{"unit":"%","size":"50"}},"elements":[{"id":"4831ace4","settings":{"content_width":"full","image":{"id":5284,"url":"https:\/\/wpecomus.com\/activewear\/wp-content\/uploads\/sites\/8\/2024\/08\/homeactivewear_banner01.webp","alt":"","source":"library","size":""},"title":"","button_text":"T-shirt & Top","height":{"unit":"px","size":810,"sizes":[]},"text_align":"","border_radius":{"unit":"px","top":"10","right":"10","bottom":"10","left":"10","isLinked":true},"height_tablet":{"unit":"px","size":795,"sizes":[]},"height_mobile":{"unit":"px","size":250,"sizes":[]},"button_type":"light","button_typography_typography":"custom","button_typography_font_size":{"unit":"px","size":22,"sizes":[]},"button_typography_font_size_mobile":{"unit":"px","size":20,"sizes":[]},"button_typography_font_weight":"500","button_margin":{"unit":"px","top":"0","right":"0","bottom":"30","left":"0","isLinked":false},"button_margin_mobile":{"unit":"px","top":"0","right":"0","bottom":"15","left":"0","isLinked":false},"button_padding":{"unit":"px","top":"12","right":"30","bottom":"13","left":"30","isLinked":false},"button_padding_mobile":{"unit":"px","top":"9","right":"21","bottom":"9","left":"21","isLinked":false},"show_button_icon":"hover","button_link":{"url":"https:\/\/wpecomus.com\/activewear\/product-category\/women\/t-shirt-top\/","is_external":"","nofollow":"","custom_attributes":""},"title_typography_typography":"custom","button_typography_font_family":"Young Serif","button_icon_size":{"unit":"px","size":10,"sizes":[]},"button_icon_indent_mobile":{"unit":"px","size":0,"sizes":[]},"button_icon_size_mobile":{"unit":"px","size":0,"sizes":[]}},"elements":[],"isInner":false,"widgetType":"ecomus-banner","elType":"widget"}],"isInner":true,"elType":"container"},{"id":"26f46078","settings":{"content_width":"full","width":{"unit":"%","size":"50"},"padding":{"unit":"px","top":0,"right":0,"bottom":0,"left":0,"isLinked":true},"flex_gap":{"unit":"px","size":0,"column":"0","row":"0","isLinked":true}},"elements":[{"id":"434d69f8","settings":{"content_width":"full","flex_gap":{"column":"30","row":"30","isLinked":true,"unit":"px","size":30},"flex_gap_tablet":{"column":"15","row":"15","isLinked":true,"unit":"px","size":15}},"elements":[{"id":"6aaffad4","settings":{"content_width":"full","image":{"id":5285,"url":"https:\/\/wpecomus.com\/activewear\/wp-content\/uploads\/sites\/8\/2024\/08\/homeactivewear_banner02.webp","alt":"","source":"library","size":""},"title":"","button_text":"Leggings","height":{"unit":"px","size":390,"sizes":[]},"text_align":"","border_radius":{"unit":"px","top":"10","right":"10","bottom":"10","left":"10","isLinked":true},"height_mobile":{"unit":"px","size":250,"sizes":[]},"button_type":"light","button_typography_typography":"custom","button_typography_font_size":{"unit":"px","size":22,"sizes":[]},"button_typography_font_size_mobile":{"unit":"px","size":20,"sizes":[]},"button_typography_font_weight":"500","button_margin":{"unit":"px","top":"0","right":"0","bottom":"30","left":"0","isLinked":false},"button_margin_mobile":{"unit":"px","top":"0","right":"0","bottom":"15","left":"0","isLinked":false},"button_padding":{"unit":"px","top":"12","right":"30","bottom":"12","left":"30","isLinked":false},"button_padding_mobile":{"unit":"px","top":"9","right":"21","bottom":"9","left":"21","isLinked":false},"button_link":{"url":"https:\/\/wpecomus.com\/activewear\/product-category\/women\/leggings\/","is_external":"","nofollow":"","custom_attributes":""},"show_button_icon":"hover","button_typography_font_family":"Young Serif","button_icon_size":{"unit":"px","size":10,"sizes":[]},"button_icon_indent_mobile":{"unit":"px","size":0,"sizes":[]},"button_icon_size_mobile":{"unit":"px","size":0,"sizes":[]}},"elements":[],"isInner":false,"widgetType":"ecomus-banner","elType":"widget"},{"id":"12504eee","settings":{"content_width":"full","image":{"id":5286,"url":"https:\/\/wpecomus.com\/activewear\/wp-content\/uploads\/sites\/8\/2024\/08\/homeactivewear_banner03.webp","alt":"","source":"library","size":""},"title":"","button_text":"Sport Bras","height":{"unit":"px","size":390,"sizes":[]},"text_align":"","border_radius":{"unit":"px","top":"10","right":"10","bottom":"10","left":"10","isLinked":true},"button_typography_typography":"custom","button_typography_font_size":{"unit":"px","size":22,"sizes":[]},"button_typography_font_weight":"500","height_mobile":{"unit":"px","size":250,"sizes":[]},"button_type":"light","button_typography_font_size_mobile":{"unit":"px","size":20,"sizes":[]},"button_margin":{"unit":"px","top":"0","right":"0","bottom":"30","left":"0","isLinked":false},"button_margin_mobile":{"unit":"px","top":"0","right":"0","bottom":"15","left":"0","isLinked":false},"button_padding":{"unit":"px","top":"12","right":"30","bottom":"12","left":"30","isLinked":false},"button_padding_mobile":{"unit":"px","top":"9","right":"21","bottom":"9","left":"21","isLinked":false},"button_link":{"url":"https:\/\/wpecomus.com\/activewear\/product-category\/women\/sport-bras\/","is_external":"","nofollow":"","custom_attributes":""},"show_button_icon":"hover","button_icon_size":{"unit":"px","size":10,"sizes":[]},"button_typography_font_family":"Young Serif","button_icon_indent_mobile":{"unit":"px","size":0,"sizes":[]},"button_icon_size_mobile":{"unit":"px","size":0,"sizes":[]}},"elements":[],"isInner":false,"widgetType":"ecomus-banner","elType":"widget"}],"isInner":true,"elType":"container"}],"isInner":true,"elType":"container"}],"isInner":false,"elType":"container"},{"id":"33efc144","settings":{"margin":{"unit":"px","top":"0","right":"0","bottom":"86","left":"0","isLinked":false},"margin_tablet":{"unit":"px","top":"0","right":"0","bottom":"72","left":"0","isLinked":false},"margin_mobile":{"unit":"px","top":"0","right":"0","bottom":"53","left":"0","isLinked":false}},"elements":[{"id":"3cdaafaf","settings":{"content_width":"full","show_heading":"yes","heading":"New releases","slides_to_show_tablet":3,"slides_to_show_mobile":2,"slides_to_scroll_tablet":3,"slides_to_scroll_mobile":2,"image_spacing_custom_mobile":15,"navigation_classes_tablet":"none","navigation_classes_mobile":"none","heading_spacing":{"unit":"px","size":30,"sizes":[]},"product_image_border_radius":{"unit":"px","top":"10","right":"10","bottom":"10","left":"10","isLinked":true},"arrows_heading_gap":{"unit":"px","size":8,"sizes":[]},"arrows_heading_size":{"unit":"px","size":14,"sizes":[]},"tag":"","arrows_prev_icon":{"value":{"url":"https:\/\/wpecomus.com\/activewear\/wp-content\/uploads\/sites\/8\/2024\/07\/arrow-left-1.svg","id":3940},"library":"svg"},"arrows_next_icon":{"value":{"url":"https:\/\/wpecomus.com\/activewear\/wp-content\/uploads\/sites\/8\/2024\/07\/arrow-right-1.svg","id":3941},"library":"svg"},"arrows_vertical_spacing":{"unit":"%","size":46,"sizes":[]},"arrows_vertical_spacing_tablet":{"unit":"%","size":"","sizes":[]},"arrows_vertical_spacing_mobile":{"unit":"%","size":"","sizes":[]}},"elements":[],"isInner":false,"widgetType":"ecomus-products-carousel","elType":"widget"}],"isInner":false,"elType":"container"},{"id":"1881e791","settings":{"flex_direction":"column","margin":{"unit":"px","top":"0","right":"0","bottom":"78","left":"0","isLinked":false},"margin_tablet":{"unit":"px","top":"0","right":"0","bottom":"66","left":"0","isLinked":false},"margin_mobile":{"unit":"px","top":"0","right":"0","bottom":"35","left":"0","isLinked":false}},"elements":[{"id":"481ff5d9","settings":{"content_width":"full"},"elements":[{"id":"5974ff0e","settings":{"content_width":"full"},"elements":[{"id":"5a0c361e","settings":{"content_width":"full","image":{"id":5290,"url":"https:\/\/wpecomus.com\/activewear\/wp-content\/uploads\/sites\/8\/2024\/08\/homeactivewear_banner10-scaled.webp","alt":"","source":"library","size":""},"image_size":"full","image_border_radius":{"unit":"px","top":"10","right":"10","bottom":"10","left":"10","isLinked":true},"height_tablet":{"unit":"px","size":364,"sizes":[]},"height_mobile":{"unit":"px","size":247,"sizes":[]},"object-fit_tablet":"cover"},"elements":[],"isInner":false,"widgetType":"image","elType":"widget"},{"id":"41f31de6","settings":{"content_width":"full","padding":{"unit":"px","top":"0","right":"50","bottom":"0","left":"50","isLinked":false},"_flex_size":"none","_flex_grow":0,"_flex_shrink":0,"position":"absolute","_offset_x":{"unit":"%","size":"","sizes":[]},"_offset_x_tablet":{"unit":"%","size":"","sizes":[]},"_offset_x_mobile":{"unit":"%","size":"","sizes":[]},"_offset_y":{"unit":"%","size":22,"sizes":[]},"_offset_y_tablet":{"unit":"px","size":44,"sizes":[]},"_offset_y_mobile":{"unit":"px","size":22,"sizes":[]},"flex_gap":{"column":"0","row":"0","isLinked":true,"unit":"px","size":0},"padding_tablet":{"unit":"px","top":"0","right":"68","bottom":"0","left":"68","isLinked":false},"padding_mobile":{"unit":"px","top":"0","right":"35","bottom":"0","left":"35","isLinked":false}},"elements":[{"id":"6e915d5f","settings":{"content_width":"full","title":"Bra Spotlight","typography_typography":"custom","typography_font_size":{"unit":"px","size":52,"sizes":[]},"typography_font_size_tablet":{"unit":"px","size":40,"sizes":[]},"typography_font_size_mobile":{"unit":"px","size":24,"sizes":[]},"_margin":{"unit":"px","top":"0","right":"0","bottom":"25","left":"0","isLinked":false},"_margin_mobile":{"unit":"px","top":"0","right":"0","bottom":"20","left":"0","isLinked":false}},"elements":[],"isInner":false,"widgetType":"ecomus-heading","elType":"widget"},{"id":"62d40a6f","settings":{"content_width":"full","title":"Let's go from the top.","title_size":"p","_margin":{"unit":"px","top":"0","right":"0","bottom":"20","left":"0","isLinked":false}},"elements":[],"isInner":false,"widgetType":"ecomus-heading","elType":"widget"},{"id":"51f4401d","settings":{"content_width":"full","due_date":"2024-09-30 00:00","timer_gap":{"unit":"px","size":16,"sizes":[]},"timer_width":{"unit":"px","size":90,"sizes":[]},"timer_padding":{"unit":"px","top":"19","right":"14","bottom":"18","left":"14","isLinked":false},"timer_background_color":"#FFFFFF","timer_border_border":"none","timer_border_radius":{"unit":"%","top":"100","right":"100","bottom":"100","left":"100","isLinked":true},"digit_spacing":{"unit":"px","size":2,"sizes":[]},"text_typography_typography":"custom","text_typography_font_size":{"unit":"px","size":12,"sizes":[]},"text_typography_font_weight":"700","text_typography_text_transform":"uppercase","timer_gap_mobile":{"unit":"px","size":10,"sizes":[]},"timer_width_mobile":{"unit":"px","size":60,"sizes":[]},"timer_padding_mobile":{"unit":"px","top":"12","right":"2","bottom":"11","left":"2","isLinked":false},"_margin":{"unit":"px","top":"0","right":"0","bottom":"36","left":"0","isLinked":false},"_margin_mobile":{"unit":"px","top":"0","right":"0","bottom":"20","left":"0","isLinked":false}},"elements":[],"isInner":false,"widgetType":"ecomus-countdown","elType":"widget"},{"id":"7de2029f","settings":{"content_width":"full","text":"Shop now - $129","typography_typography":"custom","typography_font_weight":"400","border_radius":{"unit":"px","top":"60","right":"60","bottom":"60","left":"60","isLinked":true},"text_padding":{"unit":"px","top":"15","right":"30","bottom":"14","left":"30","isLinked":false},"text_padding_mobile":{"unit":"px","top":"11","right":"24","bottom":"10","left":"24","isLinked":false},"button_text":"Shop now - $129","button_padding":{"unit":"px","top":"15","right":"30","bottom":"15","left":"30","isLinked":false},"button_link":{"url":"https:\/\/wpecomus.com\/activewear\/product\/vital-seamless-2-0-v-neck-sports-bra\/","is_external":"","nofollow":"","custom_attributes":""},"button_padding_mobile":{"unit":"px","top":"13","right":"24","bottom":"13","left":"24","isLinked":false}},"elements":[],"isInner":false,"widgetType":"ecomus-button","elType":"widget"}],"isInner":true,"elType":"container"}],"isInner":true,"elType":"container"}],"isInner":true,"elType":"container"}],"isInner":false,"elType":"container"},{"id":"6129d84d","settings":[],"elements":[{"id":"1318d94a","settings":{"content_width":"full","title":"Trending Now","align_mobile":"center","typography_typography":"custom","typography_font_size":{"unit":"px","size":42,"sizes":[]},"typography_font_size_tablet":{"unit":"px","size":32,"sizes":[]},"typography_font_size_mobile":{"unit":"px","size":22,"sizes":[]},"_margin":{"unit":"px","top":"0","right":"0","bottom":"24","left":"0","isLinked":false},"_margin_tablet":{"unit":"px","top":"0","right":"0","bottom":"20","left":"0","isLinked":false},"_margin_mobile":{"unit":"px","top":"0","right":"0","bottom":"18","left":"0","isLinked":false}},"elements":[],"isInner":false,"widgetType":"ecomus-heading","elType":"widget"}],"isInner":false,"elType":"container"},{"id":"e552e39","settings":{"margin":{"unit":"px","top":"0","right":"0","bottom":"52","left":"0","isLinked":false},"margin_tablet":{"unit":"px","top":"0","right":"0","bottom":"44","left":"0","isLinked":false},"margin_mobile":{"unit":"px","top":"0","right":"0","bottom":"39","left":"0","isLinked":false}},"elements":[{"id":"47bca3c7","settings":{"content_width":"full","tabs":[{"heading":"Men","_id":"11121e8"},{"heading":"Women","_id":"94cba83","product_cat":"women"}],"slides_to_show_tablet":3,"slides_to_show_mobile":2,"slides_to_scroll_tablet":3,"slides_to_scroll_mobile":2,"image_spacing_custom_mobile":15,"navigation_classes_tablet":"dots","navigation_classes_mobile":"dots","arrows_vertical_spacing":{"unit":"%","size":40,"sizes":[]},"arrows_vertical_spacing_tablet":{"unit":"%","size":"","sizes":[]},"arrows_vertical_spacing_mobile":{"unit":"%","size":"","sizes":[]}},"elements":[],"isInner":false,"widgetType":"ecomus-product-tabs-carousel","elType":"widget"}],"isInner":false,"elType":"container"},{"id":"4f2ee858","settings":{"margin":{"unit":"px","top":"0","right":"40","bottom":"85","left":"40","isLinked":false},"margin_tablet":{"unit":"px","top":"0","right":"30","bottom":"72","left":"30","isLinked":false},"margin_mobile":{"unit":"px","top":"0","right":"0","bottom":"63","left":"0","isLinked":false},"content_width":"full","width":{"unit":"custom","size":"calc(100% - 80px)","sizes":[]},"width_tablet":{"unit":"custom","size":"calc(100% - 60px)","sizes":[]},"width_mobile":{"unit":"custom","size":"100%","sizes":[]},"flex_gap":{"column":"0","row":"0","isLinked":true,"unit":"px","size":0},"background_background":"classic","background_color":"#F8F8F8","border_radius":{"unit":"px","top":"20","right":"20","bottom":"20","left":"20","isLinked":true},"border_radius_tablet":{"unit":"px","top":"10","right":"10","bottom":"10","left":"10","isLinked":true},"padding":{"unit":"px","top":"82","right":"0","bottom":"100","left":"0","isLinked":false},"padding_tablet":{"unit":"px","top":"69","right":"30","bottom":"85","left":"30","isLinked":false},"padding_mobile":{"unit":"px","top":"75","right":"15","bottom":"75","left":"15","isLinked":false}},"elements":[{"id":"6c5cbcda","settings":{"flex_gap":{"column":"0","row":"0","isLinked":true,"unit":"px","size":0}},"elements":[{"id":"572635df","settings":{"content_width":"full","image":{"id":5291,"url":"https:\/\/wpecomus.com\/activewear\/wp-content\/uploads\/sites\/8\/2024\/08\/homeactivewear_banner11.webp","alt":"","source":"library","size":""},"title":"Bundle & Save","sub_title":"Shop this look","lookbook_products":[{"_id":"9e55f05","product_id":738,"pin_position_x":{"unit":"%","size":63,"sizes":[]},"pin_position_y":{"unit":"%","size":20,"sizes":[]},"pin_position_x_mobile":{"unit":"%","size":58,"sizes":[]},"pin_position_y_mobile":{"unit":"%","size":30,"sizes":[]}},{"_id":"eefbdd1","product_id":1005,"pin_position_x":{"unit":"%","size":15,"sizes":[]},"pin_position_y":{"unit":"%","size":60,"sizes":[]},"pin_position_y_mobile":{"unit":"%","size":64,"sizes":[]}},{"_id":"0cdffe9","product_id":754,"pin_position_x":{"unit":"%","size":79,"sizes":[]},"pin_position_y":{"unit":"%","size":60,"sizes":[]},"pin_position_x_mobile":{"unit":"%","size":75,"sizes":[]},"pin_position_y_mobile":{"unit":"%","size":63,"sizes":[]}}],"lookbook_type":"list","title_typography_typography":"custom","title_typography_font_size_tablet":{"unit":"px","size":40,"sizes":[]},"title_typography_font_size_mobile":{"unit":"px","size":24,"sizes":[]},"title_spacing":{"unit":"px","size":54,"sizes":[]},"title_spacing_tablet":{"unit":"px","size":16,"sizes":[]},"title_spacing_mobile":{"unit":"px","size":10,"sizes":[]},"sub_title_typography_typography":"custom","sub_title_typography_font_size_mobile":{"unit":"px","size":14,"sizes":[]},"sub_title_spacing":{"unit":"px","size":1,"sizes":[]}},"elements":[],"isInner":false,"widgetType":"ecomus-lookbook-products","elType":"widget"}],"isInner":true,"elType":"container"}],"isInner":false,"elType":"container"},{"id":"e9ba638","settings":{"flex_direction":"row","flex_gap":{"unit":"px","size":30,"column":"30","row":"30","isLinked":true},"flex_direction_mobile":"column","flex_gap_mobile":{"column":"15","row":"15","isLinked":true,"unit":"px","size":15},"margin":{"unit":"px","top":"0","right":"0","bottom":"121","left":"0","isLinked":false},"margin_tablet":{"unit":"px","top":"0","right":"0","bottom":"102","left":"0","isLinked":false},"margin_mobile":{"unit":"px","top":"0","right":"0","bottom":"90","left":"0","isLinked":false}},"elements":[{"id":"6bd0b334","settings":{"flex_direction":"column","content_width":"full","width":{"unit":"%","size":"50"},"flex_direction_tablet":"row"},"elements":[{"id":"7c96e0a6","settings":{"content_width":"full","image":{"id":5292,"url":"https:\/\/wpecomus.com\/activewear\/wp-content\/uploads\/sites\/8\/2024\/08\/homeactivewear_banner12.webp","alt":"","source":"library","size":""},"image_size":"full","height_tablet":{"unit":"%","size":100,"sizes":[]},"height_mobile":{"unit":"%","size":"","sizes":[]},"object-fit_tablet":"cover"},"elements":[],"isInner":false,"widgetType":"image","elType":"widget"}],"isInner":true,"elType":"container"},{"id":"5f14f844","settings":{"flex_direction":"column","content_width":"full","width":{"unit":"%","size":"50"},"flex_justify_content":"center","flex_gap":{"column":"10","row":"10","isLinked":true,"unit":"px","size":10},"padding":{"unit":"px","top":"20","right":"20","bottom":"20","left":"100","isLinked":false},"padding_tablet":{"unit":"px","top":"20","right":"20","bottom":"20","left":"20","isLinked":true},"padding_mobile":{"unit":"px","top":"14","right":"14","bottom":"0","left":"14","isLinked":false}},"elements":[{"id":"3dfc0507","settings":{"content_width":"full","title":"Leave your mark","title_size":"div","align_mobile":"center","title_color":"#000000","typography_typography":"custom","typography_font_size":{"unit":"px","size":14,"sizes":[]},"typography_font_weight":"700","typography_text_transform":"uppercase","_margin_mobile":{"unit":"px","top":"0","right":"0","bottom":"2","left":"0","isLinked":false}},"elements":[],"isInner":false,"widgetType":"ecomus-heading","elType":"widget"},{"id":"361aee3d","settings":{"title":"We're Ecfriend Collective","align_mobile":"center","typography_typography":"custom","typography_font_size":{"unit":"px","size":52,"sizes":[]},"typography_font_size_tablet":{"unit":"px","size":40,"sizes":[]},"typography_font_size_mobile":{"unit":"px","size":24,"sizes":[]},"_margin":{"unit":"px","top":"0","right":"0","bottom":"14","left":"0","isLinked":false},"_margin_tablet":{"unit":"px","top":"0","right":"0","bottom":"18","left":"0","isLinked":false},"_margin_mobile":{"unit":"px","top":"0","right":"0","bottom":"7","left":"0","isLinked":false},"content_width":"full"},"elements":[],"isInner":false,"widgetType":"ecomus-heading","elType":"widget"},{"id":"4e9dcba0","settings":{"title":"Since our inception in late 2012, ECfriend has had one intention; to help build resilient human beings through performance, innovation, sustainability and functionality.","title_size":"div","align_mobile":"center","title_color":"#545454","typography_typography":"custom","typography_font_size":{"unit":"px","size":16,"sizes":[]},"typography_font_size_mobile":{"unit":"px","size":14,"sizes":[]},"_margin":{"unit":"px","top":"0","right":"0","bottom":"24","left":"0","isLinked":false},"_margin_tablet":{"unit":"px","top":"0","right":"0","bottom":"24","left":"0","isLinked":false},"_margin_mobile":{"unit":"px","top":"0","right":"0","bottom":"9","left":"0","isLinked":false},"content_width":"full"},"elements":[],"isInner":false,"widgetType":"ecomus-heading","elType":"widget"},{"id":"34ae9d3b","settings":{"text":"Shop collection","align_mobile":"center","typography_typography":"custom","typography_font_size_mobile":{"unit":"px","size":14,"sizes":[]},"typography_font_weight":"600","border_radius":{"unit":"px","top":"3","right":"3","bottom":"3","left":"3","isLinked":true},"text_padding":{"unit":"px","top":"14","right":"24","bottom":"14","left":"24","isLinked":false},"text_padding_mobile":{"unit":"px","top":"11","right":"25","bottom":"11","left":"25","isLinked":false},"content_width":"full","button_text":"Learn more","show_button_icon":"alway","button_link":{"url":"https:\/\/wpecomus.com\/activewear\/about-us\/","is_external":"","nofollow":"","custom_attributes":""},"button_padding":{"unit":"px","top":"15","right":"25","bottom":"15","left":"25","isLinked":false},"button_icon_size":{"unit":"px","size":10,"sizes":[]}},"elements":[],"isInner":false,"widgetType":"ecomus-button","elType":"widget"}],"isInner":true,"elType":"container"}],"isInner":false,"elType":"container"},{"id":"3b5dcf4","settings":{"margin":{"unit":"px","top":"0","right":"0","bottom":"85","left":"0","isLinked":false},"margin_tablet":{"unit":"px","top":"0","right":"0","bottom":"72","left":"0","isLinked":false},"margin_mobile":{"unit":"px","top":"0","right":"0","bottom":"63","left":"0","isLinked":false}},"elements":[{"id":"569ad06f","settings":{"content_width":"full","icons_box":[{"icon":{"value":{"url":"https:\/\/wpecomus.com\/activewear\/wp-content\/uploads\/sites\/8\/2024\/08\/homeactivewear_icon4.svg","id":5300},"library":"svg"},"title":"","description":"Made with recycled materials, like old plastic water bottles","_id":"640efa8","image":{"id":5264,"url":"https:\/\/wpecomus.com\/activewear\/wp-content\/uploads\/sites\/8\/2024\/08\/placeholder-3.png"}},{"icon":{"value":{"url":"https:\/\/wpecomus.com\/activewear\/wp-content\/uploads\/sites\/8\/2024\/08\/homeactivewear_icon1.svg","id":5296},"library":"svg"},"title":"","description":"Ethically made in certified factories","_id":"7dbba90","image":{"id":5265,"url":"https:\/\/wpecomus.com\/activewear\/wp-content\/uploads\/sites\/8\/2024\/08\/placeholder-4.png"}},{"icon":{"value":{"url":"https:\/\/wpecomus.com\/activewear\/wp-content\/uploads\/sites\/8\/2024\/08\/homeactivewear_icon5.svg","id":5301},"library":"svg"},"title":"","description":"Uses eco-friendly dyes responsible water recycling","_id":"eff695e","image":{"id":5266,"url":"https:\/\/wpecomus.com\/activewear\/wp-content\/uploads\/sites\/8\/2024\/08\/placeholder-5.png"}}],"slides_to_show_tablet":2,"slides_to_scroll_tablet":1,"navigation_classes":"none","navigation_classes_tablet":"dots","navigation_classes_mobile":"dots","alignment":"center","content_padding":{"unit":"px","top":"0","right":"120","bottom":"0","left":"120","isLinked":false},"content_padding_tablet":{"unit":"px","top":"0","right":"55","bottom":"0","left":"55","isLinked":false},"content_padding_mobile":{"unit":"px","top":"0","right":"45","bottom":"0","left":"45","isLinked":false},"description_color":"#000000","icon_size":{"unit":"px","size":44,"sizes":[]},"icon_size_mobile":{"unit":"px","size":26,"sizes":[]},"icon_spacing":{"unit":"px","size":33,"sizes":[]},"icon_spacing_mobile":{"unit":"px","size":21,"sizes":[]}},"elements":[],"isInner":false,"widgetType":"ecomus-icon-box-carousel","elType":"widget"}],"isInner":false,"elType":"container"},{"id":"31baf3a3","settings":{"background_background":"classic","background_color":"#F5F5F5","padding":{"unit":"px","top":"82","right":"0","bottom":"100","left":"0","isLinked":false},"padding_tablet":{"unit":"px","top":"69","right":"0","bottom":"85","left":"0","isLinked":false},"padding_mobile":{"unit":"px","top":"61","right":"0","bottom":"75","left":"0","isLinked":false},"margin":{"unit":"px","top":"0","right":"0","bottom":"74","left":"0","isLinked":false},"margin_tablet":{"unit":"px","top":"0","right":"0","bottom":"62","left":"0","isLinked":false},"margin_mobile":{"unit":"px","top":"0","right":"0","bottom":"55","left":"0","isLinked":false}},"elements":[{"id":"397d3c88","settings":{"content_width":"full","testimonials":[{"testimonial_name":"Telna Swith","_id":"9c99cfc","testimonial_title":"","testimonial_content":"I am so happy to find a web fashion site that offers a great selection of stylish and affordable plus size clothing.","testimonial_text":"Customer from USA","testimonial_product_id":754,"image":{"id":5305,"url":"https:\/\/wpecomus.com\/activewear\/wp-content\/uploads\/sites\/8\/2024\/08\/homeactivewear_testi04.webp","alt":"","source":"library","size":""}},{"testimonial_name":"Anna Lan","testimonial_title":"","testimonial_content":"Absolutely love this women's athletic wear \u2013 the fabric is breathable, the fit is perfect, and the stylish design adds a confident flair to my workout routine.","testimonial_text":"Customer from USA","testimonial_product_id":738,"_id":"08ae313","image":{"id":5304,"url":"https:\/\/wpecomus.com\/activewear\/wp-content\/uploads\/sites\/8\/2024\/08\/homeactivewear_testi03.webp","alt":"","source":"library","size":""}},{"testimonial_name":"Parane Taylor","testimonial_title":"","testimonial_content":"This sportswear for women strikes the ideal balance between comfort and performance, making my workouts not only more enjoyable but also more effective.","testimonial_text":"","testimonial_product_id":743,"_id":"4ab453b","image":{"id":5303,"url":"https:\/\/wpecomus.com\/activewear\/wp-content\/uploads\/sites\/8\/2024\/08\/homeactivewear_testi02.webp","alt":"","source":"library","size":""}},{"testimonial_name":" Robert Smith","testimonial_title":"","testimonial_content":"The durability of this women's activewear is impressive; it has quickly become my go-to choice for intense workouts without compromising on style.","testimonial_text":"","testimonial_product_id":705,"_id":"f3e0f45","image":{"id":5302,"url":"https:\/\/wpecomus.com\/activewear\/wp-content\/uploads\/sites\/8\/2024\/08\/homeactivewear_testi01.webp","alt":"","source":"library","size":""}}],"slides_to_show":2,"slides_to_scroll":2,"item_border_border":"none","content_spacing":{"unit":"px","size":38,"sizes":[]},"text_color":"#545454","text_spacing":{"unit":"px","size":0,"sizes":[]},"product_padding":{"unit":"px","top":"31","right":"0","bottom":"0","left":"0","isLinked":false},"product_border_border":"none","slides_to_show_mobile":1,"slides_to_scroll_mobile":1,"navigation_classes_tablet":"arrows","navigation_classes_mobile":"dots","rating_size":{"unit":"px","size":16,"sizes":[]},"content_typography_typography":"custom","content_typography_font_size":{"unit":"px","size":16,"sizes":[]},"product_margin":{"unit":"px","top":"0","right":"0","bottom":"0","left":"0","isLinked":false},"content_spacing_tablet":{"unit":"px","size":10,"sizes":[]},"item_padding":{"unit":"px","top":"0","right":"0","bottom":"0","left":"0","isLinked":false},"arrows_type":"outline-dark","arrows_bgcolor":"#FFFFFF","arrows_show":"1"},"elements":[],"isInner":false,"widgetType":"ecomus-testimonial-carousel-2","elType":"widget"}],"isInner":false,"elType":"container"},{"id":"4eff9025","settings":{"flex_gap":{"column":"18","row":"18","isLinked":true,"unit":"px","size":18},"margin":{"unit":"px","top":"0","right":"0","bottom":"30","left":"0","isLinked":false}},"elements":[{"id":"1b395f00","settings":{"content_width":"full","title":"Be active. Be social\n","typography_typography":"custom","typography_font_size":{"unit":"px","size":42,"sizes":[]},"typography_font_size_tablet":{"unit":"px","size":32,"sizes":[]},"typography_font_size_mobile":{"unit":"px","size":22,"sizes":[]},"align":"center"},"elements":[],"isInner":false,"widgetType":"ecomus-heading","elType":"widget"},{"id":"2dccd80e","settings":{"content_width":"full","title":"Follow <b>@ecactive<\/b> on Instagram","title_size":"p","align":"center","title_color":"#545454","typography_typography":"custom","typography_font_size":{"unit":"px","size":16,"sizes":[]},"typography_font_size_mobile":{"unit":"px","size":14,"sizes":[]}},"elements":[],"isInner":false,"widgetType":"ecomus-heading","elType":"widget"}],"isInner":false,"elType":"container"},{"id":"64f8d736","settings":{"margin":{"unit":"px","top":"0","right":"0","bottom":"52","left":"0","isLinked":false},"margin_tablet":{"unit":"px","top":"0","right":"0","bottom":"44","left":"0","isLinked":false},"margin_mobile":{"unit":"px","top":"0","right":"0","bottom":"39","left":"0","isLinked":false}},"elements":[{"id":"144dcdb4","settings":{"content_width":"full","instagram_type":"custom","instagrams":[{"_id":"fa0f855","image":{"id":5306,"url":"https:\/\/wpecomus.com\/activewear\/wp-content\/uploads\/sites\/8\/2024\/08\/homeactivewear_ins01.webp","alt":"","source":"library","size":""},"product_id":754},{"image":{"id":5307,"url":"https:\/\/wpecomus.com\/activewear\/wp-content\/uploads\/sites\/8\/2024\/08\/homeactivewear_ins02.webp","alt":"","source":"library","size":""},"product_id":693,"_id":"607f21b"},{"image":{"id":5308,"url":"https:\/\/wpecomus.com\/activewear\/wp-content\/uploads\/sites\/8\/2024\/08\/homeactivewear_ins03.webp","alt":"","source":"library","size":""},"product_id":720,"_id":"573128f"},{"image":{"id":5309,"url":"https:\/\/wpecomus.com\/activewear\/wp-content\/uploads\/sites\/8\/2024\/08\/homeactivewear_ins04.webp","alt":"","source":"library","size":""},"product_id":683,"_id":"14c147f"},{"image":{"id":5310,"url":"https:\/\/wpecomus.com\/activewear\/wp-content\/uploads\/sites\/8\/2024\/08\/homeactivewear_ins05.webp","alt":"","source":"library","size":""},"product_id":5114,"_id":"3f0dffa"},{"image":{"id":5311,"url":"https:\/\/wpecomus.com\/activewear\/wp-content\/uploads\/sites\/8\/2024\/08\/homeactivewear_ins06.webp","alt":"","source":"library","size":""},"product_id":705,"_id":"ee80603"}],"aspect_ratio_type":"square","slides_to_show_tablet":3,"slides_to_show_mobile":2,"slides_to_scroll_tablet":3,"slides_to_scroll_mobile":2,"image_spacing_custom":10,"navigation_classes":"none","image_border_radius":{"unit":"px","top":"10","right":"10","bottom":"10","left":"10","isLinked":true},"icon_border_radius":{"unit":"px","top":"50","right":"50","bottom":"50","left":"50","isLinked":true},"dots_type":"background","dots_gap_tablet":{"unit":"px","size":4,"sizes":[]},"navigation_classes_tablet":"dots"},"elements":[],"isInner":false,"widgetType":"ecomus-instagram","elType":"widget"}],"isInner":false,"elType":"container"}],"page_settings":{"hide_page_header":"yes","content_top_spacing":"custom","content_top_padding":{"unit":"px","size":0,"sizes":[]},"content_bottom_spacing":"custom","content_bottom_padding":{"unit":"px","size":0,"sizes":[]}},"version":"0.4","title":"Home Activewear","type":"page"}