{"content":[{"id":"4ab0e816","settings":{"content_width":"full"},"elements":[{"id":"7e65b2d7","settings":{"content_width":"full","slides":[{"title":"Eyewear <br>for everyone","description":"Elevate your look with our curated collection of eyewear","button_text":"SHOP COLLECTION","_id":"c33de92","banner_background_img":{"id":5194,"url":"https:\/\/wpecomus.com\/sunglasses\/wp-content\/uploads\/sites\/7\/2024\/08\/homegallasses_slide1.webp","alt":"","source":"library","size":""},"background_position_mobile":"center center","button_link":{"url":"https:\/\/wpecomus.com\/sunglasses\/product-category\/essentials\/","is_external":"","nofollow":"","custom_attributes":""}},{"title":"Eye-catching<br> Elegance","description":"Discover the allure of our fashionable glasses","button_text":"SHOP COLLECTION","banner_background_img":{"id":5195,"url":"https:\/\/wpecomus.com\/sunglasses\/wp-content\/uploads\/sites\/7\/2024\/08\/homegallasses_slide2.webp","alt":"","source":"library","size":""},"background_position_mobile":"center center","_id":"49330e7","button_link":{"url":"https:\/\/wpecomus.com\/sunglasses\/product-category\/progressives\/","is_external":"","nofollow":"","custom_attributes":""}},{"title":"Style Speaks<br> Louder","description":"Step into a world of clarity and sophistication","button_text":"SHOP COLLECTION","banner_background_img":{"id":5196,"url":"https:\/\/wpecomus.com\/sunglasses\/wp-content\/uploads\/sites\/7\/2024\/08\/homegallasses_slide3.webp","alt":"","source":"library","size":""},"background_position_mobile":"center center","_id":"3242927","button_link":{"url":"https:\/\/wpecomus.com\/sunglasses\/product-category\/sunglasses\/","is_external":"","nofollow":"","custom_attributes":""}}],"slides_height":{"unit":"px","size":929,"sizes":[]},"slides_height_tablet":{"unit":"px","size":375,"sizes":[]},"slides_height_mobile":{"unit":"px","size":450,"sizes":[]},"navigation_classes":"dots","navigation_classes_tablet":"dots","navigation_classes_mobile":"dots","title_color":"#FFFFFF","description_color":"#FFFFFF","button_typography_typography":"custom","button_typography_font_size":{"unit":"px","size":14,"sizes":[]},"button_typography_font_weight":"700","button_text_color":"#FFFFFF","button_hover_color":"#A45F3B","button_hover_border_color":"#A45F3B","button_padding":{"unit":"px","top":"17","right":"30","bottom":"14","left":"30","isLinked":false},"button_padding_mobile":{"unit":"px","top":"10","right":"21","bottom":"10","left":"21","isLinked":false},"button_border_border":"solid","button_border_width":{"unit":"px","top":"1","right":"1","bottom":"1","left":"1","isLinked":true},"button_border_radius":{"unit":"px","top":"50","right":"50","bottom":"50","left":"50","isLinked":true},"dots_type":"background","dots_gap":{"unit":"px","size":4,"sizes":[]},"dot_item_color":"#FFFFFF","dot_item_active_color":"#FFFFFF","dot_item_active_background_color":"#FFFFFF29","show_button_icon":"alway","button_icon":{"value":{"url":"https:\/\/wpecomus.com\/sunglasses\/wp-content\/uploads\/sites\/7\/2024\/07\/arrow-right.svg","id":3886},"library":"svg"},"button_style":"outline-dark","button_border_color":"#FFFFFF","title_spacing_mobile":{"unit":"px","size":18,"sizes":[]},"description_spacing_tablet":{"unit":"px","size":28,"sizes":[]},"description_spacing_mobile":{"unit":"px","size":0,"sizes":[]},"dots_gap_mobile":{"unit":"px","size":0,"sizes":[]},"dots_spacing_tablet":{"unit":"px","size":22,"sizes":[]}},"elements":[],"isInner":false,"widgetType":"ecomus-slides","elType":"widget"}],"isInner":false,"elType":"container"},{"id":"149b3f56","settings":{"flex_direction":"row","flex_gap":{"unit":"px","size":0,"column":"0","row":"0","isLinked":true},"content_width":"full","mobile_column_alignment":"column_md"},"elements":[{"id":"72ada685","settings":{"flex_direction":"column","content_width":"full","width":{"unit":"%","size":"50"}},"elements":[{"id":"4c5a98cf","settings":{"content_width":"full","image":{"id":5200,"url":"https:\/\/wpecomus.com\/sunglasses\/wp-content\/uploads\/sites\/7\/2024\/08\/homegallasses_banner1.webp","alt":"","source":"library","size":""},"title":"Glasses","title_size":"h3","button_text":"SHOP NOW","height":{"unit":"px","size":940,"sizes":[]},"height_tablet":{"unit":"px","size":500,"sizes":[]},"height_mobile":{"unit":"px","size":350,"sizes":[]},"horizontal_position":"left","banner_padding":{"unit":"px","top":"0","right":"0","bottom":"0","left":"96","isLinked":false},"banner_padding_tablet":{"unit":"px","top":"0","right":"0","bottom":"0","left":"30","isLinked":false},"banner_padding_mobile":{"unit":"px","top":"0","right":"0","bottom":"0","left":"19","isLinked":false},"border_radius":{"unit":"px","top":"0","right":"0","bottom":"0","left":"0","isLinked":false},"title_typography_typography":"custom","title_typography_font_size":{"unit":"px","size":52,"sizes":[]},"title_typography_font_size_tablet":{"unit":"px","size":40,"sizes":[]},"title_typography_font_size_mobile":{"unit":"px","size":24,"sizes":[]},"title_margin":{"unit":"px","top":"0","right":"0","bottom":"36","left":"0","isLinked":false},"title_margin_tablet":{"unit":"px","top":"0","right":"0","bottom":"27","left":"0","isLinked":false},"title_margin_mobile":{"unit":"px","top":"0","right":"0","bottom":"21","left":"0","isLinked":false},"button_type":"outline","button_typography_typography":"custom","button_typography_font_weight":"700","button_text_color":"#FFFFFF","button_hover_color":"#A45F3B","button_hover_border_color":"#A45F3B","button_padding":{"unit":"px","top":"14.5","right":"30","bottom":"14.5","left":"30","isLinked":false},"button_padding_mobile":{"unit":"px","top":"10","right":"24","bottom":"10","left":"24","isLinked":false},"button_style":"outline-dark","button_border_color":"#FFFFFF","button_link":{"url":"https:\/\/wpecomus.com\/sunglasses\/product-category\/eyeglasses\/","is_external":"","nofollow":"","custom_attributes":""},"button_margin":{"unit":"px","top":"0","right":"0","bottom":"46","left":"0","isLinked":false},"button_margin_tablet":{"unit":"px","top":"0","right":"0","bottom":"30","left":"0","isLinked":false},"button_margin_mobile":{"unit":"px","top":"0","right":"0","bottom":"24","left":"0","isLinked":false}},"elements":[],"isInner":false,"widgetType":"ecomus-banner","elType":"widget"}],"isInner":true,"elType":"container"},{"id":"48705279","settings":{"flex_direction":"column","content_width":"full","width":{"unit":"%","size":"50"}},"elements":[{"id":"662fe2cf","settings":{"content_width":"full","image":{"id":5201,"url":"https:\/\/wpecomus.com\/sunglasses\/wp-content\/uploads\/sites\/7\/2024\/08\/homegallasses_banner2.webp","alt":"","source":"library","size":""},"title":"Sunglasses","title_size":"h3","button_text":"SHOP NOW","height":{"unit":"px","size":940,"sizes":[]},"height_tablet":{"unit":"px","size":500,"sizes":[]},"height_mobile":{"unit":"px","size":350,"sizes":[]},"horizontal_position":"left","banner_padding":{"unit":"px","top":"0","right":"0","bottom":"0","left":"96","isLinked":false},"banner_padding_tablet":{"unit":"px","top":"0","right":"0","bottom":"0","left":"30","isLinked":false},"banner_padding_mobile":{"unit":"px","top":"0","right":"0","bottom":"0","left":"19","isLinked":false},"border_radius":{"unit":"px","top":"0","right":"0","bottom":"0","left":"0","isLinked":false},"title_typography_typography":"custom","title_typography_font_size":{"unit":"px","size":52,"sizes":[]},"title_typography_font_size_tablet":{"unit":"px","size":40,"sizes":[]},"title_typography_font_size_mobile":{"unit":"px","size":24,"sizes":[]},"title_margin":{"unit":"px","top":"0","right":"0","bottom":"36","left":"0","isLinked":false},"title_margin_tablet":{"unit":"px","top":"0","right":"0","bottom":"27","left":"0","isLinked":false},"title_margin_mobile":{"unit":"px","top":"0","right":"0","bottom":"21","left":"0","isLinked":false},"button_type":"outline","button_typography_typography":"custom","button_typography_font_weight":"700","button_text_color":"#FFFFFF","button_hover_color":"#A45F3B","button_hover_border_color":"#A45F3B","button_padding":{"unit":"px","top":"14.5","right":"30","bottom":"14.5","left":"30","isLinked":false},"button_padding_mobile":{"unit":"px","top":"10","right":"24","bottom":"10","left":"24","isLinked":false},"button_style":"outline-dark","button_border_color":"#FFFFFF","button_link":{"url":"https:\/\/wpecomus.com\/sunglasses\/product-category\/sunglasses\/","is_external":"","nofollow":"","custom_attributes":""},"button_margin":{"unit":"px","top":"0","right":"0","bottom":"46","left":"0","isLinked":false},"button_margin_tablet":{"unit":"px","top":"0","right":"0","bottom":"30","left":"0","isLinked":false},"button_margin_mobile":{"unit":"px","top":"0","right":"0","bottom":"24","left":"0","isLinked":false}},"elements":[],"isInner":false,"widgetType":"ecomus-banner","elType":"widget"}],"isInner":true,"elType":"container"}],"isInner":false,"elType":"container"},{"id":"7470747c","settings":{"flex_direction":"row","flex_gap":{"unit":"px","size":30,"column":"30","row":"30","isLinked":true},"flex_align_items":"center","flex_gap_mobile":{"column":"15","row":"15","isLinked":true,"unit":"px","size":15},"background_background":"classic","background_color":"#000000","margin":{"unit":"px","top":"0","right":"0","bottom":"84","left":"0","isLinked":false},"margin_tablet":{"unit":"px","top":"0","right":"0","bottom":"71","left":"0","isLinked":false},"margin_mobile":{"unit":"px","top":"0","right":"0","bottom":"25","left":"0","isLinked":false},"padding":{"unit":"px","top":"77","right":"0","bottom":"77","left":"0","isLinked":false},"padding_tablet":{"unit":"px","top":"65","right":"0","bottom":"65","left":"0","isLinked":false},"padding_mobile":{"unit":"px","top":"57","right":"0","bottom":"57","left":"0","isLinked":false}},"elements":[{"id":"7de0bf36","settings":{"flex_direction":"column","content_width":"full","width":{"unit":"%","size":"50"},"flex_gap":{"column":"12","row":"12","isLinked":true,"unit":"px","size":12},"flex_gap_tablet":{"column":"","row":"","isLinked":true,"unit":"px","size":null}},"elements":[{"id":"7cd03a62","settings":{"content_width":"full","title":"One-Time Only","title_size":"h4","align_mobile":"center","typography_typography":"custom","typography_font_size_tablet":{"unit":"px","size":32,"sizes":[]},"typography_font_size_mobile":{"unit":"px","size":22,"sizes":[]},"title_color":"#FFFFFF"},"elements":[],"isInner":false,"widgetType":"ecomus-heading","elType":"widget"},{"id":"2d91d5d0","settings":{"content_width":"full","title":"Special Offers You Can't Miss: These deals won't last forever!","title_size":"p","align_mobile":"center","title_color":"#FFFFFF","typography_typography":"custom","typography_font_size":{"unit":"px","size":20,"sizes":[]},"typography_font_size_mobile":{"unit":"px","size":16,"sizes":[]},"typography_line_height":{"unit":"px","size":24,"sizes":[]},"typography_line_height_tablet":{"unit":"px","size":"","sizes":[]},"typography_line_height_mobile":{"unit":"px","size":"","sizes":[]},"_margin":{"unit":"px","top":"0","right":"0","bottom":"10","left":"0","isLinked":false},"_margin_mobile":{"unit":"px","top":"0","right":"0","bottom":"7","left":"0","isLinked":false}},"elements":[],"isInner":false,"widgetType":"ecomus-heading","elType":"widget"}],"isInner":true,"elType":"container"},{"id":"25e8025d","settings":{"flex_direction":"column","content_width":"full","width":{"unit":"%","size":"50"}},"elements":[{"id":"2daf528c","settings":{"content_width":"full","due_date":"2024-09-30 00:00","form_align":"flex-end","form_align_mobile":"center","timer_padding_mobile":{"unit":"px","top":"11","right":"0","bottom":"10.82","left":"0","isLinked":false},"digit_spacing_mobile":{"unit":"px","size":1,"sizes":[]},"timer_padding":{"unit":"px","top":"12","right":"24","bottom":"9","left":"24","isLinked":false},"timer_padding_tablet":{"unit":"px","top":"6","right":"0","bottom":"6","left":"0","isLinked":false},"digit_spacing_tablet":{"unit":"px","size":2,"sizes":[]},"text_typography_typography":"custom","text_typography_font_size_mobile":{"unit":"px","size":12,"sizes":[]},"timer_color":"#FFFFFF","timer_border_border":"solid","timer_border_width":{"unit":"px","top":"1","right":"1","bottom":"1","left":"1","isLinked":true},"timer_border_color":"#FFFFFF","timer_width":{"unit":"px","size":90,"sizes":[]},"timer_width_mobile":{"unit":"px","size":60,"sizes":[]},"timer_width_tablet":{"unit":"px","size":70,"sizes":[]}},"elements":[],"isInner":false,"widgetType":"ecomus-countdown","elType":"widget"}],"isInner":true,"elType":"container"}],"isInner":false,"elType":"container"},{"id":"7dbe9930","settings":{"content_width":"full","margin":{"unit":"px","top":"0","right":"0","bottom":"100","left":"0","isLinked":false},"margin_tablet":{"unit":"px","top":"0","right":"0","bottom":"85","left":"0","isLinked":false},"margin_mobile":{"unit":"px","top":"0","right":"0","bottom":"50","left":"0","isLinked":false}},"elements":[{"id":"845aec0","settings":{"content_width":"full","tabs":[{"heading":"NEW RELEASES","_id":"3a98868"},{"heading":"BEST SELLERS","products":"best_selling_products","_id":"9204c31"}],"heading_typography_typography":"custom","heading_typography_font_size":{"unit":"px","size":30,"sizes":[]},"heading_typography_font_weight":"700","heading_color":"#ACACAC","heading_active_color":"#000000","pagination":"","border":"yes","heading_typography_font_size_tablet":{"unit":"px","size":24,"sizes":[]},"heading_typography_font_size_mobile":{"unit":"px","size":18,"sizes":[]},"heading_horizontal_position_mobile":"center","columns":"3","limit":6,"heading_spacing_mobile":{"unit":"px","size":30,"sizes":[]},"product_title_typography_typography":"custom"},"elements":[],"isInner":false,"widgetType":"ecomus-product-tabs-grid","elType":"widget"}],"isInner":false,"elType":"container"},{"id":"7c6fe4e4","settings":{"margin":{"unit":"px","top":"0","right":"0","bottom":"85","left":"0","isLinked":false},"margin_tablet":{"unit":"px","top":"0","right":"0","bottom":"50","left":"0","isLinked":false},"margin_mobile":{"unit":"px","top":"0","right":"0","bottom":"30","left":"0","isLinked":false},"flex_gap":{"column":"18","row":"18","isLinked":true,"unit":"px","size":18}},"elements":[{"id":"248f4a2b","settings":{"content_width":"full","title":"Find your fit","title_size":"h3","align":"center","typography_typography":"custom","typography_font_size_mobile":{"unit":"px","size":24,"sizes":[]},"typography_font_size_tablet":{"unit":"px","size":40,"sizes":[]}},"elements":[],"isInner":false,"widgetType":"ecomus-heading","elType":"widget"},{"id":"334354b5","settings":{"content_width":"full","title":"See a few in their favorite frames from Ecomuse","title_size":"p","align":"center","typography_typography":"custom","typography_font_size":{"unit":"px","size":20,"sizes":[]},"typography_font_size_mobile":{"unit":"px","size":16,"sizes":[]}},"elements":[],"isInner":false,"widgetType":"ecomus-heading","elType":"widget"}],"isInner":false,"elType":"container"},{"id":"5e80316d","settings":{"flex_direction":"row","content_width":"full","flex_gap":{"column":"30","row":"30","isLinked":true,"unit":"px","size":30},"margin":{"unit":"px","top":"0","right":"0","bottom":"82","left":"0","isLinked":false},"margin_tablet":{"unit":"px","top":"0","right":"0","bottom":"95","left":"0","isLinked":false},"margin_mobile":{"unit":"px","top":"0","right":"0","bottom":"56","left":"0","isLinked":false},"padding":{"unit":"px","top":"0","right":"40","bottom":"0","left":"40","isLinked":false},"padding_tablet":{"unit":"px","top":"0","right":"30","bottom":"0","left":"30","isLinked":false},"padding_mobile":{"unit":"px","top":"0","right":"15","bottom":"0","left":"15","isLinked":false}},"elements":[{"id":"6fd2a3a2","settings":{"content_width":"full"},"elements":[{"id":"1efea3c7","settings":{"content_width":"full","heading":"","items":[{"button_text":"Shop Collection","_id":"baee4ca","image":{"id":5208,"url":"https:\/\/wpecomus.com\/sunglasses\/wp-content\/uploads\/sites\/7\/2024\/08\/homegallasses_banner3.webp","alt":"","source":"library","size":""},"title":"Adjustable Fit","description":"Our most versatile frame options with nose pads you can tweak based onyour nose shape","button_link":{"url":"https:\/\/wpecomus.com\/sunglasses\/product-category\/sunglasses\/","is_external":"","nofollow":"","custom_attributes":""}},{"button_text":"Shop Collection","_id":"89b5f3b","image":{"id":5209,"url":"https:\/\/wpecomus.com\/sunglasses\/wp-content\/uploads\/sites\/7\/2024\/08\/homegallasses_banner4.webp","alt":"","source":"library","size":""},"title":"Low-Bridge Fit","description":"Our most versatile frame options with nose pads you can tweak based onyour nose shape","button_link":{"url":"https:\/\/wpecomus.com\/sunglasses\/product-category\/eyeglasses\/","is_external":"","nofollow":"","custom_attributes":""}},{"button_text":"Shop Collection","_id":"769bd08","image":{"id":5210,"url":"https:\/\/wpecomus.com\/sunglasses\/wp-content\/uploads\/sites\/7\/2024\/08\/homegallasses_banner5.webp","alt":"","source":"library","size":""},"title":"Standard Fit","description":"Our most versatile frame options with nose pads you can tweak based onyour nose shape","button_link":{"url":"https:\/\/wpecomus.com\/sunglasses\/product-category\/essentials\/","is_external":"","nofollow":"","custom_attributes":""}}],"aspect_ratio_type":"custom","navigation_classes":"dots","navigation_classes_tablet":"dots","navigation_classes_mobile":"dots","content_vertical_position":"middle","content_text_align":"center","content_border_radius":{"unit":"px","top":"0","right":"0","bottom":"0","left":"0","isLinked":true},"content_position":"below","title_typography_typography":"custom","title_typography_font_weight":"500","title_margin":{"unit":"px","top":"38","right":"0","bottom":"10","left":"0","isLinked":false},"title_margin_tablet":{"unit":"px","top":"30","right":"0","bottom":"0","left":"0","isLinked":false},"title_margin_mobile":{"unit":"px","top":"15","right":"0","bottom":"9","left":"0","isLinked":false},"description_margin":{"unit":"px","top":"0","right":"85","bottom":"30","left":"85","isLinked":false},"description_margin_tablet":{"unit":"px","top":"0","right":"0","bottom":"30","left":"0","isLinked":false},"button_typography_typography":"custom","button_typography_font_weight":"600","button_typography_text_transform":"uppercase","button_show_icon":"yes","aspect_ratio":"14:15","show_heading":"","show_button_icon":"alway","button_style":"subtle","button_icon_size":{"unit":"px","size":10,"sizes":[]},"description_margin_mobile":{"unit":"px","top":"0","right":"0","bottom":"10","left":"0","isLinked":false}},"elements":[],"isInner":false,"widgetType":"ecomus-image-box-carousel","elType":"widget"}],"isInner":true,"elType":"container"}],"isInner":false,"elType":"container"},{"id":"78c1145","settings":{"flex_direction":"column","background_background":"classic","background_color":"#EFEFEF","padding":{"unit":"px","top":"90","right":"0","bottom":"86","left":"0","isLinked":false},"padding_tablet":{"unit":"px","top":"76","right":"0","bottom":"73","left":"0","isLinked":false},"padding_mobile":{"unit":"px","top":"45","right":"0","bottom":"43","left":"0","isLinked":false},"flex_gap":{"column":"0","row":"0","isLinked":true,"unit":"px","size":0},"margin":{"unit":"px","top":"0","right":"0","bottom":"70","left":"0","isLinked":false},"margin_tablet":{"unit":"px","top":"0","right":"0","bottom":"59","left":"0","isLinked":false},"margin_mobile":{"unit":"px","top":"0","right":"0","bottom":"52","left":"0","isLinked":false}},"elements":[{"id":"76abcf03","settings":{"content_width":"full","title":"Shop by categories","title_size":"h4","align":"center","typography_typography":"custom","typography_font_size_mobile":{"unit":"px","size":22,"sizes":[]},"typography_font_size_tablet":{"unit":"px","size":32,"sizes":[]},"_margin":{"unit":"px","top":"0","right":"0","bottom":"76","left":"0","isLinked":false},"_margin_tablet":{"unit":"px","top":"0","right":"0","bottom":"50","left":"0","isLinked":false},"_margin_mobile":{"unit":"px","top":"0","right":"0","bottom":"30","left":"0","isLinked":false}},"elements":[],"isInner":false,"widgetType":"ecomus-heading","elType":"widget"},{"id":"5568604b","settings":{"content_width":"full","heading":"This is heading","items":[{"image":{"id":"","url":"https:\/\/wpecomus.com\/sunglasses\/wp-content\/plugins\/elementor\/assets\/images\/placeholder.png"},"_id":"59351d2","product_cat":"men"},{"image":{"id":"","url":"https:\/\/wpecomus.com\/sunglasses\/wp-content\/plugins\/elementor\/assets\/images\/placeholder.png"},"_id":"c319dba","product_cat":"women"},{"image":{"id":"","url":"https:\/\/wpecomus.com\/sunglasses\/wp-content\/plugins\/elementor\/assets\/images\/placeholder.png"},"_id":"5708eb9","product_cat":"accessories"},{"image":{"id":"","url":"https:\/\/wpecomus.com\/sunglasses\/wp-content\/plugins\/elementor\/assets\/images\/placeholder.png"},"_id":"d67ec28","product_cat":"shoes"}],"show_button":"","show_heading":"","slides_to_show_tablet":3,"slides_to_show_mobile":2,"slides_to_scroll_tablet":3,"slides_to_scroll_mobile":2,"navigation_classes":"none","navigation_classes_tablet":"dots","navigation_classes_mobile":"dots","image_spacing_custom_mobile":15,"button_text":"","content_align":"center"},"elements":[],"isInner":false,"widgetType":"ecomus-categories-carousel","elType":"widget"}],"isInner":false,"elType":"container"},{"id":"17403ae","settings":{"margin":{"unit":"px","top":"0","right":"0","bottom":"73","left":"0","isLinked":false},"margin_tablet":{"unit":"px","top":"0","right":"0","bottom":"50","left":"0","isLinked":false},"margin_mobile":{"unit":"px","top":"0","right":"0","bottom":"30","left":"0","isLinked":false},"flex_gap":{"column":"18","row":"18","isLinked":true,"unit":"px","size":18}},"elements":[{"id":"467be32","settings":{"content_width":"full","title":"Ecomus's inspiration","title_size":"h4","align":"center","typography_typography":"custom","typography_font_size_mobile":{"unit":"px","size":22,"sizes":[]},"typography_font_size_tablet":{"unit":"px","size":32,"sizes":[]}},"elements":[],"isInner":false,"widgetType":"ecomus-heading","elType":"widget"},{"id":"33cfdaad","settings":{"content_width":"full","title":"See a few in their favorite frames from Ecomuse","title_size":"p","align":"center","typography_typography":"custom","typography_font_size":{"unit":"px","size":20,"sizes":[]},"typography_font_size_mobile":{"unit":"px","size":16,"sizes":[]}},"elements":[],"isInner":false,"widgetType":"ecomus-heading","elType":"widget"}],"isInner":false,"elType":"container"},{"id":"35791956","settings":{"content_width":"full"},"elements":[{"id":"1e55a0f4","settings":{"content_width":"full","instagram_type":"custom","instagrams":[{"_id":"3cf281c","image":{"id":5230,"url":"https:\/\/wpecomus.com\/sunglasses\/wp-content\/uploads\/sites\/7\/2024\/08\/homegallasses_ins1.jpg","alt":"","source":"library","size":""},"product_id":871},{"image":{"id":5232,"url":"https:\/\/wpecomus.com\/sunglasses\/wp-content\/uploads\/sites\/7\/2024\/08\/homegallasses_ins3.jpg","alt":"","source":"library","size":""},"product_id":798,"_id":"f21b389"},{"image":{"id":5231,"url":"https:\/\/wpecomus.com\/sunglasses\/wp-content\/uploads\/sites\/7\/2024\/08\/homegallasses_ins2.jpg","alt":"","source":"library","size":""},"product_id":766,"_id":"18a7d27"},{"image":{"id":5236,"url":"https:\/\/wpecomus.com\/sunglasses\/wp-content\/uploads\/sites\/7\/2024\/08\/homegallasses_ins7.jpg","alt":"","source":"library","size":""},"product_id":720,"_id":"d0a188d"},{"image":{"id":5233,"url":"https:\/\/wpecomus.com\/sunglasses\/wp-content\/uploads\/sites\/7\/2024\/08\/homegallasses_ins4.jpg","alt":"","source":"library","size":""},"product_id":743,"_id":"57cd67d"},{"image":{"id":5234,"url":"https:\/\/wpecomus.com\/sunglasses\/wp-content\/uploads\/sites\/7\/2024\/08\/homegallasses_ins5.jpg","alt":"","source":"library","size":""},"product_id":683,"_id":"fa2e548"},{"image":{"id":5235,"url":"https:\/\/wpecomus.com\/sunglasses\/wp-content\/uploads\/sites\/7\/2024\/08\/homegallasses_ins6.jpg","alt":"","source":"library","size":""},"product_id":782,"_id":"e8d16db"},{"image":{"id":5237,"url":"https:\/\/wpecomus.com\/sunglasses\/wp-content\/uploads\/sites\/7\/2024\/08\/homegallasses_ins8.jpg","alt":"","source":"library","size":""},"product_id":546,"_id":"c8bf268"}],"aspect_ratio_type":"square","image_spacing_custom":0,"navigation_classes":"none","slides_to_show_tablet":3,"slides_to_scroll":5,"slides_to_scroll_tablet":3,"navigation_classes_tablet":"dots","dots_type":"background","dots_position":"inside","slides_to_show_mobile":2,"slides_to_scroll_mobile":2,"navigation_classes_mobile":"dots"},"elements":[],"isInner":false,"widgetType":"ecomus-instagram","elType":"widget"}],"isInner":false,"elType":"container"},{"id":"4f7175ae","settings":{"boxed_width":{"unit":"px","size":1440,"sizes":[]},"background_background":"classic","background_color":"#EFEFEF","padding":{"unit":"px","top":"60","right":"0","bottom":"60","left":"0","isLinked":false},"padding_tablet":{"unit":"px","top":"51","right":"0","bottom":"51","left":"0","isLinked":false},"padding_mobile":{"unit":"px","top":"45","right":"0","bottom":"45","left":"0","isLinked":false}},"elements":[{"id":"34ddefdf","settings":{"content_width":"full","icons_box":[{"icon":{"value":{"url":"https:\/\/wpecomus.com\/sunglasses\/wp-content\/uploads\/sites\/7\/2024\/06\/box.svg","id":1397},"library":"svg"},"title":"Free Shipping","description":"Free shipping over order $120","_id":"24043c7","image":{"id":"","url":"https:\/\/wpecomus.com\/sunglasses\/wp-content\/plugins\/elementor\/assets\/images\/placeholder.png"}},{"icon":{"value":{"url":"https:\/\/wpecomus.com\/sunglasses\/wp-content\/uploads\/sites\/7\/2024\/06\/card.svg","id":1398},"library":"svg"},"title":"Flexible Payment","description":"Pay with Multiple Credit Cards","_id":"ab05b2c","image":{"id":"","url":"https:\/\/wpecomus.com\/sunglasses\/wp-content\/plugins\/elementor\/assets\/images\/placeholder.png"}},{"icon":{"value":{"url":"https:\/\/wpecomus.com\/sunglasses\/wp-content\/uploads\/sites\/7\/2024\/06\/return.svg","id":1399},"library":"svg"},"title":"14 Day Returns","description":"Within 30 days for an exchange","_id":"724d9ff","image":{"id":"","url":"https:\/\/wpecomus.com\/sunglasses\/wp-content\/plugins\/elementor\/assets\/images\/placeholder.png"}},{"icon":{"value":{"url":"https:\/\/wpecomus.com\/sunglasses\/wp-content\/uploads\/sites\/7\/2024\/06\/support.svg","id":1400},"library":"svg"},"title":"Premium Support","description":"Outstanding premium support","_id":"f1f11f7","image":{"id":"","url":"https:\/\/wpecomus.com\/sunglasses\/wp-content\/plugins\/elementor\/assets\/images\/placeholder.png"}}],"position":"left","slides_to_show":4,"slides_to_show_tablet":2,"slides_to_show_mobile":1,"slides_to_scroll_tablet":1,"slides_to_scroll_mobile":1,"navigation_classes":"none","navigation_classes_tablet":"dots","navigation_classes_mobile":"dots","title_typography_typography":"custom","title_typography_font_size_mobile":{"unit":"px","size":18,"sizes":[]},"title_typography_font_weight":"400","title_spacing":{"unit":"px","size":10,"sizes":[]},"title_spacing_mobile":{"unit":"px","size":6,"sizes":[]},"icon_size":{"unit":"px","size":29,"sizes":[]},"icon_border_border":"solid","icon_border_width":{"unit":"px","top":"1","right":"1","bottom":"1","left":"1","isLinked":true},"icon_border_color":"#FFFFFF","border_radius":{"unit":"px","top":"100","right":"100","bottom":"100","left":"100","isLinked":true},"icon_padding":{"unit":"px","top":"21","right":"21","bottom":"21","left":"21","isLinked":true},"icon_spacing":{"unit":"px","size":20,"sizes":[]},"icon_spacing_mobile":{"unit":"px","size":22,"sizes":[]},"icon_background_color":"#FFFFFF","icon_padding_tablet":{"unit":"px","top":"17.5","right":"17.5","bottom":"17.5","left":"17.5","isLinked":true},"icon_padding_mobile":{"unit":"px","top":"14.5","right":"14.5","bottom":"14.5","left":"14.5","isLinked":true},"icon_color":"#000000","title_typography_font_size":{"unit":"px","size":18,"sizes":[]},"vertical_alignment":"middle","alignment":"left","position_mobile":"top","alignment_mobile":"center"},"elements":[],"isInner":false,"widgetType":"ecomus-icon-box-carousel","elType":"widget"}],"isInner":false,"elType":"container"}],"page_settings":{"hide_page_header":"yes","content_top_spacing":"custom","content_top_padding":{"unit":"px","size":0,"sizes":[]},"content_bottom_spacing":"custom","content_bottom_padding":{"unit":"px","size":0,"sizes":[]}},"version":"0.4","title":"Home Sunglasses","type":"page"}