{"content":[{"id":"4a903b8c","settings":{"flex_direction":"row","flex_gap":{"unit":"px","size":15,"column":"15","row":"15","isLinked":true},"boxed_width":{"unit":"px","size":1440,"sizes":[]},"flex_gap_mobile":{"column":"15","row":"15","isLinked":true,"unit":"px","size":15},"margin":{"unit":"px","top":"50","right":"0","bottom":"40","left":"0","isLinked":false},"margin_tablet":{"unit":"px","top":"0","right":"0","bottom":"0","left":"0","isLinked":true},"margin_mobile":{"unit":"px","top":"0","right":"0","bottom":"0","left":"0","isLinked":true},"background_image":{"url":"","id":"","size":""},"background_video_fallback":{"url":"","id":"","size":""},"background_slideshow_gallery":[],"background_hover_image":{"url":"","id":"","size":""},"background_hover_video_fallback":{"url":"","id":"","size":""},"background_hover_slideshow_gallery":[],"background_overlay_image":{"url":"","id":"","size":""},"background_overlay_video_fallback":{"url":"","id":"","size":""},"background_overlay_slideshow_gallery":[],"background_overlay_hover_image":{"url":"","id":"","size":""},"background_overlay_hover_video_fallback":{"url":"","id":"","size":""},"background_overlay_hover_slideshow_gallery":[]},"elements":[{"id":"6354227f","settings":{"flex_direction":"column","content_width":"full","width":{"unit":"%","size":"50"},"overflow":"hidden","flex_direction_tablet":"row","background_image":{"url":"","id":"","size":""},"background_video_fallback":{"url":"","id":"","size":""},"background_slideshow_gallery":[],"background_hover_image":{"url":"","id":"","size":""},"background_hover_video_fallback":{"url":"","id":"","size":""},"background_hover_slideshow_gallery":[],"background_overlay_image":{"url":"","id":"","size":""},"background_overlay_video_fallback":{"url":"","id":"","size":""},"background_overlay_slideshow_gallery":[],"background_overlay_hover_image":{"url":"","id":"","size":""},"background_overlay_hover_video_fallback":{"url":"","id":"","size":""},"background_overlay_hover_slideshow_gallery":[]},"elements":[{"id":"6fdff458","settings":{"image":{"id":"5150","url":"https:\/\/wpecomus.com\/women\/wp-content\/uploads\/sites\/3\/2024\/08\/ourstore.webp"},"image_size":"full","background_hover_transition":{"unit":"px","size":0.8,"sizes":[]},"hover_animation":"grow","height_tablet":{"unit":"%","size":100,"sizes":[]},"height_mobile":{"unit":"%","size":"","sizes":[]},"object-fit_tablet":"cover","image_border_radius":{"unit":"px","top":"0","right":"0","bottom":"0","left":"0","isLinked":true},"_background_image":{"url":"","id":"","size":""},"_background_video_fallback":{"url":"","id":"","size":""},"_background_slideshow_gallery":[],"_background_hover_image":{"url":"","id":"","size":""},"_background_hover_video_fallback":{"url":"","id":"","size":""},"_background_hover_slideshow_gallery":[],"_mask_image":{"url":"","id":"","size":""}},"elements":[],"isInner":false,"widgetType":"image","elType":"widget"}],"isInner":true,"elType":"container"},{"id":"3185df9c","settings":{"flex_direction":"column","content_width":"full","width":{"unit":"%","size":"50"},"flex_gap":{"column":"0","row":"0","isLinked":true,"unit":"px","size":0},"padding":{"unit":"px","top":"0","right":"40","bottom":"0","left":"93","isLinked":false},"padding_tablet":{"unit":"px","top":"10","right":"20","bottom":"10","left":"40","isLinked":false},"padding_mobile":{"unit":"px","top":"15","right":"15","bottom":"15","left":"15","isLinked":true},"animation":"none","background_image":{"url":"","id":"","size":""},"background_video_fallback":{"url":"","id":"","size":""},"background_slideshow_gallery":[],"background_hover_image":{"url":"","id":"","size":""},"background_hover_video_fallback":{"url":"","id":"","size":""},"background_hover_slideshow_gallery":[],"background_overlay_image":{"url":"","id":"","size":""},"background_overlay_video_fallback":{"url":"","id":"","size":""},"background_overlay_slideshow_gallery":[],"background_overlay_hover_image":{"url":"","id":"","size":""},"background_overlay_hover_video_fallback":{"url":"","id":"","size":""},"background_overlay_hover_slideshow_gallery":[]},"elements":[{"id":"5ce87c20","settings":{"title":"Ecomus Paris","title_size":"h5","typography_typography":"custom","typography_font_size_mobile":{"unit":"px","size":18,"sizes":[]},"_margin":{"unit":"px","top":"0","right":"0","bottom":"25","left":"0","isLinked":false},"_background_image":{"url":"","id":"","size":""},"_background_video_fallback":{"url":"","id":"","size":""},"_background_slideshow_gallery":[],"_background_hover_image":{"url":"","id":"","size":""},"_background_hover_video_fallback":{"url":"","id":"","size":""},"_background_hover_slideshow_gallery":[],"_mask_image":{"url":"","id":"","size":""}},"elements":[],"isInner":false,"widgetType":"ecomus-heading","elType":"widget"},{"id":"3af54c2e","settings":{"title":"Address","title_size":"div","typography_typography":"custom","typography_font_weight":"600","title_color":"#000000","_margin":{"unit":"px","top":"0","right":"0","bottom":"15","left":"0","isLinked":false},"_background_image":{"url":"","id":"","size":""},"_background_video_fallback":{"url":"","id":"","size":""},"_background_slideshow_gallery":[],"_background_hover_image":{"url":"","id":"","size":""},"_background_hover_video_fallback":{"url":"","id":"","size":""},"_background_hover_slideshow_gallery":[],"_mask_image":{"url":"","id":"","size":""}},"elements":[],"isInner":false,"widgetType":"ecomus-heading","elType":"widget"},{"id":"6a2b7c1c","settings":{"title":"12, rue de la R\u00e9publique 75003 Paris","title_size":"div","_margin":{"unit":"px","top":"0","right":"0","bottom":"21","left":"0","isLinked":false},"_background_image":{"url":"","id":"","size":""},"_background_video_fallback":{"url":"","id":"","size":""},"_background_slideshow_gallery":[],"_background_hover_image":{"url":"","id":"","size":""},"_background_hover_video_fallback":{"url":"","id":"","size":""},"_background_hover_slideshow_gallery":[],"_mask_image":{"url":"","id":"","size":""}},"elements":[],"isInner":false,"widgetType":"ecomus-heading","elType":"widget"},{"id":"34402a65","settings":{"title":"Phone","title_size":"div","typography_typography":"custom","typography_font_weight":"600","title_color":"#000000","_margin":{"unit":"px","top":"0","right":"0","bottom":"15","left":"0","isLinked":false},"_background_image":{"url":"","id":"","size":""},"_background_video_fallback":{"url":"","id":"","size":""},"_background_slideshow_gallery":[],"_background_hover_image":{"url":"","id":"","size":""},"_background_hover_video_fallback":{"url":"","id":"","size":""},"_background_hover_slideshow_gallery":[],"_mask_image":{"url":"","id":"","size":""}},"elements":[],"isInner":false,"widgetType":"ecomus-heading","elType":"widget"},{"id":"764fbc29","settings":{"title":"+33 1 42 34 56 78","title_size":"div","_margin":{"unit":"px","top":"0","right":"0","bottom":"21","left":"0","isLinked":false},"_background_image":{"url":"","id":"","size":""},"_background_video_fallback":{"url":"","id":"","size":""},"_background_slideshow_gallery":[],"_background_hover_image":{"url":"","id":"","size":""},"_background_hover_video_fallback":{"url":"","id":"","size":""},"_background_hover_slideshow_gallery":[],"_mask_image":{"url":"","id":"","size":""}},"elements":[],"isInner":false,"widgetType":"ecomus-heading","elType":"widget"},{"id":"24dd9e7e","settings":{"title":"Email","title_size":"div","typography_typography":"custom","typography_font_weight":"600","title_color":"#000000","_margin":{"unit":"px","top":"0","right":"0","bottom":"15","left":"0","isLinked":false},"_background_image":{"url":"","id":"","size":""},"_background_video_fallback":{"url":"","id":"","size":""},"_background_slideshow_gallery":[],"_background_hover_image":{"url":"","id":"","size":""},"_background_hover_video_fallback":{"url":"","id":"","size":""},"_background_hover_slideshow_gallery":[],"_mask_image":{"url":"","id":"","size":""}},"elements":[],"isInner":false,"widgetType":"ecomus-heading","elType":"widget"},{"id":"525f0c84","settings":{"title":"EComposer@example.com","title_size":"div","_margin":{"unit":"px","top":"0","right":"0","bottom":"21","left":"0","isLinked":false},"_background_image":{"url":"","id":"","size":""},"_background_video_fallback":{"url":"","id":"","size":""},"_background_slideshow_gallery":[],"_background_hover_image":{"url":"","id":"","size":""},"_background_hover_video_fallback":{"url":"","id":"","size":""},"_background_hover_slideshow_gallery":[],"_mask_image":{"url":"","id":"","size":""}},"elements":[],"isInner":false,"widgetType":"ecomus-heading","elType":"widget"},{"id":"7007a15b","settings":{"title":"Open Time","title_size":"div","typography_typography":"custom","typography_font_weight":"600","title_color":"#000000","_margin":{"unit":"px","top":"0","right":"0","bottom":"15","left":"0","isLinked":false},"_background_image":{"url":"","id":"","size":""},"_background_video_fallback":{"url":"","id":"","size":""},"_background_slideshow_gallery":[],"_background_hover_image":{"url":"","id":"","size":""},"_background_hover_video_fallback":{"url":"","id":"","size":""},"_background_hover_slideshow_gallery":[],"_mask_image":{"url":"","id":"","size":""}},"elements":[],"isInner":false,"widgetType":"ecomus-heading","elType":"widget"},{"id":"57948b9f","settings":{"title":"Our store has re-opened for shopping, exchange","title_size":"div","_background_image":{"url":"","id":"","size":""},"_background_video_fallback":{"url":"","id":"","size":""},"_background_slideshow_gallery":[],"_background_hover_image":{"url":"","id":"","size":""},"_background_hover_video_fallback":{"url":"","id":"","size":""},"_background_hover_slideshow_gallery":[],"_mask_image":{"url":"","id":"","size":""}},"elements":[],"isInner":false,"widgetType":"ecomus-heading","elType":"widget"},{"id":"5d866d5e","settings":{"title":"Every day 11am to 7pm","title_size":"div","_background_image":{"url":"","id":"","size":""},"_background_video_fallback":{"url":"","id":"","size":""},"_background_slideshow_gallery":[],"_background_hover_image":{"url":"","id":"","size":""},"_background_hover_video_fallback":{"url":"","id":"","size":""},"_background_hover_slideshow_gallery":[],"_mask_image":{"url":"","id":"","size":""}},"elements":[],"isInner":false,"widgetType":"ecomus-heading","elType":"widget"},{"id":"12b13b3f","settings":{"social_icon_list":[{"_id":"8d08826","social_icon":{"value":{"id":"5139","url":"https:\/\/wpecomus.com\/women\/wp-content\/uploads\/sites\/3\/2024\/08\/facebook.svg"},"library":"svg"},"link":{"url":"https:\/\/www.facebook.com\/WordPress\/","is_external":"true","nofollow":"","custom_attributes":""},"icon_type":"icon","social_color":"","social_color_hover":"","image":{"url":"","id":"","size":""},"external_url":""},{"social_icon":{"value":{"id":"5141","url":"https:\/\/wpecomus.com\/women\/wp-content\/uploads\/sites\/3\/2024\/08\/instagram.svg"},"library":"svg"},"_id":"5e36d2a","link":{"url":"https:\/\/www.instagram.com\/wordpress","is_external":"true","nofollow":"","custom_attributes":""},"icon_type":"icon","social_color":"","social_color_hover":"","image":{"url":"","id":"","size":""},"external_url":""},{"social_icon":{"value":{"id":"5140","url":"https:\/\/wpecomus.com\/women\/wp-content\/uploads\/sites\/3\/2024\/08\/x.svg"},"library":"svg"},"_id":"4590c94","link":{"url":"https:\/\/x.com\/wordpress","is_external":"true","nofollow":"","custom_attributes":""},"icon_type":"icon","social_color":"","social_color_hover":"","image":{"url":"","id":"","size":""},"external_url":""},{"social_icon":{"value":{"id":"5142","url":"https:\/\/wpecomus.com\/women\/wp-content\/uploads\/sites\/3\/2024\/08\/tiktok.svg"},"library":"svg"},"_id":"19420a0","link":{"url":"https:\/\/www.tiktok.com\/@wordpress","is_external":"true","nofollow":"","custom_attributes":""},"icon_type":"icon","social_color":"","social_color_hover":"","image":{"url":"","id":"","size":""},"external_url":""},{"_id":"80dedf5","social_icon":{"value":{"id":"5143","url":"https:\/\/wpecomus.com\/women\/wp-content\/uploads\/sites\/3\/2024\/08\/pinterest.svg"},"library":"svg"},"link":{"url":"https:\/\/www.pinterest.com\/wordpress\/","is_external":"true","nofollow":"","custom_attributes":""},"icon_type":"icon","social_color":"","social_color_hover":"","image":{"url":"","id":"","size":""},"external_url":""}],"style":"none","icon_spacing":{"unit":"px","size":20,"sizes":[]},"icon_size":{"unit":"px","size":16,"sizes":[]},"_margin":{"unit":"px","top":"35","right":"0","bottom":"0","left":"0","isLinked":false},"_margin_mobile":{"unit":"px","top":"25","right":"0","bottom":"0","left":"0","isLinked":false},"_background_image":{"url":"","id":"","size":""},"_background_video_fallback":{"url":"","id":"","size":""},"_background_slideshow_gallery":[],"_background_hover_image":{"url":"","id":"","size":""},"_background_hover_video_fallback":{"url":"","id":"","size":""},"_background_hover_slideshow_gallery":[],"_mask_image":{"url":"","id":"","size":""}},"elements":[],"isInner":false,"widgetType":"ecomus-social-icons","elType":"widget"},{"id":"2771c215","settings":{"text":"Get Directions","icon_align":"right","icon_indent":{"unit":"px","size":12,"sizes":[]},"button_style":"outline-dark","size":"larger","typography_typography":"custom","typography_font_weight":"600","border_border":"solid","border_width":{"unit":"px","top":"1","right":"1","bottom":"1","left":"1","isLinked":true},"border_color":"#000000","text_padding":{"unit":"px","top":"15","right":"24","bottom":"15","left":"24","isLinked":false},"_margin":{"unit":"px","top":"37","right":"0","bottom":"0","left":"0","isLinked":false},"_margin_mobile":{"unit":"px","top":"32","right":"0","bottom":"0","left":"0","isLinked":false},"link":{"url":"http:\/\/localhost\/dev\/ecomus\/contact-us-v2\/","is_external":"","nofollow":"","custom_attributes":""},"button_text":"Get Directions","button_icon":{"value":{"id":"5151","url":"https:\/\/wpecomus.com\/women\/wp-content\/uploads\/sites\/3\/2024\/08\/arrow-right.svg"},"library":"svg"},"show_button_icon":"alway","button_icon_size":{"unit":"px","size":10,"sizes":[]},"button_link":{"url":"https:\/\/wpecomus.com\/fashion\/contact-v1\/","is_external":"","nofollow":"","custom_attributes":""},"_background_image":{"url":"","id":"","size":""},"_background_video_fallback":{"url":"","id":"","size":""},"_background_slideshow_gallery":[],"_background_hover_image":{"url":"","id":"","size":""},"_background_hover_video_fallback":{"url":"","id":"","size":""},"_background_hover_slideshow_gallery":[],"_mask_image":{"url":"","id":"","size":""}},"elements":[],"isInner":false,"widgetType":"ecomus-button","elType":"widget"}],"isInner":true,"elType":"container"}],"isInner":false,"elType":"container"},{"id":"4f1079a1","settings":{"flex_direction":"row-reverse","flex_gap":{"unit":"px","size":15,"column":"15","row":"15","isLinked":true},"boxed_width":{"unit":"px","size":1440,"sizes":[]},"flex_gap_mobile":{"column":"15","row":"15","isLinked":true,"unit":"px","size":15},"margin":{"unit":"px","top":"84","right":"0","bottom":"0","left":"0","isLinked":false},"margin_mobile":{"unit":"px","top":"50","right":"0","bottom":"0","left":"0","isLinked":false},"padding":{"unit":"px","top":"0","right":"0","bottom":"0","left":"0","isLinked":true},"background_image":{"url":"","id":"","size":""},"background_video_fallback":{"url":"","id":"","size":""},"background_slideshow_gallery":[],"background_hover_image":{"url":"","id":"","size":""},"background_hover_video_fallback":{"url":"","id":"","size":""},"background_hover_slideshow_gallery":[],"background_overlay_image":{"url":"","id":"","size":""},"background_overlay_video_fallback":{"url":"","id":"","size":""},"background_overlay_slideshow_gallery":[],"background_overlay_hover_image":{"url":"","id":"","size":""},"background_overlay_hover_video_fallback":{"url":"","id":"","size":""},"background_overlay_hover_slideshow_gallery":[]},"elements":[{"id":"121c38eb","settings":{"flex_direction":"column","content_width":"full","width":{"unit":"%","size":"50"},"overflow":"hidden","flex_direction_tablet":"row","background_image":{"url":"","id":"","size":""},"background_video_fallback":{"url":"","id":"","size":""},"background_slideshow_gallery":[],"background_hover_image":{"url":"","id":"","size":""},"background_hover_video_fallback":{"url":"","id":"","size":""},"background_hover_slideshow_gallery":[],"background_overlay_image":{"url":"","id":"","size":""},"background_overlay_video_fallback":{"url":"","id":"","size":""},"background_overlay_slideshow_gallery":[],"background_overlay_hover_image":{"url":"","id":"","size":""},"background_overlay_hover_video_fallback":{"url":"","id":"","size":""},"background_overlay_hover_slideshow_gallery":[]},"elements":[{"id":"23856d07","settings":{"image":{"id":"5152","url":"https:\/\/wpecomus.com\/women\/wp-content\/uploads\/sites\/3\/2024\/08\/ourstore2.webp"},"image_size":"full","background_hover_transition":{"unit":"px","size":0.8,"sizes":[]},"hover_animation":"grow","height_tablet":{"unit":"%","size":100,"sizes":[]},"height_mobile":{"unit":"%","size":"","sizes":[]},"object-fit_tablet":"cover","image_border_radius":{"unit":"px","top":"0","right":"0","bottom":"0","left":"0","isLinked":true},"_background_image":{"url":"","id":"","size":""},"_background_video_fallback":{"url":"","id":"","size":""},"_background_slideshow_gallery":[],"_background_hover_image":{"url":"","id":"","size":""},"_background_hover_video_fallback":{"url":"","id":"","size":""},"_background_hover_slideshow_gallery":[],"_mask_image":{"url":"","id":"","size":""}},"elements":[],"isInner":false,"widgetType":"image","elType":"widget"}],"isInner":true,"elType":"container"},{"id":"74e00e42","settings":{"content_width":"full","width":{"unit":"%","size":"50"},"flex_gap":{"column":"0","row":"0","isLinked":true,"unit":"px","size":0},"padding":{"unit":"px","top":"0","right":"40","bottom":"0","left":"122","isLinked":false},"padding_tablet":{"unit":"px","top":"10","right":"15","bottom":"10","left":"15","isLinked":false},"padding_mobile":{"unit":"px","top":"15","right":"15","bottom":"15","left":"15","isLinked":true},"animation":"none","_flex_order_mobile":"start","background_image":{"url":"","id":"","size":""},"background_video_fallback":{"url":"","id":"","size":""},"background_slideshow_gallery":[],"background_hover_image":{"url":"","id":"","size":""},"background_hover_video_fallback":{"url":"","id":"","size":""},"background_hover_slideshow_gallery":[],"background_overlay_image":{"url":"","id":"","size":""},"background_overlay_video_fallback":{"url":"","id":"","size":""},"background_overlay_slideshow_gallery":[],"background_overlay_hover_image":{"url":"","id":"","size":""},"background_overlay_hover_video_fallback":{"url":"","id":"","size":""},"background_overlay_hover_slideshow_gallery":[]},"elements":[{"id":"5d0c9491","settings":{"title":"Ecomus London","title_size":"h5","typography_typography":"custom","typography_font_size_mobile":{"unit":"px","size":18,"sizes":[]},"_margin":{"unit":"px","top":"0","right":"0","bottom":"25","left":"0","isLinked":false},"_background_image":{"url":"","id":"","size":""},"_background_video_fallback":{"url":"","id":"","size":""},"_background_slideshow_gallery":[],"_background_hover_image":{"url":"","id":"","size":""},"_background_hover_video_fallback":{"url":"","id":"","size":""},"_background_hover_slideshow_gallery":[],"_mask_image":{"url":"","id":"","size":""}},"elements":[],"isInner":false,"widgetType":"ecomus-heading","elType":"widget"},{"id":"14f71eb","settings":{"title":"Address","title_size":"div","typography_typography":"custom","typography_font_weight":"600","title_color":"#000000","_margin":{"unit":"px","top":"0","right":"0","bottom":"15","left":"0","isLinked":false},"content_width":"full","_background_image":{"url":"","id":"","size":""},"_background_video_fallback":{"url":"","id":"","size":""},"_background_slideshow_gallery":[],"_background_hover_image":{"url":"","id":"","size":""},"_background_hover_video_fallback":{"url":"","id":"","size":""},"_background_hover_slideshow_gallery":[],"_mask_image":{"url":"","id":"","size":""}},"elements":[],"isInner":false,"widgetType":"ecomus-heading","elType":"widget"},{"id":"6cf7ab2e","settings":{"title":"10 Downing Street London SW1A 2AA","title_size":"div","_margin":{"unit":"px","top":"0","right":"0","bottom":"21","left":"0","isLinked":false},"_background_image":{"url":"","id":"","size":""},"_background_video_fallback":{"url":"","id":"","size":""},"_background_slideshow_gallery":[],"_background_hover_image":{"url":"","id":"","size":""},"_background_hover_video_fallback":{"url":"","id":"","size":""},"_background_hover_slideshow_gallery":[],"_mask_image":{"url":"","id":"","size":""}},"elements":[],"isInner":false,"widgetType":"ecomus-heading","elType":"widget"},{"id":"32874f5d","settings":{"title":"Phone","title_size":"div","typography_typography":"custom","typography_font_weight":"600","title_color":"#000000","_margin":{"unit":"px","top":"0","right":"0","bottom":"15","left":"0","isLinked":false},"_background_image":{"url":"","id":"","size":""},"_background_video_fallback":{"url":"","id":"","size":""},"_background_slideshow_gallery":[],"_background_hover_image":{"url":"","id":"","size":""},"_background_hover_video_fallback":{"url":"","id":"","size":""},"_background_hover_slideshow_gallery":[],"_mask_image":{"url":"","id":"","size":""}},"elements":[],"isInner":false,"widgetType":"ecomus-heading","elType":"widget"},{"id":"248069ff","settings":{"title":"+44 121 456 7890","title_size":"div","_margin":{"unit":"px","top":"0","right":"0","bottom":"21","left":"0","isLinked":false},"_background_image":{"url":"","id":"","size":""},"_background_video_fallback":{"url":"","id":"","size":""},"_background_slideshow_gallery":[],"_background_hover_image":{"url":"","id":"","size":""},"_background_hover_video_fallback":{"url":"","id":"","size":""},"_background_hover_slideshow_gallery":[],"_mask_image":{"url":"","id":"","size":""}},"elements":[],"isInner":false,"widgetType":"ecomus-heading","elType":"widget"},{"id":"36f7a8ec","settings":{"title":"Email","title_size":"div","typography_typography":"custom","typography_font_weight":"600","title_color":"#000000","_margin":{"unit":"px","top":"0","right":"0","bottom":"15","left":"0","isLinked":false},"_background_image":{"url":"","id":"","size":""},"_background_video_fallback":{"url":"","id":"","size":""},"_background_slideshow_gallery":[],"_background_hover_image":{"url":"","id":"","size":""},"_background_hover_video_fallback":{"url":"","id":"","size":""},"_background_hover_slideshow_gallery":[],"_mask_image":{"url":"","id":"","size":""}},"elements":[],"isInner":false,"widgetType":"ecomus-heading","elType":"widget"},{"id":"272d3fb","settings":{"title":"EComposer@example.com","title_size":"div","_margin":{"unit":"px","top":"0","right":"0","bottom":"21","left":"0","isLinked":false},"_background_image":{"url":"","id":"","size":""},"_background_video_fallback":{"url":"","id":"","size":""},"_background_slideshow_gallery":[],"_background_hover_image":{"url":"","id":"","size":""},"_background_hover_video_fallback":{"url":"","id":"","size":""},"_background_hover_slideshow_gallery":[],"_mask_image":{"url":"","id":"","size":""}},"elements":[],"isInner":false,"widgetType":"ecomus-heading","elType":"widget"},{"id":"77330949","settings":{"title":"Open Time","title_size":"div","typography_typography":"custom","typography_font_weight":"600","title_color":"#000000","_margin":{"unit":"px","top":"0","right":"0","bottom":"15","left":"0","isLinked":false},"_background_image":{"url":"","id":"","size":""},"_background_video_fallback":{"url":"","id":"","size":""},"_background_slideshow_gallery":[],"_background_hover_image":{"url":"","id":"","size":""},"_background_hover_video_fallback":{"url":"","id":"","size":""},"_background_hover_slideshow_gallery":[],"_mask_image":{"url":"","id":"","size":""}},"elements":[],"isInner":false,"widgetType":"ecomus-heading","elType":"widget"},{"id":"a57b718","settings":{"title":"Our store has re-opened for shopping, exchange","title_size":"div","_background_image":{"url":"","id":"","size":""},"_background_video_fallback":{"url":"","id":"","size":""},"_background_slideshow_gallery":[],"_background_hover_image":{"url":"","id":"","size":""},"_background_hover_video_fallback":{"url":"","id":"","size":""},"_background_hover_slideshow_gallery":[],"_mask_image":{"url":"","id":"","size":""}},"elements":[],"isInner":false,"widgetType":"ecomus-heading","elType":"widget"},{"id":"2a32dc6","settings":{"title":"Every day 11am to 7pm","title_size":"div","_background_image":{"url":"","id":"","size":""},"_background_video_fallback":{"url":"","id":"","size":""},"_background_slideshow_gallery":[],"_background_hover_image":{"url":"","id":"","size":""},"_background_hover_video_fallback":{"url":"","id":"","size":""},"_background_hover_slideshow_gallery":[],"_mask_image":{"url":"","id":"","size":""}},"elements":[],"isInner":false,"widgetType":"ecomus-heading","elType":"widget"},{"id":"68704d82","settings":{"social_icon_list":[{"_id":"8d08826","social_icon":{"value":{"id":"5139","url":"https:\/\/wpecomus.com\/women\/wp-content\/uploads\/sites\/3\/2024\/08\/facebook.svg"},"library":"svg"},"link":{"url":"https:\/\/www.facebook.com\/WordPress\/","is_external":"true","nofollow":"","custom_attributes":""},"icon_type":"icon","social_color":"","social_color_hover":"","image":{"url":"","id":"","size":""},"external_url":""},{"social_icon":{"value":{"id":"5141","url":"https:\/\/wpecomus.com\/women\/wp-content\/uploads\/sites\/3\/2024\/08\/instagram.svg"},"library":"svg"},"_id":"5e36d2a","link":{"url":"https:\/\/www.instagram.com\/wordpress","is_external":"true","nofollow":"","custom_attributes":""},"icon_type":"icon","social_color":"","social_color_hover":"","image":{"url":"","id":"","size":""},"external_url":""},{"social_icon":{"value":{"id":"5140","url":"https:\/\/wpecomus.com\/women\/wp-content\/uploads\/sites\/3\/2024\/08\/x.svg"},"library":"svg"},"_id":"4590c94","link":{"url":"https:\/\/x.com\/wordpress","is_external":"true","nofollow":"","custom_attributes":""},"icon_type":"icon","social_color":"","social_color_hover":"","image":{"url":"","id":"","size":""},"external_url":""},{"social_icon":{"value":{"id":"5142","url":"https:\/\/wpecomus.com\/women\/wp-content\/uploads\/sites\/3\/2024\/08\/tiktok.svg"},"library":"svg"},"_id":"19420a0","link":{"url":"https:\/\/www.tiktok.com\/@wordpress","is_external":"true","nofollow":"","custom_attributes":""},"icon_type":"icon","social_color":"","social_color_hover":"","image":{"url":"","id":"","size":""},"external_url":""},{"_id":"80dedf5","social_icon":{"value":{"id":"5143","url":"https:\/\/wpecomus.com\/women\/wp-content\/uploads\/sites\/3\/2024\/08\/pinterest.svg"},"library":"svg"},"link":{"url":"https:\/\/www.pinterest.com\/wordpress\/","is_external":"true","nofollow":"","custom_attributes":""},"icon_type":"icon","social_color":"","social_color_hover":"","image":{"url":"","id":"","size":""},"external_url":""}],"style":"none","icon_spacing":{"unit":"px","size":20,"sizes":[]},"icon_size":{"unit":"px","size":16,"sizes":[]},"_margin":{"unit":"px","top":"35","right":"0","bottom":"0","left":"0","isLinked":false},"_margin_mobile":{"unit":"px","top":"25","right":"0","bottom":"0","left":"0","isLinked":false},"content_width":"full","_background_image":{"url":"","id":"","size":""},"_background_video_fallback":{"url":"","id":"","size":""},"_background_slideshow_gallery":[],"_background_hover_image":{"url":"","id":"","size":""},"_background_hover_video_fallback":{"url":"","id":"","size":""},"_background_hover_slideshow_gallery":[],"_mask_image":{"url":"","id":"","size":""}},"elements":[],"isInner":false,"widgetType":"ecomus-social-icons","elType":"widget"},{"id":"c9ac177","settings":{"text":"Get Directions","icon_align":"right","icon_indent":{"unit":"px","size":12,"sizes":[]},"button_style":"outline-dark","size":"larger","typography_typography":"custom","typography_font_weight":"600","border_border":"solid","border_width":{"unit":"px","top":"1","right":"1","bottom":"1","left":"1","isLinked":true},"border_color":"#000000","text_padding":{"unit":"px","top":"15","right":"24","bottom":"15","left":"24","isLinked":false},"_margin":{"unit":"px","top":"37","right":"0","bottom":"0","left":"0","isLinked":false},"_margin_mobile":{"unit":"px","top":"32","right":"0","bottom":"0","left":"0","isLinked":false},"link":{"url":"http:\/\/localhost\/dev\/ecomus\/contact-us\/","is_external":"","nofollow":"","custom_attributes":""},"button_text":"Get Directions","button_icon":{"value":{"id":"5151","url":"https:\/\/wpecomus.com\/women\/wp-content\/uploads\/sites\/3\/2024\/08\/arrow-right.svg"},"library":"svg"},"show_button_icon":"alway","button_icon_size":{"unit":"px","size":10,"sizes":[]},"button_link":{"url":"https:\/\/wpecomus.com\/fashion\/contact-v2\/","is_external":"","nofollow":"","custom_attributes":""},"_background_image":{"url":"","id":"","size":""},"_background_video_fallback":{"url":"","id":"","size":""},"_background_slideshow_gallery":[],"_background_hover_image":{"url":"","id":"","size":""},"_background_hover_video_fallback":{"url":"","id":"","size":""},"_background_hover_slideshow_gallery":[],"_mask_image":{"url":"","id":"","size":""}},"elements":[],"isInner":false,"widgetType":"ecomus-button","elType":"widget"}],"isInner":true,"elType":"container"}],"isInner":false,"elType":"container"},{"id":"2d30e1b5","settings":{"flex_direction":"row","flex_gap":{"unit":"px","size":15,"column":"15","row":"15","isLinked":true},"boxed_width":{"unit":"px","size":1440,"sizes":[]},"flex_gap_mobile":{"column":"15","row":"15","isLinked":true,"unit":"px","size":15},"margin":{"unit":"px","top":"92","right":"0","bottom":"33","left":"0","isLinked":false},"margin_mobile":{"unit":"px","top":"50","right":"0","bottom":"11","left":"0","isLinked":false},"padding":{"unit":"px","top":"0","right":"0","bottom":"0","left":"0","isLinked":true},"background_image":{"url":"","id":"","size":""},"background_video_fallback":{"url":"","id":"","size":""},"background_slideshow_gallery":[],"background_hover_image":{"url":"","id":"","size":""},"background_hover_video_fallback":{"url":"","id":"","size":""},"background_hover_slideshow_gallery":[],"background_overlay_image":{"url":"","id":"","size":""},"background_overlay_video_fallback":{"url":"","id":"","size":""},"background_overlay_slideshow_gallery":[],"background_overlay_hover_image":{"url":"","id":"","size":""},"background_overlay_hover_video_fallback":{"url":"","id":"","size":""},"background_overlay_hover_slideshow_gallery":[]},"elements":[{"id":"230f39bb","settings":{"flex_direction":"column","content_width":"full","width":{"unit":"%","size":"50"},"overflow":"hidden","flex_direction_tablet":"row","background_image":{"url":"","id":"","size":""},"background_video_fallback":{"url":"","id":"","size":""},"background_slideshow_gallery":[],"background_hover_image":{"url":"","id":"","size":""},"background_hover_video_fallback":{"url":"","id":"","size":""},"background_hover_slideshow_gallery":[],"background_overlay_image":{"url":"","id":"","size":""},"background_overlay_video_fallback":{"url":"","id":"","size":""},"background_overlay_slideshow_gallery":[],"background_overlay_hover_image":{"url":"","id":"","size":""},"background_overlay_hover_video_fallback":{"url":"","id":"","size":""},"background_overlay_hover_slideshow_gallery":[]},"elements":[{"id":"123f7068","settings":{"image":{"id":"5153","url":"https:\/\/wpecomus.com\/women\/wp-content\/uploads\/sites\/3\/2024\/08\/ourstore3.webp"},"image_size":"full","background_hover_transition":{"unit":"px","size":0.8,"sizes":[]},"hover_animation":"grow","height_tablet":{"unit":"%","size":100,"sizes":[]},"height_mobile":{"unit":"%","size":"","sizes":[]},"object-fit_tablet":"cover","image_border_radius":{"unit":"px","top":"0","right":"0","bottom":"0","left":"0","isLinked":true},"_background_image":{"url":"","id":"","size":""},"_background_video_fallback":{"url":"","id":"","size":""},"_background_slideshow_gallery":[],"_background_hover_image":{"url":"","id":"","size":""},"_background_hover_video_fallback":{"url":"","id":"","size":""},"_background_hover_slideshow_gallery":[],"_mask_image":{"url":"","id":"","size":""}},"elements":[],"isInner":false,"widgetType":"image","elType":"widget"}],"isInner":true,"elType":"container"},{"id":"65584e26","settings":{"content_width":"full","width":{"unit":"%","size":"50"},"flex_gap":{"column":"0","row":"0","isLinked":true,"unit":"px","size":0},"padding":{"unit":"px","top":"0","right":"40","bottom":"0","left":"93","isLinked":false},"padding_tablet":{"unit":"px","top":"10","right":"20","bottom":"10","left":"40","isLinked":false},"padding_mobile":{"unit":"px","top":"15","right":"15","bottom":"15","left":"15","isLinked":true},"animation":"none","background_image":{"url":"","id":"","size":""},"background_video_fallback":{"url":"","id":"","size":""},"background_slideshow_gallery":[],"background_hover_image":{"url":"","id":"","size":""},"background_hover_video_fallback":{"url":"","id":"","size":""},"background_hover_slideshow_gallery":[],"background_overlay_image":{"url":"","id":"","size":""},"background_overlay_video_fallback":{"url":"","id":"","size":""},"background_overlay_slideshow_gallery":[],"background_overlay_hover_image":{"url":"","id":"","size":""},"background_overlay_hover_video_fallback":{"url":"","id":"","size":""},"background_overlay_hover_slideshow_gallery":[]},"elements":[{"id":"4ac3f2f8","settings":{"title":"Ecomus Dubai","title_size":"h5","typography_typography":"custom","typography_font_size_mobile":{"unit":"px","size":18,"sizes":[]},"_margin":{"unit":"px","top":"0","right":"0","bottom":"25","left":"0","isLinked":false},"_background_image":{"url":"","id":"","size":""},"_background_video_fallback":{"url":"","id":"","size":""},"_background_slideshow_gallery":[],"_background_hover_image":{"url":"","id":"","size":""},"_background_hover_video_fallback":{"url":"","id":"","size":""},"_background_hover_slideshow_gallery":[],"_mask_image":{"url":"","id":"","size":""}},"elements":[],"isInner":false,"widgetType":"ecomus-heading","elType":"widget"},{"id":"4b635147","settings":{"title":"Address","title_size":"div","typography_typography":"custom","typography_font_weight":"600","title_color":"#000000","_margin":{"unit":"px","top":"0","right":"0","bottom":"15","left":"0","isLinked":false},"_background_image":{"url":"","id":"","size":""},"_background_video_fallback":{"url":"","id":"","size":""},"_background_slideshow_gallery":[],"_background_hover_image":{"url":"","id":"","size":""},"_background_hover_video_fallback":{"url":"","id":"","size":""},"_background_hover_slideshow_gallery":[],"_mask_image":{"url":"","id":"","size":""}},"elements":[],"isInner":false,"widgetType":"ecomus-heading","elType":"widget"},{"id":"483fc044","settings":{"title":"Burj Khalifa Sheikh Mohammed bin Rashid Boulevard Downtown Dubai","title_size":"div","_margin":{"unit":"px","top":"0","right":"0","bottom":"21","left":"0","isLinked":false},"_background_image":{"url":"","id":"","size":""},"_background_video_fallback":{"url":"","id":"","size":""},"_background_slideshow_gallery":[],"_background_hover_image":{"url":"","id":"","size":""},"_background_hover_video_fallback":{"url":"","id":"","size":""},"_background_hover_slideshow_gallery":[],"_mask_image":{"url":"","id":"","size":""}},"elements":[],"isInner":false,"widgetType":"ecomus-heading","elType":"widget"},{"id":"2288e6a","settings":{"title":"Phone","title_size":"div","typography_typography":"custom","typography_font_weight":"600","title_color":"#000000","_margin":{"unit":"px","top":"0","right":"0","bottom":"15","left":"0","isLinked":false},"_background_image":{"url":"","id":"","size":""},"_background_video_fallback":{"url":"","id":"","size":""},"_background_slideshow_gallery":[],"_background_hover_image":{"url":"","id":"","size":""},"_background_hover_video_fallback":{"url":"","id":"","size":""},"_background_hover_slideshow_gallery":[],"_mask_image":{"url":"","id":"","size":""}},"elements":[],"isInner":false,"widgetType":"ecomus-heading","elType":"widget"},{"id":"dd81155","settings":{"title":"+971 50 123 4567","title_size":"div","_margin":{"unit":"px","top":"0","right":"0","bottom":"21","left":"0","isLinked":false},"_background_image":{"url":"","id":"","size":""},"_background_video_fallback":{"url":"","id":"","size":""},"_background_slideshow_gallery":[],"_background_hover_image":{"url":"","id":"","size":""},"_background_hover_video_fallback":{"url":"","id":"","size":""},"_background_hover_slideshow_gallery":[],"_mask_image":{"url":"","id":"","size":""}},"elements":[],"isInner":false,"widgetType":"ecomus-heading","elType":"widget"},{"id":"40ac3252","settings":{"title":"Email","title_size":"div","typography_typography":"custom","typography_font_weight":"600","title_color":"#000000","_margin":{"unit":"px","top":"0","right":"0","bottom":"15","left":"0","isLinked":false},"_background_image":{"url":"","id":"","size":""},"_background_video_fallback":{"url":"","id":"","size":""},"_background_slideshow_gallery":[],"_background_hover_image":{"url":"","id":"","size":""},"_background_hover_video_fallback":{"url":"","id":"","size":""},"_background_hover_slideshow_gallery":[],"_mask_image":{"url":"","id":"","size":""}},"elements":[],"isInner":false,"widgetType":"ecomus-heading","elType":"widget"},{"id":"514bea6e","settings":{"title":"EComposer@example.com","title_size":"div","_margin":{"unit":"px","top":"0","right":"0","bottom":"21","left":"0","isLinked":false},"_background_image":{"url":"","id":"","size":""},"_background_video_fallback":{"url":"","id":"","size":""},"_background_slideshow_gallery":[],"_background_hover_image":{"url":"","id":"","size":""},"_background_hover_video_fallback":{"url":"","id":"","size":""},"_background_hover_slideshow_gallery":[],"_mask_image":{"url":"","id":"","size":""}},"elements":[],"isInner":false,"widgetType":"ecomus-heading","elType":"widget"},{"id":"82dca60","settings":{"title":"Open Time","title_size":"div","typography_typography":"custom","typography_font_weight":"600","title_color":"#000000","_margin":{"unit":"px","top":"0","right":"0","bottom":"15","left":"0","isLinked":false},"_background_image":{"url":"","id":"","size":""},"_background_video_fallback":{"url":"","id":"","size":""},"_background_slideshow_gallery":[],"_background_hover_image":{"url":"","id":"","size":""},"_background_hover_video_fallback":{"url":"","id":"","size":""},"_background_hover_slideshow_gallery":[],"_mask_image":{"url":"","id":"","size":""}},"elements":[],"isInner":false,"widgetType":"ecomus-heading","elType":"widget"},{"id":"664374c6","settings":{"title":"Our store has re-opened for shopping, exchange","title_size":"div","_background_image":{"url":"","id":"","size":""},"_background_video_fallback":{"url":"","id":"","size":""},"_background_slideshow_gallery":[],"_background_hover_image":{"url":"","id":"","size":""},"_background_hover_video_fallback":{"url":"","id":"","size":""},"_background_hover_slideshow_gallery":[],"_mask_image":{"url":"","id":"","size":""}},"elements":[],"isInner":false,"widgetType":"ecomus-heading","elType":"widget"},{"id":"3562275c","settings":{"title":"Every day 11am to 7pm","title_size":"div","_background_image":{"url":"","id":"","size":""},"_background_video_fallback":{"url":"","id":"","size":""},"_background_slideshow_gallery":[],"_background_hover_image":{"url":"","id":"","size":""},"_background_hover_video_fallback":{"url":"","id":"","size":""},"_background_hover_slideshow_gallery":[],"_mask_image":{"url":"","id":"","size":""}},"elements":[],"isInner":false,"widgetType":"ecomus-heading","elType":"widget"},{"id":"4bf8f8d","settings":{"social_icon_list":[{"_id":"8d08826","social_icon":{"value":{"id":"5139","url":"https:\/\/wpecomus.com\/women\/wp-content\/uploads\/sites\/3\/2024\/08\/facebook.svg"},"library":"svg"},"link":{"url":"https:\/\/www.facebook.com\/WordPress\/","is_external":"true","nofollow":"","custom_attributes":""},"icon_type":"icon","social_color":"","social_color_hover":"","image":{"url":"","id":"","size":""},"external_url":""},{"social_icon":{"value":{"id":"5141","url":"https:\/\/wpecomus.com\/women\/wp-content\/uploads\/sites\/3\/2024\/08\/instagram.svg"},"library":"svg"},"_id":"5e36d2a","link":{"url":"https:\/\/www.instagram.com\/wordpress","is_external":"true","nofollow":"","custom_attributes":""},"icon_type":"icon","social_color":"","social_color_hover":"","image":{"url":"","id":"","size":""},"external_url":""},{"social_icon":{"value":{"id":"5140","url":"https:\/\/wpecomus.com\/women\/wp-content\/uploads\/sites\/3\/2024\/08\/x.svg"},"library":"svg"},"_id":"4590c94","link":{"url":"https:\/\/x.com\/wordpress","is_external":"true","nofollow":"","custom_attributes":""},"icon_type":"icon","social_color":"","social_color_hover":"","image":{"url":"","id":"","size":""},"external_url":""},{"social_icon":{"value":{"id":"5142","url":"https:\/\/wpecomus.com\/women\/wp-content\/uploads\/sites\/3\/2024\/08\/tiktok.svg"},"library":"svg"},"_id":"19420a0","link":{"url":"https:\/\/www.tiktok.com\/@wordpress","is_external":"true","nofollow":"","custom_attributes":""},"icon_type":"icon","social_color":"","social_color_hover":"","image":{"url":"","id":"","size":""},"external_url":""},{"_id":"80dedf5","social_icon":{"value":{"id":"5143","url":"https:\/\/wpecomus.com\/women\/wp-content\/uploads\/sites\/3\/2024\/08\/pinterest.svg"},"library":"svg"},"link":{"url":"https:\/\/www.pinterest.com\/wordpress\/","is_external":"true","nofollow":"","custom_attributes":""},"icon_type":"icon","social_color":"","social_color_hover":"","image":{"url":"","id":"","size":""},"external_url":""}],"style":"none","icon_spacing":{"unit":"px","size":20,"sizes":[]},"icon_size":{"unit":"px","size":16,"sizes":[]},"_margin":{"unit":"px","top":"35","right":"0","bottom":"0","left":"0","isLinked":false},"_margin_mobile":{"unit":"px","top":"25","right":"0","bottom":"0","left":"0","isLinked":false},"content_width":"full","_background_image":{"url":"","id":"","size":""},"_background_video_fallback":{"url":"","id":"","size":""},"_background_slideshow_gallery":[],"_background_hover_image":{"url":"","id":"","size":""},"_background_hover_video_fallback":{"url":"","id":"","size":""},"_background_hover_slideshow_gallery":[],"_mask_image":{"url":"","id":"","size":""}},"elements":[],"isInner":false,"widgetType":"ecomus-social-icons","elType":"widget"},{"id":"4eb9b2ea","settings":{"text":"Get Directions","icon_align":"right","icon_indent":{"unit":"px","size":12,"sizes":[]},"button_style":"outline-dark","size":"larger","typography_typography":"custom","typography_font_weight":"600","border_border":"solid","border_width":{"unit":"px","top":"1","right":"1","bottom":"1","left":"1","isLinked":true},"border_color":"#000000","text_padding":{"unit":"px","top":"15","right":"24","bottom":"15","left":"24","isLinked":false},"_margin":{"unit":"px","top":"37","right":"0","bottom":"0","left":"0","isLinked":false},"_margin_mobile":{"unit":"px","top":"32","right":"0","bottom":"0","left":"0","isLinked":false},"link":{"url":"http:\/\/localhost\/dev\/ecomus\/contact-us\/","is_external":"","nofollow":"","custom_attributes":""},"button_text":"Get Directions","button_icon":{"value":{"id":"5151","url":"https:\/\/wpecomus.com\/women\/wp-content\/uploads\/sites\/3\/2024\/08\/arrow-right.svg"},"library":"svg"},"show_button_icon":"alway","button_icon_size":{"unit":"px","size":10,"sizes":[]},"button_link":{"url":"https:\/\/wpecomus.com\/fashion\/contact-v2\/","is_external":"","nofollow":"","custom_attributes":""},"content_width":"full","_background_image":{"url":"","id":"","size":""},"_background_video_fallback":{"url":"","id":"","size":""},"_background_slideshow_gallery":[],"_background_hover_image":{"url":"","id":"","size":""},"_background_hover_video_fallback":{"url":"","id":"","size":""},"_background_hover_slideshow_gallery":[],"_mask_image":{"url":"","id":"","size":""}},"elements":[],"isInner":false,"widgetType":"ecomus-button","elType":"widget"}],"isInner":true,"elType":"container"}],"isInner":false,"elType":"container"}],"page_settings":[],"version":"0.4","title":"Page Our Store","type":"page"}