{"content":[{"id":"ddc4f48","settings":{"content_width":"full","margin":{"unit":"px","top":"0","right":"0","bottom":"60","left":"0","isLinked":false}},"elements":[{"id":"60e90cbc","settings":{"content_width":"full","background_image":{"url":"https:\/\/wpecomus.com\/builder\/wp-content\/uploads\/sites\/17\/2024\/07\/ph01.webp","id":3995,"size":"","alt":"","source":"library"}},"elements":[],"isInner":false,"widgetType":"ecomus-archive-page-header","elType":"widget"}],"isInner":false,"elType":"container"},{"id":"fcc1086","settings":{"flex_direction":"row","flex_gap":{"unit":"px","size":30,"column":"30","row":"30","isLinked":true},"margin":{"unit":"px","top":"0","right":"0","bottom":"71","left":"0","isLinked":false},"flex_direction_tablet":"column","flex_gap_mobile":{"column":"0","row":"0","isLinked":true,"unit":"px","size":0},"margin_mobile":{"unit":"px","top":"0","right":"0","bottom":"40","left":"0","isLinked":false}},"elements":[{"id":"35cc1b37","settings":{"content_width":"full"},"elements":[{"id":"267540a4","settings":{"content_width":"full","extra_content_page_id":5556,"extra_content_margin":{"unit":"px","top":"0","right":"0","bottom":"0","left":"0","isLinked":true}},"elements":[],"isInner":false,"widgetType":"ecomus-wc-cart","elType":"widget"}],"isInner":true,"elType":"container"}],"isInner":false,"elType":"container"},{"id":"18eab05d","settings":{"flex_gap":{"column":"51","row":"51","isLinked":true,"unit":"px","size":51},"margin":{"unit":"px","top":"0","right":"0","bottom":"99","left":"0","isLinked":false},"flex_gap_mobile":{"column":"35","row":"35","isLinked":true,"unit":"px","size":35},"margin_mobile":{"unit":"px","top":"0","right":"0","bottom":"63","left":"0","isLinked":false}},"elements":[{"id":"43d70754","settings":{"content_width":"full","title":"Happy Clients","title_size":"h4","align":"center","typography_typography":"custom","typography_font_size_tablet":{"unit":"px","size":32,"sizes":[]},"typography_font_size_mobile":{"unit":"px","size":22,"sizes":[]}},"elements":[],"isInner":false,"widgetType":"ecomus-heading","elType":"widget"},{"id":"5c0adeff","settings":{"content_width":"full","testimonials":[{"testimonial_name":"Robert smith","_id":"3288acc","testimonial_title":"Best Online Fashion Site","testimonial_content":"\u201cI always find something stylish and affordable on this web fashion site\u201d","testimonial_text":"Customer from USA","testimonial_product_id":754},{"testimonial_name":"Allen Lyn","testimonial_title":"Great Selection and Quality","testimonial_content":"\"I love the variety of styles and the high-quality clothing on this web fashion site.\"","testimonial_text":"Customer from France","_id":"e7577c7","testimonial_product_id":673},{"testimonial_name":"Peter Rope","testimonial_title":"Best Customer Service","testimonial_content":"\"I finally found a web fashion site with stylish and flattering options in my size.\"","testimonial_text":"Customer from USA","_id":"30b62dd","testimonial_product_id":606},{"testimonial_name":"Hellen Ase","testimonial_title":"Great Selection and Quality","testimonial_content":"\"I love the variety of styles and the high-quality clothing on this web fashion site.\"","testimonial_text":"Customer from Japan","_id":"9cb2829","testimonial_product_id":1253}],"slides_to_show_tablet":2,"slides_to_show_mobile":1,"slides_to_scroll_tablet":2,"slides_to_scroll_mobile":1,"navigation_classes_tablet":"dots"},"elements":[],"isInner":false,"widgetType":"ecomus-testimonial-carousel-2","elType":"widget"}],"isInner":false,"elType":"container"},{"id":"1bb7a6e","settings":[],"elements":[{"id":"6713f12c","settings":{"content_width":"full","heading":"You may be interested in\u2026","heading_text_align":"center","heading_typography_typography":"custom","heading_typography_font_size":{"unit":"px","size":42,"sizes":[]},"heading_spacing":{"unit":"px","size":57,"sizes":[]},"slides_to_show_tablet":3,"slides_to_scroll_tablet":3,"navigation_classes_tablet":"dots","heading_typography_font_size_tablet":{"unit":"px","size":32,"sizes":[]},"heading_spacing_tablet":{"unit":"px","size":50,"sizes":[]},"slides_to_show_mobile":2,"slides_to_scroll_mobile":2,"heading_typography_font_size_mobile":{"unit":"px","size":22,"sizes":[]},"heading_spacing_mobile":{"unit":"px","size":35,"sizes":[]},"image_spacing_custom_mobile":15},"elements":[],"isInner":false,"widgetType":"ecomus-wc-cart-cross-sell","elType":"widget"}],"isInner":false,"elType":"container"}],"page_settings":{"site_content_spacing_top":{"unit":"px","size":0,"sizes":[]},"site_content_spacing_top_tablet":{"unit":"px","size":0,"sizes":[]},"site_content_spacing_top_mobile":{"unit":"px","size":0,"sizes":[]},"site_content_spacing_bottom_tablet":{"unit":"px","size":"","sizes":[]},"site_content_spacing_bottom_mobile":{"unit":"px","size":50,"sizes":[]},"site_content_spacing_bottom":{"unit":"px","size":100,"sizes":[]}},"version":"0.4","title":"Cart Page","type":"page"}