{"content":[{"id":"694963be","settings":{"flex_gap":{"column":"25","row":"25","isLinked":true,"unit":"px","size":25},"content_width":"full"},"elements":[{"id":"2a0b7957","settings":{"content_width":"full","image":{"id":5587,"url":"https:\/\/wpecomus.com\/builder\/wp-content\/uploads\/sites\/17\/2024\/11\/image-97-png.webp","alt":"","source":"library","size":""},"image_size":"full"},"elements":[],"isInner":false,"widgetType":"image","elType":"widget"},{"id":"1ed4a2bf","settings":{"content_width":"full","flex_gap":{"column":"0","row":"0","isLinked":true,"unit":"px","size":0},"background_background":"classic","background_color":"#F6FDF5","padding":{"unit":"px","top":"30","right":"30","bottom":"30","left":"30","isLinked":true}},"elements":[{"id":"6f4c8090","settings":{"content_width":"full","title":"Shop with confidence","title_size":"div","typography_typography":"custom","typography_font_size":{"unit":"px","size":18,"sizes":[]},"typography_font_weight":"600","title_color":"#000000"},"elements":[],"isInner":false,"widgetType":"ecomus-heading","elType":"widget"},{"id":"221e61e3","settings":{"content_width":"full","title":"Trusted by more than 10000+ buyers","title_size":"div","title_color":"#000000","_margin":{"unit":"px","top":"0","right":"0","bottom":"20","left":"0","isLinked":false}},"elements":[],"isInner":false,"widgetType":"ecomus-heading","elType":"widget"},{"id":"346aac62","settings":{"content_width":"full","icon_list":[{"text":"100% Money-Back Guarantee","selected_icon":{"value":{"url":"https:\/\/wpecomus.com\/builder\/wp-content\/uploads\/sites\/17\/2024\/11\/check-circle-Bold.svg","id":5588},"library":"svg"},"_id":"dee34cc"},{"text":"List Item #2","selected_icon":{"value":{"url":"https:\/\/wpecomus.com\/builder\/wp-content\/uploads\/sites\/17\/2024\/11\/check-circle-Bold.svg","id":5588},"library":"svg"},"_id":"d9e80d5","link":{"url":"No-Hassle Returns","is_external":"","nofollow":"","custom_attributes":""}},{"text":"Secured Transactions","selected_icon":{"value":{"url":"https:\/\/wpecomus.com\/builder\/wp-content\/uploads\/sites\/17\/2024\/11\/check-circle-Bold.svg","id":5588},"library":"svg"},"_id":"184ada3"}],"space_between":{"unit":"px","size":10,"sizes":[]},"icon_size":{"unit":"px","size":12,"sizes":[]},"icon_typography_typography":"custom","icon_typography_font_family":"Albert Sans","icon_typography_font_size":{"unit":"px","size":14,"sizes":[]},"icon_typography_font_weight":"600","text_color":"#000000"},"elements":[],"isInner":false,"widgetType":"icon-list","elType":"widget"}],"isInner":true,"elType":"container"},{"id":"79b5ba3f","settings":{"content_width":"full","testimonials":[{"testimonial_name":"Robert smith","_id":"0efe77d","testimonial_title":"Best Online Fashion Site","testimonial_content":"\u201c I always find something stylish and affordable on this web fashion site \u201d","testimonial_text":"Customer from USA","testimonial_product_id":798},{"testimonial_name":"Robert smith","testimonial_title":"Best Online Fashion Site","testimonial_content":"\u201c I always find something stylish and affordable on this web fashion site \u201d","testimonial_text":"Customer from USA","testimonial_product_id":766,"_id":"4e50670"},{"testimonial_name":"Robert smith","testimonial_title":"Best Online Fashion Site","testimonial_content":"\u201c I always find something stylish and affordable on this web fashion site \u201d","testimonial_text":"Customer from USA","testimonial_product_id":693,"_id":"91d69c8"}],"slides_to_show":1,"navigation_classes":"dots","dots_size":{"unit":"px","size":20,"sizes":[]},"dots_spacing":{"unit":"px","size":25,"sizes":[]},"slides_to_scroll_tablet":1,"slides_to_scroll_mobile":1,"navigation_classes_tablet":"dots","navigation_classes_mobile":"dots"},"elements":[],"isInner":false,"widgetType":"ecomus-testimonial-carousel-2","elType":"widget"}],"isInner":false,"elType":"container"}],"page_settings":[],"version":"0.4","title":"Sidebar Checkout","type":"page"}