{"content":[{"id":"24b87b8d","settings":{"content_width":"full","border_border":"solid","border_width":{"unit":"px","top":"0","right":"0","bottom":"1","left":"0","isLinked":false},"border_color":"#EBEBEB","margin":{"unit":"px","top":"0","right":"0","bottom":"35","left":"0","isLinked":false},"padding":{"unit":"px","top":"0","right":"0","bottom":"35","left":"0","isLinked":false}},"elements":[{"id":"39c0c221","settings":{"content_width":"full","title":"Product categories","typography_typography":"custom","typography_font_size":{"unit":"px","size":20,"sizes":[]}},"elements":[],"isInner":false,"widgetType":"ecomus-heading","elType":"widget"},{"id":"2f86f354","settings":{"hierarchical":"true","count":"true","hide_empty":"true"},"elements":[],"isInner":false,"widgetType":"ecomus-product-categories-list","elType":"widget"}],"isInner":false,"elType":"container"},{"id":"df74498","settings":{"content_width":"full","border_border":"solid","border_width":{"unit":"px","top":"0","right":"0","bottom":"1","left":"0","isLinked":false},"border_color":"#EBEBEB","margin":{"unit":"px","top":"0","right":"0","bottom":"35","left":"0","isLinked":false},"padding":{"unit":"px","top":"0","right":"0","bottom":"35","left":"0","isLinked":false}},"elements":[{"id":"4e3e1ba7","settings":{"content_width":"full","title":"Recent products","typography_typography":"custom","typography_font_size":{"unit":"px","size":20,"sizes":[]}},"elements":[],"isInner":false,"widgetType":"ecomus-heading","elType":"widget"},{"id":"3eefa5bd","settings":{"scrollbar":"","product_rating_position":"after","product_title_margin":{"unit":"px","top":"0","right":"0","bottom":"7","left":"0","isLinked":false}},"elements":[],"isInner":false,"widgetType":"ecomus-product-list","elType":"widget"}],"isInner":false,"elType":"container"},{"id":"6b3fca9d","settings":{"content_width":"full","border_border":"solid","border_width":{"unit":"px","top":"0","right":"0","bottom":"1","left":"0","isLinked":false},"border_color":"#EBEBEB","margin":{"unit":"px","top":"0","right":"0","bottom":"35","left":"0","isLinked":false},"padding":{"unit":"px","top":"0","right":"0","bottom":"35","left":"0","isLinked":false}},"elements":[{"id":"41ed34a9","settings":{"content_width":"full","title":"Shipping & Delivery","typography_typography":"custom","typography_font_size":{"unit":"px","size":20,"sizes":[]}},"elements":[],"isInner":false,"widgetType":"ecomus-heading","elType":"widget"},{"id":"797b5b76","settings":{"icon":{"value":"","library":""},"title":"Free shipping","description":"Free shipping for all US orders","title_size":"div","position":"left","vertical_alignment":"middle","title_color":"#000000","title_typography_typography":"custom","title_typography_font_size":{"unit":"px","size":16,"sizes":[]},"title_typography_font_weight":"600","title_spacing":{"unit":"px","size":3,"sizes":[]},"icon_color":"#000000","icon_size":{"unit":"px","size":22,"sizes":[]},"icon_border_border":"solid","icon_border_width":{"unit":"px","top":"1","right":"1","bottom":"1","left":"1","isLinked":true},"icon_border_color":"#EBEBEB","border_radius":{"unit":"px","top":"100","right":"100","bottom":"100","left":"100","isLinked":true},"icon_padding":{"unit":"px","top":"13","right":"13","bottom":"13","left":"13","isLinked":true},"icon_spacing":{"unit":"px","size":20,"sizes":[]},"image":{"id":5334,"url":"https:\/\/wpecomus.com\/builder\/wp-content\/uploads\/sites\/17\/2024\/11\/placeholder.png"}},"elements":[],"isInner":false,"widgetType":"ecomus-icon-box","elType":"widget"},{"id":"6b723db6","settings":{"icon":{"value":"","library":""},"title":"Premium Support","description":"Support 24 hours a day","title_size":"div","position":"left","vertical_alignment":"middle","title_color":"#000000","title_typography_typography":"custom","title_typography_font_size":{"unit":"px","size":16,"sizes":[]},"title_typography_font_weight":"600","title_spacing":{"unit":"px","size":3,"sizes":[]},"icon_color":"#000000","icon_size":{"unit":"px","size":22,"sizes":[]},"icon_border_border":"solid","icon_border_width":{"unit":"px","top":"1","right":"1","bottom":"1","left":"1","isLinked":true},"icon_border_color":"#EBEBEB","border_radius":{"unit":"px","top":"100","right":"100","bottom":"100","left":"100","isLinked":true},"icon_padding":{"unit":"px","top":"13","right":"13","bottom":"13","left":"13","isLinked":true},"icon_spacing":{"unit":"px","size":20,"sizes":[]},"image":{"id":5335,"url":"https:\/\/wpecomus.com\/builder\/wp-content\/uploads\/sites\/17\/2024\/11\/placeholder-1.png"}},"elements":[],"isInner":false,"widgetType":"ecomus-icon-box","elType":"widget"},{"id":"2b366cf9","settings":{"icon":{"value":"","library":""},"title":"30 Days Return","description":"You have 30 days to return","title_size":"div","position":"left","vertical_alignment":"middle","title_color":"#000000","title_typography_typography":"custom","title_typography_font_size":{"unit":"px","size":16,"sizes":[]},"title_typography_font_weight":"600","title_spacing":{"unit":"px","size":3,"sizes":[]},"icon_color":"#000000","icon_size":{"unit":"px","size":22,"sizes":[]},"icon_border_border":"solid","icon_border_width":{"unit":"px","top":"1","right":"1","bottom":"1","left":"1","isLinked":true},"icon_border_color":"#EBEBEB","border_radius":{"unit":"px","top":"100","right":"100","bottom":"100","left":"100","isLinked":true},"icon_padding":{"unit":"px","top":"13","right":"13","bottom":"13","left":"13","isLinked":true},"icon_spacing":{"unit":"px","size":20,"sizes":[]},"image":{"id":5336,"url":"https:\/\/wpecomus.com\/builder\/wp-content\/uploads\/sites\/17\/2024\/11\/placeholder-2.png"}},"elements":[],"isInner":false,"widgetType":"ecomus-icon-box","elType":"widget"}],"isInner":false,"elType":"container"},{"id":"6a0634ee","settings":{"content_width":"full","border_border":"solid","border_width":{"unit":"px","top":"0","right":"0","bottom":"1","left":"0","isLinked":false},"border_color":"#EBEBEB","margin":{"unit":"px","top":"0","right":"0","bottom":"35","left":"0","isLinked":false},"padding":{"unit":"px","top":"0","right":"0","bottom":"35","left":"0","isLinked":false}},"elements":[{"id":"237b4414","settings":{"content_width":"full","title":"Gallery","typography_typography":"custom","typography_font_size":{"unit":"px","size":20,"sizes":[]}},"elements":[],"isInner":false,"widgetType":"ecomus-heading","elType":"widget"},{"id":"7360e330","settings":{"columns":3,"items":[{"image":{"id":1393,"url":"https:\/\/wpecomus.com\/builder\/wp-content\/uploads\/sites\/17\/2024\/06\/im5.webp","alt":"","source":"library","size":""},"link":{"url":"","is_external":"","nofollow":"","custom_attributes":""},"_id":"5c521b3"},{"image":{"id":1390,"url":"https:\/\/wpecomus.com\/builder\/wp-content\/uploads\/sites\/17\/2024\/06\/im2.webp","alt":"","source":"library","size":""},"link":{"url":"","is_external":"","nofollow":"","custom_attributes":""},"_id":"61d66e7"},{"image":{"id":1391,"url":"https:\/\/wpecomus.com\/builder\/wp-content\/uploads\/sites\/17\/2024\/06\/im3.webp","alt":"","source":"library","size":""},"link":{"url":"","is_external":"","nofollow":"","custom_attributes":""},"_id":"adce472"},{"image":{"id":896,"url":"https:\/\/wpecomus.com\/builder\/wp-content\/uploads\/sites\/17\/2024\/06\/ins_3.webp","alt":"","source":"library","size":""},"link":{"url":"","is_external":"","nofollow":"","custom_attributes":""},"_id":"cf4b040"},{"image":{"id":898,"url":"https:\/\/wpecomus.com\/builder\/wp-content\/uploads\/sites\/17\/2024\/06\/ins_6.webp","alt":"","source":"library","size":""},"link":{"url":"","is_external":"","nofollow":"","custom_attributes":""},"_id":"012d20c"},{"image":{"id":900,"url":"https:\/\/wpecomus.com\/builder\/wp-content\/uploads\/sites\/17\/2024\/06\/ins_9.webp","alt":"","source":"library","size":""},"link":{"url":"","is_external":"","nofollow":"","custom_attributes":""},"_id":"9b0cc2a"}],"column_gap":{"unit":"px","size":7,"sizes":[]},"row_gap":{"unit":"px","size":7,"sizes":[]},"border_radius":{"unit":"px","top":"0","right":"0","bottom":"0","left":"0","isLinked":true},"max_width":{"unit":"%","size":100,"sizes":[]},"max_width_tablet":{"unit":"%","size":"","sizes":[]},"max_width_mobile":{"unit":"%","size":"","sizes":[]}},"elements":[],"isInner":false,"widgetType":"ecomus-image-box-grid","elType":"widget"}],"isInner":false,"elType":"container"},{"id":"6c9955bd","settings":{"content_width":"full","margin":{"unit":"px","top":"0","right":"0","bottom":"35","left":"0","isLinked":false}},"elements":[{"id":"2503642a","settings":{"content_width":"full","title":"Follow us","typography_typography":"custom","typography_font_size":{"unit":"px","size":20,"sizes":[]}},"elements":[],"isInner":false,"widgetType":"ecomus-heading","elType":"widget"},{"id":"76ff9ae8","settings":{"social_icon_list":[{"social_icon":{"value":"fab fa-facebook-f","library":"fa-brands"},"_id":"8dd1a6e","social_hover_background_color":"#3B5998"},{"social_icon":{"value":"fab fa-x-twitter","library":"fa-brands"},"_id":"b4f3bbd","social_hover_background_color":"#3B5998"},{"social_icon":{"value":"fab fa-instagram","library":"fa-brands"},"_id":"061b307","social_hover_background_color":"#A64943"},{"_id":"057c5f1","social_icon":{"value":"fab fa-behance","library":"fa-brands"},"social_hover_background_color":"#3B5998"},{"_id":"c907a14","social_icon":{"value":"fab fa-tiktok","library":"fa-brands"},"social_hover_background_color":"#000000"}],"icon_spacing":{"unit":"px","size":12,"sizes":[]},"style":"solid"},"elements":[],"isInner":false,"widgetType":"ecomus-social-icons","elType":"widget"}],"isInner":false,"elType":"container"}],"page_settings":[],"version":"0.4","title":"Product Sidebar","type":"page"}