{"content":[{"id":"11678531","settings":{"content_width":"full","margin":{"unit":"px","top":"0","right":"0","bottom":"31","left":"0","isLinked":false}},"elements":[{"id":"41317a78","settings":{"content_width":"full","background_image":{"id":3995,"url":"https:\/\/wpecomus.com\/builder\/wp-content\/uploads\/sites\/17\/2024\/07\/ph01.webp","alt":"","source":"library","size":""}},"elements":[],"isInner":false,"widgetType":"ecomus-archive-page-header","elType":"widget"}],"isInner":false,"elType":"container"},{"id":"65932664","settings":{"flex_direction":"row-reverse","flex_gap":{"unit":"px","size":30,"column":"30","row":"30","isLinked":true},"flex_direction_tablet":"column","flex_gap_tablet":{"column":"0","row":"0","isLinked":true,"unit":"px","size":0},"margin":{"unit":"px","top":"0","right":"0","bottom":"70","left":"0","isLinked":false},"margin_tablet":{"unit":"px","top":"0","right":"0","bottom":"60","left":"0","isLinked":false},"margin_mobile":{"unit":"px","top":"0","right":"0","bottom":"53","left":"0","isLinked":false}},"elements":[{"id":"336e38ea","settings":{"content_width":"full","width":{"unit":"%","size":26},"width_tablet":{"unit":"%","size":100,"sizes":[]},"width_mobile":{"unit":"%","size":"","sizes":[]}},"elements":[{"id":"3131ca08","settings":{"content_width":"full","sidebar_type":"sidebar","sidebar_type_tablet":"panel","page_id":5332,"toggle_heading":"yes"},"elements":[],"isInner":false,"widgetType":"ecomus-product-sidebar","elType":"widget"}],"isInner":true,"elType":"container"},{"id":"5f35a0b8","settings":{"content_width":"full","width":{"unit":"%","size":74},"padding":{"unit":"px","top":0,"right":0,"bottom":0,"left":0,"isLinked":true},"flex_gap":{"unit":"px","size":0,"column":"0","row":"39","isLinked":false},"width_tablet":{"unit":"%","size":100,"sizes":[]},"width_mobile":{"unit":"%","size":"","sizes":[]}},"elements":[{"id":"5813ba9","settings":{"content_width":"full","width_tablet":{"unit":"%","size":"","sizes":[]},"width_mobile":{"unit":"%","size":"","sizes":[]},"flex_direction":"row","flex_gap":{"column":"0","row":"0","isLinked":true,"unit":"px","size":0},"flex_wrap":"wrap","flex_align_items":"center"},"elements":[{"id":"65234fbf","settings":{"content_width":"full","filters":[{"_id":"6262f3c","name":"Product Categories","source":"product_cat","display_default":"list","show_counts":"yes","hide_empty_cats":"yes"},{"_id":"1469ddf","name":"Availability","source":"product_status"},{"_id":"fb7d471","name":"Price","source":"price","display_price":"slider"},{"_id":"84f27a9","name":"Brand","source":"product_brand","multiple_default":"1","show_counts":"yes","scrollable":"yes"},{"_id":"0926421","name":"Color","source":"attribute","attribute":"color","multiple_attribute":"1","show_counts":"yes","scrollable":"yes"},{"_id":"4fa3fb7","name":"Size","source":"attribute","attribute":"size","display_attribute":"checkboxes","show_counts":"yes","scrollable":"yes"}],"icon":{"value":{"url":"https:\/\/wpecomus.com\/builder\/wp-content\/uploads\/sites\/17\/2024\/11\/filter.svg","id":5324},"library":"svg"},"title":"Filter","instant":"yes","_element_width":"initial","_element_custom_width":{"unit":"%","size":33.333,"sizes":[]}},"elements":[],"isInner":false,"widgetType":"ecomus-products-filter","elType":"widget"},{"id":"28bb2578","settings":{"content_width":"full","alignment":"center","_element_width":"initial","_element_custom_width":{"unit":"%","size":33.333,"sizes":[]},"views":["1","2","3","4"],"views_default":"3"},"elements":[],"isInner":false,"widgetType":"ecomus-archive-product-view","elType":"widget"},{"id":"1eef29ed","settings":{"content_width":"full","alignment":"flex-end","_element_width":"initial","_element_custom_width":{"unit":"%","size":33.333,"sizes":[]}},"elements":[],"isInner":false,"widgetType":"ecomus-archive-product-ordering","elType":"widget"},{"id":"564b53f8","settings":{"content_width":"full","margin":{"unit":"px","top":"39","right":"0","bottom":"0","left":"0","isLinked":false},"_element_width":"inherit"},"elements":[],"isInner":false,"widgetType":"ecomus-products-filter-actived","elType":"widget"}],"isInner":true,"elType":"container"},{"id":"25e1048b","settings":{"content_width":"full","flex_gap":{"column":"0","row":"0","isLinked":false,"unit":"px","size":0}},"elements":[{"id":"3b5656c","settings":{"content_width":"full"},"elements":[],"isInner":false,"widgetType":"ecomus-wc-notices","elType":"widget"},{"id":"6b729994","settings":{"content_width":"full","shop_columns":"3","shop_per_page":12},"elements":[],"isInner":false,"widgetType":"ecomus-archive-products","elType":"widget"}],"isInner":true,"elType":"container"}],"isInner":true,"elType":"container"}],"isInner":false,"elType":"container"}],"page_settings":{"show_default_columns":"3","site_content_spacing_top":{"unit":"px","size":0,"sizes":[]},"site_content_spacing_bottom":{"unit":"px","size":0,"sizes":[]},"site_content_spacing_top_tablet":{"unit":"px","size":0,"sizes":[]},"site_content_spacing_top_mobile":{"unit":"px","size":0,"sizes":[]},"site_content_spacing_bottom_tablet":{"unit":"px","size":0,"sizes":[]},"site_content_spacing_bottom_mobile":{"unit":"px","size":0,"sizes":[]}},"version":"0.4","title":"Shop Right Sidebar","type":"page"}