<?xml version="1.0" encoding="UTF-8" ?>
<!-- This is a WordPress eXtended RSS file generated by WordPress as an export of your site. -->
<!-- It contains information about your site's posts, pages, comments, categories, and other content. -->
<!-- You may use this file to transfer that content from one site to another. -->
<!-- This file is not intended to serve as a complete backup of your site. -->

<!-- To import this information into a WordPress site follow these steps: -->
<!-- 1. Log in to that site as an administrator. -->
<!-- 2. Go to Tools: Import in the WordPress admin panel. -->
<!-- 3. Install the "WordPress" importer from the list. -->
<!-- 4. Activate & Run Importer. -->
<!-- 5. Upload this file using the form provided on that page. -->
<!-- 6. You will first be asked to map the authors in this export file to users -->
<!--    on the site. For each author, you may choose to map to an -->
<!--    existing user on the site or to create a new user. -->
<!-- 7. WordPress will then import each of the posts, pages, comments, categories, etc. -->
<!--    contained in this file into your site. -->

<!-- generator="WordPress/4.6.1" created="2016-11-01 08:16" -->
<rss version="2.0"
	xmlns:excerpt="http://wordpress.org/export/1.2/excerpt/"
	xmlns:content="http://purl.org/rss/1.0/modules/content/"
	xmlns:wfw="http://wellformedweb.org/CommentAPI/"
	xmlns:dc="http://purl.org/dc/elements/1.1/"
	xmlns:wp="http://wordpress.org/export/1.2/"
>

<channel>
	<title>MrBara Fashion App</title>
	<link>http://demo.drfuri.com/mrbara2</link>
	<description>Just another DrFuri Demo site</description>
	<pubDate>Tue, 01 Nov 2016 08:16:03 +0000</pubDate>
	<language>en-US</language>
	<wp:wxr_version>1.2</wp:wxr_version>
	<wp:base_site_url>http://demo.drfuri.com/</wp:base_site_url>
	<wp:base_blog_url>http://demo.drfuri.com/mrbara2</wp:base_blog_url>

	<wp:author><wp:author_id>2</wp:author_id><wp:author_login><![CDATA[themealien]]></wp:author_login><wp:author_email><![CDATA[info@themealien.com]]></wp:author_email><wp:author_display_name><![CDATA[themealien]]></wp:author_display_name><wp:author_first_name><![CDATA[]]></wp:author_first_name><wp:author_last_name><![CDATA[]]></wp:author_last_name></wp:author>
	<wp:author><wp:author_id>1</wp:author_id><wp:author_login><![CDATA[drfurion]]></wp:author_login><wp:author_email><![CDATA[drfurion@gmail.com]]></wp:author_email><wp:author_display_name><![CDATA[drfurion]]></wp:author_display_name><wp:author_first_name><![CDATA[]]></wp:author_first_name><wp:author_last_name><![CDATA[]]></wp:author_last_name></wp:author>

	<wp:category>
		<wp:term_id>1</wp:term_id>
		<wp:category_nicename><![CDATA[uncategorized]]></wp:category_nicename>
		<wp:category_parent><![CDATA[]]></wp:category_parent>
		<wp:cat_name><![CDATA[Uncategorized]]></wp:cat_name>
	</wp:category>
	<wp:term>
		<wp:term_id><![CDATA[3]]></wp:term_id>
		<wp:term_taxonomy><![CDATA[nav_menu]]></wp:term_taxonomy>
		<wp:term_slug><![CDATA[footer-menu]]></wp:term_slug>
		<wp:term_parent><![CDATA[]]></wp:term_parent>
		<wp:term_name><![CDATA[Footer Menu]]></wp:term_name>
	</wp:term>
	<wp:term>
		<wp:term_id><![CDATA[4]]></wp:term_id>
		<wp:term_taxonomy><![CDATA[nav_menu]]></wp:term_taxonomy>
		<wp:term_slug><![CDATA[mobile-menu]]></wp:term_slug>
		<wp:term_parent><![CDATA[]]></wp:term_parent>
		<wp:term_name><![CDATA[Mobile Menu]]></wp:term_name>
	</wp:term>
	<wp:term>
		<wp:term_id><![CDATA[2]]></wp:term_id>
		<wp:term_taxonomy><![CDATA[nav_menu]]></wp:term_taxonomy>
		<wp:term_slug><![CDATA[primary-menu]]></wp:term_slug>
		<wp:term_parent><![CDATA[]]></wp:term_parent>
		<wp:term_name><![CDATA[Primary Menu]]></wp:term_name>
	</wp:term>
	<wp:term>
		<wp:term_id><![CDATA[1]]></wp:term_id>
		<wp:term_taxonomy><![CDATA[category]]></wp:term_taxonomy>
		<wp:term_slug><![CDATA[uncategorized]]></wp:term_slug>
		<wp:term_parent><![CDATA[]]></wp:term_parent>
		<wp:term_name><![CDATA[Uncategorized]]></wp:term_name>
	</wp:term>
	<wp:term><wp:term_id>3</wp:term_id><wp:term_taxonomy>nav_menu</wp:term_taxonomy><wp:term_slug><![CDATA[footer-menu]]></wp:term_slug><wp:term_name><![CDATA[Footer Menu]]></wp:term_name>
</wp:term>
	<wp:term><wp:term_id>4</wp:term_id><wp:term_taxonomy>nav_menu</wp:term_taxonomy><wp:term_slug><![CDATA[mobile-menu]]></wp:term_slug><wp:term_name><![CDATA[Mobile Menu]]></wp:term_name>
</wp:term>
	<wp:term><wp:term_id>2</wp:term_id><wp:term_taxonomy>nav_menu</wp:term_taxonomy><wp:term_slug><![CDATA[primary-menu]]></wp:term_slug><wp:term_name><![CDATA[Primary Menu]]></wp:term_name>
</wp:term>

	<generator>https://wordpress.org/?v=4.6.1</generator>

	<item>
		<title>Store Online</title>
		<link>http://demo.drfuri.com/mrbara2/2016/07/18/store-online/</link>
		<pubDate>Mon, 18 Jul 2016 04:27:43 +0000</pubDate>
		<dc:creator><![CDATA[drfurion]]></dc:creator>
		<guid isPermaLink="false">http://demo.drfuri.com/mrbara2/?p=6</guid>
		<description></description>
		<content:encoded><![CDATA[]]></content:encoded>
		<excerpt:encoded><![CDATA[]]></excerpt:encoded>
		<wp:post_id>6</wp:post_id>
		<wp:post_date><![CDATA[2016-07-18 04:27:43]]></wp:post_date>
		<wp:post_date_gmt><![CDATA[2016-07-18 04:27:43]]></wp:post_date_gmt>
		<wp:comment_status><![CDATA[closed]]></wp:comment_status>
		<wp:ping_status><![CDATA[closed]]></wp:ping_status>
		<wp:post_name><![CDATA[store-online]]></wp:post_name>
		<wp:status><![CDATA[publish]]></wp:status>
		<wp:post_parent>0</wp:post_parent>
		<wp:menu_order>1</wp:menu_order>
		<wp:post_type><![CDATA[nav_menu_item]]></wp:post_type>
		<wp:post_password><![CDATA[]]></wp:post_password>
		<wp:is_sticky>0</wp:is_sticky>
		<category domain="nav_menu" nicename="primary-menu"><![CDATA[Primary Menu]]></category>
		<wp:postmeta>
			<wp:meta_key><![CDATA[_vc_post_settings]]></wp:meta_key>
			<wp:meta_value><![CDATA[a:1:{s:10:"vc_grid_id";a:0:{}}]]></wp:meta_value>
		</wp:postmeta>
		<wp:postmeta>
			<wp:meta_key><![CDATA[_menu_item_type]]></wp:meta_key>
			<wp:meta_value><![CDATA[custom]]></wp:meta_value>
		</wp:postmeta>
		<wp:postmeta>
			<wp:meta_key><![CDATA[_menu_item_menu_item_parent]]></wp:meta_key>
			<wp:meta_value><![CDATA[0]]></wp:meta_value>
		</wp:postmeta>
		<wp:postmeta>
			<wp:meta_key><![CDATA[_menu_item_object_id]]></wp:meta_key>
			<wp:meta_value><![CDATA[6]]></wp:meta_value>
		</wp:postmeta>
		<wp:postmeta>
			<wp:meta_key><![CDATA[_menu_item_object]]></wp:meta_key>
			<wp:meta_value><![CDATA[custom]]></wp:meta_value>
		</wp:postmeta>
		<wp:postmeta>
			<wp:meta_key><![CDATA[_menu_item_target]]></wp:meta_key>
			<wp:meta_value><![CDATA[]]></wp:meta_value>
		</wp:postmeta>
		<wp:postmeta>
			<wp:meta_key><![CDATA[_menu_item_classes]]></wp:meta_key>
			<wp:meta_value><![CDATA[a:1:{i:0;s:0:"";}]]></wp:meta_value>
		</wp:postmeta>
		<wp:postmeta>
			<wp:meta_key><![CDATA[_menu_item_xfn]]></wp:meta_key>
			<wp:meta_value><![CDATA[]]></wp:meta_value>
		</wp:postmeta>
		<wp:postmeta>
			<wp:meta_key><![CDATA[_menu_item_url]]></wp:meta_key>
			<wp:meta_value><![CDATA[http://demo.drfuri.com/mrbara/shop-categories/?widget_title_style=2]]></wp:meta_value>
		</wp:postmeta>
	</item>
	<item>
		<title>mr-fasion-01</title>
		<link>http://demo.drfuri.com/mrbara2/home-fashion-app/mr-fasion-01/</link>
		<pubDate>Mon, 18 Jul 2016 04:48:51 +0000</pubDate>
		<dc:creator><![CDATA[drfurion]]></dc:creator>
		<guid isPermaLink="false">http://demo.drfuri.com/mrbara2/wp-content/uploads/sites/3/2016/07/mr-fasion-01.jpg</guid>
		<description></description>
		<content:encoded><![CDATA[]]></content:encoded>
		<excerpt:encoded><![CDATA[]]></excerpt:encoded>
		<wp:post_id>8</wp:post_id>
		<wp:post_date><![CDATA[2016-07-18 04:48:51]]></wp:post_date>
		<wp:post_date_gmt><![CDATA[2016-07-18 04:48:51]]></wp:post_date_gmt>
		<wp:comment_status><![CDATA[open]]></wp:comment_status>
		<wp:ping_status><![CDATA[closed]]></wp:ping_status>
		<wp:post_name><![CDATA[mr-fasion-01]]></wp:post_name>
		<wp:status><![CDATA[inherit]]></wp:status>
		<wp:post_parent>4</wp:post_parent>
		<wp:menu_order>0</wp:menu_order>
		<wp:post_type><![CDATA[attachment]]></wp:post_type>
		<wp:post_password><![CDATA[]]></wp:post_password>
		<wp:is_sticky>0</wp:is_sticky>
		<wp:attachment_url><![CDATA[http://demo.drfuri.com/mrbara2/wp-content/uploads/sites/3/2016/07/mr-fasion-01.jpg]]></wp:attachment_url>
		<wp:postmeta>
			<wp:meta_key><![CDATA[_wp_attached_file]]></wp:meta_key>
			<wp:meta_value><![CDATA[2016/07/mr-fasion-01.jpg]]></wp:meta_value>
		</wp:postmeta>
		<wp:postmeta>
			<wp:meta_key><![CDATA[_wp_attachment_metadata]]></wp:meta_key>
			<wp:meta_value><![CDATA[a:5:{s:5:"width";i:1920;s:6:"height";i:1010;s:4:"file";s:24:"2016/07/mr-fasion-01.jpg";s:5:"sizes";a:20:{s:9:"thumbnail";a:4:{s:4:"file";s:24:"mr-fasion-01-150x150.jpg";s:5:"width";i:150;s:6:"height";i:150;s:9:"mime-type";s:10:"image/jpeg";}s:6:"medium";a:4:{s:4:"file";s:24:"mr-fasion-01-300x158.jpg";s:5:"width";i:300;s:6:"height";i:158;s:9:"mime-type";s:10:"image/jpeg";}s:12:"medium_large";a:4:{s:4:"file";s:24:"mr-fasion-01-768x404.jpg";s:5:"width";i:768;s:6:"height";i:404;s:9:"mime-type";s:10:"image/jpeg";}s:5:"large";a:4:{s:4:"file";s:25:"mr-fasion-01-1024x539.jpg";s:5:"width";i:1024;s:6:"height";i:539;s:9:"mime-type";s:10:"image/jpeg";}s:17:"mrbara-blog-thumb";a:4:{s:4:"file";s:24:"mr-fasion-01-870x450.jpg";s:5:"width";i:870;s:6:"height";i:450;s:9:"mime-type";s:10:"image/jpeg";}s:23:"mrbara-blog-large-thumb";a:4:{s:4:"file";s:25:"mr-fasion-01-1170x605.jpg";s:5:"width";i:1170;s:6:"height";i:605;s:9:"mime-type";s:10:"image/jpeg";}s:16:"mrbara-blog-full";a:4:{s:4:"file";s:25:"mr-fasion-01-1920x800.jpg";s:5:"width";i:1920;s:6:"height";i:800;s:9:"mime-type";s:10:"image/jpeg";}s:18:"mrbara-blog-normal";a:4:{s:4:"file";s:24:"mr-fasion-01-767x555.jpg";s:5:"width";i:767;s:6:"height";i:555;s:9:"mime-type";s:10:"image/jpeg";}s:17:"mrbara-blog-small";a:4:{s:4:"file";s:22:"mr-fasion-01-79x64.jpg";s:5:"width";i:79;s:6:"height";i:64;s:9:"mime-type";s:10:"image/jpeg";}s:21:"mrbara-blog-masonry-1";a:4:{s:4:"file";s:24:"mr-fasion-01-767x823.jpg";s:5:"width";i:767;s:6:"height";i:823;s:9:"mime-type";s:10:"image/jpeg";}s:21:"mrbara-blog-masonry-2";a:4:{s:4:"file";s:25:"mr-fasion-01-767x1010.jpg";s:5:"width";i:767;s:6:"height";i:1010;s:9:"mime-type";s:10:"image/jpeg";}s:21:"mrbara-blog-masonry-3";a:4:{s:4:"file";s:24:"mr-fasion-01-767x570.jpg";s:5:"width";i:767;s:6:"height";i:570;s:9:"mime-type";s:10:"image/jpeg";}s:21:"mrbara-blog-masonry-5";a:4:{s:4:"file";s:24:"mr-fasion-01-767x949.jpg";s:5:"width";i:767;s:6:"height";i:949;s:9:"mime-type";s:10:"image/jpeg";}s:20:"mrbara-category-full";a:4:{s:4:"file";s:24:"mr-fasion-01-866x866.jpg";s:5:"width";i:866;s:6:"height";i:866;s:9:"mime-type";s:10:"image/jpeg";}s:25:"mrbara-category-thumbnail";a:4:{s:4:"file";s:24:"mr-fasion-01-418x418.jpg";s:5:"width";i:418;s:6:"height";i:418;s:9:"mime-type";s:10:"image/jpeg";}s:20:"mrbara-category-long";a:4:{s:4:"file";s:24:"mr-fasion-01-418x866.jpg";s:5:"width";i:418;s:6:"height";i:866;s:9:"mime-type";s:10:"image/jpeg";}s:20:"mrbara-category-wide";a:4:{s:4:"file";s:24:"mr-fasion-01-866x418.jpg";s:5:"width";i:866;s:6:"height";i:418;s:9:"mime-type";s:10:"image/jpeg";}s:24:"mrbara-product-thumbnail";a:4:{s:4:"file";s:24:"mr-fasion-01-567x755.jpg";s:5:"width";i:567;s:6:"height";i:755;s:9:"mime-type";s:10:"image/jpeg";}s:11:"team-member";a:4:{s:4:"file";s:24:"mr-fasion-01-130x130.jpg";s:5:"width";i:130;s:6:"height";i:130;s:9:"mime-type";s:10:"image/jpeg";}s:17:"mrbara-posts-grid";a:4:{s:4:"file";s:24:"mr-fasion-01-370x275.jpg";s:5:"width";i:370;s:6:"height";i:275;s:9:"mime-type";s:10:"image/jpeg";}}s:10:"image_meta";a:12:{s:8:"aperture";s:1:"0";s:6:"credit";s:0:"";s:6:"camera";s:0:"";s:7:"caption";s:0:"";s:17:"created_timestamp";s:1:"0";s:9:"copyright";s:0:"";s:12:"focal_length";s:1:"0";s:3:"iso";s:1:"0";s:13:"shutter_speed";s:1:"0";s:5:"title";s:0:"";s:11:"orientation";s:1:"0";s:8:"keywords";a:0:{}}}]]></wp:meta_value>
		</wp:postmeta>
	</item>
	<item>
		<title>mr-fashion-logo</title>
		<link>http://demo.drfuri.com/mrbara2/home-fashion-app/mr-fashion-logo/</link>
		<pubDate>Mon, 18 Jul 2016 04:50:25 +0000</pubDate>
		<dc:creator><![CDATA[drfurion]]></dc:creator>
		<guid isPermaLink="false">http://demo.drfuri.com/mrbara2/wp-content/uploads/sites/3/2016/07/mr-fashion-logo.png</guid>
		<description></description>
		<content:encoded><![CDATA[]]></content:encoded>
		<excerpt:encoded><![CDATA[]]></excerpt:encoded>
		<wp:post_id>10</wp:post_id>
		<wp:post_date><![CDATA[2016-07-18 04:50:25]]></wp:post_date>
		<wp:post_date_gmt><![CDATA[2016-07-18 04:50:25]]></wp:post_date_gmt>
		<wp:comment_status><![CDATA[open]]></wp:comment_status>
		<wp:ping_status><![CDATA[closed]]></wp:ping_status>
		<wp:post_name><![CDATA[mr-fashion-logo]]></wp:post_name>
		<wp:status><![CDATA[inherit]]></wp:status>
		<wp:post_parent>4</wp:post_parent>
		<wp:menu_order>0</wp:menu_order>
		<wp:post_type><![CDATA[attachment]]></wp:post_type>
		<wp:post_password><![CDATA[]]></wp:post_password>
		<wp:is_sticky>0</wp:is_sticky>
		<wp:attachment_url><![CDATA[http://demo.drfuri.com/mrbara2/wp-content/uploads/sites/3/2016/07/mr-fashion-logo.png]]></wp:attachment_url>
		<wp:postmeta>
			<wp:meta_key><![CDATA[_wp_attached_file]]></wp:meta_key>
			<wp:meta_value><![CDATA[2016/07/mr-fashion-logo.png]]></wp:meta_value>
		</wp:postmeta>
		<wp:postmeta>
			<wp:meta_key><![CDATA[_wp_attachment_metadata]]></wp:meta_key>
			<wp:meta_value><![CDATA[a:5:{s:5:"width";i:70;s:6:"height";i:70;s:4:"file";s:27:"2016/07/mr-fashion-logo.png";s:5:"sizes";a:1:{s:17:"mrbara-blog-small";a:4:{s:4:"file";s:25:"mr-fashion-logo-70x64.png";s:5:"width";i:70;s:6:"height";i:64;s:9:"mime-type";s:9:"image/png";}}s:10:"image_meta";a:12:{s:8:"aperture";s:1:"0";s:6:"credit";s:0:"";s:6:"camera";s:0:"";s:7:"caption";s:0:"";s:17:"created_timestamp";s:1:"0";s:9:"copyright";s:0:"";s:12:"focal_length";s:1:"0";s:3:"iso";s:1:"0";s:13:"shutter_speed";s:1:"0";s:5:"title";s:0:"";s:11:"orientation";s:1:"0";s:8:"keywords";a:0:{}}}]]></wp:meta_value>
		</wp:postmeta>
	</item>
	<item>
		<title>mr-app-store</title>
		<link>http://demo.drfuri.com/mrbara2/home-fashion-app/mr-app-store/</link>
		<pubDate>Mon, 18 Jul 2016 04:51:52 +0000</pubDate>
		<dc:creator><![CDATA[drfurion]]></dc:creator>
		<guid isPermaLink="false">http://demo.drfuri.com/mrbara2/wp-content/uploads/sites/3/2016/07/mr-app-store.png</guid>
		<description></description>
		<content:encoded><![CDATA[]]></content:encoded>
		<excerpt:encoded><![CDATA[]]></excerpt:encoded>
		<wp:post_id>11</wp:post_id>
		<wp:post_date><![CDATA[2016-07-18 04:51:52]]></wp:post_date>
		<wp:post_date_gmt><![CDATA[2016-07-18 04:51:52]]></wp:post_date_gmt>
		<wp:comment_status><![CDATA[open]]></wp:comment_status>
		<wp:ping_status><![CDATA[closed]]></wp:ping_status>
		<wp:post_name><![CDATA[mr-app-store]]></wp:post_name>
		<wp:status><![CDATA[inherit]]></wp:status>
		<wp:post_parent>4</wp:post_parent>
		<wp:menu_order>0</wp:menu_order>
		<wp:post_type><![CDATA[attachment]]></wp:post_type>
		<wp:post_password><![CDATA[]]></wp:post_password>
		<wp:is_sticky>0</wp:is_sticky>
		<wp:attachment_url><![CDATA[http://demo.drfuri.com/mrbara2/wp-content/uploads/sites/3/2016/07/mr-app-store.png]]></wp:attachment_url>
		<wp:postmeta>
			<wp:meta_key><![CDATA[_wp_attached_file]]></wp:meta_key>
			<wp:meta_value><![CDATA[2016/07/mr-app-store.png]]></wp:meta_value>
		</wp:postmeta>
		<wp:postmeta>
			<wp:meta_key><![CDATA[_wp_attachment_metadata]]></wp:meta_key>
			<wp:meta_value><![CDATA[a:5:{s:5:"width";i:196;s:6:"height";i:58;s:4:"file";s:24:"2016/07/mr-app-store.png";s:5:"sizes";a:3:{s:9:"thumbnail";a:4:{s:4:"file";s:23:"mr-app-store-150x58.png";s:5:"width";i:150;s:6:"height";i:58;s:9:"mime-type";s:9:"image/png";}s:17:"mrbara-blog-small";a:4:{s:4:"file";s:22:"mr-app-store-79x58.png";s:5:"width";i:79;s:6:"height";i:58;s:9:"mime-type";s:9:"image/png";}s:11:"team-member";a:4:{s:4:"file";s:23:"mr-app-store-130x58.png";s:5:"width";i:130;s:6:"height";i:58;s:9:"mime-type";s:9:"image/png";}}s:10:"image_meta";a:12:{s:8:"aperture";s:1:"0";s:6:"credit";s:0:"";s:6:"camera";s:0:"";s:7:"caption";s:0:"";s:17:"created_timestamp";s:1:"0";s:9:"copyright";s:0:"";s:12:"focal_length";s:1:"0";s:3:"iso";s:1:"0";s:13:"shutter_speed";s:1:"0";s:5:"title";s:0:"";s:11:"orientation";s:1:"0";s:8:"keywords";a:0:{}}}]]></wp:meta_value>
		</wp:postmeta>
	</item>
	<item>
		<title>mr-google-play</title>
		<link>http://demo.drfuri.com/mrbara2/home-fashion-app/mr-google-play/</link>
		<pubDate>Mon, 18 Jul 2016 04:51:53 +0000</pubDate>
		<dc:creator><![CDATA[drfurion]]></dc:creator>
		<guid isPermaLink="false">http://demo.drfuri.com/mrbara2/wp-content/uploads/sites/3/2016/07/mr-google-play.png</guid>
		<description></description>
		<content:encoded><![CDATA[]]></content:encoded>
		<excerpt:encoded><![CDATA[]]></excerpt:encoded>
		<wp:post_id>12</wp:post_id>
		<wp:post_date><![CDATA[2016-07-18 04:51:53]]></wp:post_date>
		<wp:post_date_gmt><![CDATA[2016-07-18 04:51:53]]></wp:post_date_gmt>
		<wp:comment_status><![CDATA[open]]></wp:comment_status>
		<wp:ping_status><![CDATA[closed]]></wp:ping_status>
		<wp:post_name><![CDATA[mr-google-play]]></wp:post_name>
		<wp:status><![CDATA[inherit]]></wp:status>
		<wp:post_parent>4</wp:post_parent>
		<wp:menu_order>0</wp:menu_order>
		<wp:post_type><![CDATA[attachment]]></wp:post_type>
		<wp:post_password><![CDATA[]]></wp:post_password>
		<wp:is_sticky>0</wp:is_sticky>
		<wp:attachment_url><![CDATA[http://demo.drfuri.com/mrbara2/wp-content/uploads/sites/3/2016/07/mr-google-play.png]]></wp:attachment_url>
		<wp:postmeta>
			<wp:meta_key><![CDATA[_wp_attached_file]]></wp:meta_key>
			<wp:meta_value><![CDATA[2016/07/mr-google-play.png]]></wp:meta_value>
		</wp:postmeta>
		<wp:postmeta>
			<wp:meta_key><![CDATA[_wp_attachment_metadata]]></wp:meta_key>
			<wp:meta_value><![CDATA[a:5:{s:5:"width";i:196;s:6:"height";i:58;s:4:"file";s:26:"2016/07/mr-google-play.png";s:5:"sizes";a:3:{s:9:"thumbnail";a:4:{s:4:"file";s:25:"mr-google-play-150x58.png";s:5:"width";i:150;s:6:"height";i:58;s:9:"mime-type";s:9:"image/png";}s:17:"mrbara-blog-small";a:4:{s:4:"file";s:24:"mr-google-play-79x58.png";s:5:"width";i:79;s:6:"height";i:58;s:9:"mime-type";s:9:"image/png";}s:11:"team-member";a:4:{s:4:"file";s:25:"mr-google-play-130x58.png";s:5:"width";i:130;s:6:"height";i:58;s:9:"mime-type";s:9:"image/png";}}s:10:"image_meta";a:12:{s:8:"aperture";s:1:"0";s:6:"credit";s:0:"";s:6:"camera";s:0:"";s:7:"caption";s:0:"";s:17:"created_timestamp";s:1:"0";s:9:"copyright";s:0:"";s:12:"focal_length";s:1:"0";s:3:"iso";s:1:"0";s:13:"shutter_speed";s:1:"0";s:5:"title";s:0:"";s:11:"orientation";s:1:"0";s:8:"keywords";a:0:{}}}]]></wp:meta_value>
		</wp:postmeta>
	</item>
	<item>
		<title>mr-phone1</title>
		<link>http://demo.drfuri.com/mrbara2/home-fashion-app/mr-phone1/</link>
		<pubDate>Mon, 18 Jul 2016 04:54:08 +0000</pubDate>
		<dc:creator><![CDATA[drfurion]]></dc:creator>
		<guid isPermaLink="false">http://demo.drfuri.com/mrbara2/wp-content/uploads/sites/3/2016/07/mr-phone1.png</guid>
		<description></description>
		<content:encoded><![CDATA[]]></content:encoded>
		<excerpt:encoded><![CDATA[]]></excerpt:encoded>
		<wp:post_id>13</wp:post_id>
		<wp:post_date><![CDATA[2016-07-18 04:54:08]]></wp:post_date>
		<wp:post_date_gmt><![CDATA[2016-07-18 04:54:08]]></wp:post_date_gmt>
		<wp:comment_status><![CDATA[open]]></wp:comment_status>
		<wp:ping_status><![CDATA[closed]]></wp:ping_status>
		<wp:post_name><![CDATA[mr-phone1]]></wp:post_name>
		<wp:status><![CDATA[inherit]]></wp:status>
		<wp:post_parent>4</wp:post_parent>
		<wp:menu_order>0</wp:menu_order>
		<wp:post_type><![CDATA[attachment]]></wp:post_type>
		<wp:post_password><![CDATA[]]></wp:post_password>
		<wp:is_sticky>0</wp:is_sticky>
		<wp:attachment_url><![CDATA[http://demo.drfuri.com/mrbara2/wp-content/uploads/sites/3/2016/07/mr-phone1.png]]></wp:attachment_url>
		<wp:postmeta>
			<wp:meta_key><![CDATA[_wp_attached_file]]></wp:meta_key>
			<wp:meta_value><![CDATA[2016/07/mr-phone1.png]]></wp:meta_value>
		</wp:postmeta>
		<wp:postmeta>
			<wp:meta_key><![CDATA[_wp_attachment_metadata]]></wp:meta_key>
			<wp:meta_value><![CDATA[a:5:{s:5:"width";i:552;s:6:"height";i:963;s:4:"file";s:21:"2016/07/mr-phone1.png";s:5:"sizes";a:17:{s:9:"thumbnail";a:4:{s:4:"file";s:21:"mr-phone1-150x150.png";s:5:"width";i:150;s:6:"height";i:150;s:9:"mime-type";s:9:"image/png";}s:6:"medium";a:4:{s:4:"file";s:21:"mr-phone1-172x300.png";s:5:"width";i:172;s:6:"height";i:300;s:9:"mime-type";s:9:"image/png";}s:17:"mrbara-blog-thumb";a:4:{s:4:"file";s:21:"mr-phone1-552x450.png";s:5:"width";i:552;s:6:"height";i:450;s:9:"mime-type";s:9:"image/png";}s:23:"mrbara-blog-large-thumb";a:4:{s:4:"file";s:21:"mr-phone1-552x605.png";s:5:"width";i:552;s:6:"height";i:605;s:9:"mime-type";s:9:"image/png";}s:16:"mrbara-blog-full";a:4:{s:4:"file";s:21:"mr-phone1-552x800.png";s:5:"width";i:552;s:6:"height";i:800;s:9:"mime-type";s:9:"image/png";}s:18:"mrbara-blog-normal";a:4:{s:4:"file";s:21:"mr-phone1-552x555.png";s:5:"width";i:552;s:6:"height";i:555;s:9:"mime-type";s:9:"image/png";}s:17:"mrbara-blog-small";a:4:{s:4:"file";s:19:"mr-phone1-79x64.png";s:5:"width";i:79;s:6:"height";i:64;s:9:"mime-type";s:9:"image/png";}s:21:"mrbara-blog-masonry-1";a:4:{s:4:"file";s:21:"mr-phone1-552x823.png";s:5:"width";i:552;s:6:"height";i:823;s:9:"mime-type";s:9:"image/png";}s:21:"mrbara-blog-masonry-3";a:4:{s:4:"file";s:21:"mr-phone1-552x570.png";s:5:"width";i:552;s:6:"height";i:570;s:9:"mime-type";s:9:"image/png";}s:21:"mrbara-blog-masonry-5";a:4:{s:4:"file";s:21:"mr-phone1-552x949.png";s:5:"width";i:552;s:6:"height";i:949;s:9:"mime-type";s:9:"image/png";}s:20:"mrbara-category-full";a:4:{s:4:"file";s:21:"mr-phone1-552x866.png";s:5:"width";i:552;s:6:"height";i:866;s:9:"mime-type";s:9:"image/png";}s:25:"mrbara-category-thumbnail";a:4:{s:4:"file";s:21:"mr-phone1-418x418.png";s:5:"width";i:418;s:6:"height";i:418;s:9:"mime-type";s:9:"image/png";}s:20:"mrbara-category-long";a:4:{s:4:"file";s:21:"mr-phone1-418x866.png";s:5:"width";i:418;s:6:"height";i:866;s:9:"mime-type";s:9:"image/png";}s:20:"mrbara-category-wide";a:4:{s:4:"file";s:21:"mr-phone1-552x418.png";s:5:"width";i:552;s:6:"height";i:418;s:9:"mime-type";s:9:"image/png";}s:24:"mrbara-product-thumbnail";a:4:{s:4:"file";s:21:"mr-phone1-552x755.png";s:5:"width";i:552;s:6:"height";i:755;s:9:"mime-type";s:9:"image/png";}s:11:"team-member";a:4:{s:4:"file";s:21:"mr-phone1-130x130.png";s:5:"width";i:130;s:6:"height";i:130;s:9:"mime-type";s:9:"image/png";}s:17:"mrbara-posts-grid";a:4:{s:4:"file";s:21:"mr-phone1-370x275.png";s:5:"width";i:370;s:6:"height";i:275;s:9:"mime-type";s:9:"image/png";}}s:10:"image_meta";a:12:{s:8:"aperture";s:1:"0";s:6:"credit";s:0:"";s:6:"camera";s:0:"";s:7:"caption";s:0:"";s:17:"created_timestamp";s:1:"0";s:9:"copyright";s:0:"";s:12:"focal_length";s:1:"0";s:3:"iso";s:1:"0";s:13:"shutter_speed";s:1:"0";s:5:"title";s:0:"";s:11:"orientation";s:1:"0";s:8:"keywords";a:0:{}}}]]></wp:meta_value>
		</wp:postmeta>
	</item>
	<item>
		<title>mr-phone2</title>
		<link>http://demo.drfuri.com/mrbara2/home-fashion-app/mr-phone2/</link>
		<pubDate>Mon, 18 Jul 2016 04:54:21 +0000</pubDate>
		<dc:creator><![CDATA[drfurion]]></dc:creator>
		<guid isPermaLink="false">http://demo.drfuri.com/mrbara2/wp-content/uploads/sites/3/2016/07/mr-phone2.png</guid>
		<description></description>
		<content:encoded><![CDATA[]]></content:encoded>
		<excerpt:encoded><![CDATA[]]></excerpt:encoded>
		<wp:post_id>14</wp:post_id>
		<wp:post_date><![CDATA[2016-07-18 04:54:21]]></wp:post_date>
		<wp:post_date_gmt><![CDATA[2016-07-18 04:54:21]]></wp:post_date_gmt>
		<wp:comment_status><![CDATA[open]]></wp:comment_status>
		<wp:ping_status><![CDATA[closed]]></wp:ping_status>
		<wp:post_name><![CDATA[mr-phone2]]></wp:post_name>
		<wp:status><![CDATA[inherit]]></wp:status>
		<wp:post_parent>4</wp:post_parent>
		<wp:menu_order>0</wp:menu_order>
		<wp:post_type><![CDATA[attachment]]></wp:post_type>
		<wp:post_password><![CDATA[]]></wp:post_password>
		<wp:is_sticky>0</wp:is_sticky>
		<wp:attachment_url><![CDATA[http://demo.drfuri.com/mrbara2/wp-content/uploads/sites/3/2016/07/mr-phone2.png]]></wp:attachment_url>
		<wp:postmeta>
			<wp:meta_key><![CDATA[_wp_attached_file]]></wp:meta_key>
			<wp:meta_value><![CDATA[2016/07/mr-phone2.png]]></wp:meta_value>
		</wp:postmeta>
		<wp:postmeta>
			<wp:meta_key><![CDATA[_wp_attachment_metadata]]></wp:meta_key>
			<wp:meta_value><![CDATA[a:5:{s:5:"width";i:561;s:6:"height";i:972;s:4:"file";s:21:"2016/07/mr-phone2.png";s:5:"sizes";a:17:{s:9:"thumbnail";a:4:{s:4:"file";s:21:"mr-phone2-150x150.png";s:5:"width";i:150;s:6:"height";i:150;s:9:"mime-type";s:9:"image/png";}s:6:"medium";a:4:{s:4:"file";s:21:"mr-phone2-173x300.png";s:5:"width";i:173;s:6:"height";i:300;s:9:"mime-type";s:9:"image/png";}s:17:"mrbara-blog-thumb";a:4:{s:4:"file";s:21:"mr-phone2-561x450.png";s:5:"width";i:561;s:6:"height";i:450;s:9:"mime-type";s:9:"image/png";}s:23:"mrbara-blog-large-thumb";a:4:{s:4:"file";s:21:"mr-phone2-561x605.png";s:5:"width";i:561;s:6:"height";i:605;s:9:"mime-type";s:9:"image/png";}s:16:"mrbara-blog-full";a:4:{s:4:"file";s:21:"mr-phone2-561x800.png";s:5:"width";i:561;s:6:"height";i:800;s:9:"mime-type";s:9:"image/png";}s:18:"mrbara-blog-normal";a:4:{s:4:"file";s:21:"mr-phone2-561x555.png";s:5:"width";i:561;s:6:"height";i:555;s:9:"mime-type";s:9:"image/png";}s:17:"mrbara-blog-small";a:4:{s:4:"file";s:19:"mr-phone2-79x64.png";s:5:"width";i:79;s:6:"height";i:64;s:9:"mime-type";s:9:"image/png";}s:21:"mrbara-blog-masonry-1";a:4:{s:4:"file";s:21:"mr-phone2-561x823.png";s:5:"width";i:561;s:6:"height";i:823;s:9:"mime-type";s:9:"image/png";}s:21:"mrbara-blog-masonry-3";a:4:{s:4:"file";s:21:"mr-phone2-561x570.png";s:5:"width";i:561;s:6:"height";i:570;s:9:"mime-type";s:9:"image/png";}s:21:"mrbara-blog-masonry-5";a:4:{s:4:"file";s:21:"mr-phone2-561x949.png";s:5:"width";i:561;s:6:"height";i:949;s:9:"mime-type";s:9:"image/png";}s:20:"mrbara-category-full";a:4:{s:4:"file";s:21:"mr-phone2-561x866.png";s:5:"width";i:561;s:6:"height";i:866;s:9:"mime-type";s:9:"image/png";}s:25:"mrbara-category-thumbnail";a:4:{s:4:"file";s:21:"mr-phone2-418x418.png";s:5:"width";i:418;s:6:"height";i:418;s:9:"mime-type";s:9:"image/png";}s:20:"mrbara-category-long";a:4:{s:4:"file";s:21:"mr-phone2-418x866.png";s:5:"width";i:418;s:6:"height";i:866;s:9:"mime-type";s:9:"image/png";}s:20:"mrbara-category-wide";a:4:{s:4:"file";s:21:"mr-phone2-561x418.png";s:5:"width";i:561;s:6:"height";i:418;s:9:"mime-type";s:9:"image/png";}s:24:"mrbara-product-thumbnail";a:4:{s:4:"file";s:21:"mr-phone2-561x755.png";s:5:"width";i:561;s:6:"height";i:755;s:9:"mime-type";s:9:"image/png";}s:11:"team-member";a:4:{s:4:"file";s:21:"mr-phone2-130x130.png";s:5:"width";i:130;s:6:"height";i:130;s:9:"mime-type";s:9:"image/png";}s:17:"mrbara-posts-grid";a:4:{s:4:"file";s:21:"mr-phone2-370x275.png";s:5:"width";i:370;s:6:"height";i:275;s:9:"mime-type";s:9:"image/png";}}s:10:"image_meta";a:12:{s:8:"aperture";s:1:"0";s:6:"credit";s:0:"";s:6:"camera";s:0:"";s:7:"caption";s:0:"";s:17:"created_timestamp";s:1:"0";s:9:"copyright";s:0:"";s:12:"focal_length";s:1:"0";s:3:"iso";s:1:"0";s:13:"shutter_speed";s:1:"0";s:5:"title";s:0:"";s:11:"orientation";s:1:"0";s:8:"keywords";a:0:{}}}]]></wp:meta_value>
		</wp:postmeta>
	</item>
	<item>
		<title>mr-phone3</title>
		<link>http://demo.drfuri.com/mrbara2/home-fashion-app/mr-phone3/</link>
		<pubDate>Mon, 18 Jul 2016 04:54:25 +0000</pubDate>
		<dc:creator><![CDATA[drfurion]]></dc:creator>
		<guid isPermaLink="false">http://demo.drfuri.com/mrbara2/wp-content/uploads/sites/3/2016/07/mr-phone3.png</guid>
		<description></description>
		<content:encoded><![CDATA[]]></content:encoded>
		<excerpt:encoded><![CDATA[]]></excerpt:encoded>
		<wp:post_id>15</wp:post_id>
		<wp:post_date><![CDATA[2016-07-18 04:54:25]]></wp:post_date>
		<wp:post_date_gmt><![CDATA[2016-07-18 04:54:25]]></wp:post_date_gmt>
		<wp:comment_status><![CDATA[open]]></wp:comment_status>
		<wp:ping_status><![CDATA[closed]]></wp:ping_status>
		<wp:post_name><![CDATA[mr-phone3]]></wp:post_name>
		<wp:status><![CDATA[inherit]]></wp:status>
		<wp:post_parent>4</wp:post_parent>
		<wp:menu_order>0</wp:menu_order>
		<wp:post_type><![CDATA[attachment]]></wp:post_type>
		<wp:post_password><![CDATA[]]></wp:post_password>
		<wp:is_sticky>0</wp:is_sticky>
		<wp:attachment_url><![CDATA[http://demo.drfuri.com/mrbara2/wp-content/uploads/sites/3/2016/07/mr-phone3.png]]></wp:attachment_url>
		<wp:postmeta>
			<wp:meta_key><![CDATA[_wp_attached_file]]></wp:meta_key>
			<wp:meta_value><![CDATA[2016/07/mr-phone3.png]]></wp:meta_value>
		</wp:postmeta>
		<wp:postmeta>
			<wp:meta_key><![CDATA[_wp_attachment_metadata]]></wp:meta_key>
			<wp:meta_value><![CDATA[a:5:{s:5:"width";i:561;s:6:"height";i:972;s:4:"file";s:21:"2016/07/mr-phone3.png";s:5:"sizes";a:17:{s:9:"thumbnail";a:4:{s:4:"file";s:21:"mr-phone3-150x150.png";s:5:"width";i:150;s:6:"height";i:150;s:9:"mime-type";s:9:"image/png";}s:6:"medium";a:4:{s:4:"file";s:21:"mr-phone3-173x300.png";s:5:"width";i:173;s:6:"height";i:300;s:9:"mime-type";s:9:"image/png";}s:17:"mrbara-blog-thumb";a:4:{s:4:"file";s:21:"mr-phone3-561x450.png";s:5:"width";i:561;s:6:"height";i:450;s:9:"mime-type";s:9:"image/png";}s:23:"mrbara-blog-large-thumb";a:4:{s:4:"file";s:21:"mr-phone3-561x605.png";s:5:"width";i:561;s:6:"height";i:605;s:9:"mime-type";s:9:"image/png";}s:16:"mrbara-blog-full";a:4:{s:4:"file";s:21:"mr-phone3-561x800.png";s:5:"width";i:561;s:6:"height";i:800;s:9:"mime-type";s:9:"image/png";}s:18:"mrbara-blog-normal";a:4:{s:4:"file";s:21:"mr-phone3-561x555.png";s:5:"width";i:561;s:6:"height";i:555;s:9:"mime-type";s:9:"image/png";}s:17:"mrbara-blog-small";a:4:{s:4:"file";s:19:"mr-phone3-79x64.png";s:5:"width";i:79;s:6:"height";i:64;s:9:"mime-type";s:9:"image/png";}s:21:"mrbara-blog-masonry-1";a:4:{s:4:"file";s:21:"mr-phone3-561x823.png";s:5:"width";i:561;s:6:"height";i:823;s:9:"mime-type";s:9:"image/png";}s:21:"mrbara-blog-masonry-3";a:4:{s:4:"file";s:21:"mr-phone3-561x570.png";s:5:"width";i:561;s:6:"height";i:570;s:9:"mime-type";s:9:"image/png";}s:21:"mrbara-blog-masonry-5";a:4:{s:4:"file";s:21:"mr-phone3-561x949.png";s:5:"width";i:561;s:6:"height";i:949;s:9:"mime-type";s:9:"image/png";}s:20:"mrbara-category-full";a:4:{s:4:"file";s:21:"mr-phone3-561x866.png";s:5:"width";i:561;s:6:"height";i:866;s:9:"mime-type";s:9:"image/png";}s:25:"mrbara-category-thumbnail";a:4:{s:4:"file";s:21:"mr-phone3-418x418.png";s:5:"width";i:418;s:6:"height";i:418;s:9:"mime-type";s:9:"image/png";}s:20:"mrbara-category-long";a:4:{s:4:"file";s:21:"mr-phone3-418x866.png";s:5:"width";i:418;s:6:"height";i:866;s:9:"mime-type";s:9:"image/png";}s:20:"mrbara-category-wide";a:4:{s:4:"file";s:21:"mr-phone3-561x418.png";s:5:"width";i:561;s:6:"height";i:418;s:9:"mime-type";s:9:"image/png";}s:24:"mrbara-product-thumbnail";a:4:{s:4:"file";s:21:"mr-phone3-561x755.png";s:5:"width";i:561;s:6:"height";i:755;s:9:"mime-type";s:9:"image/png";}s:11:"team-member";a:4:{s:4:"file";s:21:"mr-phone3-130x130.png";s:5:"width";i:130;s:6:"height";i:130;s:9:"mime-type";s:9:"image/png";}s:17:"mrbara-posts-grid";a:4:{s:4:"file";s:21:"mr-phone3-370x275.png";s:5:"width";i:370;s:6:"height";i:275;s:9:"mime-type";s:9:"image/png";}}s:10:"image_meta";a:12:{s:8:"aperture";s:1:"0";s:6:"credit";s:0:"";s:6:"camera";s:0:"";s:7:"caption";s:0:"";s:17:"created_timestamp";s:1:"0";s:9:"copyright";s:0:"";s:12:"focal_length";s:1:"0";s:3:"iso";s:1:"0";s:13:"shutter_speed";s:1:"0";s:5:"title";s:0:"";s:11:"orientation";s:1:"0";s:8:"keywords";a:0:{}}}]]></wp:meta_value>
		</wp:postmeta>
	</item>
	<item>
		<title>mr-bag1</title>
		<link>http://demo.drfuri.com/mrbara2/home-fashion-app/mr-bag1/</link>
		<pubDate>Mon, 18 Jul 2016 04:55:16 +0000</pubDate>
		<dc:creator><![CDATA[drfurion]]></dc:creator>
		<guid isPermaLink="false">http://demo.drfuri.com/mrbara2/wp-content/uploads/sites/3/2016/07/mr-bag1.png</guid>
		<description></description>
		<content:encoded><![CDATA[]]></content:encoded>
		<excerpt:encoded><![CDATA[]]></excerpt:encoded>
		<wp:post_id>16</wp:post_id>
		<wp:post_date><![CDATA[2016-07-18 04:55:16]]></wp:post_date>
		<wp:post_date_gmt><![CDATA[2016-07-18 04:55:16]]></wp:post_date_gmt>
		<wp:comment_status><![CDATA[open]]></wp:comment_status>
		<wp:ping_status><![CDATA[closed]]></wp:ping_status>
		<wp:post_name><![CDATA[mr-bag1]]></wp:post_name>
		<wp:status><![CDATA[inherit]]></wp:status>
		<wp:post_parent>4</wp:post_parent>
		<wp:menu_order>0</wp:menu_order>
		<wp:post_type><![CDATA[attachment]]></wp:post_type>
		<wp:post_password><![CDATA[]]></wp:post_password>
		<wp:is_sticky>0</wp:is_sticky>
		<wp:attachment_url><![CDATA[http://demo.drfuri.com/mrbara2/wp-content/uploads/sites/3/2016/07/mr-bag1.png]]></wp:attachment_url>
		<wp:postmeta>
			<wp:meta_key><![CDATA[_wp_attached_file]]></wp:meta_key>
			<wp:meta_value><![CDATA[2016/07/mr-bag1.png]]></wp:meta_value>
		</wp:postmeta>
		<wp:postmeta>
			<wp:meta_key><![CDATA[_wp_attachment_metadata]]></wp:meta_key>
			<wp:meta_value><![CDATA[a:5:{s:5:"width";i:424;s:6:"height";i:250;s:4:"file";s:19:"2016/07/mr-bag1.png";s:5:"sizes";a:7:{s:9:"thumbnail";a:4:{s:4:"file";s:19:"mr-bag1-150x150.png";s:5:"width";i:150;s:6:"height";i:150;s:9:"mime-type";s:9:"image/png";}s:6:"medium";a:4:{s:4:"file";s:19:"mr-bag1-300x177.png";s:5:"width";i:300;s:6:"height";i:177;s:9:"mime-type";s:9:"image/png";}s:17:"mrbara-blog-small";a:4:{s:4:"file";s:17:"mr-bag1-79x64.png";s:5:"width";i:79;s:6:"height";i:64;s:9:"mime-type";s:9:"image/png";}s:25:"mrbara-category-thumbnail";a:4:{s:4:"file";s:19:"mr-bag1-418x250.png";s:5:"width";i:418;s:6:"height";i:250;s:9:"mime-type";s:9:"image/png";}s:20:"mrbara-category-long";a:4:{s:4:"file";s:19:"mr-bag1-418x250.png";s:5:"width";i:418;s:6:"height";i:250;s:9:"mime-type";s:9:"image/png";}s:11:"team-member";a:4:{s:4:"file";s:19:"mr-bag1-130x130.png";s:5:"width";i:130;s:6:"height";i:130;s:9:"mime-type";s:9:"image/png";}s:17:"mrbara-posts-grid";a:4:{s:4:"file";s:19:"mr-bag1-370x250.png";s:5:"width";i:370;s:6:"height";i:250;s:9:"mime-type";s:9:"image/png";}}s:10:"image_meta";a:12:{s:8:"aperture";s:1:"0";s:6:"credit";s:0:"";s:6:"camera";s:0:"";s:7:"caption";s:0:"";s:17:"created_timestamp";s:1:"0";s:9:"copyright";s:0:"";s:12:"focal_length";s:1:"0";s:3:"iso";s:1:"0";s:13:"shutter_speed";s:1:"0";s:5:"title";s:0:"";s:11:"orientation";s:1:"0";s:8:"keywords";a:0:{}}}]]></wp:meta_value>
		</wp:postmeta>
	</item>
	<item>
		<title>mr-amercer</title>
		<link>http://demo.drfuri.com/mrbara2/mr-amercer/</link>
		<pubDate>Mon, 18 Jul 2016 04:56:02 +0000</pubDate>
		<dc:creator><![CDATA[drfurion]]></dc:creator>
		<guid isPermaLink="false">http://demo.drfuri.com/mrbara2/wp-content/uploads/sites/3/2016/07/mr-amercer.png</guid>
		<description></description>
		<content:encoded><![CDATA[]]></content:encoded>
		<excerpt:encoded><![CDATA[]]></excerpt:encoded>
		<wp:post_id>17</wp:post_id>
		<wp:post_date><![CDATA[2016-07-18 04:56:02]]></wp:post_date>
		<wp:post_date_gmt><![CDATA[2016-07-18 04:56:02]]></wp:post_date_gmt>
		<wp:comment_status><![CDATA[open]]></wp:comment_status>
		<wp:ping_status><![CDATA[closed]]></wp:ping_status>
		<wp:post_name><![CDATA[mr-amercer]]></wp:post_name>
		<wp:status><![CDATA[inherit]]></wp:status>
		<wp:post_parent>0</wp:post_parent>
		<wp:menu_order>0</wp:menu_order>
		<wp:post_type><![CDATA[attachment]]></wp:post_type>
		<wp:post_password><![CDATA[]]></wp:post_password>
		<wp:is_sticky>0</wp:is_sticky>
		<wp:attachment_url><![CDATA[http://demo.drfuri.com/mrbara2/wp-content/uploads/sites/3/2016/07/mr-amercer.png]]></wp:attachment_url>
		<wp:postmeta>
			<wp:meta_key><![CDATA[_wp_attached_file]]></wp:meta_key>
			<wp:meta_value><![CDATA[2016/07/mr-amercer.png]]></wp:meta_value>
		</wp:postmeta>
		<wp:postmeta>
			<wp:meta_key><![CDATA[_wp_attachment_metadata]]></wp:meta_key>
			<wp:meta_value><![CDATA[a:5:{s:5:"width";i:41;s:6:"height";i:40;s:4:"file";s:22:"2016/07/mr-amercer.png";s:5:"sizes";a:0:{}s:10:"image_meta";a:12:{s:8:"aperture";s:1:"0";s:6:"credit";s:0:"";s:6:"camera";s:0:"";s:7:"caption";s:0:"";s:17:"created_timestamp";s:1:"0";s:9:"copyright";s:0:"";s:12:"focal_length";s:1:"0";s:3:"iso";s:1:"0";s:13:"shutter_speed";s:1:"0";s:5:"title";s:0:"";s:11:"orientation";s:1:"0";s:8:"keywords";a:0:{}}}]]></wp:meta_value>
		</wp:postmeta>
	</item>
	<item>
		<title>mr-master-card</title>
		<link>http://demo.drfuri.com/mrbara2/mr-master-card/</link>
		<pubDate>Mon, 18 Jul 2016 04:56:03 +0000</pubDate>
		<dc:creator><![CDATA[drfurion]]></dc:creator>
		<guid isPermaLink="false">http://demo.drfuri.com/mrbara2/wp-content/uploads/sites/3/2016/07/mr-master-card.png</guid>
		<description></description>
		<content:encoded><![CDATA[]]></content:encoded>
		<excerpt:encoded><![CDATA[]]></excerpt:encoded>
		<wp:post_id>18</wp:post_id>
		<wp:post_date><![CDATA[2016-07-18 04:56:03]]></wp:post_date>
		<wp:post_date_gmt><![CDATA[2016-07-18 04:56:03]]></wp:post_date_gmt>
		<wp:comment_status><![CDATA[open]]></wp:comment_status>
		<wp:ping_status><![CDATA[closed]]></wp:ping_status>
		<wp:post_name><![CDATA[mr-master-card]]></wp:post_name>
		<wp:status><![CDATA[inherit]]></wp:status>
		<wp:post_parent>0</wp:post_parent>
		<wp:menu_order>0</wp:menu_order>
		<wp:post_type><![CDATA[attachment]]></wp:post_type>
		<wp:post_password><![CDATA[]]></wp:post_password>
		<wp:is_sticky>0</wp:is_sticky>
		<wp:attachment_url><![CDATA[http://demo.drfuri.com/mrbara2/wp-content/uploads/sites/3/2016/07/mr-master-card.png]]></wp:attachment_url>
		<wp:postmeta>
			<wp:meta_key><![CDATA[_wp_attached_file]]></wp:meta_key>
			<wp:meta_value><![CDATA[2016/07/mr-master-card.png]]></wp:meta_value>
		</wp:postmeta>
		<wp:postmeta>
			<wp:meta_key><![CDATA[_wp_attachment_metadata]]></wp:meta_key>
			<wp:meta_value><![CDATA[a:5:{s:5:"width";i:66;s:6:"height";i:40;s:4:"file";s:26:"2016/07/mr-master-card.png";s:5:"sizes";a:0:{}s:10:"image_meta";a:12:{s:8:"aperture";s:1:"0";s:6:"credit";s:0:"";s:6:"camera";s:0:"";s:7:"caption";s:0:"";s:17:"created_timestamp";s:1:"0";s:9:"copyright";s:0:"";s:12:"focal_length";s:1:"0";s:3:"iso";s:1:"0";s:13:"shutter_speed";s:1:"0";s:5:"title";s:0:"";s:11:"orientation";s:1:"0";s:8:"keywords";a:0:{}}}]]></wp:meta_value>
		</wp:postmeta>
	</item>
	<item>
		<title>mr-paypal</title>
		<link>http://demo.drfuri.com/mrbara2/mr-paypal/</link>
		<pubDate>Mon, 18 Jul 2016 04:56:04 +0000</pubDate>
		<dc:creator><![CDATA[drfurion]]></dc:creator>
		<guid isPermaLink="false">http://demo.drfuri.com/mrbara2/wp-content/uploads/sites/3/2016/07/mr-paypal.png</guid>
		<description></description>
		<content:encoded><![CDATA[]]></content:encoded>
		<excerpt:encoded><![CDATA[]]></excerpt:encoded>
		<wp:post_id>19</wp:post_id>
		<wp:post_date><![CDATA[2016-07-18 04:56:04]]></wp:post_date>
		<wp:post_date_gmt><![CDATA[2016-07-18 04:56:04]]></wp:post_date_gmt>
		<wp:comment_status><![CDATA[open]]></wp:comment_status>
		<wp:ping_status><![CDATA[closed]]></wp:ping_status>
		<wp:post_name><![CDATA[mr-paypal]]></wp:post_name>
		<wp:status><![CDATA[inherit]]></wp:status>
		<wp:post_parent>0</wp:post_parent>
		<wp:menu_order>0</wp:menu_order>
		<wp:post_type><![CDATA[attachment]]></wp:post_type>
		<wp:post_password><![CDATA[]]></wp:post_password>
		<wp:is_sticky>0</wp:is_sticky>
		<wp:attachment_url><![CDATA[http://demo.drfuri.com/mrbara2/wp-content/uploads/sites/3/2016/07/mr-paypal.png]]></wp:attachment_url>
		<wp:postmeta>
			<wp:meta_key><![CDATA[_wp_attached_file]]></wp:meta_key>
			<wp:meta_value><![CDATA[2016/07/mr-paypal.png]]></wp:meta_value>
		</wp:postmeta>
		<wp:postmeta>
			<wp:meta_key><![CDATA[_wp_attachment_metadata]]></wp:meta_key>
			<wp:meta_value><![CDATA[a:5:{s:5:"width";i:160;s:6:"height";i:38;s:4:"file";s:21:"2016/07/mr-paypal.png";s:5:"sizes";a:3:{s:9:"thumbnail";a:4:{s:4:"file";s:20:"mr-paypal-150x38.png";s:5:"width";i:150;s:6:"height";i:38;s:9:"mime-type";s:9:"image/png";}s:17:"mrbara-blog-small";a:4:{s:4:"file";s:19:"mr-paypal-79x38.png";s:5:"width";i:79;s:6:"height";i:38;s:9:"mime-type";s:9:"image/png";}s:11:"team-member";a:4:{s:4:"file";s:20:"mr-paypal-130x38.png";s:5:"width";i:130;s:6:"height";i:38;s:9:"mime-type";s:9:"image/png";}}s:10:"image_meta";a:12:{s:8:"aperture";s:1:"0";s:6:"credit";s:0:"";s:6:"camera";s:0:"";s:7:"caption";s:0:"";s:17:"created_timestamp";s:1:"0";s:9:"copyright";s:0:"";s:12:"focal_length";s:1:"0";s:3:"iso";s:1:"0";s:13:"shutter_speed";s:1:"0";s:5:"title";s:0:"";s:11:"orientation";s:1:"0";s:8:"keywords";a:0:{}}}]]></wp:meta_value>
		</wp:postmeta>
	</item>
	<item>
		<title>mr-visa</title>
		<link>http://demo.drfuri.com/mrbara2/mr-visa/</link>
		<pubDate>Mon, 18 Jul 2016 04:56:04 +0000</pubDate>
		<dc:creator><![CDATA[drfurion]]></dc:creator>
		<guid isPermaLink="false">http://demo.drfuri.com/mrbara2/wp-content/uploads/sites/3/2016/07/mr-visa.png</guid>
		<description></description>
		<content:encoded><![CDATA[]]></content:encoded>
		<excerpt:encoded><![CDATA[]]></excerpt:encoded>
		<wp:post_id>20</wp:post_id>
		<wp:post_date><![CDATA[2016-07-18 04:56:04]]></wp:post_date>
		<wp:post_date_gmt><![CDATA[2016-07-18 04:56:04]]></wp:post_date_gmt>
		<wp:comment_status><![CDATA[open]]></wp:comment_status>
		<wp:ping_status><![CDATA[closed]]></wp:ping_status>
		<wp:post_name><![CDATA[mr-visa]]></wp:post_name>
		<wp:status><![CDATA[inherit]]></wp:status>
		<wp:post_parent>0</wp:post_parent>
		<wp:menu_order>0</wp:menu_order>
		<wp:post_type><![CDATA[attachment]]></wp:post_type>
		<wp:post_password><![CDATA[]]></wp:post_password>
		<wp:is_sticky>0</wp:is_sticky>
		<wp:attachment_url><![CDATA[http://demo.drfuri.com/mrbara2/wp-content/uploads/sites/3/2016/07/mr-visa.png]]></wp:attachment_url>
		<wp:postmeta>
			<wp:meta_key><![CDATA[_wp_attached_file]]></wp:meta_key>
			<wp:meta_value><![CDATA[2016/07/mr-visa.png]]></wp:meta_value>
		</wp:postmeta>
		<wp:postmeta>
			<wp:meta_key><![CDATA[_wp_attachment_metadata]]></wp:meta_key>
			<wp:meta_value><![CDATA[a:5:{s:5:"width";i:73;s:6:"height";i:41;s:4:"file";s:19:"2016/07/mr-visa.png";s:5:"sizes";a:0:{}s:10:"image_meta";a:12:{s:8:"aperture";s:1:"0";s:6:"credit";s:0:"";s:6:"camera";s:0:"";s:7:"caption";s:0:"";s:17:"created_timestamp";s:1:"0";s:9:"copyright";s:0:"";s:12:"focal_length";s:1:"0";s:3:"iso";s:1:"0";s:13:"shutter_speed";s:1:"0";s:5:"title";s:0:"";s:11:"orientation";s:1:"0";s:8:"keywords";a:0:{}}}]]></wp:meta_value>
		</wp:postmeta>
	</item>
	<item>
		<title>mr-fasion-04</title>
		<link>http://demo.drfuri.com/mrbara2/home-fashion-app/mr-fasion-04/</link>
		<pubDate>Mon, 18 Jul 2016 04:57:40 +0000</pubDate>
		<dc:creator><![CDATA[drfurion]]></dc:creator>
		<guid isPermaLink="false">http://demo.drfuri.com/mrbara2/wp-content/uploads/sites/3/2016/07/mr-fasion-04.jpg</guid>
		<description></description>
		<content:encoded><![CDATA[]]></content:encoded>
		<excerpt:encoded><![CDATA[]]></excerpt:encoded>
		<wp:post_id>21</wp:post_id>
		<wp:post_date><![CDATA[2016-07-18 04:57:40]]></wp:post_date>
		<wp:post_date_gmt><![CDATA[2016-07-18 04:57:40]]></wp:post_date_gmt>
		<wp:comment_status><![CDATA[open]]></wp:comment_status>
		<wp:ping_status><![CDATA[closed]]></wp:ping_status>
		<wp:post_name><![CDATA[mr-fasion-04]]></wp:post_name>
		<wp:status><![CDATA[inherit]]></wp:status>
		<wp:post_parent>4</wp:post_parent>
		<wp:menu_order>0</wp:menu_order>
		<wp:post_type><![CDATA[attachment]]></wp:post_type>
		<wp:post_password><![CDATA[]]></wp:post_password>
		<wp:is_sticky>0</wp:is_sticky>
		<wp:attachment_url><![CDATA[http://demo.drfuri.com/mrbara2/wp-content/uploads/sites/3/2016/07/mr-fasion-04.jpg]]></wp:attachment_url>
		<wp:postmeta>
			<wp:meta_key><![CDATA[_wp_attached_file]]></wp:meta_key>
			<wp:meta_value><![CDATA[2016/07/mr-fasion-04.jpg]]></wp:meta_value>
		</wp:postmeta>
		<wp:postmeta>
			<wp:meta_key><![CDATA[_wp_attachment_metadata]]></wp:meta_key>
			<wp:meta_value><![CDATA[a:5:{s:5:"width";i:1920;s:6:"height";i:665;s:4:"file";s:24:"2016/07/mr-fasion-04.jpg";s:5:"sizes";a:20:{s:9:"thumbnail";a:4:{s:4:"file";s:24:"mr-fasion-04-150x150.jpg";s:5:"width";i:150;s:6:"height";i:150;s:9:"mime-type";s:10:"image/jpeg";}s:6:"medium";a:4:{s:4:"file";s:24:"mr-fasion-04-300x104.jpg";s:5:"width";i:300;s:6:"height";i:104;s:9:"mime-type";s:10:"image/jpeg";}s:12:"medium_large";a:4:{s:4:"file";s:24:"mr-fasion-04-768x266.jpg";s:5:"width";i:768;s:6:"height";i:266;s:9:"mime-type";s:10:"image/jpeg";}s:5:"large";a:4:{s:4:"file";s:25:"mr-fasion-04-1024x355.jpg";s:5:"width";i:1024;s:6:"height";i:355;s:9:"mime-type";s:10:"image/jpeg";}s:17:"mrbara-blog-thumb";a:4:{s:4:"file";s:24:"mr-fasion-04-870x450.jpg";s:5:"width";i:870;s:6:"height";i:450;s:9:"mime-type";s:10:"image/jpeg";}s:23:"mrbara-blog-large-thumb";a:4:{s:4:"file";s:25:"mr-fasion-04-1170x605.jpg";s:5:"width";i:1170;s:6:"height";i:605;s:9:"mime-type";s:10:"image/jpeg";}s:16:"mrbara-blog-full";a:4:{s:4:"file";s:25:"mr-fasion-04-1920x665.jpg";s:5:"width";i:1920;s:6:"height";i:665;s:9:"mime-type";s:10:"image/jpeg";}s:18:"mrbara-blog-normal";a:4:{s:4:"file";s:24:"mr-fasion-04-767x555.jpg";s:5:"width";i:767;s:6:"height";i:555;s:9:"mime-type";s:10:"image/jpeg";}s:17:"mrbara-blog-small";a:4:{s:4:"file";s:22:"mr-fasion-04-79x64.jpg";s:5:"width";i:79;s:6:"height";i:64;s:9:"mime-type";s:10:"image/jpeg";}s:21:"mrbara-blog-masonry-1";a:4:{s:4:"file";s:24:"mr-fasion-04-767x665.jpg";s:5:"width";i:767;s:6:"height";i:665;s:9:"mime-type";s:10:"image/jpeg";}s:21:"mrbara-blog-masonry-2";a:4:{s:4:"file";s:24:"mr-fasion-04-767x665.jpg";s:5:"width";i:767;s:6:"height";i:665;s:9:"mime-type";s:10:"image/jpeg";}s:21:"mrbara-blog-masonry-3";a:4:{s:4:"file";s:24:"mr-fasion-04-767x570.jpg";s:5:"width";i:767;s:6:"height";i:570;s:9:"mime-type";s:10:"image/jpeg";}s:21:"mrbara-blog-masonry-5";a:4:{s:4:"file";s:24:"mr-fasion-04-767x665.jpg";s:5:"width";i:767;s:6:"height";i:665;s:9:"mime-type";s:10:"image/jpeg";}s:20:"mrbara-category-full";a:4:{s:4:"file";s:24:"mr-fasion-04-866x665.jpg";s:5:"width";i:866;s:6:"height";i:665;s:9:"mime-type";s:10:"image/jpeg";}s:25:"mrbara-category-thumbnail";a:4:{s:4:"file";s:24:"mr-fasion-04-418x418.jpg";s:5:"width";i:418;s:6:"height";i:418;s:9:"mime-type";s:10:"image/jpeg";}s:20:"mrbara-category-long";a:4:{s:4:"file";s:24:"mr-fasion-04-418x665.jpg";s:5:"width";i:418;s:6:"height";i:665;s:9:"mime-type";s:10:"image/jpeg";}s:20:"mrbara-category-wide";a:4:{s:4:"file";s:24:"mr-fasion-04-866x418.jpg";s:5:"width";i:866;s:6:"height";i:418;s:9:"mime-type";s:10:"image/jpeg";}s:24:"mrbara-product-thumbnail";a:4:{s:4:"file";s:24:"mr-fasion-04-567x665.jpg";s:5:"width";i:567;s:6:"height";i:665;s:9:"mime-type";s:10:"image/jpeg";}s:11:"team-member";a:4:{s:4:"file";s:24:"mr-fasion-04-130x130.jpg";s:5:"width";i:130;s:6:"height";i:130;s:9:"mime-type";s:10:"image/jpeg";}s:17:"mrbara-posts-grid";a:4:{s:4:"file";s:24:"mr-fasion-04-370x275.jpg";s:5:"width";i:370;s:6:"height";i:275;s:9:"mime-type";s:10:"image/jpeg";}}s:10:"image_meta";a:12:{s:8:"aperture";s:1:"0";s:6:"credit";s:0:"";s:6:"camera";s:0:"";s:7:"caption";s:0:"";s:17:"created_timestamp";s:1:"0";s:9:"copyright";s:0:"";s:12:"focal_length";s:1:"0";s:3:"iso";s:1:"0";s:13:"shutter_speed";s:1:"0";s:5:"title";s:0:"";s:11:"orientation";s:1:"0";s:8:"keywords";a:0:{}}}]]></wp:meta_value>
		</wp:postmeta>
	</item>
	<item>
		<title>mr-logo-footer-app</title>
		<link>http://demo.drfuri.com/mrbara2/mr-logo-footer-app/</link>
		<pubDate>Mon, 18 Jul 2016 04:59:12 +0000</pubDate>
		<dc:creator><![CDATA[drfurion]]></dc:creator>
		<guid isPermaLink="false">http://demo.drfuri.com/mrbara2/wp-content/uploads/sites/3/2016/07/mr-logo-footer-app.png</guid>
		<description></description>
		<content:encoded><![CDATA[]]></content:encoded>
		<excerpt:encoded><![CDATA[]]></excerpt:encoded>
		<wp:post_id>23</wp:post_id>
		<wp:post_date><![CDATA[2016-07-18 04:59:12]]></wp:post_date>
		<wp:post_date_gmt><![CDATA[2016-07-18 04:59:12]]></wp:post_date_gmt>
		<wp:comment_status><![CDATA[open]]></wp:comment_status>
		<wp:ping_status><![CDATA[closed]]></wp:ping_status>
		<wp:post_name><![CDATA[mr-logo-footer-app]]></wp:post_name>
		<wp:status><![CDATA[inherit]]></wp:status>
		<wp:post_parent>0</wp:post_parent>
		<wp:menu_order>0</wp:menu_order>
		<wp:post_type><![CDATA[attachment]]></wp:post_type>
		<wp:post_password><![CDATA[]]></wp:post_password>
		<wp:is_sticky>0</wp:is_sticky>
		<wp:attachment_url><![CDATA[http://demo.drfuri.com/mrbara2/wp-content/uploads/sites/3/2016/07/mr-logo-footer-app.png]]></wp:attachment_url>
		<wp:postmeta>
			<wp:meta_key><![CDATA[_wp_attached_file]]></wp:meta_key>
			<wp:meta_value><![CDATA[2016/07/mr-logo-footer-app.png]]></wp:meta_value>
		</wp:postmeta>
		<wp:postmeta>
			<wp:meta_key><![CDATA[_wp_attachment_metadata]]></wp:meta_key>
			<wp:meta_value><![CDATA[a:5:{s:5:"width";i:56;s:6:"height";i:41;s:4:"file";s:30:"2016/07/mr-logo-footer-app.png";s:5:"sizes";a:0:{}s:10:"image_meta";a:12:{s:8:"aperture";s:1:"0";s:6:"credit";s:0:"";s:6:"camera";s:0:"";s:7:"caption";s:0:"";s:17:"created_timestamp";s:1:"0";s:9:"copyright";s:0:"";s:12:"focal_length";s:1:"0";s:3:"iso";s:1:"0";s:13:"shutter_speed";s:1:"0";s:5:"title";s:0:"";s:11:"orientation";s:1:"0";s:8:"keywords";a:0:{}}}]]></wp:meta_value>
		</wp:postmeta>
	</item>
	<item>
		<title>MrBara Form Subcribe</title>
		<link>http://demo.drfuri.com/mrbara2/mc4wp-form/24/</link>
		<pubDate>Mon, 18 Jul 2016 05:00:01 +0000</pubDate>
		<dc:creator><![CDATA[drfurion]]></dc:creator>
		<guid isPermaLink="false">http://demo.drfuri.com/mrbara2/mc4wp-form/24/</guid>
		<description></description>
		<content:encoded><![CDATA[<input type="email" name="EMAIL" placeholder="Email Address" required />
<input type="submit" value="Subscribe" />]]></content:encoded>
		<excerpt:encoded><![CDATA[]]></excerpt:encoded>
		<wp:post_id>24</wp:post_id>
		<wp:post_date><![CDATA[2016-07-18 05:00:01]]></wp:post_date>
		<wp:post_date_gmt><![CDATA[2016-07-18 05:00:01]]></wp:post_date_gmt>
		<wp:comment_status><![CDATA[closed]]></wp:comment_status>
		<wp:ping_status><![CDATA[closed]]></wp:ping_status>
		<wp:post_name><![CDATA[24]]></wp:post_name>
		<wp:status><![CDATA[publish]]></wp:status>
		<wp:post_parent>0</wp:post_parent>
		<wp:menu_order>0</wp:menu_order>
		<wp:post_type><![CDATA[mc4wp-form]]></wp:post_type>
		<wp:post_password><![CDATA[]]></wp:post_password>
		<wp:is_sticky>0</wp:is_sticky>
		<wp:postmeta>
			<wp:meta_key><![CDATA[_vc_post_settings]]></wp:meta_key>
			<wp:meta_value><![CDATA[a:1:{s:10:"vc_grid_id";a:0:{}}]]></wp:meta_value>
		</wp:postmeta>
		<wp:postmeta>
			<wp:meta_key><![CDATA[_mc4wp_settings]]></wp:meta_key>
			<wp:meta_value><![CDATA[a:9:{s:15:"required_fields";s:5:"EMAIL";s:12:"double_optin";s:1:"1";s:12:"send_welcome";s:1:"0";s:15:"update_existing";s:1:"0";s:17:"replace_interests";s:1:"1";s:18:"hide_after_success";s:1:"0";s:8:"redirect";s:0:"";s:3:"css";s:1:"0";s:5:"lists";a:0:{}}]]></wp:meta_value>
		</wp:postmeta>
		<wp:postmeta>
			<wp:meta_key><![CDATA[text_subscribed]]></wp:meta_key>
			<wp:meta_value><![CDATA[Thank you, your sign-up request was successful! Please check your email inbox to confirm.]]></wp:meta_value>
		</wp:postmeta>
		<wp:postmeta>
			<wp:meta_key><![CDATA[text_invalid_email]]></wp:meta_key>
			<wp:meta_value><![CDATA[Please provide a valid email address.]]></wp:meta_value>
		</wp:postmeta>
		<wp:postmeta>
			<wp:meta_key><![CDATA[text_required_field_missing]]></wp:meta_key>
			<wp:meta_value><![CDATA[Please fill in the required fields.]]></wp:meta_value>
		</wp:postmeta>
		<wp:postmeta>
			<wp:meta_key><![CDATA[text_already_subscribed]]></wp:meta_key>
			<wp:meta_value><![CDATA[Given email address is already subscribed, thank you!]]></wp:meta_value>
		</wp:postmeta>
		<wp:postmeta>
			<wp:meta_key><![CDATA[text_error]]></wp:meta_key>
			<wp:meta_value><![CDATA[Oops. Something went wrong. Please try again later.]]></wp:meta_value>
		</wp:postmeta>
		<wp:postmeta>
			<wp:meta_key><![CDATA[text_unsubscribed]]></wp:meta_key>
			<wp:meta_value><![CDATA[You were successfully unsubscribed.]]></wp:meta_value>
		</wp:postmeta>
		<wp:postmeta>
			<wp:meta_key><![CDATA[text_not_subscribed]]></wp:meta_key>
			<wp:meta_value><![CDATA[Given email address is not subscribed.]]></wp:meta_value>
		</wp:postmeta>
		<wp:postmeta>
			<wp:meta_key><![CDATA[text_no_lists_selected]]></wp:meta_key>
			<wp:meta_value><![CDATA[Please select at least one list.]]></wp:meta_value>
		</wp:postmeta>
		<wp:postmeta>
			<wp:meta_key><![CDATA[text_previously_unsubscribed]]></wp:meta_key>
			<wp:meta_value><![CDATA[It seems that you have previously unsubscribed, so we can not automatically resubscribe you.]]></wp:meta_value>
		</wp:postmeta>
	</item>
	<item>
		<title></title>
		<link>http://demo.drfuri.com/mrbara2/2016/07/19/41/</link>
		<pubDate>Tue, 19 Jul 2016 07:55:23 +0000</pubDate>
		<dc:creator><![CDATA[drfurion]]></dc:creator>
		<guid isPermaLink="false">http://demo.drfuri.com/mrbara2/?p=41</guid>
		<description></description>
		<content:encoded><![CDATA[ ]]></content:encoded>
		<excerpt:encoded><![CDATA[]]></excerpt:encoded>
		<wp:post_id>41</wp:post_id>
		<wp:post_date><![CDATA[2016-07-19 07:55:23]]></wp:post_date>
		<wp:post_date_gmt><![CDATA[2016-07-19 07:55:23]]></wp:post_date_gmt>
		<wp:comment_status><![CDATA[closed]]></wp:comment_status>
		<wp:ping_status><![CDATA[closed]]></wp:ping_status>
		<wp:post_name><![CDATA[41]]></wp:post_name>
		<wp:status><![CDATA[publish]]></wp:status>
		<wp:post_parent>0</wp:post_parent>
		<wp:menu_order>4</wp:menu_order>
		<wp:post_type><![CDATA[nav_menu_item]]></wp:post_type>
		<wp:post_password><![CDATA[]]></wp:post_password>
		<wp:is_sticky>0</wp:is_sticky>
		<category domain="nav_menu" nicename="footer-menu"><![CDATA[Footer Menu]]></category>
		<wp:postmeta>
			<wp:meta_key><![CDATA[_vc_post_settings]]></wp:meta_key>
			<wp:meta_value><![CDATA[a:1:{s:10:"vc_grid_id";a:0:{}}]]></wp:meta_value>
		</wp:postmeta>
		<wp:postmeta>
			<wp:meta_key><![CDATA[_menu_item_type]]></wp:meta_key>
			<wp:meta_value><![CDATA[post_type]]></wp:meta_value>
		</wp:postmeta>
		<wp:postmeta>
			<wp:meta_key><![CDATA[_menu_item_menu_item_parent]]></wp:meta_key>
			<wp:meta_value><![CDATA[0]]></wp:meta_value>
		</wp:postmeta>
		<wp:postmeta>
			<wp:meta_key><![CDATA[_menu_item_object_id]]></wp:meta_key>
			<wp:meta_value><![CDATA[37]]></wp:meta_value>
		</wp:postmeta>
		<wp:postmeta>
			<wp:meta_key><![CDATA[_menu_item_object]]></wp:meta_key>
			<wp:meta_value><![CDATA[page]]></wp:meta_value>
		</wp:postmeta>
		<wp:postmeta>
			<wp:meta_key><![CDATA[_menu_item_target]]></wp:meta_key>
			<wp:meta_value><![CDATA[]]></wp:meta_value>
		</wp:postmeta>
		<wp:postmeta>
			<wp:meta_key><![CDATA[_menu_item_classes]]></wp:meta_key>
			<wp:meta_value><![CDATA[a:1:{i:0;s:0:"";}]]></wp:meta_value>
		</wp:postmeta>
		<wp:postmeta>
			<wp:meta_key><![CDATA[_menu_item_xfn]]></wp:meta_key>
			<wp:meta_value><![CDATA[]]></wp:meta_value>
		</wp:postmeta>
		<wp:postmeta>
			<wp:meta_key><![CDATA[_menu_item_url]]></wp:meta_key>
			<wp:meta_value><![CDATA[]]></wp:meta_value>
		</wp:postmeta>
	</item>
	<item>
		<title></title>
		<link>http://demo.drfuri.com/mrbara2/2016/07/19/42/</link>
		<pubDate>Tue, 19 Jul 2016 07:55:23 +0000</pubDate>
		<dc:creator><![CDATA[drfurion]]></dc:creator>
		<guid isPermaLink="false">http://demo.drfuri.com/mrbara2/?p=42</guid>
		<description></description>
		<content:encoded><![CDATA[ ]]></content:encoded>
		<excerpt:encoded><![CDATA[]]></excerpt:encoded>
		<wp:post_id>42</wp:post_id>
		<wp:post_date><![CDATA[2016-07-19 07:55:23]]></wp:post_date>
		<wp:post_date_gmt><![CDATA[2016-07-19 07:55:23]]></wp:post_date_gmt>
		<wp:comment_status><![CDATA[closed]]></wp:comment_status>
		<wp:ping_status><![CDATA[closed]]></wp:ping_status>
		<wp:post_name><![CDATA[42]]></wp:post_name>
		<wp:status><![CDATA[publish]]></wp:status>
		<wp:post_parent>0</wp:post_parent>
		<wp:menu_order>2</wp:menu_order>
		<wp:post_type><![CDATA[nav_menu_item]]></wp:post_type>
		<wp:post_password><![CDATA[]]></wp:post_password>
		<wp:is_sticky>0</wp:is_sticky>
		<category domain="nav_menu" nicename="footer-menu"><![CDATA[Footer Menu]]></category>
		<wp:postmeta>
			<wp:meta_key><![CDATA[_vc_post_settings]]></wp:meta_key>
			<wp:meta_value><![CDATA[a:1:{s:10:"vc_grid_id";a:0:{}}]]></wp:meta_value>
		</wp:postmeta>
		<wp:postmeta>
			<wp:meta_key><![CDATA[_menu_item_type]]></wp:meta_key>
			<wp:meta_value><![CDATA[post_type]]></wp:meta_value>
		</wp:postmeta>
		<wp:postmeta>
			<wp:meta_key><![CDATA[_menu_item_menu_item_parent]]></wp:meta_key>
			<wp:meta_value><![CDATA[0]]></wp:meta_value>
		</wp:postmeta>
		<wp:postmeta>
			<wp:meta_key><![CDATA[_menu_item_object_id]]></wp:meta_key>
			<wp:meta_value><![CDATA[35]]></wp:meta_value>
		</wp:postmeta>
		<wp:postmeta>
			<wp:meta_key><![CDATA[_menu_item_object]]></wp:meta_key>
			<wp:meta_value><![CDATA[page]]></wp:meta_value>
		</wp:postmeta>
		<wp:postmeta>
			<wp:meta_key><![CDATA[_menu_item_target]]></wp:meta_key>
			<wp:meta_value><![CDATA[]]></wp:meta_value>
		</wp:postmeta>
		<wp:postmeta>
			<wp:meta_key><![CDATA[_menu_item_classes]]></wp:meta_key>
			<wp:meta_value><![CDATA[a:1:{i:0;s:0:"";}]]></wp:meta_value>
		</wp:postmeta>
		<wp:postmeta>
			<wp:meta_key><![CDATA[_menu_item_xfn]]></wp:meta_key>
			<wp:meta_value><![CDATA[]]></wp:meta_value>
		</wp:postmeta>
		<wp:postmeta>
			<wp:meta_key><![CDATA[_menu_item_url]]></wp:meta_key>
			<wp:meta_value><![CDATA[]]></wp:meta_value>
		</wp:postmeta>
	</item>
	<item>
		<title></title>
		<link>http://demo.drfuri.com/mrbara2/2016/07/19/43/</link>
		<pubDate>Tue, 19 Jul 2016 07:55:23 +0000</pubDate>
		<dc:creator><![CDATA[drfurion]]></dc:creator>
		<guid isPermaLink="false">http://demo.drfuri.com/mrbara2/?p=43</guid>
		<description></description>
		<content:encoded><![CDATA[ ]]></content:encoded>
		<excerpt:encoded><![CDATA[]]></excerpt:encoded>
		<wp:post_id>43</wp:post_id>
		<wp:post_date><![CDATA[2016-07-19 07:55:23]]></wp:post_date>
		<wp:post_date_gmt><![CDATA[2016-07-19 07:55:23]]></wp:post_date_gmt>
		<wp:comment_status><![CDATA[closed]]></wp:comment_status>
		<wp:ping_status><![CDATA[closed]]></wp:ping_status>
		<wp:post_name><![CDATA[43]]></wp:post_name>
		<wp:status><![CDATA[publish]]></wp:status>
		<wp:post_parent>0</wp:post_parent>
		<wp:menu_order>3</wp:menu_order>
		<wp:post_type><![CDATA[nav_menu_item]]></wp:post_type>
		<wp:post_password><![CDATA[]]></wp:post_password>
		<wp:is_sticky>0</wp:is_sticky>
		<category domain="nav_menu" nicename="footer-menu"><![CDATA[Footer Menu]]></category>
		<wp:postmeta>
			<wp:meta_key><![CDATA[_vc_post_settings]]></wp:meta_key>
			<wp:meta_value><![CDATA[a:1:{s:10:"vc_grid_id";a:0:{}}]]></wp:meta_value>
		</wp:postmeta>
		<wp:postmeta>
			<wp:meta_key><![CDATA[_menu_item_type]]></wp:meta_key>
			<wp:meta_value><![CDATA[post_type]]></wp:meta_value>
		</wp:postmeta>
		<wp:postmeta>
			<wp:meta_key><![CDATA[_menu_item_menu_item_parent]]></wp:meta_key>
			<wp:meta_value><![CDATA[0]]></wp:meta_value>
		</wp:postmeta>
		<wp:postmeta>
			<wp:meta_key><![CDATA[_menu_item_object_id]]></wp:meta_key>
			<wp:meta_value><![CDATA[33]]></wp:meta_value>
		</wp:postmeta>
		<wp:postmeta>
			<wp:meta_key><![CDATA[_menu_item_object]]></wp:meta_key>
			<wp:meta_value><![CDATA[page]]></wp:meta_value>
		</wp:postmeta>
		<wp:postmeta>
			<wp:meta_key><![CDATA[_menu_item_target]]></wp:meta_key>
			<wp:meta_value><![CDATA[]]></wp:meta_value>
		</wp:postmeta>
		<wp:postmeta>
			<wp:meta_key><![CDATA[_menu_item_classes]]></wp:meta_key>
			<wp:meta_value><![CDATA[a:1:{i:0;s:0:"";}]]></wp:meta_value>
		</wp:postmeta>
		<wp:postmeta>
			<wp:meta_key><![CDATA[_menu_item_xfn]]></wp:meta_key>
			<wp:meta_value><![CDATA[]]></wp:meta_value>
		</wp:postmeta>
		<wp:postmeta>
			<wp:meta_key><![CDATA[_menu_item_url]]></wp:meta_key>
			<wp:meta_value><![CDATA[]]></wp:meta_value>
		</wp:postmeta>
	</item>
	<item>
		<title></title>
		<link>http://demo.drfuri.com/mrbara2/2016/07/19/44/</link>
		<pubDate>Tue, 19 Jul 2016 07:55:23 +0000</pubDate>
		<dc:creator><![CDATA[drfurion]]></dc:creator>
		<guid isPermaLink="false">http://demo.drfuri.com/mrbara2/?p=44</guid>
		<description></description>
		<content:encoded><![CDATA[ ]]></content:encoded>
		<excerpt:encoded><![CDATA[]]></excerpt:encoded>
		<wp:post_id>44</wp:post_id>
		<wp:post_date><![CDATA[2016-07-19 07:55:23]]></wp:post_date>
		<wp:post_date_gmt><![CDATA[2016-07-19 07:55:23]]></wp:post_date_gmt>
		<wp:comment_status><![CDATA[closed]]></wp:comment_status>
		<wp:ping_status><![CDATA[closed]]></wp:ping_status>
		<wp:post_name><![CDATA[44]]></wp:post_name>
		<wp:status><![CDATA[publish]]></wp:status>
		<wp:post_parent>0</wp:post_parent>
		<wp:menu_order>1</wp:menu_order>
		<wp:post_type><![CDATA[nav_menu_item]]></wp:post_type>
		<wp:post_password><![CDATA[]]></wp:post_password>
		<wp:is_sticky>0</wp:is_sticky>
		<category domain="nav_menu" nicename="footer-menu"><![CDATA[Footer Menu]]></category>
		<wp:postmeta>
			<wp:meta_key><![CDATA[_vc_post_settings]]></wp:meta_key>
			<wp:meta_value><![CDATA[a:1:{s:10:"vc_grid_id";a:0:{}}]]></wp:meta_value>
		</wp:postmeta>
		<wp:postmeta>
			<wp:meta_key><![CDATA[_menu_item_type]]></wp:meta_key>
			<wp:meta_value><![CDATA[post_type]]></wp:meta_value>
		</wp:postmeta>
		<wp:postmeta>
			<wp:meta_key><![CDATA[_menu_item_menu_item_parent]]></wp:meta_key>
			<wp:meta_value><![CDATA[0]]></wp:meta_value>
		</wp:postmeta>
		<wp:postmeta>
			<wp:meta_key><![CDATA[_menu_item_object_id]]></wp:meta_key>
			<wp:meta_value><![CDATA[31]]></wp:meta_value>
		</wp:postmeta>
		<wp:postmeta>
			<wp:meta_key><![CDATA[_menu_item_object]]></wp:meta_key>
			<wp:meta_value><![CDATA[page]]></wp:meta_value>
		</wp:postmeta>
		<wp:postmeta>
			<wp:meta_key><![CDATA[_menu_item_target]]></wp:meta_key>
			<wp:meta_value><![CDATA[]]></wp:meta_value>
		</wp:postmeta>
		<wp:postmeta>
			<wp:meta_key><![CDATA[_menu_item_classes]]></wp:meta_key>
			<wp:meta_value><![CDATA[a:1:{i:0;s:0:"";}]]></wp:meta_value>
		</wp:postmeta>
		<wp:postmeta>
			<wp:meta_key><![CDATA[_menu_item_xfn]]></wp:meta_key>
			<wp:meta_value><![CDATA[]]></wp:meta_value>
		</wp:postmeta>
		<wp:postmeta>
			<wp:meta_key><![CDATA[_menu_item_url]]></wp:meta_key>
			<wp:meta_value><![CDATA[]]></wp:meta_value>
		</wp:postmeta>
	</item>
	<item>
		<title>Hello world!</title>
		<link>http://demo.drfuri.com/mrbara2/2016/07/18/hello-world/</link>
		<pubDate>Mon, 18 Jul 2016 04:20:16 +0000</pubDate>
		<dc:creator><![CDATA[themealien]]></dc:creator>
		<guid isPermaLink="false">http://demo.drfuri.com/mrbara2/?p=1</guid>
		<description></description>
		<content:encoded><![CDATA[Welcome to <a href="http://demo.drfuri.com/">DrFuri Demo</a>. This is your first post. Edit or delete it, then start blogging!]]></content:encoded>
		<excerpt:encoded><![CDATA[]]></excerpt:encoded>
		<wp:post_id>1</wp:post_id>
		<wp:post_date><![CDATA[2016-07-18 04:20:16]]></wp:post_date>
		<wp:post_date_gmt><![CDATA[2016-07-18 04:20:16]]></wp:post_date_gmt>
		<wp:comment_status><![CDATA[open]]></wp:comment_status>
		<wp:ping_status><![CDATA[open]]></wp:ping_status>
		<wp:post_name><![CDATA[hello-world]]></wp:post_name>
		<wp:status><![CDATA[publish]]></wp:status>
		<wp:post_parent>0</wp:post_parent>
		<wp:menu_order>0</wp:menu_order>
		<wp:post_type><![CDATA[post]]></wp:post_type>
		<wp:post_password><![CDATA[]]></wp:post_password>
		<wp:is_sticky>0</wp:is_sticky>
		<category domain="category" nicename="uncategorized"><![CDATA[Uncategorized]]></category>
		<wp:comment>
			<wp:comment_id>1</wp:comment_id>
			<wp:comment_author><![CDATA[]]></wp:comment_author>
			<wp:comment_author_email><![CDATA[]]></wp:comment_author_email>
			<wp:comment_author_url></wp:comment_author_url>
			<wp:comment_author_IP><![CDATA[]]></wp:comment_author_IP>
			<wp:comment_date><![CDATA[2016-07-18 04:20:16]]></wp:comment_date>
			<wp:comment_date_gmt><![CDATA[2016-07-18 04:20:16]]></wp:comment_date_gmt>
			<wp:comment_content><![CDATA[]]></wp:comment_content>
			<wp:comment_approved><![CDATA[1]]></wp:comment_approved>
			<wp:comment_type><![CDATA[]]></wp:comment_type>
			<wp:comment_parent>0</wp:comment_parent>
			<wp:comment_user_id>0</wp:comment_user_id>
		</wp:comment>
	</item>
	<item>
		<title>Sample Page</title>
		<link>http://demo.drfuri.com/mrbara2/sample-page/</link>
		<pubDate>Mon, 18 Jul 2016 04:20:16 +0000</pubDate>
		<dc:creator><![CDATA[themealien]]></dc:creator>
		<guid isPermaLink="false">http://demo.drfuri.com/mrbara2/?page_id=2</guid>
		<description></description>
		<content:encoded><![CDATA[]]></content:encoded>
		<excerpt:encoded><![CDATA[]]></excerpt:encoded>
		<wp:post_id>2</wp:post_id>
		<wp:post_date><![CDATA[2016-07-18 04:20:16]]></wp:post_date>
		<wp:post_date_gmt><![CDATA[2016-07-18 04:20:16]]></wp:post_date_gmt>
		<wp:comment_status><![CDATA[closed]]></wp:comment_status>
		<wp:ping_status><![CDATA[open]]></wp:ping_status>
		<wp:post_name><![CDATA[sample-page]]></wp:post_name>
		<wp:status><![CDATA[publish]]></wp:status>
		<wp:post_parent>0</wp:post_parent>
		<wp:menu_order>0</wp:menu_order>
		<wp:post_type><![CDATA[page]]></wp:post_type>
		<wp:post_password><![CDATA[]]></wp:post_password>
		<wp:is_sticky>0</wp:is_sticky>
		<wp:postmeta>
			<wp:meta_key><![CDATA[_wp_page_template]]></wp:meta_key>
			<wp:meta_value><![CDATA[default]]></wp:meta_value>
		</wp:postmeta>
	</item>
	<item>
		<title>Home Fashion App</title>
		<link>http://demo.drfuri.com/mrbara2/</link>
		<pubDate>Mon, 18 Jul 2016 04:25:09 +0000</pubDate>
		<dc:creator><![CDATA[drfurion]]></dc:creator>
		<guid isPermaLink="false">http://demo.drfuri.com/mrbara2/?page_id=4</guid>
		<description></description>
		<content:encoded><![CDATA[[vc_row css=".vc_custom_1476432971297{padding-top: 100px !important;padding-bottom: 100px !important;background-image: url(http://demo.drfuri.com/mrbara2/wp-content/uploads/sites/3/2016/07/mr-fasion-01.jpg?id=8) !important;}"][vc_column el_class="no-margin-mobile" css=".vc_custom_1476432978241{margin-top: 90px !important;margin-bottom: 50px !important;}"][mrbara_section_title_ver align="align-right" number="01" top="170" white_text="true"]simple interaction[/mrbara_section_title_ver][vc_row_inner][vc_column_inner width="1/2" css=".vc_custom_1472185849705{margin-top: 75px !important;padding-bottom: 40px !important;}"][vc_single_image image="10" img_size="full" css=".vc_custom_1472185704495{margin-bottom: 40px !important;}"][mrbara_section_title title="Shopping Easier With Mr.Bara" title_font_size="72px" title_line_height="1" title_font_style="300" light_skin="true" light_text="true"]Lorem ipsum dolor sit amet,  orelm moio strul

consectetur adipiscing elit. Ut elit sadol loro pular

tellus, luctus nec ullamco.[/mrbara_section_title][vc_column_text css=".vc_custom_1472093415515{margin-top: 80px !important;}"]<a class="link-app" href="https://itunes.apple.com"><img class="wp-image-4421 size-full alignleft" src="http://demo.drfuri.com/mrbara2/wp-content/uploads/sites/3/2016/07/mr-app-store.png" alt="mr-app-store" width="196" height="58" /></a><a class="link-app" href="https://play.google.com/store"><img class="alignleft wp-image-4422 size-full" src="http://demo.drfuri.com/mrbara2/wp-content/uploads/sites/3/2016/07/mr-google-play.png" alt="mr-google-play" width="196" height="58" /></a>[/vc_column_text][/vc_column_inner][vc_column_inner width="1/2"][mrbara_single_image image="14" align="text-right"][/vc_column_inner][/vc_row_inner][/vc_column][/vc_row][vc_row css=".vc_custom_1476431872294{padding-top: 100px !important;background-color: #f0f0f0 !important;}"][vc_column el_class="no-margin-mobile" css=".vc_custom_1476431878294{margin-top: 160px !important;}"][mrbara_section_title_ver number="02" top="160"]mart filter[/mrbara_section_title_ver][vc_row_inner][vc_column_inner width="1/2"][mrbara_single_image image="13"][/vc_column_inner][vc_column_inner width="1/2" css=".vc_custom_1472186036384{margin-top: 100px !important;}"][mrbara_section_title title="Find Your Items Favourite" title_font_size="72px" title_line_height="1" title_font_style="300" text_align="text-right" text_position="right"]Lorem ipsum dolor sit amet,  orelm moio strul

consectetur adipiscing elit. Ut elit sadol loro pular

tellus, luctus nec ullamco.[/mrbara_section_title][vc_single_image image="16" img_size="full" alignment="right" css=".vc_custom_1472185715299{margin-top: 160px !important;}"][/vc_column_inner][/vc_row_inner][/vc_column][/vc_row][vc_row css=".vc_custom_1476431887694{padding-top: 100px !important;padding-bottom: 85px !important;background-color: #ffffff !important;}"][vc_column el_class="no-margin-mobile" css=".vc_custom_1476431894869{margin-top: 100px !important;}"][mrbara_section_title_ver align="align-right" number="03" top="200"]payment fast &amp; secure[/mrbara_section_title_ver][vc_row_inner][vc_column_inner el_class="no-margin-mobile" width="1/2" css=".vc_custom_1476432811241{margin-top: 110px !important;padding-bottom: 40px !important;}"][mrbara_section_title title="Payment Fast &amp; Secure" title_font_size="72px" title_line_height="1" title_font_style="300"]
<ul class="mr-payment">
 	<li><a href="#">View your cart</a></li>
 	<li><a href="#">CheckOut</a></li>
 	<li><a href="#">Payment</a></li>
</ul>
[/mrbara_section_title][vc_empty_space height="70"][mrbara_heading font_size="16px" css=".vc_custom_1477379064309{padding-top: 60px !important;padding-bottom: 30px !important;}"]Available with payment solution :[/mrbara_heading][vc_column_text]<img class="size-medium wp-image-4465 alignleft" src="http://demo.drfuri.com/mrbara2/wp-content/uploads/sites/3/2016/07/mr-paypal.png" alt="mr-paypal" width="160" height="38" /><img class="size-full wp-image-4470 alignleft" src="http://demo.drfuri.com/mrbara2/wp-content/uploads/sites/3/2016/07/mr-visa.png" alt="mr-visa" width="73" height="41" /><img class="size-medium wp-image-4464 alignleft" src="http://demo.drfuri.com/mrbara2/wp-content/uploads/sites/3/2016/07/mr-master-card.png" alt="mr-master-card" width="66" height="40" /><img class="size-medium wp-image-4463 alignleft" src="http://demo.drfuri.com/mrbara2/wp-content/uploads/sites/3/2016/07/mr-amercer.png" alt="mr-amercer" width="41" height="40" />[/vc_column_text][/vc_column_inner][vc_column_inner width="1/2"][mrbara_single_image image="15" align="text-right"][/vc_column_inner][/vc_row_inner][/vc_column][/vc_row][vc_row css=".vc_custom_1476431797437{padding-top: 100px !important;padding-bottom: 100px !important;background-image: url(http://demo.drfuri.com/mrbara2/wp-content/uploads/sites/3/2016/07/mr-fasion-04.jpg?id=21) !important;}" el_class="section-mrbara-app"][vc_column el_class="no-margin-mobile" css=".vc_custom_1476431806764{margin-top: 95px !important;margin-bottom: 80px !important;}"][vc_row_inner][vc_column_inner width="6/12"][mrbara_section_title title="What are you waiting for?" title_font_size="72px" title_line_height="1" title_font_style="300" light_skin="true" light_text="true"]Download this app and feel the easiest way. Don’t worry!

It’s free forever and ever[/mrbara_section_title][/vc_column_inner][vc_column_inner width="1/12"][/vc_column_inner][vc_column_inner width="5/12" css=".vc_custom_1467102142524{padding-top: 80px !important;}"][vc_custom_heading text="MR.BARA" font_container="tag:div|font_size:24|text_align:center|color:%23ffffff|line_height:1" use_theme_fonts="yes"][vc_column_text css=".vc_custom_1467110194050{margin-top: 5px !important;}"]
<p style="text-align: center;"><span style="color: #ffffff;">Available Download Here</span></p>
[/vc_column_text][vc_column_text css=".vc_custom_1476432590253{margin-top: 40px !important;}"]
<p class="mr-center-mobile" style="text-align: right;"><a class="link-app" href="https://itunes.apple.com"><img style="padding: 0 10px;" src="http://demo.drfuri.com/mrbara2/wp-content/uploads/sites/3/2016/07/mr-app-store.png" alt="mr-app-store" /></a><a class="link-app" href="https://play.google.com/store"><img style="padding: 0 10px;" src="http://demo.drfuri.com/mrbara2/wp-content/uploads/sites/3/2016/07/mr-google-play.png" alt="mr-google-play" /></a></p>
[/vc_column_text][/vc_column_inner][/vc_row_inner][/vc_column][/vc_row]]]></content:encoded>
		<excerpt:encoded><![CDATA[]]></excerpt:encoded>
		<wp:post_id>4</wp:post_id>
		<wp:post_date><![CDATA[2016-07-18 04:25:09]]></wp:post_date>
		<wp:post_date_gmt><![CDATA[2016-07-18 04:25:09]]></wp:post_date_gmt>
		<wp:comment_status><![CDATA[closed]]></wp:comment_status>
		<wp:ping_status><![CDATA[closed]]></wp:ping_status>
		<wp:post_name><![CDATA[home-fashion-app]]></wp:post_name>
		<wp:status><![CDATA[publish]]></wp:status>
		<wp:post_parent>0</wp:post_parent>
		<wp:menu_order>0</wp:menu_order>
		<wp:post_type><![CDATA[page]]></wp:post_type>
		<wp:post_password><![CDATA[]]></wp:post_password>
		<wp:is_sticky>0</wp:is_sticky>
		<wp:postmeta>
			<wp:meta_key><![CDATA[_vc_post_settings]]></wp:meta_key>
			<wp:meta_value><![CDATA[a:1:{s:10:"vc_grid_id";a:0:{}}]]></wp:meta_value>
		</wp:postmeta>
		<wp:postmeta>
			<wp:meta_key><![CDATA[_edit_last]]></wp:meta_key>
			<wp:meta_value><![CDATA[1]]></wp:meta_value>
		</wp:postmeta>
		<wp:postmeta>
			<wp:meta_key><![CDATA[_wp_page_template]]></wp:meta_key>
			<wp:meta_value><![CDATA[template-homepage.php]]></wp:meta_value>
		</wp:postmeta>
		<wp:postmeta>
			<wp:meta_key><![CDATA[_wpb_vc_js_status]]></wp:meta_key>
			<wp:meta_value><![CDATA[true]]></wp:meta_value>
		</wp:postmeta>
		<wp:postmeta>
			<wp:meta_key><![CDATA[_wpb_shortcodes_custom_css]]></wp:meta_key>
			<wp:meta_value><![CDATA[.vc_custom_1476432971297{padding-top: 100px !important;padding-bottom: 100px !important;background-image: url(http://demo.drfuri.com/mrbara2/wp-content/uploads/sites/3/2016/07/mr-fasion-01.jpg?id=8) !important;}.vc_custom_1476431872294{padding-top: 100px !important;background-color: #f0f0f0 !important;}.vc_custom_1476431887694{padding-top: 100px !important;padding-bottom: 85px !important;background-color: #ffffff !important;}.vc_custom_1476431797437{padding-top: 100px !important;padding-bottom: 100px !important;background-image: url(http://demo.drfuri.com/mrbara2/wp-content/uploads/sites/3/2016/07/mr-fasion-04.jpg?id=21) !important;}.vc_custom_1476432978241{margin-top: 90px !important;margin-bottom: 50px !important;}.vc_custom_1472185849705{margin-top: 75px !important;padding-bottom: 40px !important;}.vc_custom_1472185704495{margin-bottom: 40px !important;}.vc_custom_1472093415515{margin-top: 80px !important;}.vc_custom_1476431878294{margin-top: 160px !important;}.vc_custom_1472186036384{margin-top: 100px !important;}.vc_custom_1472185715299{margin-top: 160px !important;}.vc_custom_1476431894869{margin-top: 100px !important;}.vc_custom_1476432811241{margin-top: 110px !important;padding-bottom: 40px !important;}.vc_custom_1477379064309{padding-top: 60px !important;padding-bottom: 30px !important;}.vc_custom_1476431806764{margin-top: 95px !important;margin-bottom: 80px !important;}.vc_custom_1467102142524{padding-top: 80px !important;}.vc_custom_1467110194050{margin-top: 5px !important;}.vc_custom_1476432590253{margin-top: 40px !important;}]]></wp:meta_value>
		</wp:postmeta>
		<wp:postmeta>
			<wp:meta_key><![CDATA[hide_page_header]]></wp:meta_key>
			<wp:meta_value><![CDATA[0]]></wp:meta_value>
		</wp:postmeta>
		<wp:postmeta>
			<wp:meta_key><![CDATA[custom_page_header_layout]]></wp:meta_key>
			<wp:meta_value><![CDATA[0]]></wp:meta_value>
		</wp:postmeta>
		<wp:postmeta>
			<wp:meta_key><![CDATA[custom_layout]]></wp:meta_key>
			<wp:meta_value><![CDATA[0]]></wp:meta_value>
		</wp:postmeta>
	</item>
	<item>
		<title>MailChimp for WordPress: Form Preview</title>
		<link>http://demo.drfuri.com/mrbara2/?page_id=25</link>
		<pubDate>Mon, 30 Nov -0001 00:00:00 +0000</pubDate>
		<dc:creator><![CDATA[drfurion]]></dc:creator>
		<guid isPermaLink="false">http://demo.drfuri.com/mrbara2/?page_id=25</guid>
		<description></description>
		<content:encoded><![CDATA[[mc4wp_form]]]></content:encoded>
		<excerpt:encoded><![CDATA[]]></excerpt:encoded>
		<wp:post_id>25</wp:post_id>
		<wp:post_date><![CDATA[2016-07-18 05:00:01]]></wp:post_date>
		<wp:post_date_gmt><![CDATA[0000-00-00 00:00:00]]></wp:post_date_gmt>
		<wp:comment_status><![CDATA[closed]]></wp:comment_status>
		<wp:ping_status><![CDATA[closed]]></wp:ping_status>
		<wp:post_name><![CDATA[mc4wp-form-preview]]></wp:post_name>
		<wp:status><![CDATA[draft]]></wp:status>
		<wp:post_parent>0</wp:post_parent>
		<wp:menu_order>0</wp:menu_order>
		<wp:post_type><![CDATA[page]]></wp:post_type>
		<wp:post_password><![CDATA[]]></wp:post_password>
		<wp:is_sticky>0</wp:is_sticky>
		<wp:postmeta>
			<wp:meta_key><![CDATA[_vc_post_settings]]></wp:meta_key>
			<wp:meta_value><![CDATA[a:1:{s:10:"vc_grid_id";a:0:{}}]]></wp:meta_value>
		</wp:postmeta>
	</item>
	<item>
		<title>Policy</title>
		<link>http://demo.drfuri.com/mrbara2/policy/</link>
		<pubDate>Tue, 19 Jul 2016 07:52:48 +0000</pubDate>
		<dc:creator><![CDATA[drfurion]]></dc:creator>
		<guid isPermaLink="false">http://demo.drfuri.com/mrbara2/?page_id=31</guid>
		<description></description>
		<content:encoded><![CDATA[[vc_row][vc_column][mrbara_heading style="6" font_size="18px" css=".vc_custom_1476175164160{padding-bottom: 25px !important;}"]<span class="primary-color">PRIVACY POLICY</span>[/mrbara_heading][/vc_column][/vc_row][vc_row][vc_column width="2/12"][/vc_column][vc_column width="8/12"][vc_empty_space][vc_toggle title="Returns policy" style="text_only" size="lg" open="true" el_id="1464939184208-3761b6d5-e09b"]Lorem ipsum dolor sit amet, consectetur adipiscing elit. Morbi feugiat molestie ex quis finibus. Quisque tincidunt dolor ut convallis lobortis. Proin ullamcorper eros ac ultrices imperdiet. Vivamus eros nibh, dictum sed venenatis vitae, ornare eget magna. Etiam mattis, felis eu interdum posuere, justo neque dictum sapien, eu luctus neque nulla non ante. Quisque pharetra facilisis mauris a hendrerit. Donec rutrum maximus turpis id luctus. In gravida pulvinar elit, a auctor mauris scele[/vc_toggle][vc_empty_space][vc_toggle title="How to cancel your order?" style="text_only" size="lg" open="true" el_id="1466409091591-468ec8ec-870d"]Plaid letterpress leggings craft beer meh ethical Pinterest[/vc_toggle][vc_empty_space][vc_toggle title="How can I return a Product?" style="text_only" size="lg" open="true" el_id="1470368078920-565d11ed-9125"]Kale chips Truffaut Williamsburg, hashtag fixie Pinterest raw denim chambray drinking vinegar Carles street art Bushwick gastropub. Wolf Tumblr paleo church-key. Plaid food truck Echo Park YOLO bitters hella, direct trade Thundercats leggings quinoa before they sold out. You probably haven’t heard of them wayfarers authentic umami drinking vinegar Pinterest Cosby sweater, fingerstache fap High Life.[/vc_toggle][/vc_column][vc_column width="2/12"][/vc_column][/vc_row]]]></content:encoded>
		<excerpt:encoded><![CDATA[]]></excerpt:encoded>
		<wp:post_id>31</wp:post_id>
		<wp:post_date><![CDATA[2016-07-19 07:52:48]]></wp:post_date>
		<wp:post_date_gmt><![CDATA[2016-07-19 07:52:48]]></wp:post_date_gmt>
		<wp:comment_status><![CDATA[closed]]></wp:comment_status>
		<wp:ping_status><![CDATA[closed]]></wp:ping_status>
		<wp:post_name><![CDATA[policy]]></wp:post_name>
		<wp:status><![CDATA[publish]]></wp:status>
		<wp:post_parent>0</wp:post_parent>
		<wp:menu_order>0</wp:menu_order>
		<wp:post_type><![CDATA[page]]></wp:post_type>
		<wp:post_password><![CDATA[]]></wp:post_password>
		<wp:is_sticky>0</wp:is_sticky>
		<wp:postmeta>
			<wp:meta_key><![CDATA[_vc_post_settings]]></wp:meta_key>
			<wp:meta_value><![CDATA[a:1:{s:10:"vc_grid_id";a:0:{}}]]></wp:meta_value>
		</wp:postmeta>
		<wp:postmeta>
			<wp:meta_key><![CDATA[_edit_last]]></wp:meta_key>
			<wp:meta_value><![CDATA[1]]></wp:meta_value>
		</wp:postmeta>
		<wp:postmeta>
			<wp:meta_key><![CDATA[_wpb_vc_js_status]]></wp:meta_key>
			<wp:meta_value><![CDATA[false]]></wp:meta_value>
		</wp:postmeta>
		<wp:postmeta>
			<wp:meta_key><![CDATA[hide_page_header]]></wp:meta_key>
			<wp:meta_value><![CDATA[0]]></wp:meta_value>
		</wp:postmeta>
		<wp:postmeta>
			<wp:meta_key><![CDATA[custom_page_header_layout]]></wp:meta_key>
			<wp:meta_value><![CDATA[0]]></wp:meta_value>
		</wp:postmeta>
		<wp:postmeta>
			<wp:meta_key><![CDATA[custom_layout]]></wp:meta_key>
			<wp:meta_value><![CDATA[0]]></wp:meta_value>
		</wp:postmeta>
		<wp:postmeta>
			<wp:meta_key><![CDATA[_wpb_shortcodes_custom_css]]></wp:meta_key>
			<wp:meta_value><![CDATA[.vc_custom_1476175164160{padding-bottom: 25px !important;}]]></wp:meta_value>
		</wp:postmeta>
	</item>
	<item>
		<title>Term &amp; Conditions</title>
		<link>http://demo.drfuri.com/mrbara2/term-conditions/</link>
		<pubDate>Tue, 19 Jul 2016 07:53:34 +0000</pubDate>
		<dc:creator><![CDATA[drfurion]]></dc:creator>
		<guid isPermaLink="false">http://demo.drfuri.com/mrbara2/?page_id=33</guid>
		<description></description>
		<content:encoded><![CDATA[[vc_row][vc_column][mrbara_heading style="6" font_size="18px" css=".vc_custom_1476175104689{padding-bottom: 25px !important;}"]<span class="primary-color">TERM &amp; CONDITIONS</span>[/mrbara_heading][/vc_column][/vc_row][vc_row][vc_column width="2/12"][/vc_column][vc_column width="8/12"][vc_empty_space][vc_toggle title="Our Contract" style="text_only" size="lg" open="true" el_id="1464939184208-3761b6d5-e09b"]Lorem ipsum dolor sit amet, consectetur adipiscing elit. Morbi feugiat molestie ex quis finibus. Quisque tincidunt dolor ut convallis lobortis. Proin ullamcorper eros ac ultrices imperdiet.

Vivamus eros nibh, dictum sed venenatis vitae, ornare eget magna. Etiam mattis, felis eu interdum posuere, justo neque dictum sapien, eu luctus neque nulla non ante. Quisque pharetra facilisis mauris a hendrerit. Donec rutrum maximus turpis id luctus. In gravida pulvinar elit, a auctor mauris scele[/vc_toggle][vc_empty_space][vc_toggle title="Data Protection" style="text_only" size="lg" open="true" el_id="1466409091591-468ec8ec-870d"]Lorem ipsum dolor sit amet, consectetur adipiscing elit. Morbi feugiat molestie ex quis finibus. Quisque tincidunt dolor ut convallis lobortis. Proin ullamcorper eros ac ultrices imperdiet.

Vivamus eros nibh, dictum sed venenatis vitae, ornare eget magna. Etiam mattis, felis eu interdum posuere, justo neque dictum sapien, eu luctus neque nulla non ante. Quisque pharetra facilisis mauris a hendrerit. Donec rutrum maximus turpis id luctus.[/vc_toggle][vc_empty_space][vc_toggle title="Payment" style="text_only" size="lg" open="true" el_id="1470367649702-23bf6af3-fbeb"]Vivamus eros nibh, dictum sed venenatis vitae, ornare eget magna. Etiam mattis, felis eu interdum posuere, justo neque dictum sapien, eu luctus neque nulla non ante. Quisque pharetra facilisis mauris a hendrerit. Donec rutrum maximus turpis id luctus.[/vc_toggle][vc_empty_space][vc_toggle title="Return" style="text_only" size="lg" open="true" el_id="1470367677196-ffb46dd4-f744"]Lorem ipsum dolor sit amet, consectetur adipiscing elit. Morbi feugiat molestie ex quis finibus.[/vc_toggle][/vc_column][vc_column width="2/12"][/vc_column][/vc_row]]]></content:encoded>
		<excerpt:encoded><![CDATA[]]></excerpt:encoded>
		<wp:post_id>33</wp:post_id>
		<wp:post_date><![CDATA[2016-07-19 07:53:34]]></wp:post_date>
		<wp:post_date_gmt><![CDATA[2016-07-19 07:53:34]]></wp:post_date_gmt>
		<wp:comment_status><![CDATA[closed]]></wp:comment_status>
		<wp:ping_status><![CDATA[closed]]></wp:ping_status>
		<wp:post_name><![CDATA[term-conditions]]></wp:post_name>
		<wp:status><![CDATA[publish]]></wp:status>
		<wp:post_parent>0</wp:post_parent>
		<wp:menu_order>0</wp:menu_order>
		<wp:post_type><![CDATA[page]]></wp:post_type>
		<wp:post_password><![CDATA[]]></wp:post_password>
		<wp:is_sticky>0</wp:is_sticky>
		<wp:postmeta>
			<wp:meta_key><![CDATA[_vc_post_settings]]></wp:meta_key>
			<wp:meta_value><![CDATA[a:1:{s:10:"vc_grid_id";a:0:{}}]]></wp:meta_value>
		</wp:postmeta>
		<wp:postmeta>
			<wp:meta_key><![CDATA[_edit_last]]></wp:meta_key>
			<wp:meta_value><![CDATA[1]]></wp:meta_value>
		</wp:postmeta>
		<wp:postmeta>
			<wp:meta_key><![CDATA[_wpb_vc_js_status]]></wp:meta_key>
			<wp:meta_value><![CDATA[false]]></wp:meta_value>
		</wp:postmeta>
		<wp:postmeta>
			<wp:meta_key><![CDATA[hide_page_header]]></wp:meta_key>
			<wp:meta_value><![CDATA[0]]></wp:meta_value>
		</wp:postmeta>
		<wp:postmeta>
			<wp:meta_key><![CDATA[custom_page_header_layout]]></wp:meta_key>
			<wp:meta_value><![CDATA[0]]></wp:meta_value>
		</wp:postmeta>
		<wp:postmeta>
			<wp:meta_key><![CDATA[custom_layout]]></wp:meta_key>
			<wp:meta_value><![CDATA[0]]></wp:meta_value>
		</wp:postmeta>
		<wp:postmeta>
			<wp:meta_key><![CDATA[_wpb_shortcodes_custom_css]]></wp:meta_key>
			<wp:meta_value><![CDATA[.vc_custom_1476175104689{padding-bottom: 25px !important;}]]></wp:meta_value>
		</wp:postmeta>
	</item>
	<item>
		<title>Affiliate</title>
		<link>http://demo.drfuri.com/mrbara2/affiliate/</link>
		<pubDate>Tue, 19 Jul 2016 07:53:44 +0000</pubDate>
		<dc:creator><![CDATA[drfurion]]></dc:creator>
		<guid isPermaLink="false">http://demo.drfuri.com/mrbara2/?page_id=35</guid>
		<description></description>
		<content:encoded><![CDATA[[vc_row][vc_column][mrbara_heading style="6" font_size="18px" css=".vc_custom_1476175375464{padding-bottom: 25px !important;}"]<span class="primary-color">SHIPPING</span>[/mrbara_heading][/vc_column][/vc_row][vc_row][vc_column width="2/12"][/vc_column][vc_column width="8/12"][vc_empty_space][vc_toggle title="What Shipping Methods Are Available?" style="text_only" size="lg" open="true" el_id="1464939184208-3761b6d5-e09b"]Lorem ipsum dolor sit amet, consectetur adipiscing elit. Morbi feugiat molestie ex quis finibus. Quisque tincidunt dolor ut convallis lobortis. Proin ullamcorper eros ac ultrices imperdiet. Vivamus eros nibh, dictum sed venenatis vitae, ornare eget magna. Etiam mattis, felis eu interdum posuere, justo neque dictum sapien, eu luctus neque nulla non ante. Quisque pharetra facilisis mauris a hendrerit. Donec rutrum maximus turpis id luctus. In gravida pulvinar elit, a auctor mauris scele[/vc_toggle][vc_empty_space][vc_toggle title="How Long Will It Take To Get My Package?" style="text_only" size="lg" open="true" el_id="1466409091591-468ec8ec-870d"]Swag slow-carb quinoa VHS typewriter pork belly brunch, paleo single-origin coffee Wes Anderson. Flexitarian Pitchfork forage, literally paleo fap pour-over. Wes Anderson Pinterest YOLO fanny pack meggings, deep v XOXO chambray sustainable slow-carb raw denim church-key fap chillwave Etsy. +1 typewriter kitsch, American Apppparel tofu Banksy Vice.[/vc_toggle][/vc_column][vc_column width="2/12"][/vc_column][/vc_row]]]></content:encoded>
		<excerpt:encoded><![CDATA[]]></excerpt:encoded>
		<wp:post_id>35</wp:post_id>
		<wp:post_date><![CDATA[2016-07-19 07:53:44]]></wp:post_date>
		<wp:post_date_gmt><![CDATA[2016-07-19 07:53:44]]></wp:post_date_gmt>
		<wp:comment_status><![CDATA[closed]]></wp:comment_status>
		<wp:ping_status><![CDATA[closed]]></wp:ping_status>
		<wp:post_name><![CDATA[affiliate]]></wp:post_name>
		<wp:status><![CDATA[publish]]></wp:status>
		<wp:post_parent>0</wp:post_parent>
		<wp:menu_order>0</wp:menu_order>
		<wp:post_type><![CDATA[page]]></wp:post_type>
		<wp:post_password><![CDATA[]]></wp:post_password>
		<wp:is_sticky>0</wp:is_sticky>
		<wp:postmeta>
			<wp:meta_key><![CDATA[_vc_post_settings]]></wp:meta_key>
			<wp:meta_value><![CDATA[a:1:{s:10:"vc_grid_id";a:0:{}}]]></wp:meta_value>
		</wp:postmeta>
		<wp:postmeta>
			<wp:meta_key><![CDATA[_edit_last]]></wp:meta_key>
			<wp:meta_value><![CDATA[1]]></wp:meta_value>
		</wp:postmeta>
		<wp:postmeta>
			<wp:meta_key><![CDATA[_wpb_vc_js_status]]></wp:meta_key>
			<wp:meta_value><![CDATA[true]]></wp:meta_value>
		</wp:postmeta>
		<wp:postmeta>
			<wp:meta_key><![CDATA[hide_page_header]]></wp:meta_key>
			<wp:meta_value><![CDATA[0]]></wp:meta_value>
		</wp:postmeta>
		<wp:postmeta>
			<wp:meta_key><![CDATA[custom_page_header_layout]]></wp:meta_key>
			<wp:meta_value><![CDATA[0]]></wp:meta_value>
		</wp:postmeta>
		<wp:postmeta>
			<wp:meta_key><![CDATA[custom_layout]]></wp:meta_key>
			<wp:meta_value><![CDATA[0]]></wp:meta_value>
		</wp:postmeta>
		<wp:postmeta>
			<wp:meta_key><![CDATA[_wpb_shortcodes_custom_css]]></wp:meta_key>
			<wp:meta_value><![CDATA[.vc_custom_1476175375464{padding-bottom: 25px !important;}]]></wp:meta_value>
		</wp:postmeta>
	</item>
	<item>
		<title>Help</title>
		<link>http://demo.drfuri.com/mrbara2/help/</link>
		<pubDate>Tue, 19 Jul 2016 07:53:59 +0000</pubDate>
		<dc:creator><![CDATA[drfurion]]></dc:creator>
		<guid isPermaLink="false">http://demo.drfuri.com/mrbara2/?page_id=37</guid>
		<description></description>
		<content:encoded><![CDATA[]]></content:encoded>
		<excerpt:encoded><![CDATA[]]></excerpt:encoded>
		<wp:post_id>37</wp:post_id>
		<wp:post_date><![CDATA[2016-07-19 07:53:59]]></wp:post_date>
		<wp:post_date_gmt><![CDATA[2016-07-19 07:53:59]]></wp:post_date_gmt>
		<wp:comment_status><![CDATA[closed]]></wp:comment_status>
		<wp:ping_status><![CDATA[closed]]></wp:ping_status>
		<wp:post_name><![CDATA[help]]></wp:post_name>
		<wp:status><![CDATA[publish]]></wp:status>
		<wp:post_parent>0</wp:post_parent>
		<wp:menu_order>0</wp:menu_order>
		<wp:post_type><![CDATA[page]]></wp:post_type>
		<wp:post_password><![CDATA[]]></wp:post_password>
		<wp:is_sticky>0</wp:is_sticky>
		<wp:postmeta>
			<wp:meta_key><![CDATA[_vc_post_settings]]></wp:meta_key>
			<wp:meta_value><![CDATA[a:1:{s:10:"vc_grid_id";a:0:{}}]]></wp:meta_value>
		</wp:postmeta>
		<wp:postmeta>
			<wp:meta_key><![CDATA[_edit_last]]></wp:meta_key>
			<wp:meta_value><![CDATA[1]]></wp:meta_value>
		</wp:postmeta>
		<wp:postmeta>
			<wp:meta_key><![CDATA[_wpb_vc_js_status]]></wp:meta_key>
			<wp:meta_value><![CDATA[false]]></wp:meta_value>
		</wp:postmeta>
		<wp:postmeta>
			<wp:meta_key><![CDATA[hide_page_header]]></wp:meta_key>
			<wp:meta_value><![CDATA[0]]></wp:meta_value>
		</wp:postmeta>
		<wp:postmeta>
			<wp:meta_key><![CDATA[custom_page_header_layout]]></wp:meta_key>
			<wp:meta_value><![CDATA[0]]></wp:meta_value>
		</wp:postmeta>
		<wp:postmeta>
			<wp:meta_key><![CDATA[custom_layout]]></wp:meta_key>
			<wp:meta_value><![CDATA[0]]></wp:meta_value>
		</wp:postmeta>
	</item>
	<item>
		<title>STORE ONLINE</title>
		<link>http://demo.drfuri.com/mrbara2/2016/08/26/store-online-2/</link>
		<pubDate>Fri, 26 Aug 2016 06:41:29 +0000</pubDate>
		<dc:creator><![CDATA[drfurion]]></dc:creator>
		<guid isPermaLink="false">http://demo.drfuri.com/mrbara2/?p=75</guid>
		<description></description>
		<content:encoded><![CDATA[]]></content:encoded>
		<excerpt:encoded><![CDATA[]]></excerpt:encoded>
		<wp:post_id>75</wp:post_id>
		<wp:post_date><![CDATA[2016-08-26 06:41:29]]></wp:post_date>
		<wp:post_date_gmt><![CDATA[2016-08-26 06:41:29]]></wp:post_date_gmt>
		<wp:comment_status><![CDATA[closed]]></wp:comment_status>
		<wp:ping_status><![CDATA[closed]]></wp:ping_status>
		<wp:post_name><![CDATA[store-online-2]]></wp:post_name>
		<wp:status><![CDATA[publish]]></wp:status>
		<wp:post_parent>0</wp:post_parent>
		<wp:menu_order>1</wp:menu_order>
		<wp:post_type><![CDATA[nav_menu_item]]></wp:post_type>
		<wp:post_password><![CDATA[]]></wp:post_password>
		<wp:is_sticky>0</wp:is_sticky>
		<category domain="nav_menu" nicename="mobile-menu"><![CDATA[Mobile Menu]]></category>
		<wp:postmeta>
			<wp:meta_key><![CDATA[_vc_post_settings]]></wp:meta_key>
			<wp:meta_value><![CDATA[a:1:{s:10:"vc_grid_id";a:0:{}}]]></wp:meta_value>
		</wp:postmeta>
		<wp:postmeta>
			<wp:meta_key><![CDATA[_menu_item_type]]></wp:meta_key>
			<wp:meta_value><![CDATA[custom]]></wp:meta_value>
		</wp:postmeta>
		<wp:postmeta>
			<wp:meta_key><![CDATA[_menu_item_menu_item_parent]]></wp:meta_key>
			<wp:meta_value><![CDATA[0]]></wp:meta_value>
		</wp:postmeta>
		<wp:postmeta>
			<wp:meta_key><![CDATA[_menu_item_object_id]]></wp:meta_key>
			<wp:meta_value><![CDATA[75]]></wp:meta_value>
		</wp:postmeta>
		<wp:postmeta>
			<wp:meta_key><![CDATA[_menu_item_object]]></wp:meta_key>
			<wp:meta_value><![CDATA[custom]]></wp:meta_value>
		</wp:postmeta>
		<wp:postmeta>
			<wp:meta_key><![CDATA[_menu_item_target]]></wp:meta_key>
			<wp:meta_value><![CDATA[]]></wp:meta_value>
		</wp:postmeta>
		<wp:postmeta>
			<wp:meta_key><![CDATA[_menu_item_classes]]></wp:meta_key>
			<wp:meta_value><![CDATA[a:1:{i:0;s:0:"";}]]></wp:meta_value>
		</wp:postmeta>
		<wp:postmeta>
			<wp:meta_key><![CDATA[_menu_item_xfn]]></wp:meta_key>
			<wp:meta_value><![CDATA[]]></wp:meta_value>
		</wp:postmeta>
		<wp:postmeta>
			<wp:meta_key><![CDATA[_menu_item_url]]></wp:meta_key>
			<wp:meta_value><![CDATA[http://demo.drfuri.com/mrbara/shop-categories/?widget_title_style=2]]></wp:meta_value>
		</wp:postmeta>
	</item>
	<item>
		<title></title>
		<link>http://demo.drfuri.com/mrbara2/2016/08/26/76/</link>
		<pubDate>Fri, 26 Aug 2016 06:41:29 +0000</pubDate>
		<dc:creator><![CDATA[drfurion]]></dc:creator>
		<guid isPermaLink="false">http://demo.drfuri.com/mrbara2/?p=76</guid>
		<description></description>
		<content:encoded><![CDATA[ ]]></content:encoded>
		<excerpt:encoded><![CDATA[]]></excerpt:encoded>
		<wp:post_id>76</wp:post_id>
		<wp:post_date><![CDATA[2016-08-26 06:41:29]]></wp:post_date>
		<wp:post_date_gmt><![CDATA[2016-08-26 06:41:29]]></wp:post_date_gmt>
		<wp:comment_status><![CDATA[closed]]></wp:comment_status>
		<wp:ping_status><![CDATA[closed]]></wp:ping_status>
		<wp:post_name><![CDATA[76]]></wp:post_name>
		<wp:status><![CDATA[publish]]></wp:status>
		<wp:post_parent>0</wp:post_parent>
		<wp:menu_order>2</wp:menu_order>
		<wp:post_type><![CDATA[nav_menu_item]]></wp:post_type>
		<wp:post_password><![CDATA[]]></wp:post_password>
		<wp:is_sticky>0</wp:is_sticky>
		<category domain="nav_menu" nicename="mobile-menu"><![CDATA[Mobile Menu]]></category>
		<wp:postmeta>
			<wp:meta_key><![CDATA[_vc_post_settings]]></wp:meta_key>
			<wp:meta_value><![CDATA[a:1:{s:10:"vc_grid_id";a:0:{}}]]></wp:meta_value>
		</wp:postmeta>
		<wp:postmeta>
			<wp:meta_key><![CDATA[_menu_item_type]]></wp:meta_key>
			<wp:meta_value><![CDATA[post_type]]></wp:meta_value>
		</wp:postmeta>
		<wp:postmeta>
			<wp:meta_key><![CDATA[_menu_item_menu_item_parent]]></wp:meta_key>
			<wp:meta_value><![CDATA[0]]></wp:meta_value>
		</wp:postmeta>
		<wp:postmeta>
			<wp:meta_key><![CDATA[_menu_item_object_id]]></wp:meta_key>
			<wp:meta_value><![CDATA[37]]></wp:meta_value>
		</wp:postmeta>
		<wp:postmeta>
			<wp:meta_key><![CDATA[_menu_item_object]]></wp:meta_key>
			<wp:meta_value><![CDATA[page]]></wp:meta_value>
		</wp:postmeta>
		<wp:postmeta>
			<wp:meta_key><![CDATA[_menu_item_target]]></wp:meta_key>
			<wp:meta_value><![CDATA[]]></wp:meta_value>
		</wp:postmeta>
		<wp:postmeta>
			<wp:meta_key><![CDATA[_menu_item_classes]]></wp:meta_key>
			<wp:meta_value><![CDATA[a:1:{i:0;s:0:"";}]]></wp:meta_value>
		</wp:postmeta>
		<wp:postmeta>
			<wp:meta_key><![CDATA[_menu_item_xfn]]></wp:meta_key>
			<wp:meta_value><![CDATA[]]></wp:meta_value>
		</wp:postmeta>
		<wp:postmeta>
			<wp:meta_key><![CDATA[_menu_item_url]]></wp:meta_key>
			<wp:meta_value><![CDATA[]]></wp:meta_value>
		</wp:postmeta>
	</item>
	<item>
		<title></title>
		<link>http://demo.drfuri.com/mrbara2/2016/08/26/77/</link>
		<pubDate>Fri, 26 Aug 2016 06:41:29 +0000</pubDate>
		<dc:creator><![CDATA[drfurion]]></dc:creator>
		<guid isPermaLink="false">http://demo.drfuri.com/mrbara2/?p=77</guid>
		<description></description>
		<content:encoded><![CDATA[ ]]></content:encoded>
		<excerpt:encoded><![CDATA[]]></excerpt:encoded>
		<wp:post_id>77</wp:post_id>
		<wp:post_date><![CDATA[2016-08-26 06:41:29]]></wp:post_date>
		<wp:post_date_gmt><![CDATA[2016-08-26 06:41:29]]></wp:post_date_gmt>
		<wp:comment_status><![CDATA[closed]]></wp:comment_status>
		<wp:ping_status><![CDATA[closed]]></wp:ping_status>
		<wp:post_name><![CDATA[77]]></wp:post_name>
		<wp:status><![CDATA[publish]]></wp:status>
		<wp:post_parent>0</wp:post_parent>
		<wp:menu_order>3</wp:menu_order>
		<wp:post_type><![CDATA[nav_menu_item]]></wp:post_type>
		<wp:post_password><![CDATA[]]></wp:post_password>
		<wp:is_sticky>0</wp:is_sticky>
		<category domain="nav_menu" nicename="mobile-menu"><![CDATA[Mobile Menu]]></category>
		<wp:postmeta>
			<wp:meta_key><![CDATA[_vc_post_settings]]></wp:meta_key>
			<wp:meta_value><![CDATA[a:1:{s:10:"vc_grid_id";a:0:{}}]]></wp:meta_value>
		</wp:postmeta>
		<wp:postmeta>
			<wp:meta_key><![CDATA[_menu_item_type]]></wp:meta_key>
			<wp:meta_value><![CDATA[post_type]]></wp:meta_value>
		</wp:postmeta>
		<wp:postmeta>
			<wp:meta_key><![CDATA[_menu_item_menu_item_parent]]></wp:meta_key>
			<wp:meta_value><![CDATA[0]]></wp:meta_value>
		</wp:postmeta>
		<wp:postmeta>
			<wp:meta_key><![CDATA[_menu_item_object_id]]></wp:meta_key>
			<wp:meta_value><![CDATA[31]]></wp:meta_value>
		</wp:postmeta>
		<wp:postmeta>
			<wp:meta_key><![CDATA[_menu_item_object]]></wp:meta_key>
			<wp:meta_value><![CDATA[page]]></wp:meta_value>
		</wp:postmeta>
		<wp:postmeta>
			<wp:meta_key><![CDATA[_menu_item_target]]></wp:meta_key>
			<wp:meta_value><![CDATA[]]></wp:meta_value>
		</wp:postmeta>
		<wp:postmeta>
			<wp:meta_key><![CDATA[_menu_item_classes]]></wp:meta_key>
			<wp:meta_value><![CDATA[a:1:{i:0;s:0:"";}]]></wp:meta_value>
		</wp:postmeta>
		<wp:postmeta>
			<wp:meta_key><![CDATA[_menu_item_xfn]]></wp:meta_key>
			<wp:meta_value><![CDATA[]]></wp:meta_value>
		</wp:postmeta>
		<wp:postmeta>
			<wp:meta_key><![CDATA[_menu_item_url]]></wp:meta_key>
			<wp:meta_value><![CDATA[]]></wp:meta_value>
		</wp:postmeta>
	</item>
	<item>
		<title></title>
		<link>http://demo.drfuri.com/mrbara2/2016/08/26/78/</link>
		<pubDate>Fri, 26 Aug 2016 06:41:29 +0000</pubDate>
		<dc:creator><![CDATA[drfurion]]></dc:creator>
		<guid isPermaLink="false">http://demo.drfuri.com/mrbara2/?p=78</guid>
		<description></description>
		<content:encoded><![CDATA[ ]]></content:encoded>
		<excerpt:encoded><![CDATA[]]></excerpt:encoded>
		<wp:post_id>78</wp:post_id>
		<wp:post_date><![CDATA[2016-08-26 06:41:29]]></wp:post_date>
		<wp:post_date_gmt><![CDATA[2016-08-26 06:41:29]]></wp:post_date_gmt>
		<wp:comment_status><![CDATA[closed]]></wp:comment_status>
		<wp:ping_status><![CDATA[closed]]></wp:ping_status>
		<wp:post_name><![CDATA[78]]></wp:post_name>
		<wp:status><![CDATA[publish]]></wp:status>
		<wp:post_parent>0</wp:post_parent>
		<wp:menu_order>4</wp:menu_order>
		<wp:post_type><![CDATA[nav_menu_item]]></wp:post_type>
		<wp:post_password><![CDATA[]]></wp:post_password>
		<wp:is_sticky>0</wp:is_sticky>
		<category domain="nav_menu" nicename="mobile-menu"><![CDATA[Mobile Menu]]></category>
		<wp:postmeta>
			<wp:meta_key><![CDATA[_vc_post_settings]]></wp:meta_key>
			<wp:meta_value><![CDATA[a:1:{s:10:"vc_grid_id";a:0:{}}]]></wp:meta_value>
		</wp:postmeta>
		<wp:postmeta>
			<wp:meta_key><![CDATA[_menu_item_type]]></wp:meta_key>
			<wp:meta_value><![CDATA[post_type]]></wp:meta_value>
		</wp:postmeta>
		<wp:postmeta>
			<wp:meta_key><![CDATA[_menu_item_menu_item_parent]]></wp:meta_key>
			<wp:meta_value><![CDATA[0]]></wp:meta_value>
		</wp:postmeta>
		<wp:postmeta>
			<wp:meta_key><![CDATA[_menu_item_object_id]]></wp:meta_key>
			<wp:meta_value><![CDATA[33]]></wp:meta_value>
		</wp:postmeta>
		<wp:postmeta>
			<wp:meta_key><![CDATA[_menu_item_object]]></wp:meta_key>
			<wp:meta_value><![CDATA[page]]></wp:meta_value>
		</wp:postmeta>
		<wp:postmeta>
			<wp:meta_key><![CDATA[_menu_item_target]]></wp:meta_key>
			<wp:meta_value><![CDATA[]]></wp:meta_value>
		</wp:postmeta>
		<wp:postmeta>
			<wp:meta_key><![CDATA[_menu_item_classes]]></wp:meta_key>
			<wp:meta_value><![CDATA[a:1:{i:0;s:0:"";}]]></wp:meta_value>
		</wp:postmeta>
		<wp:postmeta>
			<wp:meta_key><![CDATA[_menu_item_xfn]]></wp:meta_key>
			<wp:meta_value><![CDATA[]]></wp:meta_value>
		</wp:postmeta>
		<wp:postmeta>
			<wp:meta_key><![CDATA[_menu_item_url]]></wp:meta_key>
			<wp:meta_value><![CDATA[]]></wp:meta_value>
		</wp:postmeta>
	</item>
</channel>
</rss>
